[0/2] Re-checking globbed directories...
[1/2456] Generating CXX dyndep file tools/overlay_source_hash_gen/CMakeFiles/comdare_overlay_source_hash_gen.dir/CXX.dd
[2/2454] comdare E-E: Overlay-Quell-Hash (Glied [7] des Tier-Fingerprints)
[overlay_source_hash_gen] 712 Dateien, 3422173 Bytes, sha512=6d8e10b8cf9fd4a9... (unveraendert)
[3/2454] Generating CXX dyndep file apps/is_original_validator/CMakeFiles/is_original_validator.dir/CXX.dd
[4/2394] Generating CXX dyndep file libs/cache_engine/builder/anatomy_module_loader/CMakeFiles/comdare_anatomy_module_loader.dir/CXX.dd
[5/2392] Generating CXX dyndep file libs/cache_engine/builder/lager_ablage/CMakeFiles/comdare_lager_ablage.dir/CXX.dd
[6/2390] Generating CXX dyndep file libs/test_infra/workload_generator/CMakeFiles/comdare_workload_generator.dir/CXX.dd
[7/2388] Generating CXX dyndep file libs/common/serialization/xml_config_parser/CMakeFiles/comdare_builder_xml_config_parser.dir/CXX.dd
[8/2386] Generating CXX dyndep file libs/cache_engine/builder/workload_driver/CMakeFiles/comdare_workload_driver.dir/CXX.dd
[9/2384] Generating CXX dyndep file libs/cache_engine/builder/codegen/CMakeFiles/comdare_builder_codegen.dir/CXX.dd
[10/2382] Generating CXX dyndep file libs/cache_engine/builder/permutation_loop/CMakeFiles/comdare_builder_permutation_loop.dir/CXX.dd
[11/2380] Generating CXX dyndep file libs/cache_engine/builder/module_loader/CMakeFiles/comdare_module_loader.dir/CXX.dd
[12/2378] Generating CXX dyndep file libs/execution_engine/CMakeFiles/comdare_experiment.dir/CXX.dd
[13/2376] Generating CXX dyndep file libs/cache_engine/builder/experiment_runner/CMakeFiles/comdare_builder_experiment_runner.dir/CXX.dd
[14/2374] Generating CXX dyndep file libs/cache_engine/builder/experiment_driver/CMakeFiles/comdare_builder_experiment_driver.dir/CXX.dd
[15/2372] Generating CXX dyndep file tools/ycsb_cli/CMakeFiles/comdare_ycsb_cli_lib.dir/CXX.dd
[16/2370] Generating CXX dyndep file tools/latex_anhang/CMakeFiles/comdare_latex_anhang_lib.dir/CXX.dd
[17/2368] Generating CXX dyndep file tests/unit/CMakeFiles/comdare_perm_mock_test.dir/CXX.dd
[18/2366] Generating CXX dyndep file tests/unit/CMakeFiles/perm_buildvariant_real_avx512.dir/CXX.dd
[19/2364] Generating CXX dyndep file tests/unit/CMakeFiles/perm_buildvariant_real_avx2.dir/CXX.dd
[20/2362] Generating CXX dyndep file tools/ycsb_cli/CMakeFiles/comdare_ycsb_cli.dir/CXX.dd
[21/2360] Generating CXX dyndep file tools/latex_anhang/CMakeFiles/comdare_latex_anhang.dir/CXX.dd
[22/2358] Generating CXX dyndep file tools/p27_bundle_finder/CMakeFiles/p27_bundle_finder.dir/CXX.dd
[23/2356] Generating CXX dyndep file apps/catalog_codegen_tool/CMakeFiles/comdare_catalog_codegen_cli.dir/CXX.dd
[24/2352] Generating CXX dyndep file tools/system_axis_registry_gen/CMakeFiles/comdare_system_axis_registry_gen.dir/CXX.dd
[25/2350] Generating CXX dyndep file tools/measurement_axis_registry_gen/CMakeFiles/comdare_measurement_axis_registry_gen.dir/CXX.dd
[26/2348] Generating CXX dyndep file tools/axis_version_lock/CMakeFiles/comdare_axis_version_lock.dir/CXX.dd
[27/2346] Generating CXX dyndep file tools/axis_registry_gen/CMakeFiles/comdare_axis_registry_gen.dir/CXX.dd
[28/2344] Generating CXX dyndep file libs/cache_engine/profile_facade/CMakeFiles/comdare_profile_run_facade.dir/CXX.dd
[29/2342] Generating CXX dyndep file apps/experiment_planner/CMakeFiles/comdare_experiment_planner.dir/CXX.dd
[30/2341] Scanning /home/comdare/Projekte/Research/probst-diplomarbeit-cache-engine/Code/external/comdare-cache-engine/apps/cache_engine_builder/main.cpp for CXX dependencies
[31/2341] Scanning /home/comdare/Projekte/Research/probst-diplomarbeit-cache-engine/Code/external/comdare-cache-engine/build-dbg/generated/anatomy_modules/anatomy_perm_wormhole_pilot.cpp for CXX dependencies
[32/2341] Scanning /home/comdare/Projekte/Research/probst-diplomarbeit-cache-engine/Code/external/comdare-cache-engine/build-dbg/generated/anatomy_modules_multi/anatomy_perm_anatomy_multi_pilot_4.cpp for CXX dependencies
[33/2341] Scanning /home/comdare/Projekte/Research/probst-diplomarbeit-cache-engine/Code/external/comdare-cache-engine/build-dbg/generated/anatomy_modules_multi/anatomy_perm_anatomy_multi_pilot_0.cpp for CXX dependencies
[34/2341] Scanning /home/comdare/Projekte/Research/probst-diplomarbeit-cache-engine/Code/external/comdare-cache-engine/build-dbg/generated/r5i_anatomy_modules/anatomy_perm_r5i_configure_pilot_1.cpp for CXX dependencies
[35/2341] Scanning /home/comdare/Projekte/Research/probst-diplomarbeit-cache-engine/Code/external/comdare-cache-engine/build-dbg/generated/r5i_anatomy_modules/anatomy_perm_r5i_configure_pilot_2.cpp for CXX dependencies
[36/2341] Scanning /home/comdare/Projekte/Research/probst-diplomarbeit-cache-engine/Code/external/comdare-cache-engine/build-dbg/generated/f15_measurement_modules/anatomy_perm_f15_measurement_pilot_0.cpp for CXX dependencies
[37/2341] Scanning /home/comdare/Projekte/Research/probst-diplomarbeit-cache-engine/Code/external/comdare-cache-engine/build-dbg/generated/f15_measurement_modules/anatomy_perm_f15_measurement_pilot_1.cpp for CXX dependencies
[38/2341] Scanning /home/comdare/Projekte/Research/probst-diplomarbeit-cache-engine/Code/external/comdare-cache-engine/build-dbg/generated/r5g_autobuilt_modules/comdare_anatomy_perm_auto_11.cpp for CXX dependencies
[39/2341] Scanning /home/comdare/Projekte/Research/probst-diplomarbeit-cache-engine/Code/external/comdare-cache-engine/build-dbg/generated/anatomy_modules_multi/anatomy_perm_anatomy_multi_pilot_3.cpp for CXX dependencies
[40/2341] Scanning /home/comdare/Projekte/Research/probst-diplomarbeit-cache-engine/Code/external/comdare-cache-engine/build-dbg/generated/r5i_anatomy_modules/anatomy_perm_r5i_configure_pilot_0.cpp for CXX dependencies
[41/2341] Scanning /home/comdare/Projekte/Research/probst-diplomarbeit-cache-engine/Code/external/comdare-cache-engine/build-dbg/generated/anatomy_modules_multi/anatomy_perm_anatomy_multi_pilot_1.cpp for CXX dependencies
[42/2341] Scanning /home/comdare/Projekte/Research/probst-diplomarbeit-cache-engine/Code/external/comdare-cache-engine/build-dbg/generated/anatomy_modules_multi/anatomy_perm_anatomy_multi_pilot_2.cpp for CXX dependencies
[43/2341] Scanning /home/comdare/Projekte/Research/probst-diplomarbeit-cache-engine/Code/external/comdare-cache-engine/build-dbg/generated/anatomy_modules_multi/anatomy_perm_anatomy_multi_pilot_5.cpp for CXX dependencies
[44/2341] Scanning /home/comdare/Projekte/Research/probst-diplomarbeit-cache-engine/Code/external/comdare-cache-engine/build-dbg/generated/anatomy_modules/anatomy_perm_hot_pilot.cpp for CXX dependencies
[45/2341] Scanning /home/comdare/Projekte/Research/probst-diplomarbeit-cache-engine/Code/external/comdare-cache-engine/build-dbg/generated/r5g_autobuilt_modules/comdare_anatomy_perm_auto_1.cpp for CXX dependencies
[46/2341] Scanning /home/comdare/Projekte/Research/probst-diplomarbeit-cache-engine/Code/external/comdare-cache-engine/tests/unit/auto_emitted_perm_module.cpp for CXX dependencies
[47/2341] Scanning /home/comdare/Projekte/Research/probst-diplomarbeit-cache-engine/Code/external/comdare-cache-engine/build-dbg/generated/r5g_autobuilt_modules/comdare_anatomy_perm_auto_12.cpp for CXX dependencies
[48/2341] Scanning /home/comdare/Projekte/Research/probst-diplomarbeit-cache-engine/Code/external/comdare-cache-engine/build-dbg/generated/r5g_autobuilt_modules/comdare_anatomy_perm_auto_0.cpp for CXX dependencies
[49/2341] Scanning /home/comdare/Projekte/Research/probst-diplomarbeit-cache-engine/Code/external/comdare-cache-engine/build-dbg/generated/r5g_autobuilt_modules/comdare_anatomy_perm_auto_10.cpp for CXX dependencies
[50/2341] Scanning /home/comdare/Projekte/Research/probst-diplomarbeit-cache-engine/Code/external/comdare-cache-engine/build-dbg/generated/r5g_autobuilt_modules/comdare_anatomy_perm_auto_13.cpp for CXX dependencies
[51/2341] Scanning /home/comdare/Projekte/Research/probst-diplomarbeit-cache-engine/Code/external/comdare-cache-engine/build-dbg/generated/r5g_autobuilt_modules/comdare_anatomy_perm_auto_17.cpp for CXX dependencies
[52/2341] Scanning /home/comdare/Projekte/Research/probst-diplomarbeit-cache-engine/Code/external/comdare-cache-engine/build-dbg/generated/r5g_autobuilt_modules/comdare_anatomy_perm_auto_15.cpp for CXX dependencies
[53/2341] Scanning /home/comdare/Projekte/Research/probst-diplomarbeit-cache-engine/Code/external/comdare-cache-engine/build-dbg/generated/r5g_autobuilt_modules/comdare_anatomy_perm_auto_16.cpp for CXX dependencies
[54/2341] Scanning /home/comdare/Projekte/Research/probst-diplomarbeit-cache-engine/Code/external/comdare-cache-engine/build-dbg/generated/r5g_autobuilt_modules/comdare_anatomy_perm_auto_2.cpp for CXX dependencies
[55/2341] Scanning /home/comdare/Projekte/Research/probst-diplomarbeit-cache-engine/Code/external/comdare-cache-engine/build-dbg/generated/r5g_autobuilt_modules/comdare_anatomy_perm_auto_18.cpp for CXX dependencies
[56/2341] Scanning /home/comdare/Projekte/Research/probst-diplomarbeit-cache-engine/Code/external/comdare-cache-engine/build-dbg/generated/r5g_autobuilt_modules/comdare_anatomy_perm_auto_20.cpp for CXX dependencies
[57/2341] Scanning /home/comdare/Projekte/Research/probst-diplomarbeit-cache-engine/Code/external/comdare-cache-engine/build-dbg/generated/r5g_autobuilt_modules/comdare_anatomy_perm_auto_19.cpp for CXX dependencies
[58/2341] Scanning /home/comdare/Projekte/Research/probst-diplomarbeit-cache-engine/Code/external/comdare-cache-engine/build-dbg/generated/r5g_autobuilt_modules/comdare_anatomy_perm_auto_27.cpp for CXX dependencies
[59/2341] Scanning /home/comdare/Projekte/Research/probst-diplomarbeit-cache-engine/Code/external/comdare-cache-engine/build-dbg/generated/r5g_autobuilt_modules/comdare_anatomy_perm_auto_22.cpp for CXX dependencies
[60/2341] Scanning /home/comdare/Projekte/Research/probst-diplomarbeit-cache-engine/Code/external/comdare-cache-engine/build-dbg/generated/r5g_autobuilt_modules/comdare_anatomy_perm_auto_21.cpp for CXX dependencies
[61/2341] Scanning /home/comdare/Projekte/Research/probst-diplomarbeit-cache-engine/Code/external/comdare-cache-engine/build-dbg/generated/r5g_autobuilt_modules/comdare_anatomy_perm_auto_24.cpp for CXX dependencies
[62/2341] Scanning /home/comdare/Projekte/Research/probst-diplomarbeit-cache-engine/Code/external/comdare-cache-engine/build-dbg/generated/r5g_autobuilt_modules/comdare_anatomy_perm_auto_23.cpp for CXX dependencies
[63/2341] Scanning /home/comdare/Projekte/Research/probst-diplomarbeit-cache-engine/Code/external/comdare-cache-engine/build-dbg/generated/r5g_autobuilt_modules/comdare_anatomy_perm_auto_14.cpp for CXX dependencies
[64/2341] Scanning /home/comdare/Projekte/Research/probst-diplomarbeit-cache-engine/Code/external/comdare-cache-engine/build-dbg/generated/r5g_autobuilt_modules/comdare_anatomy_perm_auto_25.cpp for CXX dependencies
[65/2341] Scanning /home/comdare/Projekte/Research/probst-diplomarbeit-cache-engine/Code/external/comdare-cache-engine/build-dbg/generated/r5g_autobuilt_modules/comdare_anatomy_perm_auto_26.cpp for CXX dependencies
[66/2341] Scanning /home/comdare/Projekte/Research/probst-diplomarbeit-cache-engine/Code/external/comdare-cache-engine/build-dbg/generated/r5g_autobuilt_modules/comdare_anatomy_perm_auto_28.cpp for CXX dependencies
[67/2341] Scanning /home/comdare/Projekte/Research/probst-diplomarbeit-cache-engine/Code/external/comdare-cache-engine/build-dbg/generated/r5g_autobuilt_modules/comdare_anatomy_perm_auto_30.cpp for CXX dependencies
[68/2341] Scanning /home/comdare/Projekte/Research/probst-diplomarbeit-cache-engine/Code/external/comdare-cache-engine/build-dbg/generated/r5g_autobuilt_modules/comdare_anatomy_perm_auto_29.cpp for CXX dependencies
[69/2341] Scanning /home/comdare/Projekte/Research/probst-diplomarbeit-cache-engine/Code/external/comdare-cache-engine/build-dbg/generated/r5g_autobuilt_modules/comdare_anatomy_perm_auto_3.cpp for CXX dependencies
[70/2341] Scanning /home/comdare/Projekte/Research/probst-diplomarbeit-cache-engine/Code/external/comdare-cache-engine/build-dbg/generated/r5g_autobuilt_modules/comdare_anatomy_perm_auto_34.cpp for CXX dependencies
[71/2341] Scanning /home/comdare/Projekte/Research/probst-diplomarbeit-cache-engine/Code/external/comdare-cache-engine/build-dbg/generated/r5g_autobuilt_modules/comdare_anatomy_perm_auto_33.cpp for CXX dependencies
[72/2341] Scanning /home/comdare/Projekte/Research/probst-diplomarbeit-cache-engine/Code/external/comdare-cache-engine/build-dbg/generated/r5g_autobuilt_modules/comdare_anatomy_perm_auto_40.cpp for CXX dependencies
[73/2341] Scanning /home/comdare/Projekte/Research/probst-diplomarbeit-cache-engine/Code/external/comdare-cache-engine/build-dbg/generated/r5g_autobuilt_modules/comdare_anatomy_perm_auto_36.cpp for CXX dependencies
[74/2341] Scanning /home/comdare/Projekte/Research/probst-diplomarbeit-cache-engine/Code/external/comdare-cache-engine/build-dbg/generated/r5g_autobuilt_modules/comdare_anatomy_perm_auto_35.cpp for CXX dependencies
[75/2341] Scanning /home/comdare/Projekte/Research/probst-diplomarbeit-cache-engine/Code/external/comdare-cache-engine/build-dbg/generated/r5g_autobuilt_modules/comdare_anatomy_perm_auto_39.cpp for CXX dependencies
[76/2341] Scanning /home/comdare/Projekte/Research/probst-diplomarbeit-cache-engine/Code/external/comdare-cache-engine/build-dbg/generated/r5g_autobuilt_modules/comdare_anatomy_perm_auto_32.cpp for CXX dependencies
[77/2341] Scanning /home/comdare/Projekte/Research/probst-diplomarbeit-cache-engine/Code/external/comdare-cache-engine/build-dbg/generated/r5g_autobuilt_modules/comdare_anatomy_perm_auto_37.cpp for CXX dependencies
[78/2341] Scanning /home/comdare/Projekte/Research/probst-diplomarbeit-cache-engine/Code/external/comdare-cache-engine/build-dbg/generated/r5g_autobuilt_modules/comdare_anatomy_perm_auto_41.cpp for CXX dependencies
[79/2341] Scanning /home/comdare/Projekte/Research/probst-diplomarbeit-cache-engine/Code/external/comdare-cache-engine/build-dbg/generated/r5g_autobuilt_modules/comdare_anatomy_perm_auto_31.cpp for CXX dependencies
[80/2341] Scanning /home/comdare/Projekte/Research/probst-diplomarbeit-cache-engine/Code/external/comdare-cache-engine/build-dbg/generated/r5g_autobuilt_modules/comdare_anatomy_perm_auto_38.cpp for CXX dependencies
[81/2341] Scanning /home/comdare/Projekte/Research/probst-diplomarbeit-cache-engine/Code/external/comdare-cache-engine/build-dbg/generated/r5g_autobuilt_modules/comdare_anatomy_perm_auto_45.cpp for CXX dependencies
[82/2341] Scanning /home/comdare/Projekte/Research/probst-diplomarbeit-cache-engine/Code/external/comdare-cache-engine/build-dbg/generated/r5g_autobuilt_modules/comdare_anatomy_perm_auto_4.cpp for CXX dependencies
[83/2341] Scanning /home/comdare/Projekte/Research/probst-diplomarbeit-cache-engine/Code/external/comdare-cache-engine/build-dbg/generated/r5g_autobuilt_modules/comdare_anatomy_perm_auto_44.cpp for CXX dependencies
[84/2341] Scanning /home/comdare/Projekte/Research/probst-diplomarbeit-cache-engine/Code/external/comdare-cache-engine/build-dbg/generated/r5g_autobuilt_modules/comdare_anatomy_perm_auto_42.cpp for CXX dependencies
[85/2341] Scanning /home/comdare/Projekte/Research/probst-diplomarbeit-cache-engine/Code/external/comdare-cache-engine/build-dbg/generated/r5g_autobuilt_modules/comdare_anatomy_perm_auto_43.cpp for CXX dependencies
[86/2341] Scanning /home/comdare/Projekte/Research/probst-diplomarbeit-cache-engine/Code/external/comdare-cache-engine/build-dbg/generated/r5g_autobuilt_modules/comdare_anatomy_perm_auto_46.cpp for CXX dependencies
[87/2341] Scanning /home/comdare/Projekte/Research/probst-diplomarbeit-cache-engine/Code/external/comdare-cache-engine/build-dbg/generated/r5g_autobuilt_modules/comdare_anatomy_perm_auto_47.cpp for CXX dependencies
[88/2341] Generating CXX dyndep file libs/cache_engine/builder/anatomy_codegen_tool/CMakeFiles/comdare_anatomy_codegen_tool.dir/CXX.dd
[89/2339] Scanning /home/comdare/Projekte/Research/probst-diplomarbeit-cache-engine/Code/external/comdare-cache-engine/build-dbg/generated/r5g_autobuilt_modules/comdare_anatomy_perm_auto_5.cpp for CXX dependencies
[90/2339] Linking CXX executable apps/experiment_planner/comdare-experiment-planner
[91/2339] Scanning /home/comdare/Projekte/Research/probst-diplomarbeit-cache-engine/Code/external/comdare-cache-engine/build-dbg/generated/r5g_autobuilt_modules/comdare_anatomy_perm_auto_6.cpp for CXX dependencies
[92/2339] Scanning /home/comdare/Projekte/Research/probst-diplomarbeit-cache-engine/Code/external/comdare-cache-engine/tests/unit/genus_module_set.cpp for CXX dependencies
[93/2339] Scanning /home/comdare/Projekte/Research/probst-diplomarbeit-cache-engine/Code/external/comdare-cache-engine/tests/unit/genus_module_view.cpp for CXX dependencies
[94/2339] Scanning /home/comdare/Projekte/Research/probst-diplomarbeit-cache-engine/Code/external/comdare-cache-engine/tests/unit/genus_module_sequence.cpp for CXX dependencies
[95/2339] Scanning /home/comdare/Projekte/Research/probst-diplomarbeit-cache-engine/Code/external/comdare-cache-engine/libs/cache_engine/builder/commands/tests/test_engine_adapters.cpp for CXX dependencies
[96/2339] Scanning /home/comdare/Projekte/Research/probst-diplomarbeit-cache-engine/Code/external/comdare-cache-engine/build-dbg/generated/r5g_autobuilt_modules/comdare_anatomy_perm_auto_9.cpp for CXX dependencies
[97/2339] Scanning /home/comdare/Projekte/Research/probst-diplomarbeit-cache-engine/Code/external/comdare-cache-engine/tests/unit/genus_module_set_defekt.cpp for CXX dependencies
[98/2339] Scanning /home/comdare/Projekte/Research/probst-diplomarbeit-cache-engine/Code/external/comdare-cache-engine/build-dbg/generated/r5g_autobuilt_modules/comdare_anatomy_perm_auto_8.cpp for CXX dependencies
[99/2339] Scanning /home/comdare/Projekte/Research/probst-diplomarbeit-cache-engine/Code/external/comdare-cache-engine/tests/unit/hybrid_tier_module.cpp for CXX dependencies
[100/2339] Scanning /home/comdare/Projekte/Research/probst-diplomarbeit-cache-engine/Code/external/comdare-cache-engine/libs/cache_engine/builder/commands/tests/test_commands.cpp for CXX dependencies
[101/2339] Scanning /home/comdare/Projekte/Research/probst-diplomarbeit-cache-engine/Code/external/comdare-cache-engine/tests/unit/genus_module_adapter.cpp for CXX dependencies
[102/2339] Scanning /home/comdare/Projekte/Research/probst-diplomarbeit-cache-engine/Code/external/comdare-cache-engine/build-dbg/generated/r5g_autobuilt_modules/comdare_anatomy_perm_auto_7.cpp for CXX dependencies
[103/2339] Scanning /home/comdare/Projekte/Research/probst-diplomarbeit-cache-engine/Code/external/comdare-cache-engine/tests/unit/test_pressure_state.cpp for CXX dependencies
[104/2339] Scanning /home/comdare/Projekte/Research/probst-diplomarbeit-cache-engine/Code/external/comdare-cache-engine/tests/unit/genus_adhoc_buildvariant.cpp for CXX dependencies
[105/2339] Building CXX object _deps/googletest-build/googletest/CMakeFiles/gtest_main.dir/src/gtest_main.cc.o
[106/2339] Scanning /home/comdare/Projekte/Research/probst-diplomarbeit-cache-engine/Code/external/comdare-cache-engine/tests/unit/r3_mess_gate_stamp_module.cpp for CXX dependencies
[107/2339] Scanning /home/comdare/Projekte/Research/probst-diplomarbeit-cache-engine/Code/external/comdare-cache-engine/tests/unit/test_cpuid_probe.cpp for CXX dependencies
[108/2339] Scanning /home/comdare/Projekte/Research/probst-diplomarbeit-cache-engine/Code/external/comdare-cache-engine/tests/unit/r3_mess_gate_stamp_module.cpp for CXX dependencies
[109/2339] Scanning /home/comdare/Projekte/Research/probst-diplomarbeit-cache-engine/Code/external/comdare-cache-engine/tests/unit/test_cache_recommendation.cpp for CXX dependencies
[110/2339] Scanning /home/comdare/Projekte/Research/probst-diplomarbeit-cache-engine/Code/external/comdare-cache-engine/tests/unit/hybrid_tier_module_set.cpp for CXX dependencies
[111/2339] Scanning /home/comdare/Projekte/Research/probst-diplomarbeit-cache-engine/Code/external/comdare-cache-engine/apps/f15_compare/main.cpp for CXX dependencies
[112/2339] Scanning /home/comdare/Projekte/Research/probst-diplomarbeit-cache-engine/Code/external/comdare-cache-engine/tests/unit/test_permutation_flags.cpp for CXX dependencies
[113/2339] Scanning /home/comdare/Projekte/Research/probst-diplomarbeit-cache-engine/Code/external/comdare-cache-engine/tests/unit/test_decision_trees.cpp for CXX dependencies
[114/2339] Scanning /home/comdare/Projekte/Research/probst-diplomarbeit-cache-engine/Code/external/comdare-cache-engine/tests/unit/test_event_hierarchy.cpp for CXX dependencies
[115/2339] Scanning /home/comdare/Projekte/Research/probst-diplomarbeit-cache-engine/Code/external/comdare-cache-engine/tests/unit/naht1_visitor_module.cpp for CXX dependencies
[116/2339] Scanning /home/comdare/Projekte/Research/probst-diplomarbeit-cache-engine/Code/external/comdare-cache-engine/tests/unit/naht1_visitor_module.cpp for CXX dependencies
[117/2339] Scanning /home/comdare/Projekte/Research/probst-diplomarbeit-cache-engine/Code/external/comdare-cache-engine/tests/unit/test_observer_registry.cpp for CXX dependencies
[118/2339] Scanning /home/comdare/Projekte/Research/probst-diplomarbeit-cache-engine/Code/external/comdare-cache-engine/tests/unit/test_concurrency_disciplines.cpp for CXX dependencies
[119/2339] Scanning /home/comdare/Projekte/Research/probst-diplomarbeit-cache-engine/Code/external/comdare-cache-engine/tests/unit/test_sub_engines.cpp for CXX dependencies
[120/2339] Scanning /home/comdare/Projekte/Research/probst-diplomarbeit-cache-engine/Code/external/comdare-cache-engine/tests/unit/test_telemetry_strategies.cpp for CXX dependencies
[121/2339] Scanning /home/comdare/Projekte/Research/probst-diplomarbeit-cache-engine/Code/external/comdare-cache-engine/tests/unit/test_platform_concepts.cpp for CXX dependencies
[122/2339] Scanning /home/comdare/Projekte/Research/probst-diplomarbeit-cache-engine/Code/external/comdare-cache-engine/tests/unit/test_cache_hierarchy_and_mode.cpp for CXX dependencies
[123/2339] Scanning /home/comdare/Projekte/Research/probst-diplomarbeit-cache-engine/Code/external/comdare-cache-engine/tests/unit/test_measurement_buffer.cpp for CXX dependencies
[124/2339] Scanning /home/comdare/Projekte/Research/probst-diplomarbeit-cache-engine/Code/external/comdare-cache-engine/tests/unit/test_allocator_concepts.cpp for CXX dependencies
[125/2339] Scanning /home/comdare/Projekte/Research/probst-diplomarbeit-cache-engine/Code/external/comdare-cache-engine/tests/unit/test_decision_lambda_registry.cpp for CXX dependencies
[126/2339] Scanning /home/comdare/Projekte/Research/probst-diplomarbeit-cache-engine/Code/external/comdare-cache-engine/tests/unit/test_abi_interface.cpp for CXX dependencies
[127/2339] Scanning /home/comdare/Projekte/Research/probst-diplomarbeit-cache-engine/Code/external/comdare-cache-engine/tests/unit/test_test_data_accumulation.cpp for CXX dependencies
[128/2339] Scanning /home/comdare/Projekte/Research/probst-diplomarbeit-cache-engine/Code/external/comdare-cache-engine/tests/unit/test_config_durability.cpp for CXX dependencies
[129/2339] Scanning /home/comdare/Projekte/Research/probst-diplomarbeit-cache-engine/Code/external/comdare-cache-engine/tests/unit/test_benchmark_suite.cpp for CXX dependencies
[130/2339] Scanning /home/comdare/Projekte/Research/probst-diplomarbeit-cache-engine/Code/external/comdare-cache-engine/tests/unit/test_chaos_drift_gate.cpp for CXX dependencies
[131/2339] Scanning /home/comdare/Projekte/Research/probst-diplomarbeit-cache-engine/Code/external/comdare-cache-engine/tests/unit/test_builder_codegen.cpp for CXX dependencies
[132/2339] Scanning /home/comdare/Projekte/Research/probst-diplomarbeit-cache-engine/Code/external/comdare-cache-engine/tests/unit/test_latex_anhang.cpp for CXX dependencies
[133/2339] Scanning /home/comdare/Projekte/Research/probst-diplomarbeit-cache-engine/Code/external/comdare-cache-engine/tests/unit/test_allocator_full_matrix.cpp for CXX dependencies
[134/2339] Scanning /home/comdare/Projekte/Research/probst-diplomarbeit-cache-engine/Code/external/comdare-cache-engine/tests/unit/test_codegen_from_profile.cpp for CXX dependencies
[135/2339] Scanning /home/comdare/Projekte/Research/probst-diplomarbeit-cache-engine/Code/external/comdare-cache-engine/tests/unit/test_ycsb_cli.cpp for CXX dependencies
[136/2339] Scanning /home/comdare/Projekte/Research/probst-diplomarbeit-cache-engine/Code/external/comdare-cache-engine/tests/unit/test_permutation_sampling.cpp for CXX dependencies
[137/2339] Scanning /home/comdare/Projekte/Research/probst-diplomarbeit-cache-engine/Code/external/comdare-cache-engine/tests/unit/test_workload_and_experiment.cpp for CXX dependencies
[138/2339] Scanning /home/comdare/Projekte/Research/probst-diplomarbeit-cache-engine/Code/external/comdare-cache-engine/tests/unit/test_rcu.cpp for CXX dependencies
[139/2339] Scanning /home/comdare/Projekte/Research/probst-diplomarbeit-cache-engine/Code/external/comdare-cache-engine/tests/unit/test_experiment_driver_v13.cpp for CXX dependencies
[140/2339] Scanning /home/comdare/Projekte/Research/probst-diplomarbeit-cache-engine/Code/external/comdare-cache-engine/tests/unit/test_module_loader.cpp for CXX dependencies
[141/2339] Scanning /home/comdare/Projekte/Research/probst-diplomarbeit-cache-engine/Code/external/comdare-cache-engine/tests/unit/test_hbm_hierarchy.cpp for CXX dependencies
[142/2339] Scanning /home/comdare/Projekte/Research/probst-diplomarbeit-cache-engine/Code/external/comdare-cache-engine/tests/unit/test_v31_adapters.cpp for CXX dependencies
[143/2339] Scanning /home/comdare/Projekte/Research/probst-diplomarbeit-cache-engine/Code/external/comdare-cache-engine/tests/unit/test_rcu_concurrency.cpp for CXX dependencies
[144/2339] Scanning /home/comdare/Projekte/Research/probst-diplomarbeit-cache-engine/Code/external/comdare-cache-engine/tests/unit/test_t15_drift_gate_messschleife.cpp for CXX dependencies
[145/2339] Scanning /home/comdare/Projekte/Research/probst-diplomarbeit-cache-engine/Code/external/comdare-cache-engine/tests/unit/test_v41_indexes.cpp for CXX dependencies
[146/2339] Scanning /home/comdare/Projekte/Research/probst-diplomarbeit-cache-engine/Code/external/comdare-cache-engine/tests/unit/test_succinct.cpp for CXX dependencies
[147/2339] Scanning /home/comdare/Projekte/Research/probst-diplomarbeit-cache-engine/Code/external/comdare-cache-engine/tests/unit/test_ctsha512.cpp for CXX dependencies
[148/2339] Scanning /home/comdare/Projekte/Research/probst-diplomarbeit-cache-engine/Code/external/comdare-cache-engine/tests/unit/test_v41_topic_queuing.cpp for CXX dependencies
[149/2339] Scanning /home/comdare/Projekte/Research/probst-diplomarbeit-cache-engine/Code/external/comdare-cache-engine/tests/unit/test_v41_topic_allocator_axis_06.cpp for CXX dependencies
[150/2339] Generating CXX dyndep file tests/unit/CMakeFiles/anatomy_codegen_pilot_hot.dir/CXX.dd
[151/2339] Generating CXX dyndep file tests/unit/CMakeFiles/anatomy_codegen_pilot_wormhole_shared.dir/CXX.dd
[152/2339] Scanning /home/comdare/Projekte/Research/probst-diplomarbeit-cache-engine/Code/external/comdare-cache-engine/tests/unit/test_v41_anatomy_pruefling_merge.cpp for CXX dependencies
[153/2339] Scanning /home/comdare/Projekte/Research/probst-diplomarbeit-cache-engine/Code/external/comdare-cache-engine/tests/unit/test_v41_topics_fundament.cpp for CXX dependencies
[154/2339] Scanning /home/comdare/Projekte/Research/probst-diplomarbeit-cache-engine/Code/external/comdare-cache-engine/tests/unit/test_v41_paper_legacy_code.cpp for CXX dependencies
[155/2339] Generating CXX dyndep file tests/unit/CMakeFiles/anatomy_multi_pilot_0.dir/CXX.dd
[156/2339] Generating CXX dyndep file tests/unit/CMakeFiles/anatomy_multi_pilot_1.dir/CXX.dd
[157/2339] Generating CXX dyndep file tests/unit/CMakeFiles/anatomy_multi_pilot_3.dir/CXX.dd
[158/2339] Generating CXX dyndep file tests/unit/CMakeFiles/anatomy_multi_pilot_2.dir/CXX.dd
[159/2339] Generating CXX dyndep file tests/unit/CMakeFiles/anatomy_multi_pilot_4.dir/CXX.dd
[160/2339] Generating CXX dyndep file tests/unit/CMakeFiles/anatomy_multi_pilot_5.dir/CXX.dd
[161/2339] Scanning /home/comdare/Projekte/Research/probst-diplomarbeit-cache-engine/Code/external/comdare-cache-engine/tests/unit/test_v41_topic_traversal.cpp for CXX dependencies
[162/2339] Scanning /home/comdare/Projekte/Research/probst-diplomarbeit-cache-engine/Code/external/comdare-cache-engine/tests/unit/test_ap8_hdr_histogram.cpp for CXX dependencies
[163/2339] Scanning /home/comdare/Projekte/Research/probst-diplomarbeit-cache-engine/Code/external/comdare-cache-engine/tests/unit/test_v41_anatomy_r4_driver.cpp for CXX dependencies
[164/2339] Scanning /home/comdare/Projekte/Research/probst-diplomarbeit-cache-engine/Code/external/comdare-cache-engine/tests/unit/test_ap7_swisstable.cpp for CXX dependencies
[165/2339] Scanning /home/comdare/Projekte/Research/probst-diplomarbeit-cache-engine/Code/external/comdare-cache-engine/tests/unit/test_v41_anatomy.cpp for CXX dependencies
[166/2339] Scanning /home/comdare/Projekte/Research/probst-diplomarbeit-cache-engine/Code/external/comdare-cache-engine/tests/unit/test_v41_compositions.cpp for CXX dependencies
[167/2339] Scanning /home/comdare/Projekte/Research/probst-diplomarbeit-cache-engine/Code/external/comdare-cache-engine/tests/unit/thesis_tiere/test_vampir_nfp_allocator.cpp for CXX dependencies
[168/2339] Scanning /home/comdare/Projekte/Research/probst-diplomarbeit-cache-engine/Code/external/comdare-cache-engine/tests/unit/test_v41_axis_03a_cross_variant_equivalence.cpp for CXX dependencies
[169/2339] Scanning /home/comdare/Projekte/Research/probst-diplomarbeit-cache-engine/Code/external/comdare-cache-engine/tests/unit/test_ap7b_swiss_organ.cpp for CXX dependencies
[170/2339] Scanning /home/comdare/Projekte/Research/probst-diplomarbeit-cache-engine/Code/external/comdare-cache-engine/tests/unit/test_ap7b3_swiss_isa_group_match.cpp for CXX dependencies
[171/2339] Scanning /home/comdare/Projekte/Research/probst-diplomarbeit-cache-engine/Code/external/comdare-cache-engine/tests/unit/test_v41_anatomy_observer.cpp for CXX dependencies
[172/2339] Scanning /home/comdare/Projekte/Research/probst-diplomarbeit-cache-engine/Code/external/comdare-cache-engine/tests/unit/test_v41_tier_observe_trace.cpp for CXX dependencies
[173/2339] Scanning /home/comdare/Projekte/Research/probst-diplomarbeit-cache-engine/Code/external/comdare-cache-engine/tests/unit/test_v41_axis_03a_tier_organ_equivalence.cpp for CXX dependencies
[174/2339] Scanning /home/comdare/Projekte/Research/probst-diplomarbeit-cache-engine/Code/external/comdare-cache-engine/tests/unit/test_v41_anatomy_base.cpp for CXX dependencies
[175/2339] Scanning /home/comdare/Projekte/Research/probst-diplomarbeit-cache-engine/Code/external/comdare-cache-engine/tests/unit/test_v41_execution_engine.cpp for CXX dependencies
[176/2339] Scanning /home/comdare/Projekte/Research/probst-diplomarbeit-cache-engine/Code/external/comdare-cache-engine/tests/unit/test_v41_anatomy_codegen_tool.cpp for CXX dependencies
[177/2339] Scanning /home/comdare/Projekte/Research/probst-diplomarbeit-cache-engine/Code/external/comdare-cache-engine/tests/unit/test_v41_anatomy_multi_codegen.cpp for CXX dependencies
[178/2339] Scanning /home/comdare/Projekte/Research/probst-diplomarbeit-cache-engine/Code/external/comdare-cache-engine/tests/unit/test_v41_axis_12_general_hardware.cpp for CXX dependencies
[179/2339] Scanning /home/comdare/Projekte/Research/probst-diplomarbeit-cache-engine/Code/external/comdare-cache-engine/tests/unit/test_v41_workload_generator.cpp for CXX dependencies
[180/2339] Scanning /home/comdare/Projekte/Research/probst-diplomarbeit-cache-engine/Code/external/comdare-cache-engine/tests/unit/test_v41_axis_07_prefetch.cpp for CXX dependencies
[181/2339] Scanning /home/comdare/Projekte/Research/probst-diplomarbeit-cache-engine/Code/external/comdare-cache-engine/tests/unit/test_v41_search_algorithm_permutation_engine.cpp for CXX dependencies
[182/2339] Scanning /home/comdare/Projekte/Research/probst-diplomarbeit-cache-engine/Code/external/comdare-cache-engine/tests/unit/test_v41_status_code.cpp for CXX dependencies
[183/2339] Scanning /home/comdare/Projekte/Research/probst-diplomarbeit-cache-engine/Code/external/comdare-cache-engine/tests/unit/test_v41_axis_11_telemetry.cpp for CXX dependencies
[184/2339] Scanning /home/comdare/Projekte/Research/probst-diplomarbeit-cache-engine/Code/external/comdare-cache-engine/tests/unit/test_v41_axis_14_value_handle.cpp for CXX dependencies
[185/2339] Scanning /home/comdare/Projekte/Research/probst-diplomarbeit-cache-engine/Code/external/comdare-cache-engine/tests/unit/test_v41_axis_10_serialization.cpp for CXX dependencies
[186/2339] Generating CXX dyndep file tests/unit/CMakeFiles/r5i_configure_pilot_0.dir/CXX.dd
[187/2339] Generating CXX dyndep file tests/unit/CMakeFiles/r5i_configure_pilot_1.dir/CXX.dd
[188/2339] Generating CXX dyndep file tests/unit/CMakeFiles/r5i_configure_pilot_2.dir/CXX.dd
[189/2339] Scanning /home/comdare/Projekte/Research/probst-diplomarbeit-cache-engine/Code/external/comdare-cache-engine/tests/unit/test_v41_anatomy_codegen.cpp for CXX dependencies
[190/2339] Generating CXX dyndep file tests/unit/CMakeFiles/f15_measurement_pilot_0.dir/CXX.dd
[191/2339] Generating CXX dyndep file tests/unit/CMakeFiles/f15_measurement_pilot_1.dir/CXX.dd
[192/2339] Scanning /home/comdare/Projekte/Research/probst-diplomarbeit-cache-engine/Code/external/comdare-cache-engine/tests/unit/test_v41_anatomy_module_abi.cpp for CXX dependencies
[193/2339] Scanning /home/comdare/Projekte/Research/probst-diplomarbeit-cache-engine/Code/external/comdare-cache-engine/tests/unit/test_v41_axis_08_concurrency.cpp for CXX dependencies
[194/2339] Scanning /home/comdare/Projekte/Research/probst-diplomarbeit-cache-engine/Code/external/comdare-cache-engine/tests/unit/test_v41_pruefling_registry.cpp for CXX dependencies
[195/2339] Scanning /home/comdare/Projekte/Research/probst-diplomarbeit-cache-engine/Code/external/comdare-cache-engine/tests/unit/test_v41_anatomy_module_loader.cpp for CXX dependencies
[196/2339] Scanning /home/comdare/Projekte/Research/probst-diplomarbeit-cache-engine/Code/external/comdare-cache-engine/tests/unit/test_v41_anatomy_codegen_tool_traits.cpp for CXX dependencies
[197/2339] Scanning /home/comdare/Projekte/Research/probst-diplomarbeit-cache-engine/Code/external/comdare-cache-engine/tests/unit/test_v41_axis_02_axis_04_nodes.cpp for CXX dependencies
[198/2339] Scanning /home/comdare/Projekte/Research/probst-diplomarbeit-cache-engine/Code/external/comdare-cache-engine/tests/unit/test_v41_axis_05_memory_layout.cpp for CXX dependencies
[199/2339] Scanning /home/comdare/Projekte/Research/probst-diplomarbeit-cache-engine/Code/external/comdare-cache-engine/tests/pruefling_fixture/test_pruefling_fixture_ladung.cpp for CXX dependencies
[200/2339] Scanning /home/comdare/Projekte/Research/probst-diplomarbeit-cache-engine/Code/external/comdare-cache-engine/tests/unit/test_v41_axis_filter.cpp for CXX dependencies
[201/2339] Scanning /home/comdare/Projekte/Research/probst-diplomarbeit-cache-engine/Code/external/comdare-cache-engine/tests/unit/test_v41_anatomy_codegen_tool_mp_list.cpp for CXX dependencies
[202/2339] Scanning /home/comdare/Projekte/Research/probst-diplomarbeit-cache-engine/Code/external/comdare-cache-engine/tests/unit/test_v41_serialization_primitives.cpp for CXX dependencies
[203/2339] Scanning /home/comdare/Projekte/Research/probst-diplomarbeit-cache-engine/Code/external/comdare-cache-engine/tests/unit/test_v41_axis_io.cpp for CXX dependencies
[204/2339] Scanning /home/comdare/Projekte/Research/probst-diplomarbeit-cache-engine/Code/external/comdare-cache-engine/tests/unit/test_v41_axis_01_index_organization.cpp for CXX dependencies
[205/2339] Scanning /home/comdare/Projekte/Research/probst-diplomarbeit-cache-engine/Code/external/comdare-cache-engine/tests/unit/test_v41_r5c3_isa_simd_cross_constraint.cpp for CXX dependencies
[206/2339] Scanning /home/comdare/Projekte/Research/probst-diplomarbeit-cache-engine/Code/external/comdare-cache-engine/tests/unit/test_v41_axis_09b_simd_extension.cpp for CXX dependencies
[207/2339] Scanning /home/comdare/Projekte/Research/probst-diplomarbeit-cache-engine/Code/external/comdare-cache-engine/tests/unit/test_v41_axis_migration.cpp for CXX dependencies
[208/2339] Scanning /home/comdare/Projekte/Research/probst-diplomarbeit-cache-engine/Code/external/comdare-cache-engine/tests/unit/test_v41_axis_01_page_type.cpp for CXX dependencies
[209/2339] Scanning /home/comdare/Projekte/Research/probst-diplomarbeit-cache-engine/Code/external/comdare-cache-engine/tests/unit/test_v41_anatomy_r5i_configure_codegen.cpp for CXX dependencies
[210/2339] Scanning /home/comdare/Projekte/Research/probst-diplomarbeit-cache-engine/Code/external/comdare-cache-engine/tests/unit/test_v41_axis_filter_surf_organ.cpp for CXX dependencies
[211/2339] Scanning /home/comdare/Projekte/Research/probst-diplomarbeit-cache-engine/Code/external/comdare-cache-engine/tests/unit/test_v41_axis_09_isa.cpp for CXX dependencies
[212/2339] Scanning /home/comdare/Projekte/Research/probst-diplomarbeit-cache-engine/Code/external/comdare-cache-engine/tests/unit/test_v5_memento_axis.cpp for CXX dependencies
[213/2339] Scanning /home/comdare/Projekte/Research/probst-diplomarbeit-cache-engine/Code/external/comdare-cache-engine/tests/unit/test_v5_conformance_gate.cpp for CXX dependencies
[214/2339] Scanning /home/comdare/Projekte/Research/probst-diplomarbeit-cache-engine/Code/external/comdare-cache-engine/tests/unit/test_v41_axis_filter_surf_louds_organ.cpp for CXX dependencies
[215/2339] Scanning /home/comdare/Projekte/Research/probst-diplomarbeit-cache-engine/Code/external/comdare-cache-engine/tests/unit/test_v5_two_phase_driver.cpp for CXX dependencies
[216/2339] Scanning /home/comdare/Projekte/Research/probst-diplomarbeit-cache-engine/Code/external/comdare-cache-engine/tests/unit/test_heuristik_spline_break_even.cpp for CXX dependencies
[217/2339] Scanning /home/comdare/Projekte/Research/probst-diplomarbeit-cache-engine/Code/external/comdare-cache-engine/tests/unit/test_d54_trace_schema.cpp for CXX dependencies
[218/2339] Scanning /home/comdare/Projekte/Research/probst-diplomarbeit-cache-engine/Code/external/comdare-cache-engine/tests/unit/test_heuristik_workload_cluster.cpp for CXX dependencies
[219/2339] Scanning /home/comdare/Projekte/Research/probst-diplomarbeit-cache-engine/Code/external/comdare-cache-engine/tests/unit/test_v5_workload_orchestrator.cpp for CXX dependencies
[220/2339] Scanning /home/comdare/Projekte/Research/probst-diplomarbeit-cache-engine/Code/external/comdare-cache-engine/tests/unit/test_v41_pruef_dock_search_algorithm.cpp for CXX dependencies
[221/2339] Generating CXX dyndep file tests/unit/CMakeFiles/comdare_r5g_adhoc_perm.dir/CXX.dd
[222/2339] Scanning /home/comdare/Projekte/Research/probst-diplomarbeit-cache-engine/Code/external/comdare-cache-engine/tests/unit/test_v5_measurement_snapshot.cpp for CXX dependencies
[223/2339] Scanning /home/comdare/Projekte/Research/probst-diplomarbeit-cache-engine/Code/external/comdare-cache-engine/tests/unit/test_v5_disk_memento.cpp for CXX dependencies
[224/2339] Generating CXX dyndep file tests/unit/CMakeFiles/comdare_r5g_autobuilt_perm_1.dir/CXX.dd
[225/2339] Generating CXX dyndep file tests/unit/CMakeFiles/comdare_r5g_autobuilt_perm_0.dir/CXX.dd
[226/2339] Generating CXX dyndep file tests/unit/CMakeFiles/comdare_r5g_autobuilt_perm_2.dir/CXX.dd
[227/2339] Scanning /home/comdare/Projekte/Research/probst-diplomarbeit-cache-engine/Code/external/comdare-cache-engine/tests/unit/test_d51_perzentil_kanon.cpp for CXX dependencies
[228/2339] Generating CXX dyndep file tests/unit/CMakeFiles/comdare_r5g_autobuilt_perm_3.dir/CXX.dd
[229/2339] Generating CXX dyndep file tests/unit/CMakeFiles/comdare_r5g_autobuilt_perm_4.dir/CXX.dd
[230/2339] Generating CXX dyndep file tests/unit/CMakeFiles/comdare_r5g_autobuilt_perm_5.dir/CXX.dd
[231/2339] Generating CXX dyndep file tests/unit/CMakeFiles/comdare_r5g_autobuilt_perm_8.dir/CXX.dd
[232/2339] Scanning /home/comdare/Projekte/Research/probst-diplomarbeit-cache-engine/Code/external/comdare-cache-engine/tests/unit/test_25_kanon_dataset_akten.cpp for CXX dependencies
[233/2339] Generating CXX dyndep file tests/unit/CMakeFiles/comdare_r5g_autobuilt_perm_9.dir/CXX.dd
[234/2339] Generating CXX dyndep file tests/unit/CMakeFiles/comdare_r5g_autobuilt_perm_10.dir/CXX.dd
[235/2339] Generating CXX dyndep file tests/unit/CMakeFiles/comdare_r5g_autobuilt_perm_7.dir/CXX.dd
[236/2339] Generating CXX dyndep file tests/unit/CMakeFiles/comdare_r5g_autobuilt_perm_6.dir/CXX.dd
[237/2339] Generating CXX dyndep file tests/unit/CMakeFiles/comdare_r5g_autobuilt_perm_11.dir/CXX.dd
[238/2339] Generating CXX dyndep file tests/unit/CMakeFiles/comdare_r5g_autobuilt_perm_12.dir/CXX.dd
[239/2339] Generating CXX dyndep file tests/unit/CMakeFiles/comdare_r5g_autobuilt_perm_13.dir/CXX.dd
[240/2339] Scanning /home/comdare/Projekte/Research/probst-diplomarbeit-cache-engine/Code/external/comdare-cache-engine/tests/unit/test_45_sosd_uint64_loader.cpp for CXX dependencies
[241/2339] Generating CXX dyndep file tests/unit/CMakeFiles/comdare_r5g_autobuilt_perm_14.dir/CXX.dd
[242/2339] Generating CXX dyndep file tests/unit/CMakeFiles/comdare_r5g_autobuilt_perm_15.dir/CXX.dd
[243/2339] Generating CXX dyndep file tests/unit/CMakeFiles/comdare_r5g_autobuilt_perm_16.dir/CXX.dd
[244/2339] Generating CXX dyndep file tests/unit/CMakeFiles/comdare_r5g_autobuilt_perm_17.dir/CXX.dd
[245/2339] Generating CXX dyndep file tests/unit/CMakeFiles/comdare_r5g_autobuilt_perm_18.dir/CXX.dd
[246/2339] Scanning /home/comdare/Projekte/Research/probst-diplomarbeit-cache-engine/Code/external/comdare-cache-engine/tests/unit/test_184_dataset_loader_wiring.cpp for CXX dependencies
[247/2339] Generating CXX dyndep file tests/unit/CMakeFiles/comdare_r5g_autobuilt_perm_19.dir/CXX.dd
[248/2339] Generating CXX dyndep file tests/unit/CMakeFiles/comdare_r5g_autobuilt_perm_21.dir/CXX.dd
[249/2339] Generating CXX dyndep file tests/unit/CMakeFiles/comdare_r5g_autobuilt_perm_22.dir/CXX.dd
[250/2339] Generating CXX dyndep file tests/unit/CMakeFiles/comdare_r5g_autobuilt_perm_24.dir/CXX.dd
[251/2339] Generating CXX dyndep file tests/unit/CMakeFiles/comdare_r5g_autobuilt_perm_20.dir/CXX.dd
[252/2339] Generating CXX dyndep file tests/unit/CMakeFiles/comdare_r5g_autobuilt_perm_25.dir/CXX.dd
[253/2339] Generating CXX dyndep file tests/unit/CMakeFiles/comdare_r5g_autobuilt_perm_27.dir/CXX.dd
[254/2339] Generating CXX dyndep file tests/unit/CMakeFiles/comdare_r5g_autobuilt_perm_23.dir/CXX.dd
[255/2339] Generating CXX dyndep file tests/unit/CMakeFiles/comdare_r5g_autobuilt_perm_26.dir/CXX.dd
[256/2339] Generating CXX dyndep file tests/unit/CMakeFiles/comdare_r5g_autobuilt_perm_28.dir/CXX.dd
[257/2339] Generating CXX dyndep file tests/unit/CMakeFiles/comdare_r5g_autobuilt_perm_29.dir/CXX.dd
[258/2339] Scanning /home/comdare/Projekte/Research/probst-diplomarbeit-cache-engine/Code/external/comdare-cache-engine/tests/unit/test_v5_ycsb_distribution.cpp for CXX dependencies
[259/2339] Generating CXX dyndep file tests/unit/CMakeFiles/comdare_r5g_autobuilt_perm_31.dir/CXX.dd
[260/2339] Generating CXX dyndep file tests/unit/CMakeFiles/comdare_r5g_autobuilt_perm_33.dir/CXX.dd
[261/2339] Generating CXX dyndep file tests/unit/CMakeFiles/comdare_r5g_autobuilt_perm_32.dir/CXX.dd
[262/2339] Scanning /home/comdare/Projekte/Research/probst-diplomarbeit-cache-engine/Code/external/comdare-cache-engine/tests/unit/test_ap13_thread_pinning.cpp for CXX dependencies
[263/2339] Scanning /home/comdare/Projekte/Research/probst-diplomarbeit-cache-engine/Code/external/comdare-cache-engine/tests/unit/test_ap10_dataset_akte.cpp for CXX dependencies
[264/2339] Generating CXX dyndep file tests/unit/CMakeFiles/comdare_r5g_autobuilt_perm_35.dir/CXX.dd
[265/2339] Generating CXX dyndep file tests/unit/CMakeFiles/comdare_r5g_autobuilt_perm_30.dir/CXX.dd
[266/2339] Generating CXX dyndep file tests/unit/CMakeFiles/comdare_r5g_autobuilt_perm_36.dir/CXX.dd
[267/2339] Generating CXX dyndep file tests/unit/CMakeFiles/comdare_r5g_autobuilt_perm_37.dir/CXX.dd
[268/2339] Generating CXX dyndep file tests/unit/CMakeFiles/comdare_r5g_autobuilt_perm_34.dir/CXX.dd
[269/2339] Generating CXX dyndep file tests/unit/CMakeFiles/comdare_r5g_autobuilt_perm_40.dir/CXX.dd
[270/2339] Generating CXX dyndep file tests/unit/CMakeFiles/comdare_r5g_autobuilt_perm_39.dir/CXX.dd
[271/2339] Generating CXX dyndep file tests/unit/CMakeFiles/comdare_r5g_autobuilt_perm_38.dir/CXX.dd
[272/2339] Generating CXX dyndep file tests/unit/CMakeFiles/comdare_r5g_autobuilt_perm_41.dir/CXX.dd
[273/2339] Generating CXX dyndep file tests/unit/CMakeFiles/comdare_r5g_autobuilt_perm_42.dir/CXX.dd
[274/2339] Generating CXX dyndep file tests/unit/CMakeFiles/comdare_r5g_autobuilt_perm_43.dir/CXX.dd
[275/2339] Generating CXX dyndep file tests/unit/CMakeFiles/comdare_r5g_autobuilt_perm_44.dir/CXX.dd
[276/2339] Generating CXX dyndep file tests/unit/CMakeFiles/comdare_r5g_autobuilt_perm_46.dir/CXX.dd
[277/2339] Generating CXX dyndep file tests/unit/CMakeFiles/comdare_r5g_autobuilt_perm_45.dir/CXX.dd
[278/2339] Generating CXX dyndep file tests/unit/CMakeFiles/comdare_r5g_autobuilt_perm_47.dir/CXX.dd
[279/2339] Scanning /home/comdare/Projekte/Research/probst-diplomarbeit-cache-engine/Code/external/comdare-cache-engine/tests/unit/test_v41_anatomy_adhoc_codegen_macro.cpp for CXX dependencies
[280/2339] Scanning /home/comdare/Projekte/Research/probst-diplomarbeit-cache-engine/Code/external/comdare-cache-engine/tests/unit/test_ap9_provenance_manifest.cpp for CXX dependencies
[281/2339] Scanning /home/comdare/Projekte/Research/probst-diplomarbeit-cache-engine/Code/external/comdare-cache-engine/tests/unit/test_v5_ycsb_op_set.cpp for CXX dependencies
[282/2339] Scanning /home/comdare/Projekte/Research/probst-diplomarbeit-cache-engine/Code/external/comdare-cache-engine/tests/unit/test_v41_anatomy_f15_measurement.cpp for CXX dependencies
[283/2339] Scanning /home/comdare/Projekte/Research/probst-diplomarbeit-cache-engine/Code/external/comdare-cache-engine/tests/unit/test_v41_cache_engine_facade.cpp for CXX dependencies
[284/2339] Scanning /home/comdare/Projekte/Research/probst-diplomarbeit-cache-engine/Code/external/comdare-cache-engine/tests/unit/test_v41_cache_engine_tools_facade.cpp for CXX dependencies
[285/2339] Scanning /home/comdare/Projekte/Research/probst-diplomarbeit-cache-engine/Code/external/comdare-cache-engine/tests/unit/test_v41_scan_range_organ.cpp for CXX dependencies
[286/2339] Scanning /home/comdare/Projekte/Research/probst-diplomarbeit-cache-engine/Code/external/comdare-cache-engine/tests/unit/test_v41_codegen_type_name.cpp for CXX dependencies
[287/2339] Scanning /home/comdare/Projekte/Research/probst-diplomarbeit-cache-engine/Code/external/comdare-cache-engine/tests/unit/test_v5_organ_memento.cpp for CXX dependencies
[288/2339] Scanning /home/comdare/Projekte/Research/probst-diplomarbeit-cache-engine/Code/external/comdare-cache-engine/tests/unit/test_d1_d2_selection.cpp for CXX dependencies
[289/2339] Scanning /home/comdare/Projekte/Research/probst-diplomarbeit-cache-engine/Code/external/comdare-cache-engine/tests/unit/test_q2_identitaets_riegel.cpp for CXX dependencies
[290/2339] Scanning /home/comdare/Projekte/Research/probst-diplomarbeit-cache-engine/Code/external/comdare-cache-engine/tests/unit/test_hy_a1_dock_contract.cpp for CXX dependencies
[291/2339] Scanning /home/comdare/Projekte/Research/probst-diplomarbeit-cache-engine/Code/external/comdare-cache-engine/tests/unit/test_hy_a1_attach_nur_array_include.cpp for CXX dependencies
[292/2339] Scanning /home/comdare/Projekte/Research/probst-diplomarbeit-cache-engine/Code/external/comdare-cache-engine/tests/unit/test_hy_a3_hybrid_config_parser.cpp for CXX dependencies
[293/2339] Scanning /home/comdare/Projekte/Research/probst-diplomarbeit-cache-engine/Code/external/comdare-cache-engine/tests/unit/test_hy_a1_heuristik_adapter_gattung.cpp for CXX dependencies
[294/2339] Scanning /home/comdare/Projekte/Research/probst-diplomarbeit-cache-engine/Code/external/comdare-cache-engine/tests/unit/test_pruef_only_gate.cpp for CXX dependencies
[295/2339] Scanning /home/comdare/Projekte/Research/probst-diplomarbeit-cache-engine/Code/external/comdare-cache-engine/tests/unit/test_v41_anatomy_adhoc_autobuilt_load.cpp for CXX dependencies
[296/2339] Scanning /home/comdare/Projekte/Research/probst-diplomarbeit-cache-engine/Code/external/comdare-cache-engine/tests/unit/test_v41_anatomy_adhoc_dll_load.cpp for CXX dependencies
[297/2339] Scanning /home/comdare/Projekte/Research/probst-diplomarbeit-cache-engine/Code/external/comdare-cache-engine/tests/unit/test_e24_c5_fk8_genus_baupfad_d1.cpp for CXX dependencies
[298/2339] Scanning /home/comdare/Projekte/Research/probst-diplomarbeit-cache-engine/Code/external/comdare-cache-engine/tests/unit/test_hy_a2_stempel_kette.cpp for CXX dependencies
[299/2339] Scanning /home/comdare/Projekte/Research/probst-diplomarbeit-cache-engine/Code/external/comdare-cache-engine/tests/unit/test_v41_codegen_all_axes_umbrella.cpp for CXX dependencies
[300/2339] Scanning /home/comdare/Projekte/Research/probst-diplomarbeit-cache-engine/Code/external/comdare-cache-engine/tests/unit/test_kf16_build_orchestrator.cpp for CXX dependencies
[301/2339] Scanning /home/comdare/Projekte/Research/probst-diplomarbeit-cache-engine/Code/external/comdare-cache-engine/tests/unit/test_kf16b_build_resilience.cpp for CXX dependencies
[302/2339] Scanning /home/comdare/Projekte/Research/probst-diplomarbeit-cache-engine/Code/external/comdare-cache-engine/tests/unit/test_w6_parallel_provision.cpp for CXX dependencies
[303/2339] Scanning /home/comdare/Projekte/Research/probst-diplomarbeit-cache-engine/Code/external/comdare-cache-engine/tests/unit/test_hy_f8_reroute.cpp for CXX dependencies
[304/2339] Scanning /home/comdare/Projekte/Research/probst-diplomarbeit-cache-engine/Code/external/comdare-cache-engine/tests/unit/test_a15_fk3_axis_error_traits.cpp for CXX dependencies
[305/2339] Scanning /home/comdare/Projekte/Research/probst-diplomarbeit-cache-engine/Code/external/comdare-cache-engine/tests/unit/test_s2_pull_tier_binary.cpp for CXX dependencies
[306/2339] Scanning /home/comdare/Projekte/Research/probst-diplomarbeit-cache-engine/Code/external/comdare-cache-engine/tests/unit/test_s5_01a_pool_stores_perf_sanity.cpp for CXX dependencies
[307/2339] Scanning /home/comdare/Projekte/Research/probst-diplomarbeit-cache-engine/Code/external/comdare-cache-engine/tests/unit/test_seg_coverage.cpp for CXX dependencies
[308/2339] Scanning /home/comdare/Projekte/Research/probst-diplomarbeit-cache-engine/Code/external/comdare-cache-engine/tests/unit/test_a8s3_t17_stats_lesezeitpunkt.cpp for CXX dependencies
[309/2339] Scanning /home/comdare/Projekte/Research/probst-diplomarbeit-cache-engine/Code/external/comdare-cache-engine/tests/unit/test_w10_c4_zellwert_naht.cpp for CXX dependencies
[310/2339] Scanning /home/comdare/Projekte/Research/probst-diplomarbeit-cache-engine/Code/external/comdare-cache-engine/tests/unit/test_a8s1_t17_vollzaehligkeit.cpp for CXX dependencies
[311/2339] Scanning /home/comdare/Projekte/Research/probst-diplomarbeit-cache-engine/Code/external/comdare-cache-engine/tests/unit/test_a15_fk4_organ_slot_traits.cpp for CXX dependencies
[312/2339] Scanning /home/comdare/Projekte/Research/probst-diplomarbeit-cache-engine/Code/external/comdare-cache-engine/tests/unit/test_ap15_3_driveable_map_contract.cpp for CXX dependencies
[313/2339] Scanning /home/comdare/Projekte/Research/probst-diplomarbeit-cache-engine/Code/external/comdare-cache-engine/tests/unit/test_a14_os_sub_axes_guard.cpp for CXX dependencies
[314/2339] Scanning /home/comdare/Projekte/Research/probst-diplomarbeit-cache-engine/Code/external/comdare-cache-engine/tests/unit/test_29_container_framework.cpp for CXX dependencies
[315/2339] Scanning /home/comdare/Projekte/Research/probst-diplomarbeit-cache-engine/Code/external/comdare-cache-engine/tests/unit/test_striktheit_axis_dach_guard.cpp for CXX dependencies
[316/2339] Scanning /home/comdare/Projekte/Research/probst-diplomarbeit-cache-engine/Code/external/comdare-cache-engine/tests/unit/test_e24_c10_g6_identitaets_bilanz.cpp for CXX dependencies
[317/2339] Scanning /home/comdare/Projekte/Research/probst-diplomarbeit-cache-engine/Code/external/comdare-cache-engine/tests/unit/test_all19_segment_timer.cpp for CXX dependencies
[318/2339] Scanning /home/comdare/Projekte/Research/probst-diplomarbeit-cache-engine/Code/external/comdare-cache-engine/tests/unit/test_m8_storetrav_segment.cpp for CXX dependencies
[319/2339] Scanning /home/comdare/Projekte/Research/probst-diplomarbeit-cache-engine/Code/external/comdare-cache-engine/tests/unit/test_meta_meta_halbordnung.cpp for CXX dependencies
[320/2339] Scanning /home/comdare/Projekte/Research/probst-diplomarbeit-cache-engine/Code/external/comdare-cache-engine/tests/unit/test_obs_phaseA.cpp for CXX dependencies
[321/2339] Scanning /home/comdare/Projekte/Research/probst-diplomarbeit-cache-engine/Code/external/comdare-cache-engine/tests/unit/test_axis_error_taxonomy.cpp for CXX dependencies
[322/2339] Scanning /home/comdare/Projekte/Research/probst-diplomarbeit-cache-engine/Code/external/comdare-cache-engine/tests/unit/test_188_4bb0_pool_organ_wide_key_conformance.cpp for CXX dependencies
[323/2339] Scanning /home/comdare/Projekte/Research/probst-diplomarbeit-cache-engine/Code/external/comdare-cache-engine/tests/unit/test_a8s4_release_pfad_neutralitaet.cpp for CXX dependencies
[324/2339] Scanning /home/comdare/Projekte/Research/probst-diplomarbeit-cache-engine/Code/external/comdare-cache-engine/tests/unit/test_188_4bbV_pool_adapter_flip_compile.cpp for CXX dependencies
[325/2339] Scanning /home/comdare/Projekte/Research/probst-diplomarbeit-cache-engine/Code/external/comdare-cache-engine/tests/unit/test_phase_b_effective_search_algo_contrast.cpp for CXX dependencies
[326/2339] Scanning /home/comdare/Projekte/Research/probst-diplomarbeit-cache-engine/Code/external/comdare-cache-engine/tests/unit/test_obs_phaseB_pilot.cpp for CXX dependencies
[327/2339] Scanning /home/comdare/Projekte/Research/probst-diplomarbeit-cache-engine/Code/external/comdare-cache-engine/tests/unit/test_a8s4_konstitutiv_kette.cpp for CXX dependencies
[328/2339] Scanning /home/comdare/Projekte/Research/probst-diplomarbeit-cache-engine/Code/external/comdare-cache-engine/tests/unit/test_ap15_2_get_allocator_proxy.cpp for CXX dependencies
[329/2339] Scanning /home/comdare/Projekte/Research/probst-diplomarbeit-cache-engine/Code/external/comdare-cache-engine/tests/unit/test_234_va_shaped_adapter.cpp for CXX dependencies
[330/2339] Scanning /home/comdare/Projekte/Research/probst-diplomarbeit-cache-engine/Code/external/comdare-cache-engine/tests/unit/test_striktheit_abi_pod_guard.cpp for CXX dependencies
[331/2339] Scanning /home/comdare/Projekte/Research/probst-diplomarbeit-cache-engine/Code/external/comdare-cache-engine/tests/unit/test_s7_1_bst_pool_allocator_deg.cpp for CXX dependencies
[332/2339] Scanning /home/comdare/Projekte/Research/probst-diplomarbeit-cache-engine/Code/external/comdare-cache-engine/tests/unit/test_s7_2_btree_pool_allocator_deg.cpp for CXX dependencies
[333/2339] Scanning /home/comdare/Projekte/Research/probst-diplomarbeit-cache-engine/Code/external/comdare-cache-engine/tests/unit/test_striktheit_scan_kernel_purity.cpp for CXX dependencies
[334/2339] Scanning /home/comdare/Projekte/Research/probst-diplomarbeit-cache-engine/Code/external/comdare-cache-engine/tests/unit/test_striktheit_metaprog_guard.cpp for CXX dependencies
[335/2339] Scanning /home/comdare/Projekte/Research/probst-diplomarbeit-cache-engine/Code/external/comdare-cache-engine/tests/unit/test_striktheit_axes_guard.cpp for CXX dependencies
[336/2339] Scanning /home/comdare/Projekte/Research/probst-diplomarbeit-cache-engine/Code/external/comdare-cache-engine/tests/unit/test_cmd1_a_axis_command_base.cpp for CXX dependencies
[337/2339] Building CXX object _deps/googletest-build/googlemock/CMakeFiles/gmock.dir/src/gmock-all.cc.o
[338/2339] Scanning /home/comdare/Projekte/Research/probst-diplomarbeit-cache-engine/Code/external/comdare-cache-engine/tests/unit/test_s7_3_skip_list_pool_allocator_deg.cpp for CXX dependencies
[339/2339] Scanning /home/comdare/Projekte/Research/probst-diplomarbeit-cache-engine/Code/external/comdare-cache-engine/tests/unit/test_234_vb_rest_families_shaped.cpp for CXX dependencies
[340/2339] Scanning /home/comdare/Projekte/Research/probst-diplomarbeit-cache-engine/Code/external/comdare-cache-engine/tests/unit/test_s7_4_hash_pool_allocator_deg.cpp for CXX dependencies
[341/2339] Scanning /home/comdare/Projekte/Research/probst-diplomarbeit-cache-engine/Code/external/comdare-cache-engine/tests/unit/test_234_f4_hash_probe_shape.cpp for CXX dependencies
[342/2339] Scanning /home/comdare/Projekte/Research/probst-diplomarbeit-cache-engine/Code/external/comdare-cache-engine/tests/unit/test_234_f1_btree_order_shape.cpp for CXX dependencies
[343/2339] Scanning /home/comdare/Projekte/Research/probst-diplomarbeit-cache-engine/Code/external/comdare-cache-engine/tests/unit/test_234_f2_skip_list_shape.cpp for CXX dependencies
[344/2339] Scanning /home/comdare/Projekte/Research/probst-diplomarbeit-cache-engine/Code/external/comdare-cache-engine/tests/unit/test_s7_9_surf_pool_allocator_deg.cpp for CXX dependencies
[345/2339] Scanning /home/comdare/Projekte/Research/probst-diplomarbeit-cache-engine/Code/external/comdare-cache-engine/tests/unit/test_s7_8_wormhole_pool_allocator_deg.cpp for CXX dependencies
[346/2339] Scanning /home/comdare/Projekte/Research/probst-diplomarbeit-cache-engine/Code/external/comdare-cache-engine/tests/unit/test_234_f3_bst_shape.cpp for CXX dependencies
[347/2339] Scanning /home/comdare/Projekte/Research/probst-diplomarbeit-cache-engine/Code/external/comdare-cache-engine/tests/unit/test_s7_7_start_pool_allocator_deg.cpp for CXX dependencies
[348/2339] Scanning /home/comdare/Projekte/Research/probst-diplomarbeit-cache-engine/Code/external/comdare-cache-engine/tests/unit/test_s7_5_art_pool_allocator_deg.cpp for CXX dependencies
[349/2339] Scanning /home/comdare/Projekte/Research/probst-diplomarbeit-cache-engine/Code/external/comdare-cache-engine/tests/unit/test_s7_10_swiss_pool_allocator_deg.cpp for CXX dependencies
[350/2339] Scanning /home/comdare/Projekte/Research/probst-diplomarbeit-cache-engine/Code/external/comdare-cache-engine/tests/unit/test_s7_6_hot_pool_allocator_deg.cpp for CXX dependencies
[351/2339] Scanning /home/comdare/Projekte/Research/probst-diplomarbeit-cache-engine/Code/external/comdare-cache-engine/tests/unit/test_188_4a_eytzinger_organ.cpp for CXX dependencies
[352/2339] Scanning /home/comdare/Projekte/Research/probst-diplomarbeit-cache-engine/Code/external/comdare-cache-engine/tests/unit/test_188_4c0_known_compositions_conformance.cpp for CXX dependencies
[353/2339] Scanning /home/comdare/Projekte/Research/probst-diplomarbeit-cache-engine/Code/external/comdare-cache-engine/tests/unit/test_abi_adapter_g3_batch2.cpp for CXX dependencies
[354/2339] Scanning /home/comdare/Projekte/Research/probst-diplomarbeit-cache-engine/Code/external/comdare-cache-engine/tests/unit/test_216h2_stat_reset_after_load.cpp for CXX dependencies
[355/2339] Scanning /home/comdare/Projekte/Research/probst-diplomarbeit-cache-engine/Code/external/comdare-cache-engine/tests/unit/test_vor_push_gate.cpp for CXX dependencies
[356/2339] Scanning /home/comdare/Projekte/Research/probst-diplomarbeit-cache-engine/Code/external/comdare-cache-engine/tests/unit/test_221_rc_prefetch_distance.cpp for CXX dependencies
[357/2339] Scanning /home/comdare/Projekte/Research/probst-diplomarbeit-cache-engine/Code/external/comdare-cache-engine/tests/unit/test_axis_kind_wire_totalitaet.cpp for CXX dependencies
[358/2339] Scanning /home/comdare/Projekte/Research/probst-diplomarbeit-cache-engine/Code/external/comdare-cache-engine/tests/unit/test_axis_kind_kategorien_zuordnung.cpp for CXX dependencies
[359/2339] Scanning /home/comdare/Projekte/Research/probst-diplomarbeit-cache-engine/Code/external/comdare-cache-engine/tests/unit/test_217_2a_capacity_guard.cpp for CXX dependencies
[360/2339] Scanning /home/comdare/Projekte/Research/probst-diplomarbeit-cache-engine/Code/external/comdare-cache-engine/tests/unit/test_e1_contract_rc_konsum.cpp for CXX dependencies
[361/2339] Scanning /home/comdare/Projekte/Research/probst-diplomarbeit-cache-engine/Code/external/comdare-cache-engine/tests/unit/thesis_tiere/m3v2_pmc_smoke.cpp for CXX dependencies
[362/2339] Scanning /home/comdare/Projekte/Research/probst-diplomarbeit-cache-engine/Code/external/comdare-cache-engine/tests/unit/test_a5_eta_slice_verdrahtung.cpp for CXX dependencies
[363/2339] Scanning /home/comdare/Projekte/Research/probst-diplomarbeit-cache-engine/Code/external/comdare-cache-engine/tests/unit/thesis_tiere/test_profile_coverage.cpp for CXX dependencies
[364/2339] Scanning /home/comdare/Projekte/Research/probst-diplomarbeit-cache-engine/Code/external/comdare-cache-engine/tests/unit/test_188_4cii_flat_wrapper_traversal.cpp for CXX dependencies
[365/2339] Scanning /home/comdare/Projekte/Research/probst-diplomarbeit-cache-engine/Code/external/comdare-cache-engine/tests/unit/test_tp1_planer_filter_iterator.cpp for CXX dependencies
[366/2339] Scanning /home/comdare/Projekte/Research/probst-diplomarbeit-cache-engine/Code/external/comdare-cache-engine/tests/unit/test_harness_compile.cpp for CXX dependencies
[367/2339] Scanning /home/comdare/Projekte/Research/probst-diplomarbeit-cache-engine/Code/external/comdare-cache-engine/tests/unit/test_f3_lager_key_provider_iterator.cpp for CXX dependencies
[368/2339] Generating CXX dyndep file tests/unit/CMakeFiles/perm_set_d9.dir/CXX.dd
[369/2339] Generating CXX dyndep file tests/unit/CMakeFiles/perm_sequence_d10.dir/CXX.dd
[370/2339] Generating CXX dyndep file tests/unit/CMakeFiles/perm_view_d11.dir/CXX.dd
[371/2339] Generating CXX dyndep file tests/unit/CMakeFiles/perm_buildvariant_avx512.dir/CXX.dd
[372/2337] Scanning /home/comdare/Projekte/Research/probst-diplomarbeit-cache-engine/Code/external/comdare-cache-engine/tests/unit/test_lg_skip_callback_null.cpp for CXX dependencies
[373/2337] Scanning /home/comdare/Projekte/Research/probst-diplomarbeit-cache-engine/Code/external/comdare-cache-engine/tests/unit/test_b3_schema_freeze_stufe1.cpp for CXX dependencies
[374/2337] Generating CXX dyndep file tests/unit/CMakeFiles/perm_buildvariant_avx2.dir/CXX.dd
[375/2335] Generating CXX dyndep file tests/unit/CMakeFiles/perm_adapter_d12.dir/CXX.dd
[376/2335] Generating CXX dyndep file tests/unit/CMakeFiles/perm_set_defekt_d13.dir/CXX.dd
[377/2335] Generating CXX dyndep file tests/unit/CMakeFiles/perm_alt_major7.dir/CXX.dd
[378/2333] Scanning /home/comdare/Projekte/Research/probst-diplomarbeit-cache-engine/Code/external/comdare-cache-engine/tests/unit/test_lazy_resume_binary.cpp for CXX dependencies
[379/2333] Generating CXX dyndep file tests/unit/CMakeFiles/perm_major7_neue_magic.dir/CXX.dd
[380/2331] Generating CXX dyndep file tests/unit/CMakeFiles/perm_q2_ohne_gattung.dir/CXX.dd
[381/2329] Generating CXX dyndep file tests/unit/CMakeFiles/perm_q2_ohne_genus.dir/CXX.dd
[382/2327] Generating CXX dyndep file tests/unit/CMakeFiles/perm_alt_magic_ohne_symbole.dir/CXX.dd
[383/2325] Scanning /home/comdare/Projekte/Research/probst-diplomarbeit-cache-engine/Code/external/comdare-cache-engine/tests/unit/test_t2a_f4_facade_plan_durchreichung.cpp for CXX dependencies
[384/2325] Generating CXX dyndep file tests/unit/CMakeFiles/hybrid_reroute_searchalgorithm.dir/CXX.dd
[385/2325] Generating CXX dyndep file tests/unit/CMakeFiles/perm_a11_ohne_stempel.dir/CXX.dd
[386/2323] Generating CXX dyndep file tests/unit/CMakeFiles/perm_q2_luegner.dir/CXX.dd
[387/2321] Generating CXX dyndep file tests/unit/CMakeFiles/hybrid_reroute_set.dir/CXX.dd
[388/2321] Scanning /home/comdare/Projekte/Research/probst-diplomarbeit-cache-engine/Code/external/comdare-cache-engine/tests/unit/test_w5_status_reader.cpp for CXX dependencies
[389/2321] Generating CXX dyndep file tests/unit/CMakeFiles/perm_adhoc_buildvariant.dir/CXX.dd
[390/2321] Scanning /home/comdare/Projekte/Research/probst-diplomarbeit-cache-engine/Code/external/comdare-cache-engine/tests/unit/test_mt_l3_wide_schema_orakel.cpp for CXX dependencies
[391/2321] Scanning /home/comdare/Projekte/Research/probst-diplomarbeit-cache-engine/Code/external/comdare-cache-engine/tests/unit/test_lagp2_messwert_genus.cpp for CXX dependencies
[392/2321] Scanning /home/comdare/Projekte/Research/probst-diplomarbeit-cache-engine/Code/external/comdare-cache-engine/tests/unit/test_d37b_modus_riegel.cpp for CXX dependencies
[393/2321] Scanning /home/comdare/Projekte/Research/probst-diplomarbeit-cache-engine/Code/external/comdare-cache-engine/tests/unit/thesis_tiere/test_experiment_parser.cpp for CXX dependencies
[394/2321] Scanning /home/comdare/Projekte/Research/probst-diplomarbeit-cache-engine/Code/external/comdare-cache-engine/tests/unit/thesis_tiere/test_ap2_katalog_pfad_stubfrei.cpp for CXX dependencies
[395/2321] Scanning /home/comdare/Projekte/Research/probst-diplomarbeit-cache-engine/Code/external/comdare-cache-engine/tests/unit/test_a9b_active_deklaration_inert.cpp for CXX dependencies
[396/2321] Scanning /home/comdare/Projekte/Research/probst-diplomarbeit-cache-engine/Code/external/comdare-cache-engine/tests/unit/thesis_tiere/test_experiment_kern_seam.cpp for CXX dependencies
[397/2321] Scanning /home/comdare/Projekte/Research/probst-diplomarbeit-cache-engine/Code/external/comdare-cache-engine/tests/unit/test_p2_ram_identity_verdict.cpp for CXX dependencies
[398/2321] Scanning /home/comdare/Projekte/Research/probst-diplomarbeit-cache-engine/Code/external/comdare-cache-engine/tests/unit/test_p1_spd_ddr5_parser.cpp for CXX dependencies
[399/2321] Scanning /home/comdare/Projekte/Research/probst-diplomarbeit-cache-engine/Code/external/comdare-cache-engine/tests/unit/test_m_simd_feature_flag_catalog.cpp for CXX dependencies
[400/2321] Scanning /home/comdare/Projekte/Research/probst-diplomarbeit-cache-engine/Code/external/comdare-cache-engine/tests/unit/thesis_tiere/test_axis_sweep_coverage.cpp for CXX dependencies
[401/2321] Scanning /home/comdare/Projekte/Research/probst-diplomarbeit-cache-engine/Code/external/comdare-cache-engine/tests/unit/test_p2_ram_probe_chain.cpp for CXX dependencies
[402/2321] Scanning /home/comdare/Projekte/Research/probst-diplomarbeit-cache-engine/Code/external/comdare-cache-engine/tests/unit/test_os_u3_probe.cpp for CXX dependencies
[403/2321] Scanning /home/comdare/Projekte/Research/probst-diplomarbeit-cache-engine/Code/external/comdare-cache-engine/tests/unit/test_org18_persistence_target.cpp for CXX dependencies
[404/2321] Scanning /home/comdare/Projekte/Research/probst-diplomarbeit-cache-engine/Code/external/comdare-cache-engine/tests/unit/test_od10_numa_page_probe.cpp for CXX dependencies
[405/2321] Scanning /home/comdare/Projekte/Research/probst-diplomarbeit-cache-engine/Code/external/comdare-cache-engine/tests/unit/test_od11_numa_cpu_pin_process_probe.cpp for CXX dependencies
[406/2321] Scanning /home/comdare/Projekte/Research/probst-diplomarbeit-cache-engine/Code/external/comdare-cache-engine/tests/unit/thesis_tiere/test_measurement_categories.cpp for CXX dependencies
[407/2321] Scanning /home/comdare/Projekte/Research/probst-diplomarbeit-cache-engine/Code/external/comdare-cache-engine/tests/unit/test_o4_machine_identity.cpp for CXX dependencies
[408/2321] Scanning /home/comdare/Projekte/Research/probst-diplomarbeit-cache-engine/Code/external/comdare-cache-engine/tests/unit/thesis_tiere/test_experiment_projection.cpp for CXX dependencies
[409/2321] Scanning /home/comdare/Projekte/Research/probst-diplomarbeit-cache-engine/Code/external/comdare-cache-engine/tests/unit/thesis_tiere/test_smoke_coverage_profile.cpp for CXX dependencies
[410/2321] Generating CXX dyndep file tests/unit/CMakeFiles/r3_biss_modul_gates_an.dir/CXX.dd
[411/2321] Generating CXX dyndep file tests/unit/CMakeFiles/r3_biss_modul_gates_aus.dir/CXX.dd
[412/2321] Scanning /home/comdare/Projekte/Research/probst-diplomarbeit-cache-engine/Code/external/comdare-cache-engine/tests/unit/test_c3a_gate_scharfschaltung.cpp for CXX dependencies
[413/2321] Scanning /home/comdare/Projekte/Research/probst-diplomarbeit-cache-engine/Code/external/comdare-cache-engine/tests/unit/thesis_tiere/test_wdk_datasets_fairness.cpp for CXX dependencies
[414/2321] Scanning /home/comdare/Projekte/Research/probst-diplomarbeit-cache-engine/Code/external/comdare-cache-engine/tests/unit/test_p3_boot_cache_dmi.cpp for CXX dependencies
[415/2321] Scanning /home/comdare/Projekte/Research/probst-diplomarbeit-cache-engine/Code/external/comdare-cache-engine/tests/unit/test_c3b_kanal_merge_beleg.cpp for CXX dependencies
[416/2321] Scanning /home/comdare/Projekte/Research/probst-diplomarbeit-cache-engine/Code/external/comdare-cache-engine/tests/unit/thesis_tiere/test_sota_st2_dedup.cpp for CXX dependencies
[417/2321] Scanning /home/comdare/Projekte/Research/probst-diplomarbeit-cache-engine/Code/external/comdare-cache-engine/tests/unit/thesis_tiere/test_validate_profile.cpp for CXX dependencies
[418/2321] Scanning /home/comdare/Projekte/Research/probst-diplomarbeit-cache-engine/Code/external/comdare-cache-engine/tests/unit/test_m_contract_system_axis_wurzel.cpp for CXX dependencies
[419/2321] Scanning /home/comdare/Projekte/Research/probst-diplomarbeit-cache-engine/Code/external/comdare-cache-engine/tests/unit/thesis_tiere/test_h2_score_akte.cpp for CXX dependencies
[420/2321] Scanning /home/comdare/Projekte/Research/probst-diplomarbeit-cache-engine/Code/external/comdare-cache-engine/tests/unit/thesis_tiere/test_merge_plan_directive.cpp for CXX dependencies
[421/2321] Scanning /home/comdare/Projekte/Research/probst-diplomarbeit-cache-engine/Code/external/comdare-cache-engine/tests/unit/test_progress_heartbeat.cpp for CXX dependencies
[422/2321] Scanning /home/comdare/Projekte/Research/probst-diplomarbeit-cache-engine/Code/external/comdare-cache-engine/tests/unit/test_g1_binary_version_stamp.cpp for CXX dependencies
[423/2321] Scanning /home/comdare/Projekte/Research/probst-diplomarbeit-cache-engine/Code/external/comdare-cache-engine/tests/unit/thesis_tiere/test_experiment_plan_director.cpp for CXX dependencies
[424/2321] Scanning /home/comdare/Projekte/Research/probst-diplomarbeit-cache-engine/Code/external/comdare-cache-engine/tests/unit/test_r3_mess_gates_spiegel.cpp for CXX dependencies
[425/2321] Scanning /home/comdare/Projekte/Research/probst-diplomarbeit-cache-engine/Code/external/comdare-cache-engine/tests/unit/test_d4_ceb_schluessel_wahl.cpp for CXX dependencies
[426/2321] Scanning /home/comdare/Projekte/Research/probst-diplomarbeit-cache-engine/Code/external/comdare-cache-engine/tests/unit/test_m_w12_stamp_bausteine.cpp for CXX dependencies
[427/2321] Scanning /home/comdare/Projekte/Research/probst-diplomarbeit-cache-engine/Code/external/comdare-cache-engine/tests/unit/test_simd_add_u64_carry.cpp for CXX dependencies
[428/2321] Scanning /home/comdare/Projekte/Research/probst-diplomarbeit-cache-engine/Code/external/comdare-cache-engine/tests/unit/test_g3_bestandslog_document.cpp for CXX dependencies
[429/2321] Scanning /home/comdare/Projekte/Research/probst-diplomarbeit-cache-engine/Code/external/comdare-cache-engine/tests/unit/test_w10_system_cell_values.cpp for CXX dependencies
[430/2321] Scanning /home/comdare/Projekte/Research/probst-diplomarbeit-cache-engine/Code/external/comdare-cache-engine/tests/unit/test_d2_mess_konsistenz_gate.cpp for CXX dependencies
[431/2321] Scanning /home/comdare/Projekte/Research/probst-diplomarbeit-cache-engine/Code/external/comdare-cache-engine/tests/unit/test_planner_version_flag_grammatik.cpp for CXX dependencies
[432/2321] Scanning /home/comdare/Projekte/Research/probst-diplomarbeit-cache-engine/Code/external/comdare-cache-engine/tests/unit/test_simd_add_u64_carry.cpp for CXX dependencies
[433/2321] Scanning /home/comdare/Projekte/Research/probst-diplomarbeit-cache-engine/Code/external/comdare-cache-engine/tests/unit/test_g3_eta_estimator.cpp for CXX dependencies
[434/2321] Scanning /home/comdare/Projekte/Research/probst-diplomarbeit-cache-engine/Code/external/comdare-cache-engine/tests/unit/test_g3_bestandslog_lock.cpp for CXX dependencies
[435/2321] Scanning /home/comdare/Projekte/Research/probst-diplomarbeit-cache-engine/Code/external/comdare-cache-engine/tests/unit/test_simd_add_u64_carry.cpp for CXX dependencies
[436/2321] Scanning /home/comdare/Projekte/Research/probst-diplomarbeit-cache-engine/Code/external/comdare-cache-engine/tests/unit/test_g3_reservation_lifecycle.cpp for CXX dependencies
[437/2321] Scanning /home/comdare/Projekte/Research/probst-diplomarbeit-cache-engine/Code/external/comdare-cache-engine/tests/unit/test_b5_pmc_ehrlichkeit_alle_sieben.cpp for CXX dependencies
[438/2321] Scanning /home/comdare/Projekte/Research/probst-diplomarbeit-cache-engine/Code/external/comdare-cache-engine/tests/unit/test_lazy_adhoc_source_gen.cpp for CXX dependencies
[439/2321] Scanning /home/comdare/Projekte/Research/probst-diplomarbeit-cache-engine/Code/external/comdare-cache-engine/tests/unit/test_g3_ram_spool_writer.cpp for CXX dependencies
[440/2321] Scanning /home/comdare/Projekte/Research/probst-diplomarbeit-cache-engine/Code/external/comdare-cache-engine/tests/unit/test_lagz1_lager_schluessel_simd.cpp for CXX dependencies
[441/2321] Scanning /home/comdare/Projekte/Research/probst-diplomarbeit-cache-engine/Code/external/comdare-cache-engine/tests/unit/test_limits_entkopplung_vorstufe.cpp for CXX dependencies
[442/2321] Scanning /home/comdare/Projekte/Research/probst-diplomarbeit-cache-engine/Code/external/comdare-cache-engine/tests/unit/test_g3_batch_planner.cpp for CXX dependencies
[443/2321] Scanning /home/comdare/Projekte/Research/probst-diplomarbeit-cache-engine/Code/external/comdare-cache-engine/tests/unit/test_a5_eta_kalibrierung.cpp for CXX dependencies
[444/2321] Scanning /home/comdare/Projekte/Research/probst-diplomarbeit-cache-engine/Code/external/comdare-cache-engine/tests/unit/test_b3_wallclock_erbe_ct.cpp for CXX dependencies
[445/2321] Scanning /home/comdare/Projekte/Research/probst-diplomarbeit-cache-engine/Code/external/comdare-cache-engine/tests/unit/test_w2_combo_ct_stamp.cpp for CXX dependencies
[446/2321] Scanning /home/comdare/Projekte/Research/probst-diplomarbeit-cache-engine/Code/external/comdare-cache-engine/tests/unit/test_g3_writer_backend_io_uring.cpp for CXX dependencies
[447/2321] Scanning /home/comdare/Projekte/Research/probst-diplomarbeit-cache-engine/Code/external/comdare-cache-engine/tests/unit/test_b2_gate_zustand_g2an_g3aus.cpp for CXX dependencies
[448/2321] Scanning /home/comdare/Projekte/Research/probst-diplomarbeit-cache-engine/Code/external/comdare-cache-engine/tests/unit/test_a1_algo_version_pin_alloc_axis.cpp for CXX dependencies
[449/2321] Scanning /home/comdare/Projekte/Research/probst-diplomarbeit-cache-engine/Code/external/comdare-cache-engine/tests/unit/test_reflect_versions_all_registered.cpp for CXX dependencies
[450/2321] Scanning /home/comdare/Projekte/Research/probst-diplomarbeit-cache-engine/Code/external/comdare-cache-engine/tests/unit/test_reflect_versions_all17.cpp for CXX dependencies
[451/2321] Scanning /home/comdare/Projekte/Research/probst-diplomarbeit-cache-engine/Code/external/comdare-cache-engine/tests/unit/test_a2_sha512_skip_gate.cpp for CXX dependencies
[452/2321] Scanning /home/comdare/Projekte/Research/probst-diplomarbeit-cache-engine/Code/external/comdare-cache-engine/tests/unit/test_bvset_teilmenge.cpp for CXX dependencies
[453/2321] Scanning /home/comdare/Projekte/Research/probst-diplomarbeit-cache-engine/Code/external/comdare-cache-engine/tests/unit/test_lb0_lager_pfad_grammatik.cpp for CXX dependencies
[454/2321] Scanning /home/comdare/Projekte/Research/probst-diplomarbeit-cache-engine/Code/external/comdare-cache-engine/tests/unit/test_g3_prune.cpp for CXX dependencies
[455/2321] Scanning /home/comdare/Projekte/Research/probst-diplomarbeit-cache-engine/Code/external/comdare-cache-engine/tests/unit/test_g3_planer_driven.cpp for CXX dependencies
[456/2321] Scanning /home/comdare/Projekte/Research/probst-diplomarbeit-cache-engine/Code/external/comdare-cache-engine/tests/unit/test_g3_sha512_index.cpp for CXX dependencies
[457/2321] Scanning /home/comdare/Projekte/Research/probst-diplomarbeit-cache-engine/Code/external/comdare-cache-engine/tests/unit/test_g2_variant_sidecar.cpp for CXX dependencies
[458/2321] Scanning /home/comdare/Projekte/Research/probst-diplomarbeit-cache-engine/Code/external/comdare-cache-engine/tests/unit/test_a9s3_writeback_method_xlsx.cpp for CXX dependencies
[459/2321] Scanning /home/comdare/Projekte/Research/probst-diplomarbeit-cache-engine/Code/external/comdare-cache-engine/tests/unit/test_a9_xlsx_vendor_rauchtest.cpp for CXX dependencies
[460/2321] Scanning /home/comdare/Projekte/Research/probst-diplomarbeit-cache-engine/Code/external/comdare-cache-engine/tests/unit/test_lb1_knoten_heuristik_log.cpp for CXX dependencies
[461/2321] Scanning /home/comdare/Projekte/Research/probst-diplomarbeit-cache-engine/Code/external/comdare-cache-engine/tests/unit/test_g3_takeover_sweep.cpp for CXX dependencies
[462/2321] Scanning /home/comdare/Projekte/Research/probst-diplomarbeit-cache-engine/Code/external/comdare-cache-engine/tests/unit/test_a9s3_xlsx_ergebnis_writer.cpp for CXX dependencies
[463/2321] Scanning /home/comdare/Projekte/Research/probst-diplomarbeit-cache-engine/Code/external/comdare-cache-engine/tests/unit/test_g3_builder_registration.cpp for CXX dependencies
[464/2321] Scanning /home/comdare/Projekte/Research/probst-diplomarbeit-cache-engine/Code/external/comdare-cache-engine/tests/unit/test_a9s3_ergebnis_mappe_csv.cpp for CXX dependencies
[465/2321] Scanning /home/comdare/Projekte/Research/probst-diplomarbeit-cache-engine/Code/external/comdare-cache-engine/tests/unit/test_a9s3_mess_ebene_blattsorte.cpp for CXX dependencies
[466/2321] Generating CXX dyndep file tests/unit/CMakeFiles/naht1_modul_mess_an.dir/CXX.dd
[467/2321] Generating CXX dyndep file tests/unit/CMakeFiles/naht1_modul_mess_aus.dir/CXX.dd
[468/2321] Scanning /home/comdare/Projekte/Research/probst-diplomarbeit-cache-engine/Code/external/comdare-cache-engine/tests/unit/test_d2_abdeckungs_wache_nenner.cpp for CXX dependencies
[469/2321] Scanning /home/comdare/Projekte/Research/probst-diplomarbeit-cache-engine/Code/external/comdare-cache-engine/tests/unit/test_g3_artifact_cache_transport.cpp for CXX dependencies
[470/2321] Scanning /home/comdare/Projekte/Research/probst-diplomarbeit-cache-engine/Code/external/comdare-cache-engine/tests/unit/test_mt_l4_registrierungs_wache_isa.cpp for CXX dependencies
[471/2321] Scanning /home/comdare/Projekte/Research/probst-diplomarbeit-cache-engine/Code/external/comdare-cache-engine/tests/unit/test_g3_lager_presence.cpp for CXX dependencies
[472/2321] Scanning /home/comdare/Projekte/Research/probst-diplomarbeit-cache-engine/Code/external/comdare-cache-engine/tests/unit/test_ge1_claim_check_und_sidecar.cpp for CXX dependencies
[473/2321] Scanning /home/comdare/Projekte/Research/probst-diplomarbeit-cache-engine/Code/external/comdare-cache-engine/tests/unit/test_hyg_kumulativer_bereich.cpp for CXX dependencies
[474/2321] Scanning /home/comdare/Projekte/Research/probst-diplomarbeit-cache-engine/Code/external/comdare-cache-engine/tests/unit/test_a9s4_realm_scan_stale.cpp for CXX dependencies
[475/2321] Scanning /home/comdare/Projekte/Research/probst-diplomarbeit-cache-engine/Code/external/comdare-cache-engine/tests/unit/test_ge3_messwert_genus_und_ziel.cpp for CXX dependencies
[476/2321] Scanning /home/comdare/Projekte/Research/probst-diplomarbeit-cache-engine/Code/external/comdare-cache-engine/tests/unit/test_d3_6_realm_selektor_produktionsablage.cpp for CXX dependencies
[477/2321] Scanning /home/comdare/Projekte/Research/probst-diplomarbeit-cache-engine/Code/external/comdare-cache-engine/tests/unit/test_a9s4_dynamic_axis_filter.cpp for CXX dependencies
[478/2321] Scanning /home/comdare/Projekte/Research/probst-diplomarbeit-cache-engine/Code/external/comdare-cache-engine/tests/unit/test_fk1_nicht_gebaut_marker.cpp for CXX dependencies
[479/2321] Scanning /home/comdare/Projekte/Research/probst-diplomarbeit-cache-engine/Code/external/comdare-cache-engine/tests/unit/test_a8s3_csv_klasse_c.cpp for CXX dependencies
[480/2321] Scanning /home/comdare/Projekte/Research/probst-diplomarbeit-cache-engine/Code/external/comdare-cache-engine/tests/unit/test_m1hb_observer_zellen_ehrlich.cpp for CXX dependencies
[481/2321] Scanning /home/comdare/Projekte/Research/probst-diplomarbeit-cache-engine/Code/external/comdare-cache-engine/tests/unit/test_rf2_admission_marker_inert.cpp for CXX dependencies
[482/2321] Scanning /home/comdare/Projekte/Research/probst-diplomarbeit-cache-engine/Code/external/comdare-cache-engine/tests/unit/test_a9s4_mess_report_render.cpp for CXX dependencies
[483/2321] Scanning /home/comdare/Projekte/Research/probst-diplomarbeit-cache-engine/Code/external/comdare-cache-engine/tests/unit/test_b14_abi_adapter_line_subaxis_paths.cpp for CXX dependencies
[484/2321] Scanning /home/comdare/Projekte/Research/probst-diplomarbeit-cache-engine/Code/external/comdare-cache-engine/tests/unit/test_a9s5_ergebnis_mappe_naht.cpp for CXX dependencies
[485/2321] Scanning /home/comdare/Projekte/Research/probst-diplomarbeit-cache-engine/Code/external/comdare-cache-engine/tests/unit/test_a9s4_skip_manifest.cpp for CXX dependencies
[486/2321] Scanning /home/comdare/Projekte/Research/probst-diplomarbeit-cache-engine/Code/external/comdare-cache-engine/tests/unit/test_warn2a_block_id_bidirektional.cpp for CXX dependencies
[487/2321] Scanning /home/comdare/Projekte/Research/probst-diplomarbeit-cache-engine/Code/external/comdare-cache-engine/tests/unit/test_warn1_d2_fingerprint_koeder.cpp for CXX dependencies
[488/2321] Scanning /home/comdare/Projekte/Research/probst-diplomarbeit-cache-engine/Code/external/comdare-cache-engine/tests/unit/test_d2g1_ctest_registrierung.cpp for CXX dependencies
[489/2321] Scanning /home/comdare/Projekte/Research/probst-diplomarbeit-cache-engine/Code/external/comdare-cache-engine/tests/unit/test_t6_wachen_inventar.cpp for CXX dependencies
[490/2321] Scanning /home/comdare/Projekte/Research/probst-diplomarbeit-cache-engine/Code/external/comdare-cache-engine/tests/unit/test_lg_xlsx_alt_nie_vernichten.cpp for CXX dependencies
[491/2321] Scanning /home/comdare/Projekte/Research/probst-diplomarbeit-cache-engine/Code/external/comdare-cache-engine/tests/unit/test_d55_hdr_verdrahtung.cpp for CXX dependencies
[492/2321] Scanning /home/comdare/Projekte/Research/probst-diplomarbeit-cache-engine/Code/external/comdare-cache-engine/tests/unit/test_t6_biss_sichtbarkeits_wache.cpp for CXX dependencies
[493/2321] Scanning /home/comdare/Projekte/Research/probst-diplomarbeit-cache-engine/Code/external/comdare-cache-engine/tests/unit/test_t6_biss_achsen_roundtrip_wache.cpp for CXX dependencies
[494/2321] Scanning /home/comdare/Projekte/Research/probst-diplomarbeit-cache-engine/Code/external/comdare-cache-engine/tests/unit/test_lizenz_konsistenz.cpp for CXX dependencies
[495/2321] Scanning /home/comdare/Projekte/Research/probst-diplomarbeit-cache-engine/Code/external/comdare-cache-engine/tests/unit/test_pa1_tote_ausnahme.cpp for CXX dependencies
[496/2321] Scanning /home/comdare/Projekte/Research/probst-diplomarbeit-cache-engine/Code/external/comdare-cache-engine/tests/unit/test_ck1_messkette_koeder.cpp for CXX dependencies
[497/2321] Scanning /home/comdare/Projekte/Research/probst-diplomarbeit-cache-engine/Code/external/comdare-cache-engine/tests/unit/test_anker_marke_statt_ledgerzeile.cpp for CXX dependencies
[498/2321] Scanning /home/comdare/Projekte/Research/probst-diplomarbeit-cache-engine/Code/external/comdare-cache-engine/tests/unit/test_naht1_mess_visitor_biss.cpp for CXX dependencies
[499/2321] Scanning /home/comdare/Projekte/Research/probst-diplomarbeit-cache-engine/Code/external/comdare-cache-engine/tests/unit/test_vs_taxonomie_klassen_grep.cpp for CXX dependencies
[500/2321] Scanning /home/comdare/Projekte/Research/probst-diplomarbeit-cache-engine/Code/external/comdare-cache-engine/tests/unit/test_t6_biss_registrierungs_wache.cpp for CXX dependencies
[501/2321] Scanning /home/comdare/Projekte/Research/probst-diplomarbeit-cache-engine/Code/external/comdare-cache-engine/tests/unit/test_flaeche3_deckung_ceb_aus_tier_an.cpp for CXX dependencies
[502/2321] Scanning /home/comdare/Projekte/Research/probst-diplomarbeit-cache-engine/Code/external/comdare-cache-engine/tests/unit/test_s3_ordnung_relation.cpp for CXX dependencies
[503/2321] Scanning /home/comdare/Projekte/Research/probst-diplomarbeit-cache-engine/Code/external/comdare-cache-engine/tests/unit/test_s3_ordnung_freigabe.cpp for CXX dependencies
[504/2321] Scanning /home/comdare/Projekte/Research/probst-diplomarbeit-cache-engine/Code/external/comdare-cache-engine/tests/unit/test_g2_semantik_duplikatverbot.cpp for CXX dependencies
[505/2321] Scanning /home/comdare/Projekte/Research/probst-diplomarbeit-cache-engine/Code/external/comdare-cache-engine/tests/unit/test_simd_organ_achsen_deckung.cpp for CXX dependencies
[506/2321] Scanning /home/comdare/Projekte/Research/probst-diplomarbeit-cache-engine/Code/external/comdare-cache-engine/tests/unit/test_genus_ct_komposition.cpp for CXX dependencies
[507/2321] Scanning /home/comdare/Projekte/Research/probst-diplomarbeit-cache-engine/Code/external/comdare-cache-engine/tests/unit/test_vl3_debug_stdout_bytegleich.cpp for CXX dependencies
[508/2321] Scanning /home/comdare/Projekte/Research/probst-diplomarbeit-cache-engine/Code/external/comdare-cache-engine/tests/unit/test_k2_stufen_neutraler_loader.cpp for CXX dependencies
[509/2321] Scanning /home/comdare/Projekte/Research/probst-diplomarbeit-cache-engine/Code/external/comdare-cache-engine/tests/unit/test_ci_coverage_guard_strikt.cpp for CXX dependencies
[510/2321] Scanning /home/comdare/Projekte/Research/probst-diplomarbeit-cache-engine/Code/external/comdare-cache-engine/tests/unit/test_xl_l4_na_konkurrenz.cpp for CXX dependencies
[511/2321] Scanning /home/comdare/Projekte/Research/probst-diplomarbeit-cache-engine/Code/external/comdare-cache-engine/tests/unit/test_registry_gen_out_pflicht.cpp for CXX dependencies
[512/2321] Scanning /home/comdare/Projekte/Research/probst-diplomarbeit-cache-engine/Code/external/comdare-cache-engine/tests/unit/test_configure_enable_gnu.cpp for CXX dependencies
[513/2321] Scanning /home/comdare/Projekte/Research/probst-diplomarbeit-cache-engine/Code/external/comdare-cache-engine/tests/unit/test_variant_hauswache.cpp for CXX dependencies
[514/2321] Scanning /home/comdare/Projekte/Research/probst-diplomarbeit-cache-engine/Code/external/comdare-cache-engine/tests/unit/test_lg_host_binder.cpp for CXX dependencies
[515/2321] Scanning /home/comdare/Projekte/Research/probst-diplomarbeit-cache-engine/Code/external/comdare-cache-engine/tests/unit/test_pk_klemm_json.cpp for CXX dependencies
[516/2321] Scanning /home/comdare/Projekte/Research/probst-diplomarbeit-cache-engine/Code/external/comdare-cache-engine/tests/unit/test_s1_stempel_basis_vertrag.cpp for CXX dependencies
[517/2321] Scanning /home/comdare/Projekte/Research/probst-diplomarbeit-cache-engine/Code/external/comdare-cache-engine/tests/unit/test_lg_idempotenz_beide_wdh.cpp for CXX dependencies
[518/2321] Scanning /home/comdare/Projekte/Research/probst-diplomarbeit-cache-engine/Code/external/comdare-cache-engine/tests/unit/test_s8_traeger_grenzwache.cpp for CXX dependencies
[519/2321] Scanning /home/comdare/Projekte/Research/probst-diplomarbeit-cache-engine/Code/external/comdare-cache-engine/tests/unit/test_s6c_kategorien_ordnung_zwei_welten.cpp for CXX dependencies
[520/2321] Generating CXX dyndep file libs/cache_engine/builder/commands/tests/CMakeFiles/test_commands.dir/CXX.dd
[521/2321] Generating CXX dyndep file libs/cache_engine/builder/commands/tests/CMakeFiles/test_engine_adapters.dir/CXX.dd
[522/2321] Generating CXX dyndep file tools/best_binary_selector/CMakeFiles/comdare_best_binary_selector.dir/CXX.dd
[523/2318] Generating CXX dyndep file tools/mess_report/CMakeFiles/comdare_mess_report.dir/CXX.dd
[524/2316] Generating CXX dyndep file apps/cache_engine_builder/CMakeFiles/cache_engine_builder.dir/CXX.dd
[525/2316] Generating CXX dyndep file apps/anatomy_codegen_tool/CMakeFiles/comdare_anatomy_codegen_cli.dir/CXX.dd
[526/2314] Generating CXX dyndep file apps/adhoc_emitter/CMakeFiles/comdare_adhoc_emitter_cli.dir/CXX.dd
[527/2312] Generating CXX dyndep file apps/f15_compare/CMakeFiles/comdare_f15_compare_cli.dir/CXX.dd
[528/2312] Generating CXX dyndep file apps/perm_runner/CMakeFiles/comdare_perm_runner.dir/CXX.dd
[529/2310] Generating CXX dyndep file apps/h2_score_akte_tool/CMakeFiles/comdare_h2_score_akte_cli.dir/CXX.dd
[530/2308] Scanning /home/comdare/Projekte/Research/probst-diplomarbeit-cache-engine/Code/external/comdare-cache-engine/tests/unit/test_w0b_durchstich_kette.cpp for CXX dependencies
[531/2308] Generating CXX dyndep file tests/unit/CMakeFiles/test_pressure_state.dir/CXX.dd
[532/2308] Generating CXX dyndep file tests/unit/CMakeFiles/test_cache_recommendation.dir/CXX.dd
[533/2308] Generating CXX dyndep file tests/unit/CMakeFiles/test_cpuid_probe.dir/CXX.dd
[534/2308] Generating CXX dyndep file tests/unit/CMakeFiles/test_permutation_flags.dir/CXX.dd
[535/2308] Generating CXX dyndep file tests/unit/CMakeFiles/test_event_hierarchy.dir/CXX.dd
[536/2308] Generating CXX dyndep file tests/unit/CMakeFiles/test_observer_registry.dir/CXX.dd
[537/2308] Generating CXX dyndep file tests/unit/CMakeFiles/test_decision_trees.dir/CXX.dd
[538/2308] Generating CXX dyndep file tests/unit/CMakeFiles/test_decision_lambda_registry.dir/CXX.dd
[539/2308] Generating CXX dyndep file tests/unit/CMakeFiles/test_concurrency_disciplines.dir/CXX.dd
[540/2308] Generating CXX dyndep file tests/unit/CMakeFiles/test_telemetry_strategies.dir/CXX.dd
[541/2308] Generating CXX dyndep file tests/unit/CMakeFiles/test_platform_concepts.dir/CXX.dd
[542/2308] Scanning /home/comdare/Projekte/Research/probst-diplomarbeit-cache-engine/Code/external/comdare-cache-engine/tests/unit/test_s13_01_csv_kind_projektion.cpp for CXX dependencies
[543/2308] Generating CXX dyndep file tests/unit/CMakeFiles/test_cache_hierarchy_and_mode.dir/CXX.dd
[544/2308] Scanning /home/comdare/Projekte/Research/probst-diplomarbeit-cache-engine/Code/external/comdare-cache-engine/tests/unit/test_pmc_startup_pruefung.cpp for CXX dependencies
[545/2308] Generating CXX dyndep file tests/unit/CMakeFiles/test_sub_engines.dir/CXX.dd
[546/2308] Generating CXX dyndep file tests/unit/CMakeFiles/test_measurement_buffer.dir/CXX.dd
[547/2308] Generating CXX dyndep file tests/unit/CMakeFiles/test_abi_interface.dir/CXX.dd
[548/2308] Generating CXX dyndep file tests/unit/CMakeFiles/test_allocator_concepts.dir/CXX.dd
[549/2308] Generating CXX dyndep file tests/unit/CMakeFiles/test_config_durability.dir/CXX.dd
[550/2308] Generating CXX dyndep file tests/unit/CMakeFiles/test_t15_drift_gate_messschleife.dir/CXX.dd
[551/2308] Generating CXX dyndep file tests/unit/CMakeFiles/test_chaos_drift_gate.dir/CXX.dd
[552/2308] Generating CXX dyndep file tests/unit/CMakeFiles/test_test_data_accumulation.dir/CXX.dd
[553/2308] Generating CXX dyndep file tests/unit/CMakeFiles/test_allocator_full_matrix.dir/CXX.dd
[554/2308] Generating CXX dyndep file tests/unit/CMakeFiles/test_benchmark_suite.dir/CXX.dd
[555/2308] Generating CXX dyndep file tests/unit/CMakeFiles/test_workload_and_experiment.dir/CXX.dd
[556/2308] Generating CXX dyndep file tests/unit/CMakeFiles/test_ycsb_cli.dir/CXX.dd
[557/2308] Scanning /home/comdare/Projekte/Research/probst-diplomarbeit-cache-engine/Code/external/comdare-cache-engine/tests/unit/test_pmc_raw_event_katalog.cpp for CXX dependencies
[558/2308] Generating CXX dyndep file tests/unit/CMakeFiles/test_builder_codegen.dir/CXX.dd
[559/2308] Generating CXX dyndep file tests/unit/CMakeFiles/test_codegen_from_profile.dir/CXX.dd
[560/2308] Generating CXX dyndep file tests/unit/CMakeFiles/test_experiment_driver_v13.dir/CXX.dd
[561/2308] Generating CXX dyndep file tests/unit/CMakeFiles/test_latex_anhang.dir/CXX.dd
[562/2308] Generating CXX dyndep file tests/unit/CMakeFiles/test_permutation_sampling.dir/CXX.dd
[563/2308] Generating CXX dyndep file tests/unit/CMakeFiles/test_rcu.dir/CXX.dd
[564/2308] Scanning /home/comdare/Projekte/Research/probst-diplomarbeit-cache-engine/Code/external/comdare-cache-engine/tests/unit/test_kanal_id_schema.cpp for CXX dependencies
[565/2308] Generating CXX dyndep file tests/unit/CMakeFiles/test_rcu_concurrency.dir/CXX.dd
[566/2308] Generating CXX dyndep file tests/unit/CMakeFiles/test_succinct.dir/CXX.dd
[567/2308] Generating CXX dyndep file tests/unit/CMakeFiles/test_hbm_hierarchy.dir/CXX.dd
[568/2308] Generating CXX dyndep file tests/unit/CMakeFiles/test_v31_adapters.dir/CXX.dd
[569/2308] Scanning /home/comdare/Projekte/Research/probst-diplomarbeit-cache-engine/Code/external/comdare-cache-engine/tests/unit/test_bestand_schluessel_schema.cpp for CXX dependencies
[570/2308] Generating CXX dyndep file tests/unit/CMakeFiles/test_v41_indexes.dir/CXX.dd
[571/2308] Generating CXX dyndep file tests/unit/CMakeFiles/test_v41_topic_allocator_axis_06.dir/CXX.dd
[572/2308] Generating CXX dyndep file tests/unit/CMakeFiles/test_v41_topic_queuing.dir/CXX.dd
[573/2308] Generating CXX dyndep file tests/unit/CMakeFiles/test_v41_topic_traversal.dir/CXX.dd
[574/2308] Generating CXX dyndep file tests/unit/CMakeFiles/test_v41_paper_legacy_code.dir/CXX.dd
[575/2308] Generating CXX dyndep file tests/unit/CMakeFiles/test_ctsha512.dir/CXX.dd
[576/2308] Generating CXX dyndep file tests/unit/CMakeFiles/test_v41_compositions.dir/CXX.dd
[577/2308] Generating CXX dyndep file tests/unit/CMakeFiles/test_module_loader.dir/CXX.dd
[578/2308] Generating CXX dyndep file tests/unit/CMakeFiles/test_v41_topics_fundament.dir/CXX.dd
[579/2308] Generating CXX dyndep file tests/unit/CMakeFiles/test_v41_anatomy_r4_driver.dir/CXX.dd
[580/2308] Scanning /home/comdare/Projekte/Research/probst-diplomarbeit-cache-engine/Code/external/comdare-cache-engine/tests/unit/test_begriffs_alias_registry.cpp for CXX dependencies
[581/2308] Generating CXX dyndep file tests/unit/CMakeFiles/test_v41_anatomy_observer.dir/CXX.dd
[582/2308] Generating CXX dyndep file tests/unit/CMakeFiles/test_v41_tier_observe_trace.dir/CXX.dd
[583/2308] Generating CXX dyndep file tests/unit/CMakeFiles/test_v41_axis_03a_cross_variant_equivalence.dir/CXX.dd
[584/2308] Generating CXX dyndep file tests/unit/CMakeFiles/test_ap7b_swiss_organ.dir/CXX.dd
[585/2308] Generating CXX dyndep file tests/unit/CMakeFiles/test_v41_anatomy.dir/CXX.dd
[586/2308] Generating CXX dyndep file tests/unit/CMakeFiles/test_ap7_swisstable.dir/CXX.dd
[587/2308] Generating CXX dyndep file tests/unit/CMakeFiles/test_ap8_hdr_histogram.dir/CXX.dd
[588/2308] Generating CXX dyndep file tests/unit/CMakeFiles/test_vampir_nfp_allocator.dir/CXX.dd
[589/2308] Generating CXX dyndep file tests/unit/CMakeFiles/test_v41_axis_03a_tier_organ_equivalence.dir/CXX.dd
[590/2308] Generating CXX dyndep file tests/unit/CMakeFiles/test_ap7b3_swiss_isa_group_match.dir/CXX.dd
[591/2308] Generating CXX dyndep file tests/unit/CMakeFiles/test_v41_anatomy_pruefling_merge.dir/CXX.dd
[592/2308] Scanning /home/comdare/Projekte/Research/probst-diplomarbeit-cache-engine/Code/external/comdare-cache-engine/tests/unit/test_parameter_filter_registry_skelett.cpp for CXX dependencies
[593/2308] Generating CXX dyndep file tests/unit/CMakeFiles/test_v41_anatomy_base.dir/CXX.dd
[594/2308] Generating CXX dyndep file tests/unit/CMakeFiles/test_v41_search_algorithm_permutation_engine.dir/CXX.dd
[595/2308] Generating CXX dyndep file tests/unit/CMakeFiles/test_v41_anatomy_module_abi.dir/CXX.dd
[596/2308] Generating CXX dyndep file tests/unit/CMakeFiles/test_v41_anatomy_codegen.dir/CXX.dd
[597/2308] Generating CXX dyndep file tests/unit/CMakeFiles/test_v41_execution_engine.dir/CXX.dd
[598/2308] Generating CXX dyndep file tests/unit/CMakeFiles/test_v41_anatomy_module_loader.dir/CXX.dd
[599/2308] Scanning /home/comdare/Projekte/Research/probst-diplomarbeit-cache-engine/Code/external/comdare-cache-engine/tests/unit/test_e07_gate_kriterien.cpp for CXX dependencies
[600/2308] Generating CXX dyndep file tests/unit/CMakeFiles/test_v41_anatomy_multi_codegen.dir/CXX.dd
[601/2308] Generating CXX dyndep file tests/unit/CMakeFiles/test_v41_anatomy_codegen_tool.dir/CXX.dd
[602/2308] Generating CXX dyndep file tests/unit/CMakeFiles/test_v41_anatomy_codegen_tool_traits.dir/CXX.dd
[603/2308] Generating CXX dyndep file tests/unit/CMakeFiles/test_v41_anatomy_codegen_tool_mp_list.dir/CXX.dd
[604/2308] Generating CXX dyndep file tests/unit/CMakeFiles/test_v41_workload_generator.dir/CXX.dd
[605/2308] Generating CXX dyndep file tests/unit/CMakeFiles/test_v41_axis_05_memory_layout.dir/CXX.dd
[606/2308] Scanning /home/comdare/Projekte/Research/probst-diplomarbeit-cache-engine/Code/external/comdare-cache-engine/tests/unit/test_stempel_vollbestand_registry.cpp for CXX dependencies
[607/2308] Scanning /home/comdare/Projekte/Research/probst-diplomarbeit-cache-engine/Code/external/comdare-cache-engine/tests/unit/test_t15b_retry_warmup_paar.cpp for CXX dependencies
[608/2308] Generating CXX dyndep file tests/unit/CMakeFiles/test_v41_axis_12_general_hardware.dir/CXX.dd
[609/2308] Generating CXX dyndep file tests/unit/CMakeFiles/test_v41_axis_02_axis_04_nodes.dir/CXX.dd
[610/2308] Scanning /home/comdare/Projekte/Research/probst-diplomarbeit-cache-engine/Code/external/comdare-cache-engine/tests/unit/test_stempel_zulassung_bruecke.cpp for CXX dependencies
[611/2308] Generating CXX dyndep file tests/unit/CMakeFiles/test_v41_axis_10_serialization.dir/CXX.dd
[612/2308] Generating CXX dyndep file tests/unit/CMakeFiles/test_v41_axis_07_prefetch.dir/CXX.dd
[613/2308] Generating CXX dyndep file tests/unit/CMakeFiles/test_v41_axis_11_telemetry.dir/CXX.dd
[614/2308] Generating CXX dyndep file tests/unit/CMakeFiles/test_v41_axis_14_value_handle.dir/CXX.dd
[615/2308] Generating CXX dyndep file tests/unit/CMakeFiles/test_v41_serialization_primitives.dir/CXX.dd
[616/2308] Generating CXX dyndep file tests/unit/CMakeFiles/test_v41_axis_08_concurrency.dir/CXX.dd
[617/2308] Generating CXX dyndep file tests/unit/CMakeFiles/test_v41_status_code.dir/CXX.dd
[618/2308] Generating CXX dyndep file tests/unit/CMakeFiles/test_v41_axis_01_page_type.dir/CXX.dd
[619/2308] Generating CXX dyndep file tests/unit/CMakeFiles/test_v41_pruefling_registry.dir/CXX.dd
[620/2308] Generating CXX dyndep file tests/unit/CMakeFiles/test_pruefling_fixture_ladung.dir/CXX.dd
[621/2308] Generating CXX dyndep file tests/unit/CMakeFiles/test_v41_axis_filter.dir/CXX.dd
[622/2308] Generating CXX dyndep file tests/unit/CMakeFiles/test_v41_axis_filter_surf_organ.dir/CXX.dd
[623/2308] Generating CXX dyndep file tests/unit/CMakeFiles/test_v41_axis_filter_surf_louds_organ.dir/CXX.dd
[624/2308] Generating CXX dyndep file tests/unit/CMakeFiles/test_v41_axis_io.dir/CXX.dd
[625/2308] Scanning /home/comdare/Projekte/Research/probst-diplomarbeit-cache-engine/Code/external/comdare-cache-engine/tests/unit/test_e8_bytes_in_use_peak_demo.cpp for CXX dependencies
[626/2308] Scanning /home/comdare/Projekte/Research/probst-diplomarbeit-cache-engine/Code/external/comdare-cache-engine/tests/unit/test_o2_standard_opt_default.cpp for CXX dependencies
[627/2308] Generating CXX dyndep file tests/unit/CMakeFiles/test_v41_axis_01_index_organization.dir/CXX.dd
[628/2308] Generating CXX dyndep file tests/unit/CMakeFiles/test_v41_axis_migration.dir/CXX.dd
[629/2308] Generating CXX dyndep file tests/unit/CMakeFiles/test_v41_axis_09_isa.dir/CXX.dd
[630/2308] Generating CXX dyndep file tests/unit/CMakeFiles/test_v41_axis_09b_simd_extension.dir/CXX.dd
[631/2308] Generating CXX dyndep file tests/unit/CMakeFiles/test_v41_r5c3_isa_simd_cross_constraint.dir/CXX.dd
[632/2308] Generating CXX dyndep file tests/unit/CMakeFiles/test_v41_anatomy_r5i_configure_codegen.dir/CXX.dd
[633/2308] Generating CXX dyndep file tests/unit/CMakeFiles/test_v41_anatomy_f15_measurement.dir/CXX.dd
[634/2308] Generating CXX dyndep file tests/unit/CMakeFiles/test_v41_anatomy_adhoc_codegen_macro.dir/CXX.dd
[635/2308] Generating CXX dyndep file tests/unit/CMakeFiles/test_v41_pruef_dock_search_algorithm.dir/CXX.dd
[636/2308] Generating CXX dyndep file tests/unit/CMakeFiles/test_v5_conformance_gate.dir/CXX.dd
[637/2308] Generating CXX dyndep file tests/unit/CMakeFiles/test_v5_memento_axis.dir/CXX.dd
[638/2308] Scanning /home/comdare/Projekte/Research/probst-diplomarbeit-cache-engine/Code/external/comdare-cache-engine/tests/unit/test_lg_e2e_xlsx_facade.cpp for CXX dependencies
[639/2308] Generating CXX dyndep file tests/unit/CMakeFiles/test_v5_workload_orchestrator.dir/CXX.dd
[640/2308] Generating CXX dyndep file tests/unit/CMakeFiles/test_v5_two_phase_driver.dir/CXX.dd
[641/2308] Generating CXX dyndep file tests/unit/CMakeFiles/test_v5_measurement_snapshot.dir/CXX.dd
[642/2308] Generating CXX dyndep file tests/unit/CMakeFiles/test_d51_perzentil_kanon.dir/CXX.dd
[643/2308] Generating CXX dyndep file tests/unit/CMakeFiles/test_d54_trace_schema.dir/CXX.dd
[644/2308] Generating CXX dyndep file tests/unit/CMakeFiles/test_heuristik_spline_break_even.dir/CXX.dd
[645/2308] Generating CXX dyndep file tests/unit/CMakeFiles/test_ap13_thread_pinning.dir/CXX.dd
[646/2308] Generating CXX dyndep file tests/unit/CMakeFiles/test_heuristik_workload_cluster.dir/CXX.dd
[647/2308] Generating CXX dyndep file tests/unit/CMakeFiles/test_ap9_provenance_manifest.dir/CXX.dd
[648/2308] Generating CXX dyndep file tests/unit/CMakeFiles/test_ap10_dataset_akte.dir/CXX.dd
[649/2308] Scanning /home/comdare/Projekte/Research/probst-diplomarbeit-cache-engine/Code/external/comdare-cache-engine/tests/unit/test_c13_selektiver_rebuild.cpp for CXX dependencies
[650/2308] Scanning /home/comdare/Projekte/Research/probst-diplomarbeit-cache-engine/Code/external/comdare-cache-engine/tests/unit/test_s13_03_per_binary_mappe.cpp for CXX dependencies
[651/2308] Generating CXX dyndep file tests/unit/CMakeFiles/test_184_dataset_loader_wiring.dir/CXX.dd
[652/2308] Generating CXX dyndep file tests/unit/CMakeFiles/test_25_kanon_dataset_akten.dir/CXX.dd
[653/2308] Generating CXX dyndep file tests/unit/CMakeFiles/test_45_sosd_uint64_loader.dir/CXX.dd
[654/2308] Generating CXX dyndep file tests/unit/CMakeFiles/test_v5_disk_memento.dir/CXX.dd
[655/2308] Generating CXX dyndep file tests/unit/CMakeFiles/test_v5_ycsb_distribution.dir/CXX.dd
[656/2308] Generating CXX dyndep file tests/unit/CMakeFiles/test_v41_scan_range_organ.dir/CXX.dd
[657/2308] Generating CXX dyndep file tests/unit/CMakeFiles/test_v5_ycsb_op_set.dir/CXX.dd
[658/2308] Generating CXX dyndep file tests/unit/CMakeFiles/test_v41_codegen_type_name.dir/CXX.dd
[659/2308] Generating CXX dyndep file tests/unit/CMakeFiles/test_v5_organ_memento.dir/CXX.dd
[660/2308] Generating CXX dyndep file tests/unit/CMakeFiles/test_v41_cache_engine_facade.dir/CXX.dd
[661/2308] Generating CXX dyndep file tests/unit/CMakeFiles/test_v41_codegen_all_axes_umbrella.dir/CXX.dd
[662/2308] Generating CXX dyndep file tests/unit/CMakeFiles/test_v41_cache_engine_tools_facade.dir/CXX.dd
[663/2308] Generating CXX dyndep file tests/unit/CMakeFiles/test_pruef_only_gate.dir/CXX.dd
[664/2308] Generating CXX dyndep file tests/unit/CMakeFiles/test_v41_anatomy_adhoc_dll_load.dir/CXX.dd
[665/2308] Scanning /home/comdare/Projekte/Research/probst-diplomarbeit-cache-engine/Code/external/comdare-cache-engine/tests/unit/test_s8kopf_planner_kopf.cpp for CXX dependencies
[666/2308] Scanning /home/comdare/Projekte/Research/probst-diplomarbeit-cache-engine/Code/external/comdare-cache-engine/tests/unit/test_s13_02_zielfilter_vier_faelle.cpp for CXX dependencies
[667/2308] Scanning /home/comdare/Projekte/Research/probst-diplomarbeit-cache-engine/Code/external/comdare-cache-engine/tests/unit/test_c14_messwert_presence_wache.cpp for CXX dependencies
[668/2308] Scanning /home/comdare/Projekte/Research/probst-diplomarbeit-cache-engine/Code/external/comdare-cache-engine/tests/unit/test_c14_lager_presence_wache.cpp for CXX dependencies
[669/2308] Building CXX object _deps/googletest-build/googletest/CMakeFiles/gtest.dir/src/gtest-all.cc.o
[670/2308] Scanning /home/comdare/Projekte/Research/probst-diplomarbeit-cache-engine/Code/external/comdare-cache-engine/tests/unit/test_ph89_paper_prueflinge.cpp for CXX dependencies
[671/2308] Linking CXX static library lib/libgtest.a
[672/2308] Building CXX object tests/unit/CMakeFiles/anatomy_multi_pilot_3.dir/__/__/generated/anatomy_modules_multi/anatomy_perm_anatomy_multi_pilot_3.cpp.o
[673/2308] Building CXX object tests/unit/CMakeFiles/anatomy_codegen_pilot_hot.dir/__/__/generated/anatomy_modules/anatomy_perm_hot_pilot.cpp.o
[674/2308] Building CXX object tests/unit/CMakeFiles/anatomy_multi_pilot_1.dir/__/__/generated/anatomy_modules_multi/anatomy_perm_anatomy_multi_pilot_1.cpp.o
[675/2308] Building CXX object tests/unit/CMakeFiles/anatomy_multi_pilot_5.dir/__/__/generated/anatomy_modules_multi/anatomy_perm_anatomy_multi_pilot_5.cpp.o
[676/2308] Building CXX object tests/unit/CMakeFiles/r5i_configure_pilot_1.dir/__/__/generated/r5i_anatomy_modules/anatomy_perm_r5i_configure_pilot_1.cpp.o
[677/2308] Building CXX object tests/unit/CMakeFiles/r5i_configure_pilot_0.dir/__/__/generated/r5i_anatomy_modules/anatomy_perm_r5i_configure_pilot_0.cpp.o
[678/2308] Building CXX object tests/unit/CMakeFiles/f15_measurement_pilot_1.dir/__/__/generated/f15_measurement_modules/anatomy_perm_f15_measurement_pilot_1.cpp.o
[679/2308] Building CXX object tests/unit/CMakeFiles/anatomy_codegen_pilot_wormhole_shared.dir/__/__/generated/anatomy_modules/anatomy_perm_wormhole_pilot.cpp.o
[680/2308] Building CXX object tests/unit/CMakeFiles/f15_measurement_pilot_0.dir/__/__/generated/f15_measurement_modules/anatomy_perm_f15_measurement_pilot_0.cpp.o
[681/2308] Building CXX object tests/unit/CMakeFiles/r5i_configure_pilot_2.dir/__/__/generated/r5i_anatomy_modules/anatomy_perm_r5i_configure_pilot_2.cpp.o
[682/2308] Building CXX object tests/unit/CMakeFiles/anatomy_multi_pilot_2.dir/__/__/generated/anatomy_modules_multi/anatomy_perm_anatomy_multi_pilot_2.cpp.o
[683/2308] Building CXX object tests/unit/CMakeFiles/anatomy_multi_pilot_0.dir/__/__/generated/anatomy_modules_multi/anatomy_perm_anatomy_multi_pilot_0.cpp.o
[684/2308] Building CXX object tests/unit/CMakeFiles/anatomy_multi_pilot_4.dir/__/__/generated/anatomy_modules_multi/anatomy_perm_anatomy_multi_pilot_4.cpp.o
[685/2308] Building CXX object tests/unit/CMakeFiles/comdare_r5g_autobuilt_perm_2.dir/__/__/generated/r5g_autobuilt_modules/comdare_anatomy_perm_auto_10.cpp.o
[686/2308] Building CXX object tests/unit/CMakeFiles/comdare_r5g_autobuilt_perm_1.dir/__/__/generated/r5g_autobuilt_modules/comdare_anatomy_perm_auto_1.cpp.o
[687/2308] Building CXX object tests/unit/CMakeFiles/comdare_r5g_autobuilt_perm_7.dir/__/__/generated/r5g_autobuilt_modules/comdare_anatomy_perm_auto_15.cpp.o
[688/2308] Building CXX object tests/unit/CMakeFiles/comdare_r5g_autobuilt_perm_6.dir/__/__/generated/r5g_autobuilt_modules/comdare_anatomy_perm_auto_14.cpp.o
[689/2308] Building CXX object tests/unit/CMakeFiles/comdare_r5g_autobuilt_perm_5.dir/__/__/generated/r5g_autobuilt_modules/comdare_anatomy_perm_auto_13.cpp.o
[690/2308] Building CXX object tests/unit/CMakeFiles/comdare_r5g_autobuilt_perm_3.dir/__/__/generated/r5g_autobuilt_modules/comdare_anatomy_perm_auto_11.cpp.o
[691/2308] Building CXX object tests/unit/CMakeFiles/comdare_r5g_autobuilt_perm_0.dir/__/__/generated/r5g_autobuilt_modules/comdare_anatomy_perm_auto_0.cpp.o
[692/2308] Building CXX object tests/unit/CMakeFiles/comdare_r5g_autobuilt_perm_8.dir/__/__/generated/r5g_autobuilt_modules/comdare_anatomy_perm_auto_16.cpp.o
[693/2308] Building CXX object tests/unit/CMakeFiles/comdare_r5g_autobuilt_perm_9.dir/__/__/generated/r5g_autobuilt_modules/comdare_anatomy_perm_auto_17.cpp.o
[694/2308] Building CXX object tests/unit/CMakeFiles/comdare_r5g_autobuilt_perm_4.dir/__/__/generated/r5g_autobuilt_modules/comdare_anatomy_perm_auto_12.cpp.o
[695/2308] Building CXX object tests/unit/CMakeFiles/comdare_r5g_adhoc_perm.dir/auto_emitted_perm_module.cpp.o
[696/2308] Building CXX object tests/unit/CMakeFiles/comdare_r5g_autobuilt_perm_11.dir/__/__/generated/r5g_autobuilt_modules/comdare_anatomy_perm_auto_19.cpp.o
[697/2308] Building CXX object tests/unit/CMakeFiles/comdare_r5g_autobuilt_perm_10.dir/__/__/generated/r5g_autobuilt_modules/comdare_anatomy_perm_auto_18.cpp.o
[698/2308] Building CXX object tests/unit/CMakeFiles/comdare_r5g_autobuilt_perm_12.dir/__/__/generated/r5g_autobuilt_modules/comdare_anatomy_perm_auto_2.cpp.o
[699/2308] Building CXX object tests/unit/CMakeFiles/comdare_r5g_autobuilt_perm_14.dir/__/__/generated/r5g_autobuilt_modules/comdare_anatomy_perm_auto_21.cpp.o
[700/2308] Building CXX object tests/unit/CMakeFiles/comdare_r5g_autobuilt_perm_17.dir/__/__/generated/r5g_autobuilt_modules/comdare_anatomy_perm_auto_24.cpp.o
[701/2308] Building CXX object tests/unit/CMakeFiles/comdare_r5g_autobuilt_perm_13.dir/__/__/generated/r5g_autobuilt_modules/comdare_anatomy_perm_auto_20.cpp.o
[702/2308] Building CXX object tests/unit/CMakeFiles/comdare_r5g_autobuilt_perm_18.dir/__/__/generated/r5g_autobuilt_modules/comdare_anatomy_perm_auto_25.cpp.o
[703/2308] Building CXX object tests/unit/CMakeFiles/comdare_r5g_autobuilt_perm_16.dir/__/__/generated/r5g_autobuilt_modules/comdare_anatomy_perm_auto_23.cpp.o
[704/2308] Building CXX object tests/unit/CMakeFiles/comdare_r5g_autobuilt_perm_20.dir/__/__/generated/r5g_autobuilt_modules/comdare_anatomy_perm_auto_27.cpp.o
[705/2308] Building CXX object tests/unit/CMakeFiles/comdare_r5g_autobuilt_perm_21.dir/__/__/generated/r5g_autobuilt_modules/comdare_anatomy_perm_auto_28.cpp.o
[706/2308] Building CXX object tests/unit/CMakeFiles/comdare_r5g_autobuilt_perm_25.dir/__/__/generated/r5g_autobuilt_modules/comdare_anatomy_perm_auto_31.cpp.o
[707/2308] Building CXX object tests/unit/CMakeFiles/comdare_r5g_autobuilt_perm_15.dir/__/__/generated/r5g_autobuilt_modules/comdare_anatomy_perm_auto_22.cpp.o
[708/2308] Building CXX object tests/unit/CMakeFiles/comdare_r5g_autobuilt_perm_22.dir/__/__/generated/r5g_autobuilt_modules/comdare_anatomy_perm_auto_29.cpp.o
[709/2308] Building CXX object tests/unit/CMakeFiles/comdare_r5g_autobuilt_perm_26.dir/__/__/generated/r5g_autobuilt_modules/comdare_anatomy_perm_auto_32.cpp.o
[710/2308] Building CXX object tests/unit/CMakeFiles/comdare_r5g_autobuilt_perm_24.dir/__/__/generated/r5g_autobuilt_modules/comdare_anatomy_perm_auto_30.cpp.o
[711/2308] Building CXX object tests/unit/CMakeFiles/comdare_r5g_autobuilt_perm_19.dir/__/__/generated/r5g_autobuilt_modules/comdare_anatomy_perm_auto_26.cpp.o
[712/2308] Generating CXX dyndep file tests/unit/CMakeFiles/test_v41_anatomy_adhoc_autobuilt_load.dir/CXX.dd
[713/2308] Generating CXX dyndep file tests/unit/CMakeFiles/test_d1_d2_selection.dir/CXX.dd
[714/2308] Generating CXX dyndep file tests/unit/CMakeFiles/test_d3_ceb_generator.dir/CXX.dd
[715/2306] Generating CXX dyndep file tests/unit/CMakeFiles/test_d7_build_variant.dir/CXX.dd
[716/2304] Generating CXX dyndep file tests/unit/CMakeFiles/test_d7b_definition_per_node.dir/CXX.dd
[717/2302] Generating CXX dyndep file tests/unit/CMakeFiles/test_d7a_build_inspection.dir/CXX.dd
[718/2300] Generating CXX dyndep file tests/unit/CMakeFiles/test_d9_set.dir/CXX.dd
[719/2298] Generating CXX dyndep file tests/unit/CMakeFiles/test_d8_operability.dir/CXX.dd
[720/2296] Generating CXX dyndep file tests/unit/CMakeFiles/test_d9_set_adapter.dir/CXX.dd
[721/2294] Generating CXX dyndep file tests/unit/CMakeFiles/test_d10_sequence.dir/CXX.dd
[722/2292] Generating CXX dyndep file tests/unit/CMakeFiles/test_d11_view.dir/CXX.dd
[723/2290] Generating CXX dyndep file tests/unit/CMakeFiles/test_d12_virus.dir/CXX.dd
[724/2288] Generating CXX dyndep file tests/unit/CMakeFiles/test_genus_docks.dir/CXX.dd
[725/2286] Generating CXX dyndep file tests/unit/CMakeFiles/test_d13_runtime_measure.dir/CXX.dd
[726/2284] Generating CXX dyndep file tests/unit/CMakeFiles/test_d14_result_ingest.dir/CXX.dd
[727/2282] Generating CXX dyndep file tests/unit/CMakeFiles/test_d14b_perm_runner.dir/CXX.dd
[728/2280] Generating CXX dyndep file tests/unit/CMakeFiles/test_a1_load_profile_opmix.dir/CXX.dd
[729/2278] Generating CXX dyndep file tests/unit/CMakeFiles/test_d14c_e2e_pipeline.dir/CXX.dd
[730/2276] Generating CXX dyndep file tests/unit/CMakeFiles/test_d15_selection_filter_chain.dir/CXX.dd
[731/2274] Building CXX object tests/unit/CMakeFiles/comdare_r5g_autobuilt_perm_23.dir/__/__/generated/r5g_autobuilt_modules/comdare_anatomy_perm_auto_3.cpp.o
[732/2274] Generating CXX dyndep file tests/unit/CMakeFiles/test_cmd2_container_attribution.dir/CXX.dd
[733/2272] Generating CXX dyndep file tests/unit/CMakeFiles/test_allocator_profile_bestand.dir/CXX.dd
[734/2270] Generating CXX dyndep file tests/unit/CMakeFiles/test_container_dock.dir/CXX.dd
[735/2268] Generating CXX dyndep file tests/unit/CMakeFiles/test_container_genus.dir/CXX.dd
[736/2266] Generating CXX dyndep file tests/unit/CMakeFiles/test_d_v42_probe.dir/CXX.dd
[737/2264] Generating CXX dyndep file tests/unit/CMakeFiles/test_d_v42_memory_layout_observable.dir/CXX.dd
[738/2262] Generating CXX dyndep file tests/unit/CMakeFiles/test_d_v42_probe2.dir/CXX.dd
[739/2260] Generating CXX dyndep file tests/unit/CMakeFiles/test_d_v42_telemetry_observable.dir/CXX.dd
[740/2258] Generating CXX dyndep file tests/unit/CMakeFiles/test_d_v42_serialization_observable.dir/CXX.dd
[741/2256] Generating CXX dyndep file tests/unit/CMakeFiles/test_d_v42_telemetry_registry_observable.dir/CXX.dd
[742/2254] Generating CXX dyndep file tests/unit/CMakeFiles/test_d_v42_node_type_observable.dir/CXX.dd
[743/2252] Generating CXX dyndep file tests/unit/CMakeFiles/test_genus_permutation_engines.dir/CXX.dd
[744/2250] Generating CXX dyndep file tests/unit/CMakeFiles/test_axis_growth_policies.dir/CXX.dd
[745/2248] Generating CXX dyndep file tests/unit/CMakeFiles/test_e24_c0_organ_concept.dir/CXX.dd
[746/2246] Generating CXX dyndep file tests/unit/CMakeFiles/test_axis_view_policies.dir/CXX.dd
[747/2244] Generating CXX dyndep file tests/unit/CMakeFiles/test_e24_c1_organ_concept.dir/CXX.dd
[748/2242] Generating CXX dyndep file tests/unit/CMakeFiles/test_e24_c2_set_permutation_engine.dir/CXX.dd
[749/2240] Generating CXX dyndep file tests/unit/CMakeFiles/test_e24_c2_adapter_permutation_engine.dir/CXX.dd
[750/2238] Generating CXX dyndep file tests/unit/CMakeFiles/test_e24_c2_view_permutation_engine.dir/CXX.dd
[751/2236] Generating CXX dyndep file tests/unit/CMakeFiles/test_e24_c2_sequence_permutation_engine.dir/CXX.dd
[752/2234] Generating CXX dyndep file tests/unit/CMakeFiles/test_e24_c3_set_anatomy.dir/CXX.dd
[753/2232] Generating CXX dyndep file tests/unit/CMakeFiles/test_e24_c3_view_anatomy.dir/CXX.dd
[754/2230] Generating CXX dyndep file tests/unit/CMakeFiles/test_e24_c3_sequence_anatomy.dir/CXX.dd
[755/2228] Generating CXX dyndep file tests/unit/CMakeFiles/test_e24_c3_adapter_anatomy.dir/CXX.dd
[756/2226] Generating CXX dyndep file tests/unit/CMakeFiles/test_e24_c3_cross_genus.dir/CXX.dd
[757/2224] Generating CXX dyndep file tests/unit/CMakeFiles/test_e24_c4_genus_conformance_gates.dir/CXX.dd
[758/2222] Generating CXX dyndep file tests/unit/CMakeFiles/test_e24_c5_fk8_genus_baupfad_d1.dir/CXX.dd
[759/2222] Generating CXX dyndep file tests/unit/CMakeFiles/test_a8s3_sa_organ_member_vollstaendigkeit.dir/CXX.dd
[760/2220] Generating CXX dyndep file tests/unit/CMakeFiles/test_s14_axis_version_lock_tripwire.dir/CXX.dd
[761/2218] Generating CXX dyndep file tests/unit/CMakeFiles/test_e24_c6v_view_statistics.dir/CXX.dd
[762/2216] Generating CXX dyndep file tests/unit/CMakeFiles/test_e24_c6v_growth_statistics.dir/CXX.dd
[763/2214] Generating CXX dyndep file tests/unit/CMakeFiles/test_e24_c6v_inner_container_statistics.dir/CXX.dd
[764/2212] Generating CXX dyndep file tests/unit/CMakeFiles/test_e24_c6v_set_ehrlichkeit.dir/CXX.dd
[765/2210] Generating CXX dyndep file tests/unit/CMakeFiles/test_e24_c6_genus_observer_aggregate.dir/CXX.dd
[766/2208] Generating CXX dyndep file tests/unit/CMakeFiles/test_e24_c6_axis_row_writer.dir/CXX.dd
[767/2206] Generating CXX dyndep file tests/unit/CMakeFiles/test_e24_c6_set_wire_aggregate.dir/CXX.dd
[768/2204] Generating CXX dyndep file tests/unit/CMakeFiles/test_e24_c6_sequence_wire_aggregate.dir/CXX.dd
[769/2202] Generating CXX dyndep file tests/unit/CMakeFiles/test_e24_c6_adapter_wire_aggregate.dir/CXX.dd
[770/2200] Generating CXX dyndep file tests/unit/CMakeFiles/test_e24_c6_view_wire_aggregate.dir/CXX.dd
[771/2198] Generating CXX dyndep file tests/unit/CMakeFiles/test_e24_c7_gattung_map_umbenennung.dir/CXX.dd
[772/2196] Generating CXX dyndep file tests/unit/CMakeFiles/test_e24_c6_set_algebra_abi.dir/CXX.dd
[773/2194] Generating CXX dyndep file tests/unit/CMakeFiles/test_e24_c7_container_gattungs_kern.dir/CXX.dd
[774/2192] Generating CXX dyndep file tests/unit/CMakeFiles/test_e24_c7_element_type_vertrag.dir/CXX.dd
[775/2190] Generating CXX dyndep file tests/unit/CMakeFiles/test_e24_c7_gattung_abi_sichtbar.dir/CXX.dd
[776/2188] Generating CXX dyndep file tests/unit/CMakeFiles/test_e24_c7_symmetrie_und_benennung.dir/CXX.dd
[777/2186] Generating CXX dyndep file tests/unit/CMakeFiles/test_hy_a1_heuristik_adapter_gattung.dir/CXX.dd
[778/2186] Generating CXX dyndep file tests/unit/CMakeFiles/test_hy_f8_reroute.dir/CXX.dd
[779/2186] Generating CXX dyndep file tests/unit/CMakeFiles/test_q2_identitaets_riegel.dir/CXX.dd
[780/2186] Generating CXX dyndep file tests/unit/CMakeFiles/test_hy_a1_dock_contract.dir/CXX.dd
[781/2186] Generating CXX dyndep file tests/unit/CMakeFiles/test_hy_a1_attach_nur_array_include.dir/CXX.dd
[782/2186] Generating CXX dyndep file tests/unit/CMakeFiles/test_hy_a3_hybrid_config_parser.dir/CXX.dd
[783/2186] Generating CXX dyndep file tests/unit/CMakeFiles/test_hy_a2_stempel_kette.dir/CXX.dd
[784/2186] Generating CXX dyndep file tests/unit/CMakeFiles/test_e24_c4_genus_pruef_docks.dir/CXX.dd
[785/2184] Generating CXX dyndep file tests/unit/CMakeFiles/test_e24_c5_fk7_dock_fehlerklassen.dir/CXX.dd
[786/2182] Generating CXX dyndep file tests/unit/CMakeFiles/test_migration_two_tier.dir/CXX.dd
[787/2180] Generating CXX dyndep file tests/unit/CMakeFiles/test_seg_coverage.dir/CXX.dd
[788/2180] Generating CXX dyndep file tests/unit/CMakeFiles/test_filter_real_from_keys.dir/CXX.dd
[789/2178] Generating CXX dyndep file tests/unit/CMakeFiles/test_patricia_real.dir/CXX.dd
[790/2176] Generating CXX dyndep file tests/unit/CMakeFiles/test_value_handle_real.dir/CXX.dd
[791/2174] Generating CXX dyndep file tests/unit/CMakeFiles/test_prefetch_real.dir/CXX.dd
[792/2172] Generating CXX dyndep file tests/unit/CMakeFiles/test_prefetch_patha_t7.dir/CXX.dd
[793/2170] Generating CXX dyndep file tests/unit/CMakeFiles/test_prefetch_adversarial_verify.dir/CXX.dd
[794/2168] Generating CXX dyndep file tests/unit/CMakeFiles/test_s5_04_execution_alloc_conformance.dir/CXX.dd
[795/2166] Generating CXX dyndep file tests/unit/CMakeFiles/test_a8s1_t17_vollzaehligkeit.dir/CXX.dd
[796/2166] Generating CXX dyndep file tests/unit/CMakeFiles/test_a8s3_t17_stats_lesezeitpunkt.dir/CXX.dd
[797/2166] Generating CXX dyndep file tests/unit/CMakeFiles/test_s5_04_execution_perf_sanity.dir/CXX.dd
[798/2164] Generating CXX dyndep file tests/unit/CMakeFiles/test_s5_03_placement_perf_sanity.dir/CXX.dd
[799/2162] Generating CXX dyndep file tests/unit/CMakeFiles/test_s5_03_placement_alloc_conformance.dir/CXX.dd
[800/2160] Generating CXX dyndep file tests/unit/CMakeFiles/test_s5_01d_traversal_alloc_conformance.dir/CXX.dd
[801/2158] Generating CXX dyndep file tests/unit/CMakeFiles/test_s5_02a_layout_alloc_conformance.dir/CXX.dd
[802/2156] Generating CXX dyndep file tests/unit/CMakeFiles/test_s5_01d_traversal_perf_sanity.dir/CXX.dd
[803/2154] Generating CXX dyndep file tests/unit/CMakeFiles/test_s5_02a_layout_perf_sanity.dir/CXX.dd
[804/2152] Generating CXX dyndep file tests/unit/CMakeFiles/test_s5_01a_pool_stores_alloc_conformance.dir/CXX.dd
[805/2150] Generating CXX dyndep file tests/unit/CMakeFiles/test_s5_01a_pool_stores_perf_sanity.dir/CXX.dd
[806/2150] Generating CXX dyndep file tests/unit/CMakeFiles/test_s5_02b_filter_perf_sanity.dir/CXX.dd
[807/2148] Generating CXX dyndep file tests/unit/CMakeFiles/test_s5_02b_filter_alloc_conformance.dir/CXX.dd
[808/2146] Generating CXX dyndep file tests/unit/CMakeFiles/test_s5_01b_composable_alloc_conformance.dir/CXX.dd
[809/2144] Generating CXX dyndep file tests/unit/CMakeFiles/test_s5_01b_composable_perf_sanity.dir/CXX.dd
[810/2142] Generating CXX dyndep file tests/unit/CMakeFiles/test_s5_05q_queuing_alloc_conformance.dir/CXX.dd
[811/2140] Generating CXX dyndep file tests/unit/CMakeFiles/test_s5_01c_fassaden_conformance.dir/CXX.dd
[812/2138] Generating CXX dyndep file tests/unit/CMakeFiles/test_s5_05q_queuing_perf_sanity.dir/CXX.dd
[813/2136] Generating CXX dyndep file tests/unit/CMakeFiles/test_h64_allocator_adapter_failure_contract.dir/CXX.dd
[814/2134] Generating CXX dyndep file tests/unit/CMakeFiles/test_h81_allocator_statistics_forwarder_recursion.dir/CXX.dd
[815/2132] Generating CXX dyndep file tests/unit/CMakeFiles/test_a1_wurf_vertrag_allokator_store.dir/CXX.dd
[816/2130] Generating CXX dyndep file tests/unit/CMakeFiles/test_cow_memento.dir/CXX.dd
[817/2128] Generating CXX dyndep file tests/unit/CMakeFiles/test_cuckoo_eviction_correctness.dir/CXX.dd
[818/2126] Generating CXX dyndep file tests/unit/CMakeFiles/test_scalloc_realloc_alignment.dir/CXX.dd
[819/2124] Generating CXX dyndep file tests/unit/CMakeFiles/test_hash_lookup_backward_shift.dir/CXX.dd
[820/2122] Generating CXX dyndep file tests/unit/CMakeFiles/test_br1_full22_count.dir/CXX.dd
[821/2120] Generating CXX dyndep file tests/unit/CMakeFiles/test_br1_subset.dir/CXX.dd
[822/2118] Generating CXX dyndep file tests/unit/CMakeFiles/test_br2_descriptor_foundation.dir/CXX.dd
[823/2116] Generating CXX dyndep file tests/unit/CMakeFiles/test_br2_roundtrip.dir/CXX.dd
[824/2114] Generating CXX dyndep file tests/unit/CMakeFiles/test_br3_obs22.dir/CXX.dd
[825/2112] Generating CXX dyndep file tests/unit/CMakeFiles/test_br_kf15_real.dir/CXX.dd
[826/2110] Generating CXX dyndep file tests/unit/CMakeFiles/test_clu_per_layout.dir/CXX.dd
[827/2108] Generating CXX dyndep file tests/unit/CMakeFiles/test_cow_capable_wrappers.dir/CXX.dd
[828/2106] Generating CXX dyndep file tests/unit/CMakeFiles/test_genus_binding.dir/CXX.dd
[829/2104] Generating CXX dyndep file tests/unit/CMakeFiles/test_genus_organ_binding.dir/CXX.dd
[830/2102] Generating CXX dyndep file tests/unit/CMakeFiles/test_d4b_container_adapter.dir/CXX.dd
[831/2100] Generating CXX dyndep file tests/unit/CMakeFiles/test_kf4_resource_control.dir/CXX.dd
[832/2098] Generating CXX dyndep file tests/unit/CMakeFiles/test_kf5_cacheline_weave.dir/CXX.dd
[833/2096] Generating CXX dyndep file tests/unit/CMakeFiles/test_kf6_node_run_body.dir/CXX.dd
[834/2094] Generating CXX dyndep file tests/unit/CMakeFiles/test_kf7_runtime_loop.dir/CXX.dd
[835/2092] Generating CXX dyndep file tests/unit/CMakeFiles/test_kf8_ceb_generator.dir/CXX.dd
[836/2090] Generating CXX dyndep file tests/unit/CMakeFiles/test_kf9_experiment_tree.dir/CXX.dd
[837/2088] Generating CXX dyndep file tests/unit/CMakeFiles/test_kf10_repetition_plan.dir/CXX.dd
[838/2086] Generating CXX dyndep file tests/unit/CMakeFiles/test_kf11_telemetry_silent.dir/CXX.dd
[839/2084] Generating CXX dyndep file tests/unit/CMakeFiles/test_kf12_kf13_slurm_prepare.dir/CXX.dd
[840/2082] Generating CXX dyndep file tests/unit/CMakeFiles/test_kf16_build_orchestrator.dir/CXX.dd
[841/2082] Generating CXX dyndep file tests/unit/CMakeFiles/test_kf16b_build_resilience.dir/CXX.dd
[842/2082] Generating CXX dyndep file tests/unit/CMakeFiles/test_w6_parallel_provision.dir/CXX.dd
[843/2082] Generating CXX dyndep file tests/unit/CMakeFiles/test_w11_async_push_pump.dir/CXX.dd
[844/2080] Generating CXX dyndep file tests/unit/CMakeFiles/test_kf15_inverse_signature.dir/CXX.dd
[845/2078] Generating CXX dyndep file tests/unit/CMakeFiles/test_s5_artifact_cache_bounded.dir/CXX.dd
[846/2076] Generating CXX dyndep file tests/unit/CMakeFiles/test_s1_cache_key_prefix.dir/CXX.dd
[847/2074] Generating CXX dyndep file tests/unit/CMakeFiles/test_e24_c10_g6_identitaets_bilanz.dir/CXX.dd
[848/2074] Generating CXX dyndep file tests/unit/CMakeFiles/test_s2_pull_tier_binary.dir/CXX.dd
[849/2074] Generating CXX dyndep file tests/unit/CMakeFiles/test_45_parallel_measure_loop.dir/CXX.dd
[850/2072] Generating CXX dyndep file tests/unit/CMakeFiles/test_r2_suffix_wachen.dir/CXX.dd
[851/2070] Generating CXX dyndep file tests/unit/CMakeFiles/test_cache_mc_timeout.dir/CXX.dd
[852/2068] Generating CXX dyndep file tests/unit/CMakeFiles/test_w10_c4_zellwert_naht.dir/CXX.dd
[853/2068] Generating CXX dyndep file tests/unit/CMakeFiles/test_e24_c9_fk5_fehlerraum.dir/CXX.dd
[854/2066] Generating CXX dyndep file tests/unit/CMakeFiles/test_a15_fk3_axis_error_traits.dir/CXX.dd
[855/2066] Generating CXX dyndep file tests/unit/CMakeFiles/test_a15_fk4_organ_slot_traits.dir/CXX.dd
[856/2066] Generating CXX dyndep file tests/unit/CMakeFiles/test_fk6_algo_error_classes.dir/CXX.dd
[857/2064] Building CXX object tests/unit/CMakeFiles/comdare_r5g_autobuilt_perm_28.dir/__/__/generated/r5g_autobuilt_modules/comdare_anatomy_perm_auto_34.cpp.o
[858/2064] Generating CXX dyndep file tests/unit/CMakeFiles/test_all19_segment_timer.dir/CXX.dd
[859/2064] Generating CXX dyndep file tests/unit/CMakeFiles/test_m8_storetrav_segment.dir/CXX.dd
[860/2064] Generating CXX dyndep file tests/unit/CMakeFiles/test_resthygiene2_organ_fingerprint.dir/CXX.dd
[861/2062] Generating CXX dyndep file tests/unit/CMakeFiles/test_br3_observer.dir/CXX.dd
[862/2060] Generating CXX dyndep file tests/unit/CMakeFiles/test_obs_phaseB_t11_t12_iso.dir/CXX.dd
[863/2058] Generating CXX dyndep file tests/unit/CMakeFiles/test_obs_phaseB_t14_t16.dir/CXX.dd
[864/2056] Generating CXX dyndep file tests/unit/CMakeFiles/test_obs_phaseA.dir/CXX.dd
[865/2056] Generating CXX dyndep file tests/unit/CMakeFiles/test_segment_timer_differentiation.dir/CXX.dd
[866/2054] Generating CXX dyndep file tests/unit/CMakeFiles/test_obs_phaseB_pilot.dir/CXX.dd
[867/2054] Generating CXX dyndep file tests/unit/CMakeFiles/test_pathb_segment_timer.dir/CXX.dd
[868/2052] Generating CXX dyndep file tests/unit/CMakeFiles/test_obs_phaseB_t11_t12.dir/CXX.dd
[869/2050] Generating CXX dyndep file tests/unit/CMakeFiles/test_d_v42_abi_telemetry_coupling.dir/CXX.dd
[870/2048] Generating CXX dyndep file tests/unit/CMakeFiles/test_a8s4_konstitutiv_kette.dir/CXX.dd
[871/2048] Generating CXX dyndep file tests/unit/CMakeFiles/test_a8s4_release_pfad_neutralitaet.dir/CXX.dd
[872/2048] Generating CXX dyndep file tests/unit/CMakeFiles/test_kf1_thesis_profile_parser.dir/CXX.dd
[873/2046] Generating CXX dyndep file tests/unit/CMakeFiles/test_v5_io_real_fixture.dir/CXX.dd
[874/2044] Generating CXX dyndep file tests/unit/CMakeFiles/test_q1_lockfree_concurrency.dir/CXX.dd
[875/2042] Generating CXX dyndep file tests/unit/CMakeFiles/test_winsorized_mean.dir/CXX.dd
[876/2040] Generating CXX dyndep file tests/unit/CMakeFiles/test_conformance_gate.dir/CXX.dd
[877/2038] Generating CXX dyndep file tests/unit/CMakeFiles/test_188_4bb0_pool_organ_wide_key_conformance.dir/CXX.dd
[878/2038] Generating CXX dyndep file tests/unit/CMakeFiles/test_188_4bbV_pool_adapter_flip_compile.dir/CXX.dd
[879/2038] Generating CXX dyndep file tests/unit/CMakeFiles/test_s7_1_bst_pool_allocator_deg.dir/CXX.dd
[880/2038] Generating CXX dyndep file tests/unit/CMakeFiles/test_phase_b_effective_search_algo_contrast.dir/CXX.dd
[881/2038] Generating CXX dyndep file tests/unit/CMakeFiles/test_ap15_3_driveable_map_contract.dir/CXX.dd
[882/2038] Generating CXX dyndep file tests/unit/CMakeFiles/test_ap15_2_get_allocator_proxy.dir/CXX.dd
[883/2038] Generating CXX dyndep file tests/unit/CMakeFiles/test_s7_2_btree_pool_allocator_deg.dir/CXX.dd
[884/2038] Generating CXX dyndep file tests/unit/CMakeFiles/test_234_va_shaped_adapter.dir/CXX.dd
[885/2038] Generating CXX dyndep file tests/unit/CMakeFiles/test_29_container_framework.dir/CXX.dd
[886/2038] Generating CXX dyndep file tests/unit/CMakeFiles/test_striktheit_axis_dach_guard.dir/CXX.dd
[887/2038] Generating CXX dyndep file tests/unit/CMakeFiles/test_a14_os_sub_axes_guard.dir/CXX.dd
[888/2038] Generating CXX dyndep file tests/unit/CMakeFiles/test_meta_meta_halbordnung.dir/CXX.dd
[889/2038] Generating CXX dyndep file tests/unit/CMakeFiles/test_axis_error_taxonomy.dir/CXX.dd
[890/2038] Generating CXX dyndep file tests/unit/CMakeFiles/test_rf3_betriebssystem_feature_fehlt.dir/CXX.dd
[891/2037] Generating CXX dyndep file tests/unit/CMakeFiles/test_striktheit_metaprog_guard.dir/CXX.dd
[892/2037] Generating CXX dyndep file tests/unit/CMakeFiles/test_striktheit_axes_guard.dir/CXX.dd
[893/2037] Generating CXX dyndep file tests/unit/CMakeFiles/test_striktheit_scan_kernel_purity.dir/CXX.dd
[894/2037] Generating CXX dyndep file tests/unit/CMakeFiles/test_striktheit_abi_pod_guard.dir/CXX.dd
[895/2037] Generating CXX dyndep file tests/unit/CMakeFiles/test_234_vb_rest_families_shaped.dir/CXX.dd
[896/2037] Generating CXX dyndep file tests/unit/CMakeFiles/test_cmd1_a_axis_command_base.dir/CXX.dd
[897/2037] Generating CXX dyndep file tests/unit/CMakeFiles/test_s7_3_skip_list_pool_allocator_deg.dir/CXX.dd
[898/2037] Generating CXX dyndep file tests/unit/CMakeFiles/test_s7_5_art_pool_allocator_deg.dir/CXX.dd
[899/2037] Generating CXX dyndep file tests/unit/CMakeFiles/test_s7_4_hash_pool_allocator_deg.dir/CXX.dd
[900/2037] Generating CXX dyndep file tests/unit/CMakeFiles/test_s7_6_hot_pool_allocator_deg.dir/CXX.dd
[901/2037] Generating CXX dyndep file tests/unit/CMakeFiles/test_s7_10_swiss_pool_allocator_deg.dir/CXX.dd
[902/2037] Generating CXX dyndep file tests/unit/CMakeFiles/test_s7_8_wormhole_pool_allocator_deg.dir/CXX.dd
[903/2037] Generating CXX dyndep file tests/unit/CMakeFiles/test_s7_9_surf_pool_allocator_deg.dir/CXX.dd
[904/2037] Generating CXX dyndep file tests/unit/CMakeFiles/test_s7_7_start_pool_allocator_deg.dir/CXX.dd
[905/2037] Generating CXX dyndep file tests/unit/CMakeFiles/test_234_f3_bst_shape.dir/CXX.dd
[906/2037] Generating CXX dyndep file tests/unit/CMakeFiles/test_234_f1_btree_order_shape.dir/CXX.dd
[907/2037] Generating CXX dyndep file tests/unit/CMakeFiles/test_234_f2_skip_list_shape.dir/CXX.dd
[908/2037] Generating CXX dyndep file tests/unit/CMakeFiles/test_234_f4_hash_probe_shape.dir/CXX.dd
[909/2037] Generating CXX dyndep file tests/unit/CMakeFiles/test_216h2_stat_reset_after_load.dir/CXX.dd
[910/2037] Generating CXX dyndep file tests/unit/CMakeFiles/test_188_4a_eytzinger_organ.dir/CXX.dd
[911/2037] Generating CXX dyndep file tests/unit/CMakeFiles/test_188_4c0_known_compositions_conformance.dir/CXX.dd
[912/2037] Generating CXX dyndep file tests/unit/CMakeFiles/test_221_rc_prefetch_distance.dir/CXX.dd
[913/2037] Generating CXX dyndep file tests/unit/CMakeFiles/test_abi_adapter_g3_batch2.dir/CXX.dd
[914/2037] Generating CXX dyndep file tests/unit/CMakeFiles/test_188_4cii_flat_wrapper_traversal.dir/CXX.dd
[915/2037] Generating CXX dyndep file tests/unit/CMakeFiles/test_e1_contract_rc_konsum.dir/CXX.dd
[916/2037] Generating CXX dyndep file tests/unit/CMakeFiles/test_217_2a_capacity_guard.dir/CXX.dd
[917/2037] Generating CXX dyndep file tests/unit/CMakeFiles/test_harness_compile.dir/CXX.dd
[918/2037] Generating CXX dyndep file tests/unit/CMakeFiles/test_tp1_planer_filter_iterator.dir/CXX.dd
[919/2037] Generating CXX dyndep file tests/unit/CMakeFiles/m3v2_pmc_smoke.dir/CXX.dd
[920/2037] Generating CXX dyndep file tests/unit/CMakeFiles/test_a5_eta_slice_verdrahtung.dir/CXX.dd
[921/2037] Generating CXX dyndep file tests/unit/CMakeFiles/test_t2a_f4_facade_plan_durchreichung.dir/CXX.dd
[922/2037] Generating CXX dyndep file tests/unit/CMakeFiles/test_d37b_modus_riegel.dir/CXX.dd
[923/2037] Generating CXX dyndep file tests/unit/CMakeFiles/test_f3_lager_key_provider_iterator.dir/CXX.dd
[924/2037] Generating CXX dyndep file tests/unit/CMakeFiles/test_lg_skip_callback_null.dir/CXX.dd
[925/2037] Generating CXX dyndep file tests/unit/CMakeFiles/test_lagp2_messwert_genus.dir/CXX.dd
[926/2037] Generating CXX dyndep file tests/unit/CMakeFiles/test_mt_l3_wide_schema_orakel.dir/CXX.dd
[927/2036] Generating CXX dyndep file tests/unit/CMakeFiles/test_b3_schema_freeze_stufe1.dir/CXX.dd
[928/2036] Generating CXX dyndep file tests/unit/CMakeFiles/test_vor_push_gate.dir/CXX.dd
[929/2036] Generating CXX dyndep file tests/unit/CMakeFiles/test_w5_status_reader.dir/CXX.dd
[930/2036] Generating CXX dyndep file tests/unit/CMakeFiles/test_lazy_resume_binary.dir/CXX.dd
[931/2036] Generating CXX dyndep file tests/unit/CMakeFiles/test_experiment_dock_payload.dir/CXX.dd
[932/2034] Generating CXX dyndep file tests/unit/CMakeFiles/test_axis_kind_wire_totalitaet.dir/CXX.dd
[933/2034] Generating CXX dyndep file tests/unit/CMakeFiles/test_axis_kind_kategorien_zuordnung.dir/CXX.dd
[934/2034] Generating CXX dyndep file tests/unit/CMakeFiles/test_gn_cell_filter.dir/CXX.dd
[935/2032] Generating CXX dyndep file tests/unit/CMakeFiles/test_progress_delta.dir/CXX.dd
[936/2030] Generating CXX dyndep file tests/unit/CMakeFiles/test_profile_coverage.dir/CXX.dd
[937/2030] Generating CXX dyndep file tests/unit/CMakeFiles/test_ap2_katalog_pfad_stubfrei.dir/CXX.dd
[938/2030] Generating CXX dyndep file tests/unit/CMakeFiles/test_axis_sweep_coverage.dir/CXX.dd
[939/2030] Generating CXX dyndep file tests/unit/CMakeFiles/test_smoke_coverage_profile.dir/CXX.dd
[940/2030] Generating CXX dyndep file tests/unit/CMakeFiles/test_org18_persistence_target.dir/CXX.dd
[941/2030] Generating CXX dyndep file tests/unit/CMakeFiles/test_wdk_datasets_fairness.dir/CXX.dd
[942/2030] Generating CXX dyndep file tests/unit/CMakeFiles/test_measurement_categories.dir/CXX.dd
[943/2030] Generating CXX dyndep file tests/unit/CMakeFiles/test_experiment_parser.dir/CXX.dd
[944/2030] Generating CXX dyndep file tests/unit/CMakeFiles/test_experiment_kern_seam.dir/CXX.dd
[945/2030] Generating CXX dyndep file tests/unit/CMakeFiles/test_experiment_projection.dir/CXX.dd
[946/2030] Generating CXX dyndep file tests/unit/CMakeFiles/test_merge_plan_directive.dir/CXX.dd
[947/2030] Generating CXX dyndep file tests/unit/CMakeFiles/test_experiment_plan_director.dir/CXX.dd
[948/2030] Generating CXX dyndep file tests/unit/CMakeFiles/test_sota_st2_dedup.dir/CXX.dd
[949/2030] Generating CXX dyndep file tests/unit/CMakeFiles/test_validate_profile.dir/CXX.dd
[950/2030] Generating CXX dyndep file tests/unit/CMakeFiles/test_h2_score_akte.dir/CXX.dd
[951/2030] Generating CXX dyndep file tests/unit/CMakeFiles/linux_perf_pmc_smoke.dir/CXX.dd
[952/2028] Building CXX object tests/unit/CMakeFiles/comdare_r5g_autobuilt_perm_29.dir/__/__/generated/r5g_autobuilt_modules/comdare_anatomy_perm_auto_35.cpp.o
[953/2028] Building CXX object tests/unit/CMakeFiles/comdare_r5g_autobuilt_perm_30.dir/__/__/generated/r5g_autobuilt_modules/comdare_anatomy_perm_auto_36.cpp.o
[954/2028] Building CXX object tests/unit/CMakeFiles/comdare_r5g_autobuilt_perm_31.dir/__/__/generated/r5g_autobuilt_modules/comdare_anatomy_perm_auto_37.cpp.o
[955/2028] Building CXX object tests/unit/CMakeFiles/comdare_r5g_autobuilt_perm_27.dir/__/__/generated/r5g_autobuilt_modules/comdare_anatomy_perm_auto_33.cpp.o
[956/2028] Generating CXX dyndep file tests/unit/CMakeFiles/test_dgenus_dll.dir/CXX.dd
[957/2026] Generating CXX dyndep file tests/unit/CMakeFiles/test_e24_c10_genus_dll_roundtrip.dir/CXX.dd
[958/2024] Generating CXX dyndep file tests/unit/CMakeFiles/test_e24_c10_g5_lade_wache.dir/CXX.dd
[959/2022] Generating CXX dyndep file tests/unit/CMakeFiles/test_buildvariant_dll.dir/CXX.dd
[960/2020] Generating CXX dyndep file tests/unit/CMakeFiles/test_d4b_container_dll.dir/CXX.dd
[961/2018] Generating CXX dyndep file tests/unit/CMakeFiles/test_ap5_simd_extension_coherence.dir/CXX.dd
[962/2016] Building CXX object tests/unit/CMakeFiles/comdare_r5g_autobuilt_perm_32.dir/__/__/generated/r5g_autobuilt_modules/comdare_anatomy_perm_auto_38.cpp.o
[963/2016] Building CXX object tests/unit/CMakeFiles/comdare_r5g_autobuilt_perm_33.dir/__/__/generated/r5g_autobuilt_modules/comdare_anatomy_perm_auto_39.cpp.o
[964/2016] Generating CXX dyndep file tests/unit/CMakeFiles/test_adhoc_buildvariant_dll.dir/CXX.dd
[965/2014] Generating CXX dyndep file tests/unit/CMakeFiles/test_d13_dll_runtime_measure.dir/CXX.dd
[966/2012] Generating CXX dyndep file tests/unit/CMakeFiles/test_w3_mess_interface_testate_dock.dir/CXX.dd
[967/2010] Generating CXX dyndep file tests/unit/CMakeFiles/test_w3_mess_interface_testate_biss.dir/CXX.dd
[968/2008] Generating CXX dyndep file tests/unit/CMakeFiles/test_cacheline_policy_selector.dir/CXX.dd
[969/2006] Generating CXX dyndep file tests/unit/CMakeFiles/test_load_profile_writer.dir/CXX.dd
[970/2004] Generating CXX dyndep file tests/unit/CMakeFiles/test_kf3_cacheline_subaxis.dir/CXX.dd
[971/2002] Generating CXX dyndep file tests/unit/CMakeFiles/test_ff2_node_width_subaxis.dir/CXX.dd
[972/2000] Generating CXX dyndep file tests/unit/CMakeFiles/test_fb_alloc_hw_subaxis.dir/CXX.dd
[973/1998] Generating CXX dyndep file tests/unit/CMakeFiles/test_best_binary_selector_parse_rank.dir/CXX.dd
[974/1995] Generating CXX dyndep file tests/unit/CMakeFiles/test_hybrid_spline_selector_scaffold.dir/CXX.dd
[975/1992] Generating CXX dyndep file tests/unit/CMakeFiles/test_e4_contract_xml_to_axislevels.dir/CXX.dd
[976/1990] Generating CXX dyndep file tests/unit/CMakeFiles/test_a9b_active_deklaration_inert.dir/CXX.dd
[977/1990] Generating CXX dyndep file tests/unit/CMakeFiles/test_t1_system_achsen_eine_entscheidung.dir/CXX.dd
[978/1988] Generating CXX dyndep file tests/unit/CMakeFiles/test_e3_contract_conformance_gate_wirksam.dir/CXX.dd
[979/1986] Generating CXX dyndep file tests/unit/CMakeFiles/test_e3_contract_binary_id_bijektion.dir/CXX.dd
[980/1984] Generating CXX dyndep file tests/unit/CMakeFiles/test_e2_contract_abi_vertrag.dir/CXX.dd
[981/1982] Generating CXX dyndep file tests/unit/CMakeFiles/test_m_contract_system_axis_wurzel.dir/CXX.dd
[982/1982] Generating CXX dyndep file tests/unit/CMakeFiles/test_m_simd_feature_flag_catalog.dir/CXX.dd
[983/1982] Generating CXX dyndep file tests/unit/CMakeFiles/test_p1_spd_ddr5_parser.dir/CXX.dd
[984/1982] Generating CXX dyndep file tests/unit/CMakeFiles/test_p2_ram_probe_chain.dir/CXX.dd
[985/1982] Generating CXX dyndep file tests/unit/CMakeFiles/test_p2_ram_identity_verdict.dir/CXX.dd
[986/1982] Generating CXX dyndep file tests/unit/CMakeFiles/test_os_u3_probe.dir/CXX.dd
[987/1982] Generating CXX dyndep file tests/unit/CMakeFiles/test_od10_numa_page_probe.dir/CXX.dd
[988/1982] Generating CXX dyndep file tests/unit/CMakeFiles/test_od11_numa_cpu_pin_process_probe.dir/CXX.dd
[989/1982] Generating CXX dyndep file tests/unit/CMakeFiles/test_p3_boot_cache_dmi.dir/CXX.dd
[990/1982] Generating CXX dyndep file tests/unit/CMakeFiles/test_o4_machine_identity.dir/CXX.dd
[991/1982] Generating CXX dyndep file tests/unit/CMakeFiles/test_c3a_gate_scharfschaltung.dir/CXX.dd
[992/1982] Generating CXX dyndep file tests/unit/CMakeFiles/test_c3b_kanal_merge_beleg.dir/CXX.dd
[993/1982] Generating CXX dyndep file tests/unit/CMakeFiles/test_m_w12_stamp_bausteine.dir/CXX.dd
[994/1982] Generating CXX dyndep file tests/unit/CMakeFiles/test_d4_ceb_schluessel_wahl.dir/CXX.dd
[995/1982] Generating CXX dyndep file tests/unit/CMakeFiles/test_d2_mess_konsistenz_gate.dir/CXX.dd
[996/1982] Generating CXX dyndep file tests/unit/CMakeFiles/test_w10_system_cell_values.dir/CXX.dd
[997/1982] Generating CXX dyndep file tests/unit/CMakeFiles/test_g1_binary_version_stamp.dir/CXX.dd
[998/1982] Generating CXX dyndep file tests/unit/CMakeFiles/test_progress_heartbeat.dir/CXX.dd
[999/1982] Generating CXX dyndep file tests/unit/CMakeFiles/test_limits_entkopplung_vorstufe.dir/CXX.dd
[1000/1982] Generating CXX dyndep file tests/unit/CMakeFiles/test_lazy_adhoc_source_gen.dir/CXX.dd
[1001/1982] Generating CXX dyndep file tests/unit/CMakeFiles/test_lagz1_lager_schluessel_simd.dir/CXX.dd
[1002/1982] Generating CXX dyndep file tests/unit/CMakeFiles/test_w2_combo_ct_stamp.dir/CXX.dd
[1003/1982] Generating CXX dyndep file tests/unit/CMakeFiles/test_m1_mess_achsen_wirkung.dir/CXX.dd
[1004/1980] Generating CXX dyndep file tests/unit/CMakeFiles/test_b3_wallclock_erbe_ct.dir/CXX.dd
[1005/1980] Building CXX object tests/unit/CMakeFiles/perm_sequence_d10.dir/genus_module_sequence.cpp.o
[1006/1980] Building CXX object tests/unit/CMakeFiles/perm_view_d11.dir/genus_module_view.cpp.o
[1007/1980] Generating CXX dyndep file tests/unit/CMakeFiles/test_r3_mess_gate_fingerprint_biss.dir/CXX.dd
[1008/1978] Generating CXX dyndep file tests/unit/CMakeFiles/test_r3_mess_gates_spiegel.dir/CXX.dd
[1009/1978] Generating CXX dyndep file tests/unit/CMakeFiles/test_b2_mess_gate_trennung.dir/CXX.dd
[1010/1976] Generating CXX dyndep file tests/unit/CMakeFiles/test_b2_gate_zustand_g2an_g3aus.dir/CXX.dd
[1011/1976] Generating CXX dyndep file tests/unit/CMakeFiles/test_b5_pmc_ehrlichkeit_alle_sieben.dir/CXX.dd
[1012/1976] Generating CXX dyndep file tests/unit/CMakeFiles/test_parser_konsolidierung.dir/CXX.dd
[1013/1974] Generating CXX dyndep file tests/unit/CMakeFiles/test_m1h_stufen_und_pmc_wache.dir/CXX.dd
[1014/1972] Generating CXX dyndep file tests/unit/CMakeFiles/test_simd_field_sum_dispatch.dir/CXX.dd
[1015/1970] Generating CXX dyndep file tests/unit/CMakeFiles/test_phase6_vorbau.dir/CXX.dd
[1016/1968] Generating CXX dyndep file tests/unit/CMakeFiles/test_simd_field_sum_dispatch_avx2.dir/CXX.dd
[1017/1966] Generating CXX dyndep file tests/unit/CMakeFiles/test_simd_field_sum_dispatch_avx512.dir/CXX.dd
[1018/1964] Generating CXX dyndep file tests/unit/CMakeFiles/test_simd_add_u64_carry.dir/CXX.dd
[1019/1964] Generating CXX dyndep file tests/unit/CMakeFiles/test_simd_add_u64_carry_avx2.dir/CXX.dd
[1020/1964] Generating CXX dyndep file tests/unit/CMakeFiles/test_reflect_versions_all17.dir/CXX.dd
[1021/1964] Generating CXX dyndep file tests/unit/CMakeFiles/test_simd_add_u64_carry_avx512.dir/CXX.dd
[1022/1964] Generating CXX dyndep file tests/unit/CMakeFiles/test_a1_algo_version_pin_alloc_axis.dir/CXX.dd
[1023/1964] Generating CXX dyndep file tests/unit/CMakeFiles/test_reflect_versions_all_registered.dir/CXX.dd
[1024/1964] Generating CXX dyndep file tests/unit/CMakeFiles/test_planner_version_flag_grammatik.dir/CXX.dd
[1025/1964] Generating CXX dyndep file tests/unit/CMakeFiles/test_g3_bestandslog_document.dir/CXX.dd
[1026/1964] Generating CXX dyndep file tests/unit/CMakeFiles/test_g3_bestandslog_lock.dir/CXX.dd
[1027/1964] Generating CXX dyndep file tests/unit/CMakeFiles/test_g3_eta_estimator.dir/CXX.dd
[1028/1964] Generating CXX dyndep file tests/unit/CMakeFiles/test_g3_reservation_lifecycle.dir/CXX.dd
[1029/1964] Generating CXX dyndep file tests/unit/CMakeFiles/test_a5_eta_kalibrierung.dir/CXX.dd
[1030/1964] Generating CXX dyndep file tests/unit/CMakeFiles/test_g3_batch_planner.dir/CXX.dd
[1031/1964] Generating CXX dyndep file tests/unit/CMakeFiles/test_g3_ram_spool_writer.dir/CXX.dd
[1032/1964] Generating CXX dyndep file tests/unit/CMakeFiles/test_g2_variant_sidecar.dir/CXX.dd
[1033/1964] Generating CXX dyndep file tests/unit/CMakeFiles/test_g3_writer_backend_io_uring.dir/CXX.dd
[1034/1964] Generating CXX dyndep file tests/unit/CMakeFiles/test_a2_sha512_skip_gate.dir/CXX.dd
[1035/1964] Generating CXX dyndep file tests/unit/CMakeFiles/test_bvset_teilmenge.dir/CXX.dd
[1036/1964] Generating CXX dyndep file tests/unit/CMakeFiles/test_g3_builder_registration.dir/CXX.dd
[1037/1964] Generating CXX dyndep file tests/unit/CMakeFiles/test_g3_sha512_index.dir/CXX.dd
[1038/1964] Generating CXX dyndep file tests/unit/CMakeFiles/test_g3_takeover_sweep.dir/CXX.dd
[1039/1964] Generating CXX dyndep file tests/unit/CMakeFiles/test_lb0_lager_pfad_grammatik.dir/CXX.dd
[1040/1964] Generating CXX dyndep file tests/unit/CMakeFiles/test_lb1_knoten_heuristik_log.dir/CXX.dd
[1041/1964] Generating CXX dyndep file tests/unit/CMakeFiles/test_ge3_messwert_genus_und_ziel.dir/CXX.dd
[1042/1964] Generating CXX dyndep file tests/unit/CMakeFiles/test_ge1_claim_check_und_sidecar.dir/CXX.dd
[1043/1964] Generating CXX dyndep file tests/unit/CMakeFiles/test_g3_planer_driven.dir/CXX.dd
[1044/1964] Generating CXX dyndep file tests/unit/CMakeFiles/test_g3_artifact_cache_transport.dir/CXX.dd
[1045/1964] Generating CXX dyndep file tests/unit/CMakeFiles/test_g3_prune.dir/CXX.dd
[1046/1964] Generating CXX dyndep file tests/unit/CMakeFiles/test_g3_lager_presence.dir/CXX.dd
[1047/1964] Generating CXX dyndep file tests/unit/CMakeFiles/test_fk1_nicht_gebaut_marker.dir/CXX.dd
[1048/1964] Generating CXX dyndep file tests/unit/CMakeFiles/test_a8s3_csv_klasse_c.dir/CXX.dd
[1049/1964] Generating CXX dyndep file tests/unit/CMakeFiles/test_rf2_admission_marker_inert.dir/CXX.dd
[1050/1964] Generating CXX dyndep file tests/unit/CMakeFiles/test_m1hb_observer_zellen_ehrlich.dir/CXX.dd
[1051/1964] Generating CXX dyndep file tests/unit/CMakeFiles/test_e04_slice_marker.dir/CXX.dd
[1052/1962] Generating CXX dyndep file tests/unit/CMakeFiles/test_p_cacheline_store_line_source.dir/CXX.dd
[1053/1960] Generating CXX dyndep file tests/unit/CMakeFiles/test_b14_layout_scan_line_subaxis.dir/CXX.dd
[1054/1958] Generating CXX dyndep file tests/unit/CMakeFiles/test_b14_abi_adapter_line_subaxis_paths.dir/CXX.dd
[1055/1958] Generating CXX dyndep file tests/unit/CMakeFiles/test_a9_xlsx_vendor_rauchtest.dir/CXX.dd
[1056/1958] Generating CXX dyndep file tests/unit/CMakeFiles/test_a9s3_writeback_method_xlsx.dir/CXX.dd
[1057/1958] Generating CXX dyndep file tests/unit/CMakeFiles/test_a9s3_ergebnis_mappe_csv.dir/CXX.dd
[1058/1958] Generating CXX dyndep file tests/unit/CMakeFiles/test_a9s3_xlsx_ergebnis_writer.dir/CXX.dd
[1059/1958] Generating CXX dyndep file tests/unit/CMakeFiles/test_a9s3_mess_ebene_blattsorte.dir/CXX.dd
[1060/1958] Generating CXX dyndep file tests/unit/CMakeFiles/test_d2_abdeckungs_wache_nenner.dir/CXX.dd
[1061/1958] Generating CXX dyndep file tests/unit/CMakeFiles/test_mt_l4_registrierungs_wache_isa.dir/CXX.dd
[1062/1958] Generating CXX dyndep file tests/unit/CMakeFiles/test_hyg_kumulativer_bereich.dir/CXX.dd
[1063/1958] Generating CXX dyndep file tests/unit/CMakeFiles/test_a9s4_realm_scan_stale.dir/CXX.dd
[1064/1958] Generating CXX dyndep file tests/unit/CMakeFiles/test_d3_6_realm_selektor_produktionsablage.dir/CXX.dd
[1065/1958] Generating CXX dyndep file tests/unit/CMakeFiles/test_a9s4_dynamic_axis_filter.dir/CXX.dd
[1066/1958] Generating CXX dyndep file tests/unit/CMakeFiles/test_a9s4_mess_report_render.dir/CXX.dd
[1067/1958] Generating CXX dyndep file tests/unit/CMakeFiles/test_a9s4_skip_manifest.dir/CXX.dd
[1068/1958] Generating CXX dyndep file tests/unit/CMakeFiles/test_lg_xlsx_alt_nie_vernichten.dir/CXX.dd
[1069/1958] Generating CXX dyndep file tests/unit/CMakeFiles/test_a9s5_ergebnis_mappe_naht.dir/CXX.dd
[1070/1958] Generating CXX dyndep file tests/unit/CMakeFiles/test_ms1_arenen_kein_alloc_im_fenster.dir/CXX.dd
[1071/1956] Generating CXX dyndep file tests/unit/CMakeFiles/test_ms2_pre_touch_seitenfehler.dir/CXX.dd
[1072/1954] Generating CXX dyndep file tests/unit/CMakeFiles/ck1_naht_leer.dir/CXX.dd
[1073/1953] Generating CXX dyndep file tests/unit/CMakeFiles/ck1_naht_voll.dir/CXX.dd
[1074/1952] Generating CXX dyndep file tests/unit/CMakeFiles/test_ck1_messkette_koeder.dir/CXX.dd
[1075/1952] Generating CXX dyndep file tests/unit/CMakeFiles/test_check_size_mengenrechnung.dir/CXX.dd
[1076/1950] Building CXX object tests/unit/CMakeFiles/comdare_r5g_autobuilt_perm_35.dir/__/__/generated/r5g_autobuilt_modules/comdare_anatomy_perm_auto_40.cpp.o
[1077/1950] Generating CXX dyndep file tests/unit/CMakeFiles/test_check_size_cli_deckel.dir/CXX.dd
[1078/1948] Generating CXX dyndep file tests/unit/CMakeFiles/test_d55_hdr_verdrahtung.dir/CXX.dd
[1079/1948] Generating CXX dyndep file tests/unit/CMakeFiles/test_naht1_mess_visitor_biss.dir/CXX.dd
[1080/1948] Generating CXX dyndep file tests/unit/CMakeFiles/test_flaeche3_deckung_ceb_aus_tier_an.dir/CXX.dd
[1081/1948] Generating CXX dyndep file tests/unit/CMakeFiles/test_warn2a_block_id_bidirektional.dir/CXX.dd
[1082/1948] Generating CXX dyndep file tests/unit/CMakeFiles/test_warn1_d2_fingerprint_koeder.dir/CXX.dd
[1083/1948] Generating CXX dyndep file tests/unit/CMakeFiles/test_d2g1_ctest_registrierung.dir/CXX.dd
[1084/1948] Generating CXX dyndep file tests/unit/CMakeFiles/test_t6_wachen_inventar.dir/CXX.dd
[1085/1948] Generating CXX dyndep file tests/unit/CMakeFiles/test_t6_biss_achsen_roundtrip_wache.dir/CXX.dd
[1086/1948] Generating CXX dyndep file tests/unit/CMakeFiles/test_t6_biss_sichtbarkeits_wache.dir/CXX.dd
[1087/1948] Generating CXX dyndep file tests/unit/CMakeFiles/test_lizenz_konsistenz.dir/CXX.dd
[1088/1948] Generating CXX dyndep file tests/unit/CMakeFiles/test_t6_biss_registrierungs_wache.dir/CXX.dd
[1089/1948] Generating CXX dyndep file tests/unit/CMakeFiles/test_pa1_tote_ausnahme.dir/CXX.dd
[1090/1948] Generating CXX dyndep file tests/unit/CMakeFiles/test_w0b_durchstich_kette.dir/CXX.dd
[1091/1948] Generating CXX dyndep file tests/unit/CMakeFiles/test_anker_marke_statt_ledgerzeile.dir/CXX.dd
[1092/1948] Generating CXX dyndep file tests/unit/CMakeFiles/test_vs_taxonomie_klassen_grep.dir/CXX.dd
[1093/1948] Generating CXX dyndep file tests/unit/CMakeFiles/test_s1_stempel_basis_vertrag.dir/CXX.dd
[1094/1948] Generating CXX dyndep file tests/unit/CMakeFiles/test_s3_ordnung_relation.dir/CXX.dd
[1095/1948] Generating CXX dyndep file tests/unit/CMakeFiles/test_s3_ordnung_freigabe.dir/CXX.dd
[1096/1948] Generating CXX dyndep file tests/unit/CMakeFiles/test_stempel_vollbestand_registry.dir/CXX.dd
[1097/1948] Generating CXX dyndep file tests/unit/CMakeFiles/test_stempel_zulassung_bruecke.dir/CXX.dd
[1098/1948] Generating CXX dyndep file tests/unit/CMakeFiles/test_k2_stufen_neutraler_loader.dir/CXX.dd
[1099/1948] Generating CXX dyndep file tests/unit/CMakeFiles/test_vl3_debug_flag_sperre.dir/CXX.dd
[1100/1946] Generating CXX dyndep file tests/unit/CMakeFiles/test_g2_semantik_duplikatverbot.dir/CXX.dd
[1101/1946] Generating CXX dyndep file tests/unit/CMakeFiles/test_s6c_kategorien_ordnung_zwei_welten.dir/CXX.dd
[1102/1946] Generating CXX dyndep file tests/unit/CMakeFiles/test_genus_ct_komposition.dir/CXX.dd
[1103/1946] Generating CXX dyndep file tests/unit/CMakeFiles/test_simd_organ_achsen_deckung.dir/CXX.dd
[1104/1946] Building CXX object tests/unit/CMakeFiles/comdare_r5g_autobuilt_perm_36.dir/__/__/generated/r5g_autobuilt_modules/comdare_anatomy_perm_auto_41.cpp.o
[1105/1946] Generating CXX dyndep file tests/unit/CMakeFiles/test_vl3_debug_stdout_bytegleich.dir/CXX.dd
[1106/1946] Generating CXX dyndep file tests/unit/CMakeFiles/test_lg_host_binder.dir/CXX.dd
[1107/1946] Building CXX object tests/unit/CMakeFiles/perm_set_defekt_d13.dir/genus_module_set_defekt.cpp.o
[1108/1946] Generating CXX dyndep file tests/unit/CMakeFiles/test_lg_e2e_xlsx_facade.dir/CXX.dd
[1109/1946] Generating CXX dyndep file tests/unit/CMakeFiles/test_pk_klemm_json.dir/CXX.dd
[1110/1946] Generating CXX dyndep file tests/unit/CMakeFiles/test_xl_l4_na_konkurrenz.dir/CXX.dd
[1111/1946] Generating CXX dyndep file tests/unit/CMakeFiles/test_lg_load_wache_genus_kontrast.dir/CXX.dd
[1112/1944] Generating CXX dyndep file tests/unit/CMakeFiles/test_lg_idempotenz_beide_wdh.dir/CXX.dd
[1113/1944] Generating CXX dyndep file tests/unit/CMakeFiles/test_registry_gen_out_pflicht.dir/CXX.dd
[1114/1944] Generating CXX dyndep file tests/unit/CMakeFiles/test_ci_coverage_guard_strikt.dir/CXX.dd
[1115/1944] Generating CXX dyndep file tests/unit/CMakeFiles/test_configure_enable_gnu.dir/CXX.dd
[1116/1944] Generating CXX dyndep file tests/unit/CMakeFiles/test_variant_hauswache.dir/CXX.dd
[1117/1944] Generating CXX dyndep file tests/unit/CMakeFiles/test_s19_simulation_rechnung.dir/CXX.dd
[1118/1942] Generating CXX dyndep file tests/unit/CMakeFiles/test_t15b_retry_warmup_paar.dir/CXX.dd
[1119/1942] Generating CXX dyndep file tests/unit/CMakeFiles/test_s8kopf_planner_kopf.dir/CXX.dd
[1120/1942] Generating CXX dyndep file tests/unit/CMakeFiles/test_s19_simulation_cli.dir/CXX.dd
[1121/1940] Generating CXX dyndep file tests/unit/CMakeFiles/test_s8_traeger_grenzwache.dir/CXX.dd
[1122/1940] Generating CXX dyndep file tests/unit/CMakeFiles/test_s13_01_csv_kind_projektion.dir/CXX.dd
[1123/1940] Generating CXX dyndep file tests/unit/CMakeFiles/test_s13_02_zielfilter_vier_faelle.dir/CXX.dd
[1124/1940] Generating CXX dyndep file tests/unit/CMakeFiles/test_s13_03_per_binary_mappe.dir/CXX.dd
[1125/1940] Generating CXX dyndep file tests/unit/CMakeFiles/test_pmc_startup_pruefung.dir/CXX.dd
[1126/1940] Generating CXX dyndep file tests/unit/CMakeFiles/test_pmc_raw_event_katalog.dir/CXX.dd
[1127/1940] Generating CXX dyndep file tests/unit/CMakeFiles/test_bestand_schluessel_schema.dir/CXX.dd
[1128/1940] Generating CXX dyndep file tests/unit/CMakeFiles/test_kanal_id_schema.dir/CXX.dd
[1129/1940] Generating CXX dyndep file tests/unit/CMakeFiles/test_begriffs_alias_registry.dir/CXX.dd
[1130/1940] Generating CXX dyndep file tests/unit/CMakeFiles/test_ph89_paper_prueflinge.dir/CXX.dd
[1131/1940] Generating CXX dyndep file tests/unit/CMakeFiles/test_e07_gate_kriterien.dir/CXX.dd
[1132/1940] Generating CXX dyndep file tests/unit/CMakeFiles/test_parameter_filter_registry_skelett.dir/CXX.dd
[1133/1940] Generating CXX dyndep file tests/unit/CMakeFiles/test_c14_lager_presence_wache.dir/CXX.dd
[1134/1940] Generating CXX dyndep file tests/unit/CMakeFiles/test_e8_bytes_in_use_peak_demo.dir/CXX.dd
[1135/1940] Generating CXX dyndep file tests/unit/CMakeFiles/test_c13_selektiver_rebuild.dir/CXX.dd
[1136/1940] Generating CXX dyndep file tests/unit/CMakeFiles/test_c14_messwert_presence_wache.dir/CXX.dd
[1137/1940] Generating CXX dyndep file tests/unit/CMakeFiles/test_o2_standard_opt_default.dir/CXX.dd
[1138/1940] Building CXX object tests/unit/CMakeFiles/comdare_r5g_autobuilt_perm_34.dir/__/__/generated/r5g_autobuilt_modules/comdare_anatomy_perm_auto_4.cpp.o
[1139/1940] Building CXX object tests/unit/CMakeFiles/perm_adapter_d12.dir/genus_module_adapter.cpp.o
[1140/1940] Linking CXX static library lib/libgtest_main.a
[1141/1940] Linking CXX static library lib/libgmock.a
[1142/1940] Building CXX object tests/unit/CMakeFiles/hybrid_reroute_searchalgorithm.dir/hybrid_tier_module.cpp.o
[1143/1940] Building CXX object tests/unit/CMakeFiles/perm_set_d9.dir/genus_module_set.cpp.o
[1144/1940] Building CXX object tests/unit/CMakeFiles/hybrid_reroute_set.dir/hybrid_tier_module_set.cpp.o
[1145/1940] Building CXX object tests/unit/CMakeFiles/comdare_r5g_autobuilt_perm_38.dir/__/__/generated/r5g_autobuilt_modules/comdare_anatomy_perm_auto_43.cpp.o
[1146/1940] Building CXX object tests/unit/CMakeFiles/comdare_r5g_autobuilt_perm_41.dir/__/__/generated/r5g_autobuilt_modules/comdare_anatomy_perm_auto_46.cpp.o
[1147/1940] Building CXX object tests/unit/CMakeFiles/r3_biss_modul_gates_aus.dir/r3_mess_gate_stamp_module.cpp.o
[1148/1940] Building CXX object tests/unit/CMakeFiles/comdare_r5g_autobuilt_perm_39.dir/__/__/generated/r5g_autobuilt_modules/comdare_anatomy_perm_auto_44.cpp.o
[1149/1940] Building CXX object tests/unit/CMakeFiles/comdare_r5g_autobuilt_perm_40.dir/__/__/generated/r5g_autobuilt_modules/comdare_anatomy_perm_auto_45.cpp.o
[1150/1940] Building CXX object tests/unit/CMakeFiles/comdare_r5g_autobuilt_perm_37.dir/__/__/generated/r5g_autobuilt_modules/comdare_anatomy_perm_auto_42.cpp.o
[1151/1940] Building CXX object tests/unit/CMakeFiles/comdare_r5g_autobuilt_perm_44.dir/__/__/generated/r5g_autobuilt_modules/comdare_anatomy_perm_auto_6.cpp.o
[1152/1940] Building CXX object tests/unit/CMakeFiles/comdare_r5g_autobuilt_perm_42.dir/__/__/generated/r5g_autobuilt_modules/comdare_anatomy_perm_auto_47.cpp.o
[1153/1940] Building CXX object tests/unit/CMakeFiles/comdare_r5g_autobuilt_perm_43.dir/__/__/generated/r5g_autobuilt_modules/comdare_anatomy_perm_auto_5.cpp.o
[1154/1940] Building CXX object tests/unit/CMakeFiles/comdare_r5g_autobuilt_perm_45.dir/__/__/generated/r5g_autobuilt_modules/comdare_anatomy_perm_auto_7.cpp.o
[1155/1940] Building CXX object tests/unit/CMakeFiles/comdare_r5g_autobuilt_perm_46.dir/__/__/generated/r5g_autobuilt_modules/comdare_anatomy_perm_auto_8.cpp.o
[1156/1940] Building CXX object tests/unit/CMakeFiles/r3_biss_modul_gates_an.dir/r3_mess_gate_stamp_module.cpp.o
[1157/1940] Building CXX object tests/unit/CMakeFiles/comdare_r5g_autobuilt_perm_47.dir/__/__/generated/r5g_autobuilt_modules/comdare_anatomy_perm_auto_9.cpp.o
[1158/1940] Building CXX object _deps/googletest-build/googlemock/CMakeFiles/gmock_main.dir/src/gmock_main.cc.o
[1159/1940] Building CXX object tests/unit/CMakeFiles/test_cache_recommendation.dir/test_cache_recommendation.cpp.o
[1160/1940] Building CXX object tests/unit/CMakeFiles/test_cpuid_probe.dir/test_cpuid_probe.cpp.o
[1161/1940] Building CXX object tests/unit/CMakeFiles/test_pressure_state.dir/test_pressure_state.cpp.o
[1162/1940] Building CXX object tests/unit/CMakeFiles/test_permutation_flags.dir/test_permutation_flags.cpp.o
[1163/1940] Building CXX object tests/unit/CMakeFiles/test_event_hierarchy.dir/test_event_hierarchy.cpp.o
[1164/1940] Building CXX object tests/unit/CMakeFiles/test_observer_registry.dir/test_observer_registry.cpp.o
[1165/1940] Building CXX object tests/unit/CMakeFiles/test_decision_lambda_registry.dir/test_decision_lambda_registry.cpp.o
[1166/1940] Building CXX object tests/unit/CMakeFiles/perm_adhoc_buildvariant.dir/genus_adhoc_buildvariant.cpp.o
[1167/1940] Building CXX object tests/unit/CMakeFiles/test_telemetry_strategies.dir/test_telemetry_strategies.cpp.o
[1168/1940] Building CXX object tests/unit/CMakeFiles/test_decision_trees.dir/test_decision_trees.cpp.o
[1169/1940] Building CXX object tests/unit/CMakeFiles/test_concurrency_disciplines.dir/test_concurrency_disciplines.cpp.o
[1170/1940] Building CXX object tests/unit/CMakeFiles/test_cache_hierarchy_and_mode.dir/test_cache_hierarchy_and_mode.cpp.o
[1171/1940] Building CXX object libs/cache_engine/builder/commands/tests/CMakeFiles/test_engine_adapters.dir/test_engine_adapters.cpp.o
[1172/1940] Building CXX object apps/cache_engine_builder/CMakeFiles/cache_engine_builder.dir/main.cpp.o
[1173/1940] Building CXX object tests/unit/CMakeFiles/test_sub_engines.dir/test_sub_engines.cpp.o
[1174/1940] Building CXX object tests/unit/CMakeFiles/test_platform_concepts.dir/test_platform_concepts.cpp.o
[1175/1940] Building CXX object tests/unit/CMakeFiles/test_abi_interface.dir/test_abi_interface.cpp.o
[1176/1940] Building CXX object tests/unit/CMakeFiles/test_measurement_buffer.dir/test_measurement_buffer.cpp.o
[1177/1940] Building CXX object tests/unit/CMakeFiles/test_allocator_concepts.dir/test_allocator_concepts.cpp.o
[1178/1940] Building CXX object tests/unit/CMakeFiles/test_test_data_accumulation.dir/test_test_data_accumulation.cpp.o
[1179/1940] Building CXX object libs/cache_engine/builder/commands/tests/CMakeFiles/test_commands.dir/test_commands.cpp.o
[1180/1940] Building CXX object tests/unit/CMakeFiles/naht1_modul_mess_aus.dir/naht1_visitor_module.cpp.o
[1181/1940] Building CXX object tests/unit/CMakeFiles/test_config_durability.dir/test_config_durability.cpp.o
[1182/1940] Building CXX object tests/unit/CMakeFiles/test_builder_codegen.dir/test_builder_codegen.cpp.o
[1183/1940] Building CXX object tests/unit/CMakeFiles/test_chaos_drift_gate.dir/test_chaos_drift_gate.cpp.o
[1184/1940] Building CXX object tests/unit/CMakeFiles/naht1_modul_mess_an.dir/naht1_visitor_module.cpp.o
[1185/1940] Building CXX object tests/unit/CMakeFiles/test_benchmark_suite.dir/test_benchmark_suite.cpp.o
[1186/1940] Building CXX object tests/unit/CMakeFiles/test_ycsb_cli.dir/test_ycsb_cli.cpp.o
[1187/1940] Building CXX object tests/unit/CMakeFiles/test_latex_anhang.dir/test_latex_anhang.cpp.o
[1188/1940] Building CXX object tests/unit/CMakeFiles/test_v31_adapters.dir/test_v31_adapters.cpp.o
[1189/1940] Building CXX object tests/unit/CMakeFiles/test_hbm_hierarchy.dir/test_hbm_hierarchy.cpp.o
[1190/1940] Building CXX object tests/unit/CMakeFiles/test_rcu.dir/test_rcu.cpp.o
[1191/1940] Building CXX object tests/unit/CMakeFiles/test_succinct.dir/test_succinct.cpp.o
[1192/1940] Building CXX object tests/unit/CMakeFiles/test_permutation_sampling.dir/test_permutation_sampling.cpp.o
[1193/1940] Building CXX object tests/unit/CMakeFiles/test_module_loader.dir/test_module_loader.cpp.o
[1194/1940] Building CXX object tests/unit/CMakeFiles/test_codegen_from_profile.dir/test_codegen_from_profile.cpp.o
[1195/1940] Building CXX object tests/unit/CMakeFiles/test_experiment_driver_v13.dir/test_experiment_driver_v13.cpp.o
[1196/1940] Building CXX object tests/unit/CMakeFiles/test_workload_and_experiment.dir/test_workload_and_experiment.cpp.o
[1197/1940] Building CXX object tests/unit/CMakeFiles/test_rcu_concurrency.dir/test_rcu_concurrency.cpp.o
[1198/1940] Building CXX object tests/unit/CMakeFiles/test_v41_indexes.dir/test_v41_indexes.cpp.o
[1199/1940] Building CXX object apps/f15_compare/CMakeFiles/comdare_f15_compare_cli.dir/main.cpp.o
[1200/1940] Building CXX object tests/unit/CMakeFiles/test_ctsha512.dir/test_ctsha512.cpp.o
[1201/1940] Building CXX object tests/unit/CMakeFiles/test_v41_topics_fundament.dir/test_v41_topics_fundament.cpp.o
[1202/1940] Linking CXX static library tests/unit/comdare_anatomy_perm_hot_pilot.a
[1203/1940] Building CXX object tests/unit/CMakeFiles/test_v41_anatomy_pruefling_merge.dir/test_v41_anatomy_pruefling_merge.cpp.o
[1204/1940] Linking CXX shared library tests/unit/comdare_anatomy_perm_wormhole_pilot.so
[1205/1940] Building CXX object tests/unit/CMakeFiles/test_v41_compositions.dir/test_v41_compositions.cpp.o
[1206/1940] Linking CXX shared library generated/anatomy_modules_multi/comdare_anatomy_perm_anatomy_multi_pilot_0.so
[1207/1940] Linking CXX shared library generated/anatomy_modules_multi/comdare_anatomy_perm_anatomy_multi_pilot_1.so
[1208/1940] Linking CXX shared library generated/anatomy_modules_multi/comdare_anatomy_perm_anatomy_multi_pilot_2.so
[1209/1940] Linking CXX shared library generated/anatomy_modules_multi/comdare_anatomy_perm_anatomy_multi_pilot_3.so
[1210/1940] Building CXX object tests/unit/CMakeFiles/test_ap7_swisstable.dir/test_ap7_swisstable.cpp.o
[1211/1940] Linking CXX shared library generated/anatomy_modules_multi/comdare_anatomy_perm_anatomy_multi_pilot_4.so
[1212/1940] Linking CXX shared library generated/anatomy_modules_multi/comdare_anatomy_perm_anatomy_multi_pilot_5.so
[1213/1940] Building CXX object tests/unit/CMakeFiles/test_vampir_nfp_allocator.dir/thesis_tiere/test_vampir_nfp_allocator.cpp.o
[1214/1940] Building CXX object tests/unit/CMakeFiles/test_v41_axis_03a_cross_variant_equivalence.dir/test_v41_axis_03a_cross_variant_equivalence.cpp.o
[1215/1940] Building CXX object tests/unit/CMakeFiles/test_ap8_hdr_histogram.dir/test_ap8_hdr_histogram.cpp.o
[1216/1940] Building CXX object tests/unit/CMakeFiles/test_v41_anatomy_r4_driver.dir/test_v41_anatomy_r4_driver.cpp.o
[1217/1940] Building CXX object tests/unit/CMakeFiles/test_ap7b3_swiss_isa_group_match.dir/test_ap7b3_swiss_isa_group_match.cpp.o
[1218/1940] Building CXX object tests/unit/CMakeFiles/test_v41_anatomy.dir/test_v41_anatomy.cpp.o
[1219/1940] Building CXX object tests/unit/CMakeFiles/test_allocator_full_matrix.dir/test_allocator_full_matrix.cpp.o
[1220/1940] Building CXX object tests/unit/CMakeFiles/test_ap7b_swiss_organ.dir/test_ap7b_swiss_organ.cpp.o
[1221/1940] Building CXX object tests/unit/CMakeFiles/test_t15_drift_gate_messschleife.dir/test_t15_drift_gate_messschleife.cpp.o
[1222/1940] Building CXX object tests/unit/CMakeFiles/test_v41_paper_legacy_code.dir/test_v41_paper_legacy_code.cpp.o
[1223/1940] Building CXX object tests/unit/CMakeFiles/test_v41_tier_observe_trace.dir/test_v41_tier_observe_trace.cpp.o
[1224/1940] Building CXX object tests/unit/CMakeFiles/test_v41_anatomy_observer.dir/test_v41_anatomy_observer.cpp.o
[1225/1940] Building CXX object tests/unit/CMakeFiles/test_v41_anatomy_multi_codegen.dir/test_v41_anatomy_multi_codegen.cpp.o
[1226/1940] Building CXX object tests/unit/CMakeFiles/test_v41_anatomy_base.dir/test_v41_anatomy_base.cpp.o
[1227/1940] Building CXX object tests/unit/CMakeFiles/test_v41_anatomy_codegen_tool.dir/test_v41_anatomy_codegen_tool.cpp.o
[1228/1940] Building CXX object tests/unit/CMakeFiles/test_v41_workload_generator.dir/test_v41_workload_generator.cpp.o
[1229/1940] Building CXX object tests/unit/CMakeFiles/test_v41_axis_12_general_hardware.dir/test_v41_axis_12_general_hardware.cpp.o
[1230/1940] Building CXX object tests/unit/CMakeFiles/test_v41_axis_07_prefetch.dir/test_v41_axis_07_prefetch.cpp.o
[1231/1940] Building CXX object tests/unit/CMakeFiles/test_v41_axis_10_serialization.dir/test_v41_axis_10_serialization.cpp.o
[1232/1940] Building CXX object tests/unit/CMakeFiles/test_v41_axis_14_value_handle.dir/test_v41_axis_14_value_handle.cpp.o
[1233/1940] Building CXX object tests/unit/CMakeFiles/test_v41_axis_11_telemetry.dir/test_v41_axis_11_telemetry.cpp.o
[1234/1940] Building CXX object tests/unit/CMakeFiles/test_v41_execution_engine.dir/test_v41_execution_engine.cpp.o
[1235/1940] Building CXX object tests/unit/CMakeFiles/test_v41_axis_08_concurrency.dir/test_v41_axis_08_concurrency.cpp.o
[1236/1940] Building CXX object tests/unit/CMakeFiles/test_v41_axis_05_memory_layout.dir/test_v41_axis_05_memory_layout.cpp.o
[1237/1940] Building CXX object tests/unit/CMakeFiles/test_v41_anatomy_codegen_tool_traits.dir/test_v41_anatomy_codegen_tool_traits.cpp.o
[1238/1940] Building CXX object tests/unit/CMakeFiles/test_v41_status_code.dir/test_v41_status_code.cpp.o
[1239/1940] Building CXX object tests/unit/CMakeFiles/test_v41_axis_02_axis_04_nodes.dir/test_v41_axis_02_axis_04_nodes.cpp.o
[1240/1940] Linking CXX shared library generated/r5i_anatomy_modules/comdare_anatomy_perm_r5i_configure_pilot_0.so
[1241/1940] Linking CXX shared library generated/r5i_anatomy_modules/comdare_anatomy_perm_r5i_configure_pilot_1.so
[1242/1940] Linking CXX shared library generated/r5i_anatomy_modules/comdare_anatomy_perm_r5i_configure_pilot_2.so
[1243/1940] Building CXX object tests/unit/CMakeFiles/test_v41_anatomy_codegen.dir/test_v41_anatomy_codegen.cpp.o
[1244/1940] Linking CXX shared library generated/f15_measurement_modules/comdare_anatomy_perm_f15_measurement_pilot_0.so
[1245/1940] Linking CXX shared library generated/f15_measurement_modules/comdare_anatomy_perm_f15_measurement_pilot_1.so
[1246/1940] Building CXX object tests/unit/CMakeFiles/test_v41_anatomy_codegen_tool_mp_list.dir/test_v41_anatomy_codegen_tool_mp_list.cpp.o
[1247/1940] Building CXX object tests/unit/CMakeFiles/test_v41_anatomy_module_abi.dir/test_v41_anatomy_module_abi.cpp.o
[1248/1940] Building CXX object tests/unit/CMakeFiles/test_pruefling_fixture_ladung.dir/__/pruefling_fixture/test_pruefling_fixture_ladung.cpp.o
[1249/1940] Building CXX object tests/unit/CMakeFiles/test_v41_anatomy_module_loader.dir/test_v41_anatomy_module_loader.cpp.o
[1250/1940] Building CXX object tests/unit/CMakeFiles/test_v41_pruefling_registry.dir/test_v41_pruefling_registry.cpp.o
[1251/1940] Building CXX object tests/unit/CMakeFiles/test_v41_axis_03a_tier_organ_equivalence.dir/test_v41_axis_03a_tier_organ_equivalence.cpp.o
[1252/1940] Building CXX object tests/unit/CMakeFiles/test_v41_axis_filter.dir/test_v41_axis_filter.cpp.o
[1253/1940] Building CXX object tests/unit/CMakeFiles/test_v41_serialization_primitives.dir/test_v41_serialization_primitives.cpp.o
[1254/1940] Building CXX object tests/unit/CMakeFiles/test_v41_axis_01_page_type.dir/test_v41_axis_01_page_type.cpp.o
[1255/1940] Building CXX object tests/unit/CMakeFiles/test_v41_axis_io.dir/test_v41_axis_io.cpp.o
[1256/1940] Building CXX object tests/unit/CMakeFiles/test_v41_topic_allocator_axis_06.dir/test_v41_topic_allocator_axis_06.cpp.o
[1257/1940] Building CXX object tests/unit/CMakeFiles/test_v41_r5c3_isa_simd_cross_constraint.dir/test_v41_r5c3_isa_simd_cross_constraint.cpp.o
[1258/1940] Building CXX object tests/unit/CMakeFiles/test_v41_topic_queuing.dir/test_v41_topic_queuing.cpp.o
[1259/1940] Building CXX object tests/unit/CMakeFiles/test_v41_axis_01_index_organization.dir/test_v41_axis_01_index_organization.cpp.o
[1260/1940] Building CXX object tests/unit/CMakeFiles/test_v41_axis_filter_surf_organ.dir/test_v41_axis_filter_surf_organ.cpp.o
[1261/1940] Building CXX object tests/unit/CMakeFiles/test_v41_anatomy_r5i_configure_codegen.dir/test_v41_anatomy_r5i_configure_codegen.cpp.o
[1262/1940] Building CXX object tests/unit/CMakeFiles/test_v41_axis_09_isa.dir/test_v41_axis_09_isa.cpp.o
[1263/1940] Building CXX object tests/unit/CMakeFiles/test_v41_search_algorithm_permutation_engine.dir/test_v41_search_algorithm_permutation_engine.cpp.o
[1264/1940] Building CXX object tests/unit/CMakeFiles/test_v41_axis_migration.dir/test_v41_axis_migration.cpp.o
[1265/1940] Building CXX object tests/unit/CMakeFiles/test_v5_memento_axis.dir/test_v5_memento_axis.cpp.o
[1266/1940] Building CXX object tests/unit/CMakeFiles/test_v41_axis_09b_simd_extension.dir/test_v41_axis_09b_simd_extension.cpp.o
[1267/1940] Building CXX object tests/unit/CMakeFiles/test_v5_conformance_gate.dir/test_v5_conformance_gate.cpp.o
[1268/1940] Building CXX object tests/unit/CMakeFiles/test_v41_axis_filter_surf_louds_organ.dir/test_v41_axis_filter_surf_louds_organ.cpp.o
[1269/1940] Building CXX object tests/unit/CMakeFiles/test_v5_two_phase_driver.dir/test_v5_two_phase_driver.cpp.o
[1270/1940] Building CXX object tests/unit/CMakeFiles/test_25_kanon_dataset_akten.dir/test_25_kanon_dataset_akten.cpp.o
[1271/1940] Building CXX object tests/unit/CMakeFiles/test_v5_workload_orchestrator.dir/test_v5_workload_orchestrator.cpp.o
[1272/1940] Linking CXX shared library generated/r5g_adhoc_modules/comdare_anatomy_perm_r5g_adhoc.so
[1273/1940] Building CXX object tests/unit/CMakeFiles/test_v5_disk_memento.dir/test_v5_disk_memento.cpp.o
[1274/1940] Building CXX object tests/unit/CMakeFiles/test_v5_measurement_snapshot.dir/test_v5_measurement_snapshot.cpp.o
[1275/1940] Linking CXX shared library generated/r5g_autobuilt_modules/comdare_anatomy_perm_auto_0.so
[1276/1940] Linking CXX shared library generated/r5g_autobuilt_modules/comdare_anatomy_perm_auto_1.so
[1277/1940] Linking CXX shared library generated/r5g_autobuilt_modules/comdare_anatomy_perm_auto_2.so
[1278/1940] Building CXX object tests/unit/CMakeFiles/test_184_dataset_loader_wiring.dir/test_184_dataset_loader_wiring.cpp.o
[1279/1940] Linking CXX shared library generated/r5g_autobuilt_modules/comdare_anatomy_perm_auto_3.so
[1280/1940] Building CXX object tests/unit/CMakeFiles/test_ap13_thread_pinning.dir/test_ap13_thread_pinning.cpp.o
[1281/1940] Linking CXX shared library generated/r5g_autobuilt_modules/comdare_anatomy_perm_auto_4.so
[1282/1940] Building CXX object tests/unit/CMakeFiles/test_v5_ycsb_distribution.dir/test_v5_ycsb_distribution.cpp.o
[1283/1940] Linking CXX shared library generated/r5g_autobuilt_modules/comdare_anatomy_perm_auto_5.so
[1284/1940] Linking CXX shared library generated/r5g_autobuilt_modules/comdare_anatomy_perm_auto_7.so
[1285/1940] Building CXX object tests/unit/CMakeFiles/test_45_sosd_uint64_loader.dir/test_45_sosd_uint64_loader.cpp.o
[1286/1940] Building CXX object tests/unit/CMakeFiles/test_ap9_provenance_manifest.dir/test_ap9_provenance_manifest.cpp.o
[1287/1940] Linking CXX shared library generated/r5g_autobuilt_modules/comdare_anatomy_perm_auto_6.so
[1288/1940] Linking CXX shared library generated/r5g_autobuilt_modules/comdare_anatomy_perm_auto_9.so
[1289/1940] Linking CXX shared library generated/r5g_autobuilt_modules/comdare_anatomy_perm_auto_10.so
[1290/1940] Linking CXX shared library generated/r5g_autobuilt_modules/comdare_anatomy_perm_auto_8.so
[1291/1940] Linking CXX shared library generated/r5g_autobuilt_modules/comdare_anatomy_perm_auto_12.so
[1292/1940] Building CXX object tests/unit/CMakeFiles/test_d51_perzentil_kanon.dir/test_d51_perzentil_kanon.cpp.o
[1293/1940] Linking CXX shared library generated/r5g_autobuilt_modules/comdare_anatomy_perm_auto_13.so
[1294/1940] Linking CXX shared library generated/r5g_autobuilt_modules/comdare_anatomy_perm_auto_15.so
[1295/1940] Linking CXX shared library generated/r5g_autobuilt_modules/comdare_anatomy_perm_auto_11.so
[1296/1940] Linking CXX shared library generated/r5g_autobuilt_modules/comdare_anatomy_perm_auto_18.so
[1297/1940] Linking CXX shared library generated/r5g_autobuilt_modules/comdare_anatomy_perm_auto_14.so
[1298/1940] Linking CXX shared library generated/r5g_autobuilt_modules/comdare_anatomy_perm_auto_17.so
[1299/1940] Linking CXX shared library generated/r5g_autobuilt_modules/comdare_anatomy_perm_auto_20.so
[1300/1940] Linking CXX shared library generated/r5g_autobuilt_modules/comdare_anatomy_perm_auto_16.so
[1301/1940] Linking CXX shared library generated/r5g_autobuilt_modules/comdare_anatomy_perm_auto_19.so
[1302/1940] Linking CXX shared library generated/r5g_autobuilt_modules/comdare_anatomy_perm_auto_24.so
[1303/1940] Building CXX object tests/unit/CMakeFiles/test_d54_trace_schema.dir/test_d54_trace_schema.cpp.o
[1304/1940] Linking CXX shared library generated/r5g_autobuilt_modules/comdare_anatomy_perm_auto_25.so
[1305/1940] Linking CXX shared library generated/r5g_autobuilt_modules/comdare_anatomy_perm_auto_21.so
[1306/1940] Linking CXX shared library generated/r5g_autobuilt_modules/comdare_anatomy_perm_auto_23.so
[1307/1940] Linking CXX shared library generated/r5g_autobuilt_modules/comdare_anatomy_perm_auto_26.so
[1308/1940] Linking CXX shared library generated/r5g_autobuilt_modules/comdare_anatomy_perm_auto_27.so
[1309/1940] Linking CXX shared library generated/r5g_autobuilt_modules/comdare_anatomy_perm_auto_22.so
[1310/1940] Linking CXX shared library generated/r5g_autobuilt_modules/comdare_anatomy_perm_auto_28.so
[1311/1940] Linking CXX shared library generated/r5g_autobuilt_modules/comdare_anatomy_perm_auto_30.so
[1312/1940] Linking CXX shared library generated/r5g_autobuilt_modules/comdare_anatomy_perm_auto_32.so
[1313/1940] Linking CXX shared library generated/r5g_autobuilt_modules/comdare_anatomy_perm_auto_31.so
[1314/1940] Linking CXX shared library generated/r5g_autobuilt_modules/comdare_anatomy_perm_auto_33.so
[1315/1940] Linking CXX shared library generated/r5g_autobuilt_modules/comdare_anatomy_perm_auto_29.so
[1316/1940] Linking CXX shared library generated/r5g_autobuilt_modules/comdare_anatomy_perm_auto_36.so
[1317/1940] Linking CXX shared library generated/r5g_autobuilt_modules/comdare_anatomy_perm_auto_35.so
[1318/1940] Linking CXX shared library generated/r5g_autobuilt_modules/comdare_anatomy_perm_auto_37.so
[1319/1940] Linking CXX shared library generated/r5g_autobuilt_modules/comdare_anatomy_perm_auto_34.so
[1320/1940] Linking CXX shared library generated/r5g_autobuilt_modules/comdare_anatomy_perm_auto_42.so
[1321/1940] Linking CXX shared library generated/r5g_autobuilt_modules/comdare_anatomy_perm_auto_41.so
[1322/1940] Building CXX object tests/unit/CMakeFiles/test_ap10_dataset_akte.dir/test_ap10_dataset_akte.cpp.o
[1323/1940] Linking CXX shared library generated/r5g_autobuilt_modules/comdare_anatomy_perm_auto_40.so
[1324/1940] Linking CXX shared library generated/r5g_autobuilt_modules/comdare_anatomy_perm_auto_43.so
[1325/1940] Linking CXX shared library generated/r5g_autobuilt_modules/comdare_anatomy_perm_auto_39.so
[1326/1940] Linking CXX shared library generated/r5g_autobuilt_modules/comdare_anatomy_perm_auto_44.so
[1327/1940] Linking CXX shared library generated/r5g_autobuilt_modules/comdare_anatomy_perm_auto_38.so
[1328/1940] Linking CXX shared library generated/r5g_autobuilt_modules/comdare_anatomy_perm_auto_46.so
[1329/1940] Linking CXX shared library generated/r5g_autobuilt_modules/comdare_anatomy_perm_auto_47.so
[1330/1940] Linking CXX shared library generated/r5g_autobuilt_modules/comdare_anatomy_perm_auto_45.so
[1331/1940] Building CXX object tests/unit/CMakeFiles/test_heuristik_spline_break_even.dir/test_heuristik_spline_break_even.cpp.o
[1332/1940] Building CXX object tests/unit/CMakeFiles/test_v5_ycsb_op_set.dir/test_v5_ycsb_op_set.cpp.o
[1333/1940] Building CXX object tests/unit/CMakeFiles/test_v41_codegen_type_name.dir/test_v41_codegen_type_name.cpp.o
[1334/1940] Building CXX object tests/unit/CMakeFiles/test_v5_organ_memento.dir/test_v5_organ_memento.cpp.o
[1335/1940] Building CXX object tests/unit/CMakeFiles/test_v41_scan_range_organ.dir/test_v41_scan_range_organ.cpp.o
[1336/1940] Building CXX object tests/unit/CMakeFiles/test_heuristik_workload_cluster.dir/test_heuristik_workload_cluster.cpp.o
[1337/1940] Building CXX object tests/unit/CMakeFiles/test_v41_topic_traversal.dir/test_v41_topic_traversal.cpp.o
[1338/1940] Building CXX object tests/unit/CMakeFiles/test_v41_anatomy_adhoc_codegen_macro.dir/test_v41_anatomy_adhoc_codegen_macro.cpp.o
[1339/1940] Building CXX object tests/unit/CMakeFiles/test_v41_cache_engine_tools_facade.dir/test_v41_cache_engine_tools_facade.cpp.o
[1340/1940] Building CXX object tests/unit/CMakeFiles/test_hy_a1_heuristik_adapter_gattung.dir/test_hy_a1_heuristik_adapter_gattung.cpp.o
[1341/1940] Building CXX object tests/unit/CMakeFiles/test_hy_a1_attach_nur_array_include.dir/test_hy_a1_attach_nur_array_include.cpp.o
[1342/1940] Building CXX object tests/unit/CMakeFiles/test_q2_identitaets_riegel.dir/test_q2_identitaets_riegel.cpp.o
[1343/1940] Building CXX object tests/unit/CMakeFiles/test_v41_pruef_dock_search_algorithm.dir/test_v41_pruef_dock_search_algorithm.cpp.o
[1344/1940] Building CXX object tests/unit/CMakeFiles/test_e24_c5_fk8_genus_baupfad_d1.dir/test_e24_c5_fk8_genus_baupfad_d1.cpp.o
[1345/1940] Building CXX object tests/unit/CMakeFiles/test_hy_a3_hybrid_config_parser.dir/test_hy_a3_hybrid_config_parser.cpp.o
[1346/1940] Building CXX object tests/unit/CMakeFiles/test_v41_anatomy_adhoc_dll_load.dir/test_v41_anatomy_adhoc_dll_load.cpp.o
[1347/1940] Building CXX object tests/unit/CMakeFiles/test_v41_cache_engine_facade.dir/test_v41_cache_engine_facade.cpp.o
[1348/1940] Building CXX object tests/unit/CMakeFiles/test_pruef_only_gate.dir/test_pruef_only_gate.cpp.o
[1349/1940] Building CXX object tests/unit/CMakeFiles/test_v41_anatomy_adhoc_autobuilt_load.dir/test_v41_anatomy_adhoc_autobuilt_load.cpp.o
[1350/1940] Building CXX object tests/unit/CMakeFiles/test_hy_f8_reroute.dir/test_hy_f8_reroute.cpp.o
[1351/1940] Building CXX object tests/unit/CMakeFiles/test_hy_a1_dock_contract.dir/test_hy_a1_dock_contract.cpp.o
[1352/1940] Building CXX object tests/unit/CMakeFiles/test_a15_fk3_axis_error_traits.dir/test_a15_fk3_axis_error_traits.cpp.o
[1353/1940] Building CXX object tests/unit/CMakeFiles/test_hy_a2_stempel_kette.dir/test_hy_a2_stempel_kette.cpp.o
[1354/1940] Building CXX object tests/unit/CMakeFiles/test_v41_anatomy_f15_measurement.dir/test_v41_anatomy_f15_measurement.cpp.o
[1355/1940] Building CXX object tests/unit/CMakeFiles/test_d1_d2_selection.dir/test_d1_d2_selection.cpp.o
[1356/1940] Building CXX object tests/unit/CMakeFiles/test_a15_fk4_organ_slot_traits.dir/test_a15_fk4_organ_slot_traits.cpp.o
[1357/1940] Building CXX object tests/unit/CMakeFiles/test_v41_codegen_all_axes_umbrella.dir/test_v41_codegen_all_axes_umbrella.cpp.o
[1358/1940] Building CXX object tests/unit/CMakeFiles/test_s2_pull_tier_binary.dir/test_s2_pull_tier_binary.cpp.o
[1359/1940] Building CXX object tests/unit/CMakeFiles/test_kf16_build_orchestrator.dir/test_kf16_build_orchestrator.cpp.o
[1360/1940] Building CXX object tests/unit/CMakeFiles/test_kf16b_build_resilience.dir/test_kf16b_build_resilience.cpp.o
[1361/1940] Building CXX object tests/unit/CMakeFiles/test_w10_c4_zellwert_naht.dir/test_w10_c4_zellwert_naht.cpp.o
[1362/1940] Building CXX object tests/unit/CMakeFiles/test_w6_parallel_provision.dir/test_w6_parallel_provision.cpp.o
[1363/1940] Building CXX object tests/unit/CMakeFiles/test_ap15_3_driveable_map_contract.dir/test_ap15_3_driveable_map_contract.cpp.o
[1364/1940] Building CXX object tests/unit/CMakeFiles/test_29_container_framework.dir/test_29_container_framework.cpp.o
[1365/1940] Building CXX object tests/unit/CMakeFiles/test_striktheit_axis_dach_guard.dir/test_striktheit_axis_dach_guard.cpp.o
[1366/1940] Building CXX object tests/unit/CMakeFiles/test_axis_error_taxonomy.dir/test_axis_error_taxonomy.cpp.o
[1367/1940] Building CXX object tests/unit/CMakeFiles/test_a8s3_t17_stats_lesezeitpunkt.dir/test_a8s3_t17_stats_lesezeitpunkt.cpp.o
[1368/1940] Building CXX object tests/unit/CMakeFiles/test_m8_storetrav_segment.dir/test_m8_storetrav_segment.cpp.o
[1369/1940] Building CXX object tests/unit/CMakeFiles/test_a14_os_sub_axes_guard.dir/test_a14_os_sub_axes_guard.cpp.o
[1370/1940] Building CXX object tests/unit/CMakeFiles/test_s5_01a_pool_stores_perf_sanity.dir/test_s5_01a_pool_stores_perf_sanity.cpp.o
[1371/1940] Building CXX object tests/unit/CMakeFiles/test_188_4bb0_pool_organ_wide_key_conformance.dir/test_188_4bb0_pool_organ_wide_key_conformance.cpp.o
[1372/1940] Building CXX object tests/unit/CMakeFiles/test_a8s4_konstitutiv_kette.dir/test_a8s4_konstitutiv_kette.cpp.o
[1373/1940] Building CXX object tests/unit/CMakeFiles/test_a8s4_release_pfad_neutralitaet.dir/test_a8s4_release_pfad_neutralitaet.cpp.o
[1374/1940] Building CXX object tests/unit/CMakeFiles/test_a8s1_t17_vollzaehligkeit.dir/test_a8s1_t17_vollzaehligkeit.cpp.o
[1375/1940] Building CXX object tests/unit/CMakeFiles/test_striktheit_abi_pod_guard.dir/test_striktheit_abi_pod_guard.cpp.o
[1376/1940] Building CXX object tests/unit/CMakeFiles/test_meta_meta_halbordnung.dir/test_meta_meta_halbordnung.cpp.o
[1377/1940] Building CXX object tests/unit/CMakeFiles/test_phase_b_effective_search_algo_contrast.dir/test_phase_b_effective_search_algo_contrast.cpp.o
[1378/1940] Building CXX object tests/unit/CMakeFiles/test_seg_coverage.dir/test_seg_coverage.cpp.o
[1379/1940] Building CXX object tests/unit/CMakeFiles/test_striktheit_scan_kernel_purity.dir/test_striktheit_scan_kernel_purity.cpp.o
[1380/1940] Building CXX object tests/unit/CMakeFiles/test_e24_c10_g6_identitaets_bilanz.dir/test_e24_c10_g6_identitaets_bilanz.cpp.o
[1381/1940] Building CXX object tests/unit/CMakeFiles/test_striktheit_metaprog_guard.dir/test_striktheit_metaprog_guard.cpp.o
[1382/1940] Building CXX object tests/unit/CMakeFiles/test_s7_1_bst_pool_allocator_deg.dir/test_s7_1_bst_pool_allocator_deg.cpp.o
[1383/1940] Building CXX object tests/unit/CMakeFiles/test_cmd1_a_axis_command_base.dir/test_cmd1_a_axis_command_base.cpp.o
[1384/1940] Building CXX object tests/unit/CMakeFiles/test_ap15_2_get_allocator_proxy.dir/test_ap15_2_get_allocator_proxy.cpp.o
[1385/1940] Building CXX object tests/unit/CMakeFiles/test_s7_2_btree_pool_allocator_deg.dir/test_s7_2_btree_pool_allocator_deg.cpp.o
[1386/1940] Building CXX object tests/unit/CMakeFiles/test_obs_phaseA.dir/test_obs_phaseA.cpp.o
[1387/1940] Building CXX object tests/unit/CMakeFiles/test_striktheit_axes_guard.dir/test_striktheit_axes_guard.cpp.o
[1388/1940] Building CXX object tests/unit/CMakeFiles/test_234_va_shaped_adapter.dir/test_234_va_shaped_adapter.cpp.o
[1389/1940] Building CXX object tests/unit/CMakeFiles/test_234_f1_btree_order_shape.dir/test_234_f1_btree_order_shape.cpp.o
[1390/1940] Building CXX object tests/unit/CMakeFiles/test_234_f2_skip_list_shape.dir/test_234_f2_skip_list_shape.cpp.o
[1391/1940] Building CXX object tests/unit/CMakeFiles/test_234_f4_hash_probe_shape.dir/test_234_f4_hash_probe_shape.cpp.o
[1392/1940] Building CXX object tests/unit/CMakeFiles/test_188_4a_eytzinger_organ.dir/test_188_4a_eytzinger_organ.cpp.o
[1393/1940] Building CXX object tests/unit/CMakeFiles/test_234_f3_bst_shape.dir/test_234_f3_bst_shape.cpp.o
[1394/1940] Building CXX object tests/unit/CMakeFiles/test_obs_phaseB_pilot.dir/test_obs_phaseB_pilot.cpp.o
[1395/1940] Building CXX object tests/unit/CMakeFiles/test_s7_3_skip_list_pool_allocator_deg.dir/test_s7_3_skip_list_pool_allocator_deg.cpp.o
[1396/1940] Building CXX object tests/unit/CMakeFiles/test_216h2_stat_reset_after_load.dir/test_216h2_stat_reset_after_load.cpp.o
[1397/1940] Building CXX object tests/unit/CMakeFiles/test_abi_adapter_g3_batch2.dir/test_abi_adapter_g3_batch2.cpp.o
[1398/1940] Building CXX object tests/unit/CMakeFiles/test_s7_4_hash_pool_allocator_deg.dir/test_s7_4_hash_pool_allocator_deg.cpp.o
[1399/1940] Building CXX object tests/unit/CMakeFiles/test_s7_8_wormhole_pool_allocator_deg.dir/test_s7_8_wormhole_pool_allocator_deg.cpp.o
[1400/1940] Building CXX object tests/unit/CMakeFiles/test_188_4bbV_pool_adapter_flip_compile.dir/test_188_4bbV_pool_adapter_flip_compile.cpp.o
[1401/1940] Building CXX object tests/unit/CMakeFiles/test_s7_10_swiss_pool_allocator_deg.dir/test_s7_10_swiss_pool_allocator_deg.cpp.o
[1402/1940] Building CXX object tests/unit/CMakeFiles/test_s7_9_surf_pool_allocator_deg.dir/test_s7_9_surf_pool_allocator_deg.cpp.o
[1403/1940] Building CXX object tests/unit/CMakeFiles/test_221_rc_prefetch_distance.dir/test_221_rc_prefetch_distance.cpp.o
[1404/1940] Building CXX object tests/unit/CMakeFiles/test_s7_7_start_pool_allocator_deg.dir/test_s7_7_start_pool_allocator_deg.cpp.o
[1405/1940] Building CXX object tests/unit/CMakeFiles/test_s7_6_hot_pool_allocator_deg.dir/test_s7_6_hot_pool_allocator_deg.cpp.o
[1406/1940] Building CXX object tests/unit/CMakeFiles/test_s7_5_art_pool_allocator_deg.dir/test_s7_5_art_pool_allocator_deg.cpp.o
[1407/1940] Building CXX object tests/unit/CMakeFiles/test_234_vb_rest_families_shaped.dir/test_234_vb_rest_families_shaped.cpp.o
[1408/1940] Building CXX object tests/unit/CMakeFiles/test_all19_segment_timer.dir/test_all19_segment_timer.cpp.o
[1409/1940] Building CXX object tests/unit/CMakeFiles/test_217_2a_capacity_guard.dir/test_217_2a_capacity_guard.cpp.o
[1410/1940] Building CXX object tests/unit/CMakeFiles/test_axis_kind_wire_totalitaet.dir/test_axis_kind_wire_totalitaet.cpp.o
[1411/1940] Building CXX object tests/unit/CMakeFiles/test_axis_kind_kategorien_zuordnung.dir/test_axis_kind_kategorien_zuordnung.cpp.o
[1412/1940] Building CXX object tests/unit/CMakeFiles/test_188_4cii_flat_wrapper_traversal.dir/test_188_4cii_flat_wrapper_traversal.cpp.o
[1413/1940] Building CXX object tests/unit/CMakeFiles/test_vor_push_gate.dir/test_vor_push_gate.cpp.o
[1414/1940] Building CXX object tests/unit/CMakeFiles/m3v2_pmc_smoke.dir/thesis_tiere/m3v2_pmc_smoke.cpp.o
[1415/1940] Building CXX object tests/unit/CMakeFiles/test_harness_compile.dir/test_harness_compile.cpp.o
[1416/1940] Building CXX object tests/unit/CMakeFiles/test_profile_coverage.dir/thesis_tiere/test_profile_coverage.cpp.o
[1417/1940] Building CXX object tests/unit/CMakeFiles/test_e1_contract_rc_konsum.dir/test_e1_contract_rc_konsum.cpp.o
[1418/1940] Building CXX object tests/unit/CMakeFiles/test_b3_schema_freeze_stufe1.dir/test_b3_schema_freeze_stufe1.cpp.o
[1419/1940] Building CXX object tests/unit/CMakeFiles/test_lazy_resume_binary.dir/test_lazy_resume_binary.cpp.o
[1420/1940] Building CXX object tests/unit/CMakeFiles/test_a5_eta_slice_verdrahtung.dir/test_a5_eta_slice_verdrahtung.cpp.o
[1421/1940] Linking CXX shared library generated/goalv6_dll_modules/libperm_set_d9.so
[1422/1940] Linking CXX shared library generated/goalv6_dll_modules/libperm_sequence_d10.so
[1423/1940] Linking CXX shared library generated/goalv6_dll_modules/libperm_view_d11.so
[1424/1940] Building CXX object tests/unit/CMakeFiles/test_188_4c0_known_compositions_conformance.dir/test_188_4c0_known_compositions_conformance.cpp.o
[1425/1940] Linking CXX shared library generated/goalv6_dll_modules/libperm_adapter_d12.so
[1426/1940] Linking CXX shared library generated/goalv6_dll_modules/libperm_set_defekt_d13.so
[1427/1940] Linking CXX shared library generated/goalv6_dll_modules/libhybrid_reroute_searchalgorithm.so
[1428/1940] Linking CXX shared library generated/goalv6_dll_modules/libhybrid_reroute_set.so
[1429/1940] Linking CXX shared library generated/goalv6_dll_modules/libperm_adhoc_buildvariant.so
[1430/1940] Building CXX object tests/unit/CMakeFiles/test_w5_status_reader.dir/test_w5_status_reader.cpp.o
[1431/1940] Building CXX object tests/unit/CMakeFiles/test_ap2_katalog_pfad_stubfrei.dir/thesis_tiere/test_ap2_katalog_pfad_stubfrei.cpp.o
[1432/1940] Building CXX object tests/unit/CMakeFiles/test_mt_l3_wide_schema_orakel.dir/test_mt_l3_wide_schema_orakel.cpp.o
[1433/1940] Building CXX object tests/unit/CMakeFiles/test_experiment_kern_seam.dir/thesis_tiere/test_experiment_kern_seam.cpp.o
[1434/1940] Building CXX object tests/unit/CMakeFiles/test_m_simd_feature_flag_catalog.dir/test_m_simd_feature_flag_catalog.cpp.o
[1435/1940] Building CXX object tests/unit/CMakeFiles/test_p1_spd_ddr5_parser.dir/test_p1_spd_ddr5_parser.cpp.o
[1436/1940] Building CXX object tests/unit/CMakeFiles/test_experiment_parser.dir/thesis_tiere/test_experiment_parser.cpp.o
[1437/1940] Building CXX object tests/unit/CMakeFiles/test_m_contract_system_axis_wurzel.dir/test_m_contract_system_axis_wurzel.cpp.o
[1438/1940] Building CXX object tests/unit/CMakeFiles/test_lg_skip_callback_null.dir/test_lg_skip_callback_null.cpp.o
[1439/1940] Building CXX object tests/unit/CMakeFiles/test_measurement_categories.dir/thesis_tiere/test_measurement_categories.cpp.o
[1440/1940] Building CXX object tests/unit/CMakeFiles/test_p2_ram_probe_chain.dir/test_p2_ram_probe_chain.cpp.o
[1441/1940] Building CXX object tests/unit/CMakeFiles/test_f3_lager_key_provider_iterator.dir/test_f3_lager_key_provider_iterator.cpp.o
[1442/1940] Building CXX object tests/unit/CMakeFiles/test_p2_ram_identity_verdict.dir/test_p2_ram_identity_verdict.cpp.o
[1443/1940] Building CXX object tests/unit/CMakeFiles/test_a9b_active_deklaration_inert.dir/test_a9b_active_deklaration_inert.cpp.o
[1444/1940] Building CXX object tests/unit/CMakeFiles/test_org18_persistence_target.dir/test_org18_persistence_target.cpp.o
[1445/1940] Building CXX object tests/unit/CMakeFiles/test_tp1_planer_filter_iterator.dir/test_tp1_planer_filter_iterator.cpp.o
[1446/1940] Building CXX object tests/unit/CMakeFiles/test_merge_plan_directive.dir/thesis_tiere/test_merge_plan_directive.cpp.o
[1447/1940] Building CXX object tests/unit/CMakeFiles/test_o4_machine_identity.dir/test_o4_machine_identity.cpp.o
[1448/1940] Building CXX object tests/unit/CMakeFiles/test_experiment_projection.dir/thesis_tiere/test_experiment_projection.cpp.o
[1449/1940] Building CXX object tests/unit/CMakeFiles/test_c3a_gate_scharfschaltung.dir/test_c3a_gate_scharfschaltung.cpp.o
[1450/1940] Building CXX object tests/unit/CMakeFiles/test_c3b_kanal_merge_beleg.dir/test_c3b_kanal_merge_beleg.cpp.o
[1451/1940] Building CXX object tests/unit/CMakeFiles/test_os_u3_probe.dir/test_os_u3_probe.cpp.o
[1452/1940] Building CXX object tests/unit/CMakeFiles/test_lagp2_messwert_genus.dir/test_lagp2_messwert_genus.cpp.o
[1453/1940] Linking CXX shared library generated/r3_biss_modules/libr3_biss_modul_gates_an.so
[1454/1940] Linking CXX shared library generated/r3_biss_modules/libr3_biss_modul_gates_aus.so
[1455/1940] Building CXX object tests/unit/CMakeFiles/test_h2_score_akte.dir/thesis_tiere/test_h2_score_akte.cpp.o
[1456/1940] Building CXX object tests/unit/CMakeFiles/test_p3_boot_cache_dmi.dir/test_p3_boot_cache_dmi.cpp.o
[1457/1940] Building CXX object tests/unit/CMakeFiles/test_sota_st2_dedup.dir/thesis_tiere/test_sota_st2_dedup.cpp.o
[1458/1940] Building CXX object tests/unit/CMakeFiles/test_d4_ceb_schluessel_wahl.dir/test_d4_ceb_schluessel_wahl.cpp.o
[1459/1940] Building CXX object tests/unit/CMakeFiles/test_progress_heartbeat.dir/test_progress_heartbeat.cpp.o
[1460/1940] Building CXX object tests/unit/CMakeFiles/test_g1_binary_version_stamp.dir/test_g1_binary_version_stamp.cpp.o
[1461/1940] Building CXX object tests/unit/CMakeFiles/test_od10_numa_page_probe.dir/test_od10_numa_page_probe.cpp.o
[1462/1940] Building CXX object tests/unit/CMakeFiles/test_wdk_datasets_fairness.dir/thesis_tiere/test_wdk_datasets_fairness.cpp.o
[1463/1940] Building CXX object tests/unit/CMakeFiles/test_od11_numa_cpu_pin_process_probe.dir/test_od11_numa_cpu_pin_process_probe.cpp.o
[1464/1940] Building CXX object tests/unit/CMakeFiles/test_axis_sweep_coverage.dir/thesis_tiere/test_axis_sweep_coverage.cpp.o
[1465/1940] Building CXX object tests/unit/CMakeFiles/test_simd_add_u64_carry.dir/test_simd_add_u64_carry.cpp.o
[1466/1940] Building CXX object tests/unit/CMakeFiles/test_validate_profile.dir/thesis_tiere/test_validate_profile.cpp.o
[1467/1940] Building CXX object tests/unit/CMakeFiles/test_r3_mess_gates_spiegel.dir/test_r3_mess_gates_spiegel.cpp.o
[1468/1940] Building CXX object tests/unit/CMakeFiles/test_d2_mess_konsistenz_gate.dir/test_d2_mess_konsistenz_gate.cpp.o
[1469/1940] Building CXX object tests/unit/CMakeFiles/test_w10_system_cell_values.dir/test_w10_system_cell_values.cpp.o
[1470/1940] Building CXX object tests/unit/CMakeFiles/test_m_w12_stamp_bausteine.dir/test_m_w12_stamp_bausteine.cpp.o
[1471/1940] Building CXX object tests/unit/CMakeFiles/test_simd_add_u64_carry_avx2.dir/test_simd_add_u64_carry.cpp.o
[1472/1940] Building CXX object tests/unit/CMakeFiles/test_simd_add_u64_carry_avx512.dir/test_simd_add_u64_carry.cpp.o
[1473/1940] Building CXX object tests/unit/CMakeFiles/test_g3_eta_estimator.dir/test_g3_eta_estimator.cpp.o
[1474/1940] Building CXX object tests/unit/CMakeFiles/test_planner_version_flag_grammatik.dir/test_planner_version_flag_grammatik.cpp.o
[1475/1940] Building CXX object tests/unit/CMakeFiles/test_g3_reservation_lifecycle.dir/test_g3_reservation_lifecycle.cpp.o
[1476/1940] Building CXX object tests/unit/CMakeFiles/test_g3_bestandslog_document.dir/test_g3_bestandslog_document.cpp.o
[1477/1940] Building CXX object tests/unit/CMakeFiles/test_smoke_coverage_profile.dir/thesis_tiere/test_smoke_coverage_profile.cpp.o
[1478/1940] Building CXX object tests/unit/CMakeFiles/test_g3_writer_backend_io_uring.dir/test_g3_writer_backend_io_uring.cpp.o
[1479/1940] Building CXX object tests/unit/CMakeFiles/test_g3_ram_spool_writer.dir/test_g3_ram_spool_writer.cpp.o
[1480/1940] Building CXX object tests/unit/CMakeFiles/test_b5_pmc_ehrlichkeit_alle_sieben.dir/test_b5_pmc_ehrlichkeit_alle_sieben.cpp.o
[1481/1940] Building CXX object tests/unit/CMakeFiles/test_g3_batch_planner.dir/test_g3_batch_planner.cpp.o
[1482/1940] Building CXX object tests/unit/CMakeFiles/test_g3_bestandslog_lock.dir/test_g3_bestandslog_lock.cpp.o
[1483/1940] Building CXX object tests/unit/CMakeFiles/test_a1_algo_version_pin_alloc_axis.dir/test_a1_algo_version_pin_alloc_axis.cpp.o
[1484/1940] Building CXX object tests/unit/CMakeFiles/test_bvset_teilmenge.dir/test_bvset_teilmenge.cpp.o
[1485/1940] Building CXX object tests/unit/CMakeFiles/test_a5_eta_kalibrierung.dir/test_a5_eta_kalibrierung.cpp.o
[1486/1940] Building CXX object tests/unit/CMakeFiles/test_reflect_versions_all17.dir/test_reflect_versions_all17.cpp.o
[1487/1940] Building CXX object tests/unit/CMakeFiles/test_b3_wallclock_erbe_ct.dir/test_b3_wallclock_erbe_ct.cpp.o
[1488/1940] Building CXX object tests/unit/CMakeFiles/test_reflect_versions_all_registered.dir/test_reflect_versions_all_registered.cpp.o
[1489/1940] Building CXX object tests/unit/CMakeFiles/test_w2_combo_ct_stamp.dir/test_w2_combo_ct_stamp.cpp.o
[1490/1940] Building CXX object tests/unit/CMakeFiles/test_g3_sha512_index.dir/test_g3_sha512_index.cpp.o
[1491/1940] Building CXX object tests/unit/CMakeFiles/test_b2_gate_zustand_g2an_g3aus.dir/test_b2_gate_zustand_g2an_g3aus.cpp.o
[1492/1940] Building CXX object tests/unit/CMakeFiles/test_g2_variant_sidecar.dir/test_g2_variant_sidecar.cpp.o
[1493/1940] Building CXX object tests/unit/CMakeFiles/test_a2_sha512_skip_gate.dir/test_a2_sha512_skip_gate.cpp.o
[1494/1940] Building CXX object tests/unit/CMakeFiles/test_g3_prune.dir/test_g3_prune.cpp.o
[1495/1940] Building CXX object tests/unit/CMakeFiles/test_a9_xlsx_vendor_rauchtest.dir/test_a9_xlsx_vendor_rauchtest.cpp.o
[1496/1940] Building CXX object tests/unit/CMakeFiles/test_g3_planer_driven.dir/test_g3_planer_driven.cpp.o
[1497/1940] Building CXX object tests/unit/CMakeFiles/test_a9s3_writeback_method_xlsx.dir/test_a9s3_writeback_method_xlsx.cpp.o
[1498/1940] Building CXX object tests/unit/CMakeFiles/test_lb0_lager_pfad_grammatik.dir/test_lb0_lager_pfad_grammatik.cpp.o
[1499/1940] Building CXX object tests/unit/CMakeFiles/test_experiment_plan_director.dir/thesis_tiere/test_experiment_plan_director.cpp.o
[1500/1940] Building CXX object tests/unit/CMakeFiles/test_g3_takeover_sweep.dir/test_g3_takeover_sweep.cpp.o
[1501/1940] Building CXX object tests/unit/CMakeFiles/test_g3_builder_registration.dir/test_g3_builder_registration.cpp.o
[1502/1940] Building CXX object tests/unit/CMakeFiles/test_lb1_knoten_heuristik_log.dir/test_lb1_knoten_heuristik_log.cpp.o
[1503/1940] Building CXX object tests/unit/CMakeFiles/test_g3_lager_presence.dir/test_g3_lager_presence.cpp.o
[1504/1940] Building CXX object tests/unit/CMakeFiles/test_ge3_messwert_genus_und_ziel.dir/test_ge3_messwert_genus_und_ziel.cpp.o
[1505/1940] Building CXX object tests/unit/CMakeFiles/test_a9s3_mess_ebene_blattsorte.dir/test_a9s3_mess_ebene_blattsorte.cpp.o
[1506/1940] Building CXX object tests/unit/CMakeFiles/test_hyg_kumulativer_bereich.dir/test_hyg_kumulativer_bereich.cpp.o
[1507/1940] Building CXX object tests/unit/CMakeFiles/test_ge1_claim_check_und_sidecar.dir/test_ge1_claim_check_und_sidecar.cpp.o
[1508/1940] Building CXX object tests/unit/CMakeFiles/test_mt_l4_registrierungs_wache_isa.dir/test_mt_l4_registrierungs_wache_isa.cpp.o
[1509/1940] Linking CXX shared library generated/naht1_modules_an/comdare_anatomy_perm_naht1_an.so
[1510/1940] Linking CXX shared library generated/naht1_modules_aus/comdare_anatomy_perm_naht1_aus.so
[1511/1940] Building CXX object tests/unit/CMakeFiles/test_a9s3_ergebnis_mappe_csv.dir/test_a9s3_ergebnis_mappe_csv.cpp.o
[1512/1940] Building CXX object tests/unit/CMakeFiles/test_fk1_nicht_gebaut_marker.dir/test_fk1_nicht_gebaut_marker.cpp.o
[1513/1940] Building CXX object tests/unit/CMakeFiles/test_a9s3_xlsx_ergebnis_writer.dir/test_a9s3_xlsx_ergebnis_writer.cpp.o
[1514/1940] Building CXX object tests/unit/CMakeFiles/test_a9s4_realm_scan_stale.dir/test_a9s4_realm_scan_stale.cpp.o
[1515/1940] Building CXX object tests/unit/CMakeFiles/test_b14_abi_adapter_line_subaxis_paths.dir/test_b14_abi_adapter_line_subaxis_paths.cpp.o
[1516/1940] Building CXX object tests/unit/CMakeFiles/test_a8s3_csv_klasse_c.dir/test_a8s3_csv_klasse_c.cpp.o
[1517/1940] Building CXX object tests/unit/CMakeFiles/test_d2_abdeckungs_wache_nenner.dir/test_d2_abdeckungs_wache_nenner.cpp.o
[1518/1940] Building CXX object tests/unit/CMakeFiles/test_lagz1_lager_schluessel_simd.dir/test_lagz1_lager_schluessel_simd.cpp.o
[1519/1940] Building CXX object tests/unit/CMakeFiles/test_g3_artifact_cache_transport.dir/test_g3_artifact_cache_transport.cpp.o
[1520/1940] Building CXX object tests/unit/CMakeFiles/test_d3_6_realm_selektor_produktionsablage.dir/test_d3_6_realm_selektor_produktionsablage.cpp.o
[1521/1940] Building CXX object tests/unit/CMakeFiles/test_rf2_admission_marker_inert.dir/test_rf2_admission_marker_inert.cpp.o
[1522/1940] Building CXX object tests/unit/CMakeFiles/test_a9s4_dynamic_axis_filter.dir/test_a9s4_dynamic_axis_filter.cpp.o
[1523/1940] Building CXX object tests/unit/CMakeFiles/test_m1hb_observer_zellen_ehrlich.dir/test_m1hb_observer_zellen_ehrlich.cpp.o
[1524/1940] Building CXX object tests/unit/CMakeFiles/test_warn1_d2_fingerprint_koeder.dir/test_warn1_d2_fingerprint_koeder.cpp.o
[1525/1940] Building CXX object tests/unit/CMakeFiles/test_d55_hdr_verdrahtung.dir/test_d55_hdr_verdrahtung.cpp.o
[1526/1940] Building CXX object tests/unit/CMakeFiles/test_t6_biss_sichtbarkeits_wache.dir/test_t6_biss_sichtbarkeits_wache.cpp.o
[1527/1940] Building CXX object tests/unit/CMakeFiles/test_d2g1_ctest_registrierung.dir/test_d2g1_ctest_registrierung.cpp.o
[1528/1940] Building CXX object tests/unit/CMakeFiles/test_t6_biss_achsen_roundtrip_wache.dir/test_t6_biss_achsen_roundtrip_wache.cpp.o
[1529/1940] Building CXX object tests/unit/CMakeFiles/test_a9s4_mess_report_render.dir/test_a9s4_mess_report_render.cpp.o
[1530/1940] Building CXX object tests/unit/CMakeFiles/test_ck1_messkette_koeder.dir/test_ck1_messkette_koeder.cpp.o
[1531/1940] Building CXX object tests/unit/CMakeFiles/test_t6_wachen_inventar.dir/test_t6_wachen_inventar.cpp.o
[1532/1940] Building CXX object tests/unit/CMakeFiles/test_pa1_tote_ausnahme.dir/test_pa1_tote_ausnahme.cpp.o
[1533/1940] Building CXX object tests/unit/CMakeFiles/test_naht1_mess_visitor_biss.dir/test_naht1_mess_visitor_biss.cpp.o
[1534/1940] Building CXX object tests/unit/CMakeFiles/test_flaeche3_deckung_ceb_aus_tier_an.dir/test_flaeche3_deckung_ceb_aus_tier_an.cpp.o
[1535/1940] Building CXX object tests/unit/CMakeFiles/test_t6_biss_registrierungs_wache.dir/test_t6_biss_registrierungs_wache.cpp.o
[1536/1940] Building CXX object tests/unit/CMakeFiles/test_warn2a_block_id_bidirektional.dir/test_warn2a_block_id_bidirektional.cpp.o
[1537/1940] Building CXX object tests/unit/CMakeFiles/test_anker_marke_statt_ledgerzeile.dir/test_anker_marke_statt_ledgerzeile.cpp.o
[1538/1940] Building CXX object tests/unit/CMakeFiles/test_a9s4_skip_manifest.dir/test_a9s4_skip_manifest.cpp.o
[1539/1940] Building CXX object tests/unit/CMakeFiles/test_lg_xlsx_alt_nie_vernichten.dir/test_lg_xlsx_alt_nie_vernichten.cpp.o
[1540/1940] Building CXX object tests/unit/CMakeFiles/test_lizenz_konsistenz.dir/test_lizenz_konsistenz.cpp.o
[1541/1940] Building CXX object tests/unit/CMakeFiles/test_a9s5_ergebnis_mappe_naht.dir/test_a9s5_ergebnis_mappe_naht.cpp.o
[1542/1940] Building CXX object tests/unit/CMakeFiles/test_vs_taxonomie_klassen_grep.dir/test_vs_taxonomie_klassen_grep.cpp.o
[1543/1940] Building CXX object tests/unit/CMakeFiles/test_k2_stufen_neutraler_loader.dir/test_k2_stufen_neutraler_loader.cpp.o
[1544/1940] Building CXX object tests/unit/CMakeFiles/test_simd_organ_achsen_deckung.dir/test_simd_organ_achsen_deckung.cpp.o
[1545/1940] Building CXX object tests/unit/CMakeFiles/test_s3_ordnung_relation.dir/test_s3_ordnung_relation.cpp.o
[1546/1940] Building CXX object tests/unit/CMakeFiles/test_vl3_debug_stdout_bytegleich.dir/test_vl3_debug_stdout_bytegleich.cpp.o
[1547/1940] Building CXX object tests/unit/CMakeFiles/test_s3_ordnung_freigabe.dir/test_s3_ordnung_freigabe.cpp.o
[1548/1940] Building CXX object tests/unit/CMakeFiles/test_pk_klemm_json.dir/test_pk_klemm_json.cpp.o
[1549/1940] Building CXX object tests/unit/CMakeFiles/test_configure_enable_gnu.dir/test_configure_enable_gnu.cpp.o
[1550/1940] Building CXX object tests/unit/CMakeFiles/test_lg_host_binder.dir/test_lg_host_binder.cpp.o
[1551/1940] Building CXX object tests/unit/CMakeFiles/test_g2_semantik_duplikatverbot.dir/test_g2_semantik_duplikatverbot.cpp.o
[1552/1940] Building CXX object tests/unit/CMakeFiles/test_s1_stempel_basis_vertrag.dir/test_s1_stempel_basis_vertrag.cpp.o
[1553/1940] Building CXX object tests/unit/CMakeFiles/test_ci_coverage_guard_strikt.dir/test_ci_coverage_guard_strikt.cpp.o
[1554/1940] Building CXX object tests/unit/CMakeFiles/test_xl_l4_na_konkurrenz.dir/test_xl_l4_na_konkurrenz.cpp.o
[1555/1940] Building CXX object tests/unit/CMakeFiles/test_genus_ct_komposition.dir/test_genus_ct_komposition.cpp.o
[1556/1940] Building CXX object tests/unit/CMakeFiles/test_variant_hauswache.dir/test_variant_hauswache.cpp.o
[1557/1940] Building CXX object tests/unit/CMakeFiles/test_registry_gen_out_pflicht.dir/test_registry_gen_out_pflicht.cpp.o
[1558/1940] Building CXX object tests/unit/CMakeFiles/test_pmc_raw_event_katalog.dir/test_pmc_raw_event_katalog.cpp.o
[1559/1940] Building CXX object tests/unit/CMakeFiles/test_lg_idempotenz_beide_wdh.dir/test_lg_idempotenz_beide_wdh.cpp.o
[1560/1940] Building CXX object tests/unit/CMakeFiles/test_s8_traeger_grenzwache.dir/test_s8_traeger_grenzwache.cpp.o
[1561/1940] Building CXX object tests/unit/CMakeFiles/test_pmc_startup_pruefung.dir/test_pmc_startup_pruefung.cpp.o
[1562/1940] Building CXX object tests/unit/CMakeFiles/test_bestand_schluessel_schema.dir/test_bestand_schluessel_schema.cpp.o
[1563/1940] Building CXX object tests/unit/CMakeFiles/test_s6c_kategorien_ordnung_zwei_welten.dir/test_s6c_kategorien_ordnung_zwei_welten.cpp.o
[1564/1940] Linking CXX static library lib/libgmock_main.a
[1565/1940] Linking CXX executable libs/cache_engine/builder/commands/tests/test_commands
[1566/1940] Linking CXX executable libs/cache_engine/builder/commands/tests/test_engine_adapters
[1567/1940] Building CXX object tests/unit/CMakeFiles/test_parameter_filter_registry_skelett.dir/test_parameter_filter_registry_skelett.cpp.o
[1568/1940] Linking CXX executable apps/cache_engine_builder/comdare-cache-engine-builder
[1569/1940] Linking CXX executable apps/f15_compare/comdare-f15-compare
[1570/1940] Linking CXX executable tests/unit/test_pressure_state
[1571/1940] Linking CXX executable tests/unit/test_cache_recommendation
[1572/1940] Building CXX object tests/unit/CMakeFiles/test_kanal_id_schema.dir/test_kanal_id_schema.cpp.o
[1573/1940] Linking CXX executable tests/unit/test_cpuid_probe
[1574/1940] Linking CXX executable tests/unit/test_permutation_flags
[1575/1940] Linking CXX executable tests/unit/test_event_hierarchy
[1576/1940] Linking CXX executable tests/unit/test_observer_registry
[1577/1940] Linking CXX executable tests/unit/test_decision_lambda_registry
[1578/1940] Linking CXX executable tests/unit/test_decision_trees
[1579/1940] Linking CXX executable tests/unit/test_concurrency_disciplines
[1580/1940] Linking CXX executable tests/unit/test_platform_concepts
[1581/1940] Linking CXX executable tests/unit/test_telemetry_strategies
[1582/1940] Building CXX object tests/unit/CMakeFiles/test_s13_01_csv_kind_projektion.dir/test_s13_01_csv_kind_projektion.cpp.o
[1583/1940] Linking CXX executable tests/unit/test_cache_hierarchy_and_mode
[1584/1940] Linking CXX executable tests/unit/test_measurement_buffer
[1585/1940] Linking CXX executable tests/unit/test_sub_engines
[1586/1940] Linking CXX executable tests/unit/test_allocator_concepts
[1587/1940] Linking CXX executable tests/unit/test_abi_interface
[1588/1940] Linking CXX executable tests/unit/test_config_durability
[1589/1940] Linking CXX executable tests/unit/test_t15_drift_gate_messschleife
[1590/1940] Linking CXX executable tests/unit/test_test_data_accumulation
[1591/1940] Linking CXX executable tests/unit/test_chaos_drift_gate
[1592/1940] Linking CXX executable tests/unit/test_benchmark_suite
[1593/1940] Linking CXX executable tests/unit/test_workload_and_experiment
[1594/1940] Linking CXX executable tests/unit/test_allocator_full_matrix
[1595/1940] Linking CXX executable tests/unit/test_builder_codegen
[1596/1940] Building CXX object tests/unit/CMakeFiles/test_begriffs_alias_registry.dir/test_begriffs_alias_registry.cpp.o
[1597/1940] Linking CXX executable tests/unit/test_ycsb_cli
[1598/1940] Linking CXX executable tests/unit/test_codegen_from_profile
[1599/1940] Linking CXX executable tests/unit/test_latex_anhang
[1600/1940] Linking CXX executable tests/unit/test_permutation_sampling
[1601/1940] Linking CXX executable tests/unit/test_experiment_driver_v13
[1602/1940] Linking CXX executable tests/unit/test_rcu
[1603/1940] Linking CXX executable tests/unit/test_succinct
[1604/1940] Linking CXX executable tests/unit/test_rcu_concurrency
[1605/1940] Linking CXX executable tests/unit/test_hbm_hierarchy
[1606/1940] Linking CXX executable tests/unit/test_module_loader
[1607/1940] Building CXX object tests/unit/CMakeFiles/test_o2_standard_opt_default.dir/test_o2_standard_opt_default.cpp.o
[1608/1940] Linking CXX executable tests/unit/test_v41_indexes
[1609/1940] Building CXX object tests/unit/CMakeFiles/test_e07_gate_kriterien.dir/test_e07_gate_kriterien.cpp.o
[1610/1940] Linking CXX executable tests/unit/test_v31_adapters
[1611/1940] Linking CXX executable tests/unit/test_ctsha512
[1612/1940] Linking CXX executable tests/unit/test_v41_compositions
[1613/1940] Linking CXX executable tests/unit/test_v41_topic_allocator_axis_06
[1614/1940] Linking CXX executable tests/unit/test_v41_paper_legacy_code
[1615/1940] Linking CXX executable tests/unit/test_v41_topic_queuing
[1616/1940] Linking CXX executable tests/unit/test_v41_topics_fundament
[1617/1940] Linking CXX executable tests/unit/test_v41_topic_traversal
[1618/1940] Linking CXX executable tests/unit/test_v41_anatomy_observer
[1619/1940] Linking CXX executable tests/unit/test_v41_tier_observe_trace
[1620/1940] Linking CXX executable tests/unit/test_v41_axis_03a_cross_variant_equivalence
[1621/1940] Linking CXX executable tests/unit/test_v41_anatomy_r4_driver
[1622/1940] Linking CXX executable tests/unit/test_v41_anatomy
[1623/1940] Linking CXX executable tests/unit/test_ap7_swisstable
[1624/1940] Linking CXX executable tests/unit/test_ap8_hdr_histogram
[1625/1940] Linking CXX executable tests/unit/test_ap7b3_swiss_isa_group_match
[1626/1940] Building CXX object tests/unit/CMakeFiles/test_stempel_vollbestand_registry.dir/test_stempel_vollbestand_registry.cpp.o
[1627/1940] Linking CXX executable tests/unit/test_vampir_nfp_allocator
[1628/1940] Linking CXX executable tests/unit/test_ap7b_swiss_organ
[1629/1940] Linking CXX executable tests/unit/test_v41_anatomy_base
[1630/1940] Linking CXX executable tests/unit/test_v41_anatomy_pruefling_merge
[1631/1940] Linking CXX executable tests/unit/test_v41_axis_03a_tier_organ_equivalence
[1632/1940] Linking CXX executable tests/unit/test_v41_execution_engine
[1633/1940] Linking CXX executable tests/unit/test_v41_anatomy_multi_codegen
[1634/1940] Linking CXX executable tests/unit/test_v41_anatomy_codegen_tool
[1635/1940] Linking CXX executable tests/unit/test_v41_anatomy_codegen
[1636/1940] Linking CXX executable tests/unit/test_v41_anatomy_module_loader
[1637/1940] Linking CXX executable tests/unit/test_v41_search_algorithm_permutation_engine
[1638/1940] Linking CXX executable tests/unit/test_v41_anatomy_module_abi
[1639/1940] Linking CXX executable tests/unit/test_v41_anatomy_codegen_tool_mp_list
[1640/1940] Linking CXX executable tests/unit/test_v41_workload_generator
[1641/1940] Linking CXX executable tests/unit/test_v41_anatomy_codegen_tool_traits
[1642/1940] Linking CXX executable tests/unit/test_v41_axis_12_general_hardware
[1643/1940] Linking CXX executable tests/unit/test_v41_axis_02_axis_04_nodes
[1644/1940] Linking CXX executable tests/unit/test_v41_axis_07_prefetch
[1645/1940] Linking CXX executable tests/unit/test_v41_axis_05_memory_layout
[1646/1940] Linking CXX executable tests/unit/test_v41_axis_14_value_handle
[1647/1940] Linking CXX executable tests/unit/test_v41_axis_10_serialization
[1648/1940] Linking CXX executable tests/unit/test_v41_serialization_primitives
[1649/1940] Linking CXX executable tests/unit/test_v41_axis_11_telemetry
[1650/1940] Linking CXX executable tests/unit/test_v41_axis_08_concurrency
[1651/1940] Linking CXX executable tests/unit/test_v41_status_code
[1652/1940] Building CXX object tests/unit/CMakeFiles/test_e8_bytes_in_use_peak_demo.dir/test_e8_bytes_in_use_peak_demo.cpp.o
[1653/1940] Linking CXX executable tests/unit/test_v41_axis_01_page_type
[1654/1940] Linking CXX executable tests/unit/test_v41_axis_filter
[1655/1940] Linking CXX executable tests/unit/test_v41_axis_filter_surf_louds_organ
[1656/1940] Linking CXX executable tests/unit/test_pruefling_fixture_ladung
[1657/1940] Building CXX object tests/unit/CMakeFiles/test_d37b_modus_riegel.dir/test_d37b_modus_riegel.cpp.o
[1658/1940] Linking CXX executable tests/unit/test_v41_axis_io
[1659/1940] Linking CXX executable tests/unit/test_v41_axis_migration
[1660/1940] Linking CXX executable tests/unit/test_v41_axis_filter_surf_organ
[1661/1940] Linking CXX executable tests/unit/test_v41_axis_01_index_organization
[1662/1940] Linking CXX executable tests/unit/test_v41_pruefling_registry
[1663/1940] Linking CXX executable tests/unit/test_v41_r5c3_isa_simd_cross_constraint
[1664/1940] Linking CXX executable tests/unit/test_v41_axis_09_isa
[1665/1940] Linking CXX executable tests/unit/test_v41_axis_09b_simd_extension
[1666/1940] Linking CXX executable tests/unit/test_v41_anatomy_r5i_configure_codegen
[1667/1940] Linking CXX executable tests/unit/test_v5_two_phase_driver
[1668/1940] Linking CXX executable tests/unit/test_v5_conformance_gate
[1669/1940] Linking CXX executable tests/unit/test_v5_memento_axis
[1670/1940] Linking CXX executable tests/unit/test_v41_anatomy_adhoc_codegen_macro
[1671/1940] Linking CXX executable tests/unit/test_v5_measurement_snapshot
[1672/1940] Linking CXX executable tests/unit/test_v5_workload_orchestrator
[1673/1940] Linking CXX executable tests/unit/test_d54_trace_schema
[1674/1940] Linking CXX executable tests/unit/test_heuristik_spline_break_even
[1675/1940] Building CXX object tests/unit/CMakeFiles/test_w0b_durchstich_kette.dir/test_w0b_durchstich_kette.cpp.o
[1676/1940] Linking CXX executable tests/unit/test_v41_pruef_dock_search_algorithm
[1677/1940] Linking CXX executable tests/unit/test_v41_anatomy_f15_measurement
[1678/1940] Linking CXX executable tests/unit/test_d51_perzentil_kanon
[1679/1940] Linking CXX executable tests/unit/test_ap13_thread_pinning
[1680/1940] Linking CXX executable tests/unit/test_ap10_dataset_akte
[1681/1940] Linking CXX executable tests/unit/test_184_dataset_loader_wiring
[1682/1940] Linking CXX executable tests/unit/test_25_kanon_dataset_akten
[1683/1940] Linking CXX executable tests/unit/test_ap9_provenance_manifest
[1684/1940] Linking CXX executable tests/unit/test_heuristik_workload_cluster
[1685/1940] Linking CXX executable tests/unit/test_45_sosd_uint64_loader
[1686/1940] Linking CXX executable tests/unit/test_v5_disk_memento
[1687/1940] Linking CXX executable tests/unit/test_v41_codegen_type_name
[1688/1940] Linking CXX executable tests/unit/test_v5_ycsb_distribution
[1689/1940] Linking CXX executable tests/unit/test_v41_scan_range_organ
[1690/1940] Linking CXX executable tests/unit/test_d1_d2_selection
[1691/1940] Linking CXX executable tests/unit/test_v5_organ_memento
[1692/1940] Linking CXX executable tests/unit/test_v41_anatomy_adhoc_autobuilt_load
[1693/1940] Linking CXX executable tests/unit/test_v41_cache_engine_tools_facade
[1694/1940] Linking CXX executable tests/unit/test_v5_ycsb_op_set
[1695/1940] Linking CXX executable tests/unit/test_e24_c5_fk8_genus_baupfad_d1
[1696/1940] Building CXX object tests/unit/CMakeFiles/test_stempel_zulassung_bruecke.dir/test_stempel_zulassung_bruecke.cpp.o
[1697/1940] Linking CXX executable tests/unit/test_v41_anatomy_adhoc_dll_load
[1698/1940] Linking CXX executable tests/unit/test_v41_codegen_all_axes_umbrella
[1699/1940] Linking CXX executable tests/unit/test_pruef_only_gate
[1700/1940] Linking CXX executable tests/unit/test_v41_cache_engine_facade
[1701/1940] Linking CXX executable tests/unit/test_hy_a1_heuristik_adapter_gattung
[1702/1940] Linking CXX executable tests/unit/test_hy_f8_reroute
[1703/1940] Linking CXX executable tests/unit/test_hy_a2_stempel_kette
[1704/1940] Linking CXX executable tests/unit/test_a8s1_t17_vollzaehligkeit
[1705/1940] Linking CXX executable tests/unit/test_a8s3_t17_stats_lesezeitpunkt
[1706/1940] Linking CXX executable tests/unit/test_hy_a1_dock_contract
[1707/1940] Linking CXX executable tests/unit/test_seg_coverage
[1708/1940] Linking CXX executable tests/unit/test_s2_pull_tier_binary
[1709/1940] Linking CXX executable tests/unit/test_hy_a3_hybrid_config_parser
[1710/1940] Linking CXX executable tests/unit/test_kf16_build_orchestrator
[1711/1940] Linking CXX executable tests/unit/test_e24_c10_g6_identitaets_bilanz
[1712/1940] Linking CXX executable tests/unit/test_w10_c4_zellwert_naht
[1713/1940] Linking CXX executable tests/unit/test_s5_01a_pool_stores_perf_sanity
[1714/1940] Linking CXX executable tests/unit/test_w6_parallel_provision
[1715/1940] Linking CXX executable tests/unit/test_q2_identitaets_riegel
[1716/1940] Linking CXX executable tests/unit/test_a15_fk3_axis_error_traits
[1717/1940] Linking CXX executable tests/unit/test_hy_a1_attach_nur_array_include
[1718/1940] Linking CXX executable tests/unit/test_a15_fk4_organ_slot_traits
[1719/1940] Linking CXX executable tests/unit/test_kf16b_build_resilience
[1720/1940] Linking CXX executable tests/unit/test_all19_segment_timer
[1721/1940] Linking CXX executable tests/unit/test_m8_storetrav_segment
[1722/1940] Building CXX object tests/unit/CMakeFiles/test_t2a_f4_facade_plan_durchreichung.dir/test_t2a_f4_facade_plan_durchreichung.cpp.o
[1723/1940] Linking CXX executable tests/unit/test_a8s4_konstitutiv_kette
[1724/1940] Linking CXX executable tests/unit/test_phase_b_effective_search_algo_contrast
[1725/1940] Linking CXX executable tests/unit/test_obs_phaseA
[1726/1940] Linking CXX executable tests/unit/test_obs_phaseB_pilot
[1727/1940] Linking CXX executable tests/unit/test_a8s4_release_pfad_neutralitaet
[1728/1940] Linking CXX executable tests/unit/test_ap15_3_driveable_map_contract
[1729/1940] Linking CXX executable tests/unit/test_188_4bbV_pool_adapter_flip_compile
[1730/1940] Linking CXX executable tests/unit/test_striktheit_axis_dach_guard
[1731/1940] Linking CXX executable tests/unit/test_29_container_framework
[1732/1940] Linking CXX executable tests/unit/test_meta_meta_halbordnung
[1733/1940] Linking CXX executable tests/unit/test_rf3_betriebssystem_feature_fehlt
[1734/1940] Linking CXX executable tests/unit/test_234_va_shaped_adapter
[1735/1940] Linking CXX executable tests/unit/test_axis_error_taxonomy
[1736/1940] Linking CXX executable tests/unit/test_a14_os_sub_axes_guard
[1737/1940] Linking CXX executable tests/unit/test_188_4bb0_pool_organ_wide_key_conformance
[1738/1940] Linking CXX executable tests/unit/test_ap15_2_get_allocator_proxy
[1739/1940] Linking CXX executable tests/unit/test_s7_1_bst_pool_allocator_deg
[1740/1940] Linking CXX executable tests/unit/test_s7_2_btree_pool_allocator_deg
[1741/1940] Building CXX object tests/unit/CMakeFiles/test_c13_selektiver_rebuild.dir/test_c13_selektiver_rebuild.cpp.o
[1742/1940] Linking CXX executable tests/unit/test_striktheit_abi_pod_guard
[1743/1940] Linking CXX executable tests/unit/test_striktheit_metaprog_guard
[1744/1940] Linking CXX executable tests/unit/test_striktheit_scan_kernel_purity
[1745/1940] Linking CXX executable tests/unit/test_cmd1_a_axis_command_base
[1746/1940] Linking CXX executable tests/unit/test_s7_3_skip_list_pool_allocator_deg
[1747/1940] Linking CXX executable tests/unit/test_s7_6_hot_pool_allocator_deg
[1748/1940] Linking CXX executable tests/unit/test_234_f2_skip_list_shape
[1749/1940] Linking CXX executable tests/unit/test_s7_8_wormhole_pool_allocator_deg
[1750/1940] Linking CXX executable tests/unit/test_s7_7_start_pool_allocator_deg
[1751/1940] Linking CXX executable tests/unit/test_striktheit_axes_guard
[1752/1940] Linking CXX executable tests/unit/test_234_f3_bst_shape
[1753/1940] Linking CXX executable tests/unit/test_s7_10_swiss_pool_allocator_deg
[1754/1940] Linking CXX executable tests/unit/test_234_f4_hash_probe_shape
[1755/1940] Linking CXX executable tests/unit/test_s7_4_hash_pool_allocator_deg
[1756/1940] Linking CXX executable tests/unit/test_234_vb_rest_families_shaped
[1757/1940] Linking CXX executable tests/unit/test_188_4a_eytzinger_organ
[1758/1940] Linking CXX executable tests/unit/test_s7_5_art_pool_allocator_deg
[1759/1940] Linking CXX executable tests/unit/m3v2_pmc_smoke
[1760/1940] Linking CXX executable tests/unit/test_s7_9_surf_pool_allocator_deg
[1761/1940] Linking CXX executable tests/unit/test_216h2_stat_reset_after_load
[1762/1940] Linking CXX executable tests/unit/test_221_rc_prefetch_distance
[1763/1940] Linking CXX executable tests/unit/test_234_f1_btree_order_shape
[1764/1940] Linking CXX executable tests/unit/test_abi_adapter_g3_batch2
[1765/1940] Linking CXX executable tests/unit/test_217_2a_capacity_guard
[1766/1940] Linking CXX executable tests/unit/test_harness_compile
[1767/1940] Linking CXX executable tests/unit/test_188_4cii_flat_wrapper_traversal
[1768/1940] Linking CXX executable tests/unit/test_b3_schema_freeze_stufe1
[1769/1940] Linking CXX executable tests/unit/test_188_4c0_known_compositions_conformance
[1770/1940] Linking CXX executable tests/unit/test_e1_contract_rc_konsum
[1771/1940] Linking CXX executable tests/unit/test_lagp2_messwert_genus
[1772/1940] Linking CXX executable tests/unit/test_w5_status_reader
[1773/1940] Linking CXX executable tests/unit/test_lg_skip_callback_null
[1774/1940] Linking CXX executable tests/unit/test_lazy_resume_binary
[1775/1940] Linking CXX executable tests/unit/test_f3_lager_key_provider_iterator
[1776/1940] Linking CXX executable tests/unit/test_mt_l3_wide_schema_orakel
[1777/1940] Linking CXX executable tests/unit/test_a5_eta_slice_verdrahtung
[1778/1940] Linking CXX executable tests/unit/test_vor_push_gate
[1779/1940] Linking CXX executable tests/unit/test_ap2_katalog_pfad_stubfrei
[1780/1940] Linking CXX executable tests/unit/test_axis_kind_wire_totalitaet
[1781/1940] Linking CXX executable tests/unit/test_tp1_planer_filter_iterator
[1782/1940] Linking CXX executable tests/unit/test_profile_coverage
[1783/1940] Linking CXX executable tests/unit/test_org18_persistence_target
[1784/1940] Linking CXX executable tests/unit/test_axis_kind_kategorien_zuordnung
[1785/1940] Linking CXX executable tests/unit/test_wdk_datasets_fairness
[1786/1940] Linking CXX executable tests/unit/test_experiment_parser
[1787/1940] Linking CXX executable tests/unit/test_merge_plan_directive
[1788/1940] Linking CXX executable tests/unit/test_experiment_kern_seam
[1789/1940] Linking CXX executable tests/unit/test_axis_sweep_coverage
[1790/1940] Linking CXX executable tests/unit/test_a9b_active_deklaration_inert
[1791/1940] Linking CXX executable tests/unit/test_measurement_categories
[1792/1940] Linking CXX executable tests/unit/test_m_contract_system_axis_wurzel
[1793/1940] Linking CXX executable tests/unit/test_p1_spd_ddr5_parser
[1794/1940] Linking CXX executable tests/unit/test_smoke_coverage_profile
[1795/1940] Linking CXX executable tests/unit/test_sota_st2_dedup
[1796/1940] Linking CXX executable tests/unit/test_m_simd_feature_flag_catalog
[1797/1940] Linking CXX executable tests/unit/test_experiment_projection
[1798/1940] Linking CXX executable tests/unit/test_p2_ram_identity_verdict
[1799/1940] Linking CXX executable tests/unit/test_h2_score_akte
[1800/1940] Linking CXX executable tests/unit/test_p2_ram_probe_chain
[1801/1940] Linking CXX executable tests/unit/test_o4_machine_identity
[1802/1940] Linking CXX executable tests/unit/test_od11_numa_cpu_pin_process_probe
[1803/1940] Linking CXX executable tests/unit/test_od10_numa_page_probe
[1804/1940] Linking CXX executable tests/unit/test_validate_profile
[1805/1940] Linking CXX executable tests/unit/test_c3a_gate_scharfschaltung
[1806/1940] Linking CXX executable tests/unit/test_experiment_plan_director
[1807/1940] Linking CXX executable tests/unit/test_m_w12_stamp_bausteine
[1808/1940] Linking CXX executable tests/unit/test_w2_combo_ct_stamp
[1809/1940] Linking CXX executable tests/unit/test_d2_mess_konsistenz_gate
[1810/1940] Linking CXX executable tests/unit/test_r3_mess_gates_spiegel
[1811/1940] Linking CXX executable tests/unit/test_p3_boot_cache_dmi
[1812/1940] Linking CXX executable tests/unit/test_os_u3_probe
[1813/1940] Linking CXX executable tests/unit/test_b3_wallclock_erbe_ct
[1814/1940] Linking CXX executable tests/unit/test_g1_binary_version_stamp
[1815/1940] Linking CXX executable tests/unit/test_c3b_kanal_merge_beleg
[1816/1940] Linking CXX executable tests/unit/test_d4_ceb_schluessel_wahl
[1817/1940] Linking CXX executable tests/unit/test_b5_pmc_ehrlichkeit_alle_sieben
[1818/1940] Linking CXX executable tests/unit/test_progress_heartbeat
[1819/1940] Linking CXX executable tests/unit/test_b2_gate_zustand_g2an_g3aus
[1820/1940] Linking CXX executable tests/unit/test_simd_add_u64_carry_avx512
[1821/1940] Linking CXX executable tests/unit/test_simd_add_u64_carry
[1822/1940] Linking CXX executable tests/unit/test_w10_system_cell_values
[1823/1940] Linking CXX executable tests/unit/test_simd_add_u64_carry_avx2
[1824/1940] Linking CXX executable tests/unit/test_lagz1_lager_schluessel_simd
[1825/1940] Linking CXX executable tests/unit/test_a1_algo_version_pin_alloc_axis
[1826/1940] Linking CXX executable tests/unit/test_planner_version_flag_grammatik
[1827/1940] Linking CXX executable tests/unit/test_g3_bestandslog_document
[1828/1940] Linking CXX executable tests/unit/test_g3_eta_estimator
[1829/1940] Building CXX object tests/unit/CMakeFiles/test_limits_entkopplung_vorstufe.dir/test_limits_entkopplung_vorstufe.cpp.o
[1830/1940] Linking CXX executable tests/unit/test_g3_batch_planner
[1831/1940] Linking CXX executable tests/unit/test_g2_variant_sidecar
[1832/1940] Linking CXX executable tests/unit/test_g3_bestandslog_lock
[1833/1940] Linking CXX executable tests/unit/test_reflect_versions_all17
[1834/1940] Linking CXX executable tests/unit/test_g3_reservation_lifecycle
[1835/1940] Linking CXX executable tests/unit/test_reflect_versions_all_registered
[1836/1940] Linking CXX executable tests/unit/test_a2_sha512_skip_gate
[1837/1940] Linking CXX executable tests/unit/test_g3_ram_spool_writer
[1838/1940] Linking CXX executable tests/unit/test_g3_sha512_index
[1839/1940] Linking CXX executable tests/unit/test_g3_writer_backend_io_uring
[1840/1940] Linking CXX executable tests/unit/test_a5_eta_kalibrierung
[1841/1940] Linking CXX executable tests/unit/test_bvset_teilmenge
[1842/1940] Linking CXX executable tests/unit/test_g3_builder_registration
[1843/1940] Linking CXX executable tests/unit/test_t2a_f4_facade_plan_durchreichung
[1844/1940] Linking CXX executable tests/unit/test_lb1_knoten_heuristik_log
[1845/1940] Linking CXX executable tests/unit/test_fk1_nicht_gebaut_marker
[1846/1940] Linking CXX executable tests/unit/test_lb0_lager_pfad_grammatik
[1847/1940] Linking CXX executable tests/unit/test_a8s3_csv_klasse_c
[1848/1940] Linking CXX executable tests/unit/test_g3_takeover_sweep
[1849/1940] Linking CXX executable tests/unit/test_g3_planer_driven
[1850/1940] Linking CXX executable tests/unit/test_rf2_admission_marker_inert
[1851/1940] Linking CXX executable tests/unit/test_m1hb_observer_zellen_ehrlich
[1852/1940] Linking CXX executable tests/unit/test_g3_prune
[1853/1940] Linking CXX executable tests/unit/test_ge3_messwert_genus_und_ziel
[1854/1940] Linking CXX executable tests/unit/test_d37b_modus_riegel
[1855/1940] Linking CXX executable tests/unit/test_ge1_claim_check_und_sidecar
[1856/1940] Building CXX object tests/unit/CMakeFiles/test_t15b_retry_warmup_paar.dir/test_t15b_retry_warmup_paar.cpp.o
[1857/1940] Linking CXX executable tests/unit/test_a9s3_writeback_method_xlsx
[1858/1940] Linking CXX executable tests/unit/test_a9s3_mess_ebene_blattsorte
[1859/1940] Linking CXX executable tests/unit/test_mt_l4_registrierungs_wache_isa
[1860/1940] Linking CXX executable tests/unit/test_g3_lager_presence
[1861/1940] Linking CXX executable tests/unit/test_a9_xlsx_vendor_rauchtest
[1862/1940] Linking CXX executable tests/unit/test_b14_abi_adapter_line_subaxis_paths
[1863/1940] Linking CXX executable tests/unit/test_a9s3_xlsx_ergebnis_writer
[1864/1940] Linking CXX executable tests/unit/test_g3_artifact_cache_transport
[1865/1940] Linking CXX executable tests/unit/test_a9s4_realm_scan_stale
[1866/1940] Linking CXX executable tests/unit/test_hyg_kumulativer_bereich
[1867/1940] Linking CXX executable tests/unit/test_a9s3_ergebnis_mappe_csv
[1868/1940] Linking CXX executable tests/unit/test_ck1_messkette_koeder
[1869/1940] Linking CXX executable tests/unit/test_d2_abdeckungs_wache_nenner
[1870/1940] Linking CXX executable tests/unit/test_a9s5_ergebnis_mappe_naht
[1871/1940] Linking CXX executable tests/unit/test_lg_xlsx_alt_nie_vernichten
[1872/1940] Linking CXX executable tests/unit/test_limits_entkopplung_vorstufe
[1873/1940] Linking CXX executable tests/unit/test_a9s4_mess_report_render
[1874/1940] Linking CXX executable tests/unit/test_naht1_mess_visitor_biss
[1875/1940] Linking CXX executable tests/unit/test_flaeche3_deckung_ceb_aus_tier_an
[1876/1940] Linking CXX executable tests/unit/test_d3_6_realm_selektor_produktionsablage
[1877/1940] Linking CXX executable tests/unit/test_d2g1_ctest_registrierung
[1878/1940] Linking CXX executable tests/unit/test_a9s4_dynamic_axis_filter
[1879/1940] Linking CXX executable tests/unit/test_t6_wachen_inventar
[1880/1940] Linking CXX executable tests/unit/test_t6_biss_achsen_roundtrip_wache
[1881/1940] Linking CXX executable tests/unit/test_warn1_d2_fingerprint_koeder
[1882/1940] Linking CXX executable tests/unit/test_d55_hdr_verdrahtung
[1883/1940] Linking CXX executable tests/unit/test_a9s4_skip_manifest
[1884/1940] Linking CXX executable tests/unit/test_lizenz_konsistenz
[1885/1940] Linking CXX executable tests/unit/test_t6_biss_registrierungs_wache
[1886/1940] Linking CXX executable tests/unit/test_pa1_tote_ausnahme
[1887/1940] Linking CXX executable tests/unit/test_warn2a_block_id_bidirektional
[1888/1940] Linking CXX executable tests/unit/test_t6_biss_sichtbarkeits_wache
[1889/1940] Linking CXX executable tests/unit/test_anker_marke_statt_ledgerzeile
[1890/1940] Linking CXX executable tests/unit/test_vs_taxonomie_klassen_grep
[1891/1940] Linking CXX executable tests/unit/test_s3_ordnung_relation
[1892/1940] Building CXX object tests/unit/CMakeFiles/test_s13_03_per_binary_mappe.dir/test_s13_03_per_binary_mappe.cpp.o
[1893/1940] Linking CXX executable tests/unit/test_s1_stempel_basis_vertrag
[1894/1940] Linking CXX executable tests/unit/test_s3_ordnung_freigabe
[1895/1940] Linking CXX executable tests/unit/test_simd_organ_achsen_deckung
[1896/1940] Linking CXX executable tests/unit/test_stempel_vollbestand_registry
[1897/1940] Linking CXX executable tests/unit/test_vl3_debug_stdout_bytegleich
[1898/1940] Linking CXX executable tests/unit/test_k2_stufen_neutraler_loader
[1899/1940] Linking CXX executable tests/unit/test_w0b_durchstich_kette
[1900/1940] Linking CXX executable tests/unit/test_pk_klemm_json
[1901/1940] Linking CXX executable tests/unit/test_stempel_zulassung_bruecke
[1902/1940] Linking CXX executable tests/unit/test_genus_ct_komposition
[1903/1940] Linking CXX executable tests/unit/test_g2_semantik_duplikatverbot
[1904/1940] Linking CXX executable tests/unit/test_ci_coverage_guard_strikt
[1905/1940] Linking CXX executable tests/unit/test_registry_gen_out_pflicht
[1906/1940] Linking CXX executable tests/unit/test_t15b_retry_warmup_paar
[1907/1940] Linking CXX executable tests/unit/test_s6c_kategorien_ordnung_zwei_welten
[1908/1940] Linking CXX executable tests/unit/test_lg_idempotenz_beide_wdh
[1909/1940] Linking CXX executable tests/unit/test_lg_host_binder
[1910/1940] Linking CXX executable tests/unit/test_variant_hauswache
[1911/1940] Linking CXX executable tests/unit/test_xl_l4_na_konkurrenz
[1912/1940] Linking CXX executable tests/unit/test_s8_traeger_grenzwache
[1913/1940] Linking CXX executable tests/unit/test_s13_01_csv_kind_projektion
[1914/1940] Linking CXX executable tests/unit/test_configure_enable_gnu
[1915/1940] Building CXX object tests/unit/CMakeFiles/test_c14_messwert_presence_wache.dir/test_c14_messwert_presence_wache.cpp.o
[1916/1940] Linking CXX executable tests/unit/test_begriffs_alias_registry
[1917/1940] Linking CXX executable tests/unit/test_bestand_schluessel_schema
[1918/1940] Linking CXX executable tests/unit/test_kanal_id_schema
[1919/1940] Linking CXX executable tests/unit/test_parameter_filter_registry_skelett
[1920/1940] Linking CXX executable tests/unit/test_o2_standard_opt_default
[1921/1940] Linking CXX executable tests/unit/test_c13_selektiver_rebuild
[1922/1940] Linking CXX executable tests/unit/test_pmc_raw_event_katalog
[1923/1940] Linking CXX executable tests/unit/test_pmc_startup_pruefung
[1924/1940] Linking CXX executable tests/unit/test_e07_gate_kriterien
[1925/1940] Linking CXX executable tests/unit/test_e8_bytes_in_use_peak_demo
[1926/1940] Linking CXX executable tests/unit/test_s13_03_per_binary_mappe
[1927/1940] Linking CXX executable tests/unit/test_c14_messwert_presence_wache
[1928/1940] Building CXX object tests/unit/CMakeFiles/test_c14_lager_presence_wache.dir/test_c14_lager_presence_wache.cpp.o
[1929/1940] Linking CXX executable tests/unit/test_c14_lager_presence_wache
[1930/1940] Building CXX object tests/unit/CMakeFiles/test_ph89_paper_prueflinge.dir/test_ph89_paper_prueflinge.cpp.o
[1931/1940] Linking CXX executable tests/unit/test_ph89_paper_prueflinge
[1932/1940] Building CXX object tests/unit/CMakeFiles/test_lazy_adhoc_source_gen.dir/test_lazy_adhoc_source_gen.cpp.o
[1933/1940] Linking CXX executable tests/unit/test_lazy_adhoc_source_gen
[1934/1940] Building CXX object tests/unit/CMakeFiles/test_s8kopf_planner_kopf.dir/test_s8kopf_planner_kopf.cpp.o
[1935/1940] Linking CXX executable tests/unit/test_s8kopf_planner_kopf
[1936/1940] Building CXX object tests/unit/CMakeFiles/test_lg_e2e_xlsx_facade.dir/test_lg_e2e_xlsx_facade.cpp.o
[1937/1940] Building CXX object tests/unit/CMakeFiles/test_s13_02_zielfilter_vier_faelle.dir/test_s13_02_zielfilter_vier_faelle.cpp.o
[1938/1940] Linking CXX executable tests/unit/test_s13_02_zielfilter_vier_faelle
[1939/1940] Linking CXX executable tests/unit/test_lg_e2e_xlsx_facade
