[0/2] Re-checking globbed directories...
[1/2544] Generating CXX dyndep file tools/overlay_source_hash_gen/CMakeFiles/comdare_overlay_source_hash_gen.dir/CXX.dd
[2/2542] comdare E-E: Overlay-Quell-Hash (Glied [7] des Tier-Fingerprints)
[overlay_source_hash_gen] 712 Dateien, 3420405 Bytes, sha512=9c3a0bb29a31a523... (unveraendert)
[3/2542] Generating CXX dyndep file apps/is_original_validator/CMakeFiles/is_original_validator.dir/CXX.dd
[4/2525] Generating CXX dyndep file libs/common/serialization/xml_config_parser/CMakeFiles/comdare_builder_xml_config_parser.dir/CXX.dd
[5/2523] Generating CXX dyndep file apps/catalog_codegen_tool/CMakeFiles/comdare_catalog_codegen_cli.dir/CXX.dd
[6/2521] Limits-Entkopplung: generated_source_catalog.hpp aus m3v2_study.profile.xml
catalog-codegen: wrote /home/comdare/wt-ce-ph89/build/gcc-release/generated/limits/generated_source_catalog.hpp from profile /home/comdare/wt-ce-ph89/libs/cache_engine/algorithm_profiles/thesis_profiles/m3v2_study.profile.xml (static permutations=320)
[7/2521] Building C object _ext_io_zlib/CMakeFiles/comdare_vendored_zlib.dir/gzclose.c.o
[8/2521] Building C object _ext_io_zlib/CMakeFiles/comdare_vendored_zlib.dir/zutil.c.o
[9/2521] Building C object _ext_io_zlib/CMakeFiles/comdare_vendored_zlib.dir/uncompr.c.o
[10/2521] Building C object _ext_io_zlib/CMakeFiles/comdare_vendored_zlib.dir/compress.c.o
[11/2521] Building C object _ext_io_libxlsxwriter/CMakeFiles/comdare_vendored_xlsxwriter.dir/src/custom.c.o
[12/2521] Building C object _ext_io_libxlsxwriter/CMakeFiles/comdare_vendored_xlsxwriter.dir/src/core.c.o
[13/2521] Building C object _ext_io_zlib/CMakeFiles/comdare_vendored_zlib.dir/adler32.c.o
[14/2521] Scanning /home/comdare/wt-ce-ph89/libs/cache_engine/builder/workload_driver/workload_generator.cpp for CXX dependencies
[15/2521] Generating CXX dyndep file libs/cache_engine/builder/workload_driver/CMakeFiles/comdare_workload_driver.dir/CXX.dd
[16/2521] Building C object _ext_io_libxlsxwriter/CMakeFiles/comdare_vendored_xlsxwriter.dir/src/app.c.o
[17/2521] Building C object _ext_io_libxlsxwriter/CMakeFiles/comdare_vendored_xlsxwriter.dir/src/content_types.c.o
[18/2521] Building C object _ext_io_zlib/CMakeFiles/comdare_vendored_zlib.dir/gzlib.c.o
[19/2521] Scanning /home/comdare/wt-ce-ph89/libs/cache_engine/builder/anatomy_module_loader/anatomy_module_loader.cpp for CXX dependencies
[20/2521] Building C object _ext_io_libxlsxwriter/CMakeFiles/comdare_vendored_xlsxwriter.dir/src/hash_table.c.o
[21/2521] Building C object _ext_io_libxlsxwriter/CMakeFiles/comdare_vendored_xlsxwriter.dir/src/chartsheet.c.o
[22/2521] Generating CXX dyndep file libs/cache_engine/builder/anatomy_module_loader/CMakeFiles/comdare_anatomy_module_loader.dir/CXX.dd
[23/2521] Scanning /home/comdare/wt-ce-ph89/libs/cache_engine/builder/lager_ablage/xlsx_ergebnis_writer.cpp for CXX dependencies
[24/2521] Building C object _ext_io_zlib/CMakeFiles/comdare_vendored_zlib.dir/crc32.c.o
[25/2521] Generating CXX dyndep file libs/cache_engine/builder/lager_ablage/CMakeFiles/comdare_lager_ablage.dir/CXX.dd
[26/2521] Building C object _ext_io_zlib/CMakeFiles/comdare_vendored_zlib.dir/inftrees.c.o
[27/2521] Building C object _ext_io_libxlsxwriter/CMakeFiles/comdare_vendored_xlsxwriter.dir/src/rich_value_rel.c.o
[28/2521] Building C object _ext_io_libxlsxwriter/CMakeFiles/comdare_vendored_xlsxwriter.dir/src/rich_value.c.o
[29/2521] Building C object _ext_io_zlib/CMakeFiles/comdare_vendored_zlib.dir/gzwrite.c.o
[30/2521] Building C object _ext_io_libxlsxwriter/CMakeFiles/comdare_vendored_xlsxwriter.dir/src/rich_value_structure.c.o
[31/2521] Building C object _ext_io_libxlsxwriter/CMakeFiles/comdare_vendored_xlsxwriter.dir/src/rich_value_types.c.o
[32/2521] Building C object _ext_io_libxlsxwriter/CMakeFiles/comdare_vendored_xlsxwriter.dir/src/format.c.o
[33/2521] Building C object _ext_io_libxlsxwriter/CMakeFiles/comdare_vendored_xlsxwriter.dir/src/theme.c.o
[34/2521] Building C object _ext_io_libxlsxwriter/CMakeFiles/comdare_vendored_xlsxwriter.dir/src/metadata.c.o
[35/2521] Building C object _ext_io_libxlsxwriter/CMakeFiles/comdare_vendored_xlsxwriter.dir/src/relationships.c.o
[36/2521] Building C object _ext_io_libxlsxwriter/CMakeFiles/comdare_vendored_xlsxwriter.dir/src/shared_strings.c.o
[37/2521] Building C object _ext_io_libxlsxwriter/CMakeFiles/comdare_vendored_xlsxwriter.dir/src/drawing.c.o
[38/2521] Building C object _ext_io_zlib/CMakeFiles/comdare_vendored_zlib.dir/gzread.c.o
[39/2521] Building C object _ext_io_libxlsxwriter/CMakeFiles/comdare_vendored_xlsxwriter.dir/src/table.c.o
[40/2521] Building C object _ext_io_libxlsxwriter/CMakeFiles/comdare_vendored_xlsxwriter.dir/src/comment.c.o
[41/2521] Building C object _ext_io_libxlsxwriter/CMakeFiles/comdare_vendored_xlsxwriter.dir/third_party/minizip/ioapi.c.o
[42/2521] Building C object _ext_io_zlib/CMakeFiles/comdare_vendored_zlib.dir/infback.c.o
[43/2521] Building C object _ext_io_zlib/CMakeFiles/comdare_vendored_zlib.dir/inffast.c.o
[44/2521] Building C object _ext_io_libxlsxwriter/CMakeFiles/comdare_vendored_xlsxwriter.dir/src/xmlwriter.c.o
[45/2521] Building C object _ext_io_libxlsxwriter/CMakeFiles/comdare_vendored_xlsxwriter.dir/third_party/md5/md5.c.o
[46/2521] Scanning /home/comdare/wt-ce-ph89/tools/axis_version_lock/axis_version_lock.cpp for CXX dependencies
[47/2521] Scanning /home/comdare/wt-ce-ph89/libs/test_infra/workload_generator/src/workload_generator.cpp for CXX dependencies
[48/2521] Generating CXX dyndep file tools/axis_version_lock/CMakeFiles/comdare_axis_version_lock.dir/CXX.dd
[49/2521] Generating CXX dyndep file libs/test_infra/workload_generator/CMakeFiles/comdare_workload_generator.dir/CXX.dd
[50/2521] Building C object _ext_io_libxlsxwriter/CMakeFiles/comdare_vendored_xlsxwriter.dir/src/utility.c.o
[51/2521] Building C object _ext_io_libxlsxwriter/CMakeFiles/comdare_vendored_xlsxwriter.dir/third_party/dtoa/emyg_dtoa.c.o
[52/2521] Scanning /home/comdare/wt-ce-ph89/libs/cache_engine/builder/codegen/codegen.cpp for CXX dependencies
[53/2521] Generating CXX dyndep file libs/cache_engine/builder/codegen/CMakeFiles/comdare_builder_codegen.dir/CXX.dd
[54/2521] Building C object _ext_io_zlib/CMakeFiles/comdare_vendored_zlib.dir/trees.c.o
[55/2521] Scanning /home/comdare/wt-ce-ph89/tests/unit/mock_permutation_module.cpp for CXX dependencies
[56/2521] Building C object _ext_io_libxlsxwriter/CMakeFiles/comdare_vendored_xlsxwriter.dir/src/vml.c.o
[57/2521] Scanning /home/comdare/wt-ce-ph89/libs/cache_engine/builder/permutation_loop/permutation_loop.cpp for CXX dependencies
[58/2521] Scanning /home/comdare/wt-ce-ph89/libs/cache_engine/builder/module_loader/module_loader.cpp for CXX dependencies
[59/2521] Scanning /home/comdare/wt-ce-ph89/apps/experiment_planner/main.cpp for CXX dependencies
[60/2521] Generating CXX dyndep file libs/cache_engine/builder/module_loader/CMakeFiles/comdare_module_loader.dir/CXX.dd
[61/2521] Generating CXX dyndep file apps/experiment_planner/CMakeFiles/comdare_experiment_planner.dir/CXX.dd
[62/2521] Generating CXX dyndep file libs/cache_engine/builder/permutation_loop/CMakeFiles/comdare_builder_permutation_loop.dir/CXX.dd
[63/2521] Scanning /home/comdare/wt-ce-ph89/libs/execution_engine/src/result_aggregator.cpp for CXX dependencies
[64/2521] Generating CXX dyndep file libs/execution_engine/CMakeFiles/comdare_experiment.dir/CXX.dd
[65/2521] Scanning /home/comdare/wt-ce-ph89/libs/cache_engine/builder/experiment_runner/experiment_runner.cpp for CXX dependencies
[66/2521] Building C object _ext_io_libxlsxwriter/CMakeFiles/comdare_vendored_xlsxwriter.dir/src/packager.c.o
[67/2521] Scanning /home/comdare/wt-ce-ph89/tools/latex_anhang/main.cpp for CXX dependencies
[68/2521] Scanning /home/comdare/wt-ce-ph89/tools/ycsb_cli/main.cpp for CXX dependencies
[69/2521] Building C object _ext_io_libxlsxwriter/CMakeFiles/comdare_vendored_xlsxwriter.dir/src/styles.c.o
[70/2521] Scanning /home/comdare/wt-ce-ph89/libs/cache_engine/builder/experiment_driver/experiment_driver.cpp for CXX dependencies
[71/2521] Building C object _ext_io_zlib/CMakeFiles/comdare_vendored_zlib.dir/inflate.c.o
[72/2521] Building C object _ext_io_libxlsxwriter/CMakeFiles/comdare_vendored_xlsxwriter.dir/third_party/minizip/zip.c.o
[73/2521] Scanning /home/comdare/wt-ce-ph89/build/gcc-release/generated/anatomy_modules/anatomy_perm_hot_pilot.cpp for CXX dependencies
[74/2521] Scanning /home/comdare/wt-ce-ph89/libs/cache_engine/profile_facade/profile_run_facade.cpp for CXX dependencies
[75/2521] Generating CXX dyndep file libs/cache_engine/profile_facade/CMakeFiles/comdare_profile_run_facade.dir/CXX.dd
[76/2521] Building C object _ext_io_zlib/CMakeFiles/comdare_vendored_zlib.dir/deflate.c.o
[77/2521] Scanning /home/comdare/wt-ce-ph89/build/gcc-release/generated/anatomy_modules_multi/anatomy_perm_anatomy_multi_pilot_0.cpp for CXX dependencies
[78/2521] Scanning /home/comdare/wt-ce-ph89/build/gcc-release/generated/anatomy_modules_multi/anatomy_perm_anatomy_multi_pilot_2.cpp for CXX dependencies
[79/2521] Scanning /home/comdare/wt-ce-ph89/build/gcc-release/generated/anatomy_modules_multi/anatomy_perm_anatomy_multi_pilot_3.cpp for CXX dependencies
[80/2521] Scanning /home/comdare/wt-ce-ph89/build/gcc-release/generated/anatomy_modules/anatomy_perm_wormhole_pilot.cpp for CXX dependencies
[81/2521] Linking C static library _ext_io_zlib/libcomdare_vendored_zlib.a
[82/2521] Scanning /home/comdare/wt-ce-ph89/build/gcc-release/generated/r5i_anatomy_modules/anatomy_perm_r5i_configure_pilot_1.cpp for CXX dependencies
[83/2521] Scanning /home/comdare/wt-ce-ph89/build/gcc-release/generated/anatomy_modules_multi/anatomy_perm_anatomy_multi_pilot_1.cpp for CXX dependencies
[84/2521] Scanning /home/comdare/wt-ce-ph89/build/gcc-release/generated/anatomy_modules_multi/anatomy_perm_anatomy_multi_pilot_4.cpp for CXX dependencies
[85/2521] Scanning /home/comdare/wt-ce-ph89/build/gcc-release/generated/r5i_anatomy_modules/anatomy_perm_r5i_configure_pilot_2.cpp for CXX dependencies
[86/2521] Scanning /home/comdare/wt-ce-ph89/build/gcc-release/generated/r5i_anatomy_modules/anatomy_perm_r5i_configure_pilot_0.cpp for CXX dependencies
[87/2521] Scanning /home/comdare/wt-ce-ph89/build/gcc-release/generated/anatomy_modules_multi/anatomy_perm_anatomy_multi_pilot_5.cpp for CXX dependencies
[88/2521] Building CXX object libs/cache_engine/builder/workload_driver/CMakeFiles/comdare_workload_driver.dir/workload_generator.cpp.o
[89/2521] Building C object _ext_io_libxlsxwriter/CMakeFiles/comdare_vendored_xlsxwriter.dir/src/workbook.c.o
[90/2521] Linking CXX static library libs/cache_engine/builder/workload_driver/libcomdare_workload_driver.a
[91/2521] Scanning /home/comdare/wt-ce-ph89/build/gcc-release/generated/f15_measurement_modules/anatomy_perm_f15_measurement_pilot_0.cpp for CXX dependencies
[92/2521] Scanning /home/comdare/wt-ce-ph89/build/gcc-release/generated/f15_measurement_modules/anatomy_perm_f15_measurement_pilot_1.cpp for CXX dependencies
[93/2521] Scanning /home/comdare/wt-ce-ph89/tests/unit/auto_emitted_perm_module.cpp for CXX dependencies
[94/2521] Building CXX object libs/test_infra/workload_generator/CMakeFiles/comdare_workload_generator.dir/src/workload_generator.cpp.o
[95/2521] Scanning /home/comdare/wt-ce-ph89/build/gcc-release/generated/r5g_autobuilt_modules/comdare_anatomy_perm_auto_11.cpp for CXX dependencies
[96/2521] Scanning /home/comdare/wt-ce-ph89/build/gcc-release/generated/r5g_autobuilt_modules/comdare_anatomy_perm_auto_1.cpp for CXX dependencies
[97/2521] Scanning /home/comdare/wt-ce-ph89/build/gcc-release/generated/r5g_autobuilt_modules/comdare_anatomy_perm_auto_0.cpp for CXX dependencies
[98/2521] Scanning /home/comdare/wt-ce-ph89/build/gcc-release/generated/r5g_autobuilt_modules/comdare_anatomy_perm_auto_17.cpp for CXX dependencies
[99/2521] Scanning /home/comdare/wt-ce-ph89/build/gcc-release/generated/r5g_autobuilt_modules/comdare_anatomy_perm_auto_10.cpp for CXX dependencies
[100/2521] Scanning /home/comdare/wt-ce-ph89/build/gcc-release/generated/r5g_autobuilt_modules/comdare_anatomy_perm_auto_12.cpp for CXX dependencies
[101/2521] Scanning /home/comdare/wt-ce-ph89/build/gcc-release/generated/r5g_autobuilt_modules/comdare_anatomy_perm_auto_14.cpp for CXX dependencies
[102/2521] Scanning /home/comdare/wt-ce-ph89/build/gcc-release/generated/r5g_autobuilt_modules/comdare_anatomy_perm_auto_16.cpp for CXX dependencies
[103/2521] Scanning /home/comdare/wt-ce-ph89/build/gcc-release/generated/r5g_autobuilt_modules/comdare_anatomy_perm_auto_18.cpp for CXX dependencies
[104/2521] Scanning /home/comdare/wt-ce-ph89/build/gcc-release/generated/r5g_autobuilt_modules/comdare_anatomy_perm_auto_13.cpp for CXX dependencies
[105/2521] Scanning /home/comdare/wt-ce-ph89/build/gcc-release/generated/r5g_autobuilt_modules/comdare_anatomy_perm_auto_15.cpp for CXX dependencies
[106/2521] Scanning /home/comdare/wt-ce-ph89/build/gcc-release/generated/r5g_autobuilt_modules/comdare_anatomy_perm_auto_2.cpp for CXX dependencies
[107/2521] Scanning /home/comdare/wt-ce-ph89/build/gcc-release/generated/r5g_autobuilt_modules/comdare_anatomy_perm_auto_20.cpp for CXX dependencies
[108/2521] Scanning /home/comdare/wt-ce-ph89/build/gcc-release/generated/r5g_autobuilt_modules/comdare_anatomy_perm_auto_21.cpp for CXX dependencies
[109/2521] Scanning /home/comdare/wt-ce-ph89/build/gcc-release/generated/r5g_autobuilt_modules/comdare_anatomy_perm_auto_19.cpp for CXX dependencies
[110/2521] Scanning /home/comdare/wt-ce-ph89/build/gcc-release/generated/r5g_autobuilt_modules/comdare_anatomy_perm_auto_22.cpp for CXX dependencies
[111/2521] Scanning /home/comdare/wt-ce-ph89/build/gcc-release/generated/r5g_autobuilt_modules/comdare_anatomy_perm_auto_23.cpp for CXX dependencies
[112/2521] Scanning /home/comdare/wt-ce-ph89/build/gcc-release/generated/r5g_autobuilt_modules/comdare_anatomy_perm_auto_26.cpp for CXX dependencies
[113/2521] Scanning /home/comdare/wt-ce-ph89/build/gcc-release/generated/r5g_autobuilt_modules/comdare_anatomy_perm_auto_24.cpp for CXX dependencies
[114/2521] Scanning /home/comdare/wt-ce-ph89/build/gcc-release/generated/r5g_autobuilt_modules/comdare_anatomy_perm_auto_27.cpp for CXX dependencies
[115/2521] Scanning /home/comdare/wt-ce-ph89/build/gcc-release/generated/r5g_autobuilt_modules/comdare_anatomy_perm_auto_25.cpp for CXX dependencies
[116/2521] Scanning /home/comdare/wt-ce-ph89/build/gcc-release/generated/r5g_autobuilt_modules/comdare_anatomy_perm_auto_28.cpp for CXX dependencies
[117/2521] Scanning /home/comdare/wt-ce-ph89/build/gcc-release/generated/r5g_autobuilt_modules/comdare_anatomy_perm_auto_29.cpp for CXX dependencies
[118/2521] Scanning /home/comdare/wt-ce-ph89/build/gcc-release/generated/r5g_autobuilt_modules/comdare_anatomy_perm_auto_32.cpp for CXX dependencies
[119/2521] Scanning /home/comdare/wt-ce-ph89/build/gcc-release/generated/r5g_autobuilt_modules/comdare_anatomy_perm_auto_30.cpp for CXX dependencies
[120/2521] Scanning /home/comdare/wt-ce-ph89/build/gcc-release/generated/r5g_autobuilt_modules/comdare_anatomy_perm_auto_31.cpp for CXX dependencies
[121/2521] Scanning /home/comdare/wt-ce-ph89/build/gcc-release/generated/r5g_autobuilt_modules/comdare_anatomy_perm_auto_33.cpp for CXX dependencies
[122/2521] Scanning /home/comdare/wt-ce-ph89/build/gcc-release/generated/r5g_autobuilt_modules/comdare_anatomy_perm_auto_34.cpp for CXX dependencies
[123/2521] Scanning /home/comdare/wt-ce-ph89/build/gcc-release/generated/r5g_autobuilt_modules/comdare_anatomy_perm_auto_3.cpp for CXX dependencies
[124/2521] Scanning /home/comdare/wt-ce-ph89/build/gcc-release/generated/r5g_autobuilt_modules/comdare_anatomy_perm_auto_37.cpp for CXX dependencies
[125/2521] Scanning /home/comdare/wt-ce-ph89/build/gcc-release/generated/r5g_autobuilt_modules/comdare_anatomy_perm_auto_36.cpp for CXX dependencies
[126/2521] Building C object _ext_io_libxlsxwriter/CMakeFiles/comdare_vendored_xlsxwriter.dir/src/chart.c.o
[127/2521] Scanning /home/comdare/wt-ce-ph89/build/gcc-release/generated/r5g_autobuilt_modules/comdare_anatomy_perm_auto_35.cpp for CXX dependencies
[128/2521] Scanning /home/comdare/wt-ce-ph89/build/gcc-release/generated/r5g_autobuilt_modules/comdare_anatomy_perm_auto_40.cpp for CXX dependencies
[129/2521] Scanning /home/comdare/wt-ce-ph89/build/gcc-release/generated/r5g_autobuilt_modules/comdare_anatomy_perm_auto_38.cpp for CXX dependencies
[130/2521] Scanning /home/comdare/wt-ce-ph89/build/gcc-release/generated/r5g_autobuilt_modules/comdare_anatomy_perm_auto_4.cpp for CXX dependencies
[131/2521] Scanning /home/comdare/wt-ce-ph89/build/gcc-release/generated/r5g_autobuilt_modules/comdare_anatomy_perm_auto_42.cpp for CXX dependencies
[132/2521] Scanning /home/comdare/wt-ce-ph89/build/gcc-release/generated/r5g_autobuilt_modules/comdare_anatomy_perm_auto_39.cpp for CXX dependencies
[133/2521] Scanning /home/comdare/wt-ce-ph89/build/gcc-release/generated/r5g_autobuilt_modules/comdare_anatomy_perm_auto_41.cpp for CXX dependencies
[134/2521] Scanning /home/comdare/wt-ce-ph89/tests/unit/genus_buildvariant_avx2.cpp for CXX dependencies
[135/2521] Scanning /home/comdare/wt-ce-ph89/tests/unit/genus_buildvariant_avx512.cpp for CXX dependencies
[136/2521] Scanning /home/comdare/wt-ce-ph89/build/gcc-release/generated/r5g_autobuilt_modules/comdare_anatomy_perm_auto_44.cpp for CXX dependencies
[137/2521] Scanning /home/comdare/wt-ce-ph89/tests/unit/genus_module_major7_neue_magic.cpp for CXX dependencies
[138/2521] Scanning /home/comdare/wt-ce-ph89/tests/unit/genus_module_alt_major7.cpp for CXX dependencies
[139/2521] Scanning /home/comdare/wt-ce-ph89/build/gcc-release/generated/r5g_autobuilt_modules/comdare_anatomy_perm_auto_45.cpp for CXX dependencies
[140/2521] Scanning /home/comdare/wt-ce-ph89/build/gcc-release/generated/r5g_autobuilt_modules/comdare_anatomy_perm_auto_43.cpp for CXX dependencies
[141/2521] Scanning /home/comdare/wt-ce-ph89/tests/unit/genus_module_q2_luegner.cpp for CXX dependencies
[142/2521] Scanning /home/comdare/wt-ce-ph89/build/gcc-release/generated/r5g_autobuilt_modules/comdare_anatomy_perm_auto_46.cpp for CXX dependencies
[143/2521] Scanning /home/comdare/wt-ce-ph89/tests/unit/genus_module_q2_ohne_gattung.cpp for CXX dependencies
[144/2521] Scanning /home/comdare/wt-ce-ph89/tests/unit/genus_module_alt_magic_ohne_symbole.cpp for CXX dependencies
[145/2521] Scanning /home/comdare/wt-ce-ph89/tests/unit/genus_module_set.cpp for CXX dependencies
[146/2521] Scanning /home/comdare/wt-ce-ph89/build/gcc-release/generated/r5g_autobuilt_modules/comdare_anatomy_perm_auto_47.cpp for CXX dependencies
[147/2521] Scanning /home/comdare/wt-ce-ph89/tests/unit/genus_module_q2_ohne_genus.cpp for CXX dependencies
[148/2521] Scanning /home/comdare/wt-ce-ph89/build/gcc-release/generated/r5g_autobuilt_modules/comdare_anatomy_perm_auto_5.cpp for CXX dependencies
[149/2521] Scanning /home/comdare/wt-ce-ph89/tests/unit/genus_module_a11_ohne_stempel.cpp for CXX dependencies
[150/2521] Scanning /home/comdare/wt-ce-ph89/build/gcc-release/generated/r5g_autobuilt_modules/comdare_anatomy_perm_auto_6.cpp for CXX dependencies
[151/2521] Scanning /home/comdare/wt-ce-ph89/build/gcc-release/generated/r5g_autobuilt_modules/comdare_anatomy_perm_auto_7.cpp for CXX dependencies
[152/2521] Scanning /home/comdare/wt-ce-ph89/build/gcc-release/generated/r5g_autobuilt_modules/comdare_anatomy_perm_auto_9.cpp for CXX dependencies
[153/2521] Generating CXX dyndep file libs/cache_engine/builder/experiment_runner/CMakeFiles/comdare_builder_experiment_runner.dir/CXX.dd
[154/2521] Generating CXX dyndep file libs/cache_engine/builder/experiment_driver/CMakeFiles/comdare_builder_experiment_driver.dir/CXX.dd
[155/2521] Scanning /home/comdare/wt-ce-ph89/tests/unit/genus_buildvariant_real_avx512.cpp for CXX dependencies
[156/2521] Scanning /home/comdare/wt-ce-ph89/build/gcc-release/generated/r5g_autobuilt_modules/comdare_anatomy_perm_auto_8.cpp for CXX dependencies
[157/2521] Scanning /home/comdare/wt-ce-ph89/tests/unit/genus_buildvariant_real_avx2.cpp for CXX dependencies
[158/2521] Scanning /home/comdare/wt-ce-ph89/tests/unit/genus_module_sequence.cpp for CXX dependencies
[159/2521] Scanning /home/comdare/wt-ce-ph89/tests/unit/genus_module_view.cpp for CXX dependencies
[160/2521] Generating CXX dyndep file libs/cache_engine/builder/anatomy_codegen_tool/CMakeFiles/comdare_anatomy_codegen_tool.dir/CXX.dd
[161/2519] Scanning /home/comdare/wt-ce-ph89/tests/unit/genus_module_adapter.cpp for CXX dependencies
[162/2519] Generating CXX dyndep file tools/ycsb_cli/CMakeFiles/comdare_ycsb_cli_lib.dir/CXX.dd
[163/2519] Linking CXX static library libs/test_infra/workload_generator/libcomdare_workload_generator.a
[164/2519] Generating CXX dyndep file tools/latex_anhang/CMakeFiles/comdare_latex_anhang_lib.dir/CXX.dd
[165/2519] Scanning /home/comdare/wt-ce-ph89/tests/unit/genus_module_set_defekt.cpp for CXX dependencies
[166/2519] Scanning /home/comdare/wt-ce-ph89/tests/unit/hybrid_tier_module.cpp for CXX dependencies
[167/2519] Scanning /home/comdare/wt-ce-ph89/libs/cache_engine/builder/commands/tests/test_engine_adapters.cpp for CXX dependencies
[168/2519] Scanning /home/comdare/wt-ce-ph89/tools/latex_anhang/main.cpp for CXX dependencies
[169/2519] Scanning /home/comdare/wt-ce-ph89/tools/ycsb_cli/main.cpp for CXX dependencies
[170/2519] Scanning /home/comdare/wt-ce-ph89/libs/cache_engine/builder/commands/tests/test_commands.cpp for CXX dependencies
[171/2519] Scanning /home/comdare/wt-ce-ph89/tests/unit/r3_mess_gate_stamp_module.cpp for CXX dependencies
[172/2519] Scanning /home/comdare/wt-ce-ph89/tests/unit/r3_mess_gate_stamp_module.cpp for CXX dependencies
[173/2519] Scanning /home/comdare/wt-ce-ph89/tools/p27_bundle_finder/src/main.cpp for CXX dependencies
[174/2519] Scanning /home/comdare/wt-ce-ph89/tests/unit/hybrid_tier_module_set.cpp for CXX dependencies
[175/2519] Scanning /home/comdare/wt-ce-ph89/libs/cache_engine/builder/best_binary_selector/best_binary_selector.cpp for CXX dependencies
[176/2519] Scanning /home/comdare/wt-ce-ph89/tests/unit/genus_adhoc_buildvariant.cpp for CXX dependencies
[177/2519] Scanning /home/comdare/wt-ce-ph89/tests/unit/naht1_visitor_module.cpp for CXX dependencies
[178/2519] Scanning /home/comdare/wt-ce-ph89/libs/cache_engine/builder/best_binary_selector/best_binary_selector_main.cpp for CXX dependencies
[179/2519] Scanning /home/comdare/wt-ce-ph89/tests/unit/naht1_visitor_module.cpp for CXX dependencies
[180/2519] Scanning /home/comdare/wt-ce-ph89/apps/h2_score_akte_tool/main.cpp for CXX dependencies
[181/2519] Scanning /home/comdare/wt-ce-ph89/tools/mess_report/main.cpp for CXX dependencies
[182/2519] Scanning /home/comdare/wt-ce-ph89/tests/unit/test_cache_recommendation.cpp for CXX dependencies
[183/2519] Scanning /home/comdare/wt-ce-ph89/tests/unit/test_pressure_state.cpp for CXX dependencies
[184/2519] Scanning /home/comdare/wt-ce-ph89/apps/f15_compare/main.cpp for CXX dependencies
[185/2519] Scanning /home/comdare/wt-ce-ph89/apps/perm_runner/main.cpp for CXX dependencies
[186/2519] Scanning /home/comdare/wt-ce-ph89/tests/unit/test_event_hierarchy.cpp for CXX dependencies
[187/2519] Scanning /home/comdare/wt-ce-ph89/tests/unit/test_permutation_flags.cpp for CXX dependencies
[188/2519] Scanning /home/comdare/wt-ce-ph89/tests/unit/test_cpuid_probe.cpp for CXX dependencies
[189/2519] Scanning /home/comdare/wt-ce-ph89/tests/unit/test_decision_trees.cpp for CXX dependencies
[190/2519] Scanning /home/comdare/wt-ce-ph89/apps/cache_engine_builder/main.cpp for CXX dependencies
[191/2519] Scanning /home/comdare/wt-ce-ph89/tests/unit/test_observer_registry.cpp for CXX dependencies
[192/2519] Scanning /home/comdare/wt-ce-ph89/tests/unit/test_decision_lambda_registry.cpp for CXX dependencies
[193/2519] Scanning /home/comdare/wt-ce-ph89/tests/unit/test_telemetry_strategies.cpp for CXX dependencies
[194/2519] Scanning /home/comdare/wt-ce-ph89/tests/unit/test_concurrency_disciplines.cpp for CXX dependencies
[195/2519] Scanning /home/comdare/wt-ce-ph89/tests/unit/test_platform_concepts.cpp for CXX dependencies
[196/2519] Scanning /home/comdare/wt-ce-ph89/tests/unit/test_cache_hierarchy_and_mode.cpp for CXX dependencies
[197/2519] Scanning /home/comdare/wt-ce-ph89/tests/unit/test_measurement_buffer.cpp for CXX dependencies
[198/2519] Scanning /home/comdare/wt-ce-ph89/tests/unit/test_abi_interface.cpp for CXX dependencies
[199/2519] Scanning /home/comdare/wt-ce-ph89/tests/unit/test_sub_engines.cpp for CXX dependencies
[200/2519] Scanning /home/comdare/wt-ce-ph89/tests/unit/test_allocator_concepts.cpp for CXX dependencies
[201/2519] Scanning /home/comdare/wt-ce-ph89/tests/unit/test_chaos_drift_gate.cpp for CXX dependencies
[202/2519] Scanning /home/comdare/wt-ce-ph89/tests/unit/test_config_durability.cpp for CXX dependencies
[203/2519] Scanning /home/comdare/wt-ce-ph89/tests/unit/test_test_data_accumulation.cpp for CXX dependencies
[204/2519] Scanning /home/comdare/wt-ce-ph89/tests/unit/test_benchmark_suite.cpp for CXX dependencies
[205/2519] Building CXX object libs/cache_engine/builder/anatomy_module_loader/CMakeFiles/comdare_anatomy_module_loader.dir/anatomy_module_loader.cpp.o
[206/2519] Scanning /home/comdare/wt-ce-ph89/tests/unit/test_workload_and_experiment.cpp for CXX dependencies
[207/2519] Generating CXX dyndep file tests/unit/CMakeFiles/comdare_perm_mock_test.dir/CXX.dd
[208/2519] Scanning /home/comdare/wt-ce-ph89/tests/unit/test_builder_codegen.cpp for CXX dependencies
[209/2519] Scanning /home/comdare/wt-ce-ph89/tests/unit/test_allocator_full_matrix.cpp for CXX dependencies
[210/2519] Linking CXX static library libs/cache_engine/builder/anatomy_module_loader/libcomdare_anatomy_module_loader.a
[211/2519] Scanning /home/comdare/wt-ce-ph89/tests/unit/test_codegen_from_profile.cpp for CXX dependencies
[212/2519] Scanning /home/comdare/wt-ce-ph89/tests/unit/test_ycsb_cli.cpp for CXX dependencies
[213/2519] Scanning /home/comdare/wt-ce-ph89/tests/unit/test_permutation_sampling.cpp for CXX dependencies
[214/2519] Scanning /home/comdare/wt-ce-ph89/tests/unit/test_latex_anhang.cpp for CXX dependencies
[215/2519] Building C object _ext_io_libxlsxwriter/CMakeFiles/comdare_vendored_xlsxwriter.dir/src/worksheet.c.o
[216/2519] Scanning /home/comdare/wt-ce-ph89/tests/unit/test_experiment_driver_v13.cpp for CXX dependencies
[217/2519] Scanning /home/comdare/wt-ce-ph89/tests/unit/test_rcu.cpp for CXX dependencies
[218/2519] Scanning /home/comdare/wt-ce-ph89/tests/unit/test_succinct.cpp for CXX dependencies
[219/2519] Scanning /home/comdare/wt-ce-ph89/tests/unit/test_rcu_concurrency.cpp for CXX dependencies
[220/2519] Linking C static library _ext_io_libxlsxwriter/libcomdare_vendored_xlsxwriter.a
[221/2519] Scanning /home/comdare/wt-ce-ph89/tests/unit/test_hbm_hierarchy.cpp for CXX dependencies
[222/2519] Scanning /home/comdare/wt-ce-ph89/tests/unit/test_module_loader.cpp for CXX dependencies
[223/2519] Scanning /home/comdare/wt-ce-ph89/tests/unit/test_t15_drift_gate_messschleife.cpp for CXX dependencies
[224/2519] Scanning /home/comdare/wt-ce-ph89/tests/unit/test_v31_adapters.cpp for CXX dependencies
[225/2519] Scanning /home/comdare/wt-ce-ph89/tests/unit/test_v41_indexes.cpp for CXX dependencies
[226/2519] Scanning /home/comdare/wt-ce-ph89/tests/unit/test_ctsha512.cpp for CXX dependencies
[227/2519] Scanning /home/comdare/wt-ce-ph89/tests/unit/test_v41_paper_legacy_code.cpp for CXX dependencies
[228/2519] Scanning /home/comdare/wt-ce-ph89/tests/unit/test_v41_topics_fundament.cpp for CXX dependencies
[229/2519] Scanning /home/comdare/wt-ce-ph89/tests/unit/test_v41_topic_allocator_axis_06.cpp for CXX dependencies
[230/2519] Scanning /home/comdare/wt-ce-ph89/tests/unit/test_v41_topic_queuing.cpp for CXX dependencies
[231/2519] Scanning /home/comdare/wt-ce-ph89/tests/unit/test_ap7_swisstable.cpp for CXX dependencies
[232/2519] Scanning /home/comdare/wt-ce-ph89/tests/unit/test_v41_compositions.cpp for CXX dependencies
[233/2519] Scanning /home/comdare/wt-ce-ph89/tests/unit/test_v41_anatomy_r4_driver.cpp for CXX dependencies
[234/2519] Scanning /home/comdare/wt-ce-ph89/tests/unit/test_v41_axis_03a_cross_variant_equivalence.cpp for CXX dependencies
[235/2519] Generating CXX dyndep file tests/unit/CMakeFiles/anatomy_codegen_pilot_hot.dir/CXX.dd
[236/2519] Scanning /home/comdare/wt-ce-ph89/tests/unit/test_v41_topic_traversal.cpp for CXX dependencies
[237/2519] Generating CXX dyndep file tests/unit/CMakeFiles/anatomy_codegen_pilot_wormhole_shared.dir/CXX.dd
[238/2519] Scanning /home/comdare/wt-ce-ph89/tests/unit/test_v41_tier_observe_trace.cpp for CXX dependencies
[239/2519] Generating CXX dyndep file tests/unit/CMakeFiles/anatomy_multi_pilot_0.dir/CXX.dd
[240/2519] Generating CXX dyndep file tests/unit/CMakeFiles/anatomy_multi_pilot_1.dir/CXX.dd
[241/2519] Generating CXX dyndep file tests/unit/CMakeFiles/anatomy_multi_pilot_2.dir/CXX.dd
[242/2519] Generating CXX dyndep file tests/unit/CMakeFiles/anatomy_multi_pilot_3.dir/CXX.dd
[243/2519] Generating CXX dyndep file tests/unit/CMakeFiles/anatomy_multi_pilot_4.dir/CXX.dd
[244/2519] Generating CXX dyndep file tests/unit/CMakeFiles/anatomy_multi_pilot_5.dir/CXX.dd
[245/2519] Scanning /home/comdare/wt-ce-ph89/tests/unit/test_v41_anatomy.cpp for CXX dependencies
[246/2519] Scanning /home/comdare/wt-ce-ph89/tests/unit/test_ap8_hdr_histogram.cpp for CXX dependencies
[247/2519] Scanning /home/comdare/wt-ce-ph89/tests/unit/test_v41_anatomy_observer.cpp for CXX dependencies
[248/2519] Scanning /home/comdare/wt-ce-ph89/tests/unit/test_ap7b_swiss_organ.cpp for CXX dependencies
[249/2519] Scanning /home/comdare/wt-ce-ph89/tests/unit/test_ap7b3_swiss_isa_group_match.cpp for CXX dependencies
[250/2519] Building CXX object libs/cache_engine/builder/lager_ablage/CMakeFiles/comdare_lager_ablage.dir/xlsx_ergebnis_writer.cpp.o
[251/2519] Scanning /home/comdare/wt-ce-ph89/tests/unit/test_v41_anatomy_pruefling_merge.cpp for CXX dependencies
[252/2519] Linking CXX static library libs/cache_engine/builder/lager_ablage/libcomdare_lager_ablage.a
[253/2519] Scanning /home/comdare/wt-ce-ph89/tests/unit/test_v41_anatomy_multi_codegen.cpp for CXX dependencies
[254/2519] Scanning /home/comdare/wt-ce-ph89/tests/unit/test_v41_anatomy_codegen_tool.cpp for CXX dependencies
[255/2519] Scanning /home/comdare/wt-ce-ph89/tests/unit/thesis_tiere/test_vampir_nfp_allocator.cpp for CXX dependencies
[256/2519] Scanning /home/comdare/wt-ce-ph89/tests/unit/test_v41_axis_03a_tier_organ_equivalence.cpp for CXX dependencies
[257/2519] Scanning /home/comdare/wt-ce-ph89/tests/unit/test_v41_workload_generator.cpp for CXX dependencies
[258/2519] Scanning /home/comdare/wt-ce-ph89/tests/unit/test_v41_execution_engine.cpp for CXX dependencies
[259/2519] Scanning /home/comdare/wt-ce-ph89/tests/unit/test_v41_axis_12_general_hardware.cpp for CXX dependencies
[260/2519] Scanning /home/comdare/wt-ce-ph89/tests/unit/test_v41_search_algorithm_permutation_engine.cpp for CXX dependencies
[261/2519] Scanning /home/comdare/wt-ce-ph89/tests/unit/test_v41_anatomy_module_abi.cpp for CXX dependencies
[262/2519] Scanning /home/comdare/wt-ce-ph89/tests/unit/test_v41_anatomy_base.cpp for CXX dependencies
[263/2519] Scanning /home/comdare/wt-ce-ph89/tests/unit/test_v41_axis_07_prefetch.cpp for CXX dependencies
[264/2519] Scanning /home/comdare/wt-ce-ph89/tests/unit/test_v41_anatomy_codegen.cpp for CXX dependencies
[265/2519] Building CXX object libs/execution_engine/CMakeFiles/comdare_experiment.dir/src/result_aggregator.cpp.o
[266/2519] Scanning /home/comdare/wt-ce-ph89/tests/unit/test_v41_anatomy_module_loader.cpp for CXX dependencies
[267/2519] Scanning /home/comdare/wt-ce-ph89/tests/unit/test_v41_axis_11_telemetry.cpp for CXX dependencies
[268/2519] Scanning /home/comdare/wt-ce-ph89/tests/unit/test_v41_anatomy_codegen_tool_mp_list.cpp for CXX dependencies
[269/2519] Scanning /home/comdare/wt-ce-ph89/tests/unit/test_v41_axis_10_serialization.cpp for CXX dependencies
[270/2519] Scanning /home/comdare/wt-ce-ph89/tests/unit/test_v41_axis_14_value_handle.cpp for CXX dependencies
[271/2519] Scanning /home/comdare/wt-ce-ph89/tests/unit/test_v41_status_code.cpp for CXX dependencies
[272/2519] Scanning /home/comdare/wt-ce-ph89/tests/unit/test_v41_axis_08_concurrency.cpp for CXX dependencies
[273/2519] Generating CXX dyndep file tests/unit/CMakeFiles/r5i_configure_pilot_0.dir/CXX.dd
[274/2519] Generating CXX dyndep file tests/unit/CMakeFiles/r5i_configure_pilot_2.dir/CXX.dd
[275/2519] Generating CXX dyndep file tests/unit/CMakeFiles/r5i_configure_pilot_1.dir/CXX.dd
[276/2519] Scanning /home/comdare/wt-ce-ph89/tests/unit/test_v41_axis_02_axis_04_nodes.cpp for CXX dependencies
[277/2519] Generating CXX dyndep file tests/unit/CMakeFiles/f15_measurement_pilot_0.dir/CXX.dd
[278/2519] Scanning /home/comdare/wt-ce-ph89/tests/unit/test_v41_anatomy_codegen_tool_traits.cpp for CXX dependencies
[279/2519] Generating CXX dyndep file tests/unit/CMakeFiles/f15_measurement_pilot_1.dir/CXX.dd
[280/2519] Scanning /home/comdare/wt-ce-ph89/tests/unit/test_v41_pruefling_registry.cpp for CXX dependencies
[281/2519] Scanning /home/comdare/wt-ce-ph89/tests/unit/test_v41_axis_05_memory_layout.cpp for CXX dependencies
[282/2519] Scanning /home/comdare/wt-ce-ph89/tests/unit/test_v41_axis_01_page_type.cpp for CXX dependencies
[283/2519] Scanning /home/comdare/wt-ce-ph89/tests/unit/test_v41_axis_filter.cpp for CXX dependencies
[284/2519] Building CXX object libs/cache_engine/builder/codegen/CMakeFiles/comdare_builder_codegen.dir/codegen.cpp.o
[285/2519] Scanning /home/comdare/wt-ce-ph89/tests/unit/test_v41_axis_io.cpp for CXX dependencies
[286/2519] Scanning /home/comdare/wt-ce-ph89/tests/unit/test_v41_axis_migration.cpp for CXX dependencies
[287/2519] Scanning /home/comdare/wt-ce-ph89/tests/unit/test_v41_axis_01_index_organization.cpp for CXX dependencies
[288/2519] Scanning /home/comdare/wt-ce-ph89/tests/unit/test_v41_axis_09b_simd_extension.cpp for CXX dependencies
[289/2519] Scanning /home/comdare/wt-ce-ph89/tests/unit/test_v41_serialization_primitives.cpp for CXX dependencies
[290/2519] Scanning /home/comdare/wt-ce-ph89/tests/unit/test_v41_axis_09_isa.cpp for CXX dependencies
[291/2519] Scanning /home/comdare/wt-ce-ph89/tests/unit/test_v41_anatomy_r5i_configure_codegen.cpp for CXX dependencies
[292/2519] Scanning /home/comdare/wt-ce-ph89/tests/unit/test_v41_r5c3_isa_simd_cross_constraint.cpp for CXX dependencies
[293/2519] Scanning /home/comdare/wt-ce-ph89/tests/unit/test_v41_axis_filter_surf_organ.cpp for CXX dependencies
[294/2519] Scanning /home/comdare/wt-ce-ph89/tests/unit/test_v41_axis_filter_surf_louds_organ.cpp for CXX dependencies
[295/2519] Scanning /home/comdare/wt-ce-ph89/tests/unit/test_v5_conformance_gate.cpp for CXX dependencies
[296/2519] Scanning /home/comdare/wt-ce-ph89/tests/unit/test_v5_two_phase_driver.cpp for CXX dependencies
[297/2519] Scanning /home/comdare/wt-ce-ph89/tests/unit/test_heuristik_spline_break_even.cpp for CXX dependencies
[298/2519] Scanning /home/comdare/wt-ce-ph89/tests/unit/test_v5_memento_axis.cpp for CXX dependencies
[299/2519] Scanning /home/comdare/wt-ce-ph89/tests/unit/test_v5_measurement_snapshot.cpp for CXX dependencies
[300/2519] Scanning /home/comdare/wt-ce-ph89/tests/unit/test_v5_workload_orchestrator.cpp for CXX dependencies
[301/2519] Scanning /home/comdare/wt-ce-ph89/tests/unit/test_d54_trace_schema.cpp for CXX dependencies
[302/2519] Scanning /home/comdare/wt-ce-ph89/tests/unit/test_heuristik_workload_cluster.cpp for CXX dependencies
[303/2519] Scanning /home/comdare/wt-ce-ph89/tests/unit/test_ap9_provenance_manifest.cpp for CXX dependencies
[304/2519] Scanning /home/comdare/wt-ce-ph89/tests/unit/test_ap13_thread_pinning.cpp for CXX dependencies
[305/2519] Building CXX object libs/cache_engine/builder/permutation_loop/CMakeFiles/comdare_builder_permutation_loop.dir/permutation_loop.cpp.o
[306/2519] Scanning /home/comdare/wt-ce-ph89/tests/unit/test_d51_perzentil_kanon.cpp for CXX dependencies
[307/2519] Scanning /home/comdare/wt-ce-ph89/tests/unit/test_v41_pruef_dock_search_algorithm.cpp for CXX dependencies
[308/2519] Generating CXX dyndep file tests/unit/CMakeFiles/comdare_r5g_adhoc_perm.dir/CXX.dd
[309/2519] Generating CXX dyndep file tests/unit/CMakeFiles/comdare_r5g_autobuilt_perm_0.dir/CXX.dd
[310/2519] Generating CXX dyndep file tests/unit/CMakeFiles/comdare_r5g_autobuilt_perm_1.dir/CXX.dd
[311/2519] Generating CXX dyndep file tests/unit/CMakeFiles/comdare_r5g_autobuilt_perm_2.dir/CXX.dd
[312/2519] Generating CXX dyndep file tests/unit/CMakeFiles/comdare_r5g_autobuilt_perm_3.dir/CXX.dd
[313/2519] Generating CXX dyndep file tests/unit/CMakeFiles/comdare_r5g_autobuilt_perm_4.dir/CXX.dd
[314/2519] Generating CXX dyndep file tests/unit/CMakeFiles/comdare_r5g_autobuilt_perm_5.dir/CXX.dd
[315/2519] Scanning /home/comdare/wt-ce-ph89/tests/unit/test_v41_anatomy_f15_measurement.cpp for CXX dependencies
[316/2519] Generating CXX dyndep file tests/unit/CMakeFiles/comdare_r5g_autobuilt_perm_6.dir/CXX.dd
[317/2519] Generating CXX dyndep file tests/unit/CMakeFiles/comdare_r5g_autobuilt_perm_7.dir/CXX.dd
[318/2519] Scanning /home/comdare/wt-ce-ph89/tests/unit/test_25_kanon_dataset_akten.cpp for CXX dependencies
[319/2519] Generating CXX dyndep file tests/unit/CMakeFiles/comdare_r5g_autobuilt_perm_8.dir/CXX.dd
[320/2519] Generating CXX dyndep file tests/unit/CMakeFiles/comdare_r5g_autobuilt_perm_9.dir/CXX.dd
[321/2519] Generating CXX dyndep file tests/unit/CMakeFiles/comdare_r5g_autobuilt_perm_10.dir/CXX.dd
[322/2519] Scanning /home/comdare/wt-ce-ph89/tests/unit/test_v41_anatomy_adhoc_codegen_macro.cpp for CXX dependencies
[323/2519] Generating CXX dyndep file tests/unit/CMakeFiles/comdare_r5g_autobuilt_perm_11.dir/CXX.dd
[324/2519] Generating CXX dyndep file tests/unit/CMakeFiles/comdare_r5g_autobuilt_perm_13.dir/CXX.dd
[325/2519] Generating CXX dyndep file tests/unit/CMakeFiles/comdare_r5g_autobuilt_perm_14.dir/CXX.dd
[326/2519] Generating CXX dyndep file tests/unit/CMakeFiles/comdare_r5g_autobuilt_perm_12.dir/CXX.dd
[327/2519] Scanning /home/comdare/wt-ce-ph89/tests/unit/test_v5_disk_memento.cpp for CXX dependencies
[328/2519] Generating CXX dyndep file tests/unit/CMakeFiles/comdare_r5g_autobuilt_perm_15.dir/CXX.dd
[329/2519] Generating CXX dyndep file tests/unit/CMakeFiles/comdare_r5g_autobuilt_perm_17.dir/CXX.dd
[330/2519] Generating CXX dyndep file tests/unit/CMakeFiles/comdare_r5g_autobuilt_perm_16.dir/CXX.dd
[331/2519] Generating CXX dyndep file tests/unit/CMakeFiles/comdare_r5g_autobuilt_perm_18.dir/CXX.dd
[332/2519] Generating CXX dyndep file tests/unit/CMakeFiles/comdare_r5g_autobuilt_perm_22.dir/CXX.dd
[333/2519] Generating CXX dyndep file tests/unit/CMakeFiles/comdare_r5g_autobuilt_perm_19.dir/CXX.dd
[334/2519] Generating CXX dyndep file tests/unit/CMakeFiles/comdare_r5g_autobuilt_perm_21.dir/CXX.dd
[335/2519] Generating CXX dyndep file tests/unit/CMakeFiles/comdare_r5g_autobuilt_perm_20.dir/CXX.dd
[336/2519] Generating CXX dyndep file tests/unit/CMakeFiles/comdare_r5g_autobuilt_perm_23.dir/CXX.dd
[337/2519] Generating CXX dyndep file tests/unit/CMakeFiles/comdare_r5g_autobuilt_perm_24.dir/CXX.dd
[338/2519] Generating CXX dyndep file tests/unit/CMakeFiles/comdare_r5g_autobuilt_perm_25.dir/CXX.dd
[339/2519] Generating CXX dyndep file tests/unit/CMakeFiles/comdare_r5g_autobuilt_perm_26.dir/CXX.dd
[340/2519] Generating CXX dyndep file tests/unit/CMakeFiles/comdare_r5g_autobuilt_perm_27.dir/CXX.dd
[341/2519] Generating CXX dyndep file tests/unit/CMakeFiles/comdare_r5g_autobuilt_perm_28.dir/CXX.dd
[342/2519] Generating CXX dyndep file tests/unit/CMakeFiles/comdare_r5g_autobuilt_perm_29.dir/CXX.dd
[343/2519] Generating CXX dyndep file tests/unit/CMakeFiles/comdare_r5g_autobuilt_perm_30.dir/CXX.dd
[344/2519] Generating CXX dyndep file tests/unit/CMakeFiles/comdare_r5g_autobuilt_perm_31.dir/CXX.dd
[345/2519] Generating CXX dyndep file tests/unit/CMakeFiles/comdare_r5g_autobuilt_perm_32.dir/CXX.dd
[346/2519] Generating CXX dyndep file tests/unit/CMakeFiles/comdare_r5g_autobuilt_perm_33.dir/CXX.dd
[347/2519] Generating CXX dyndep file tests/unit/CMakeFiles/comdare_r5g_autobuilt_perm_34.dir/CXX.dd
[348/2519] Generating CXX dyndep file tests/unit/CMakeFiles/comdare_r5g_autobuilt_perm_35.dir/CXX.dd
[349/2519] Generating CXX dyndep file tests/unit/CMakeFiles/comdare_r5g_autobuilt_perm_36.dir/CXX.dd
[350/2519] Generating CXX dyndep file tests/unit/CMakeFiles/comdare_r5g_autobuilt_perm_37.dir/CXX.dd
[351/2519] Generating CXX dyndep file tests/unit/CMakeFiles/comdare_r5g_autobuilt_perm_38.dir/CXX.dd
[352/2519] Generating CXX dyndep file tests/unit/CMakeFiles/comdare_r5g_autobuilt_perm_39.dir/CXX.dd
[353/2519] Generating CXX dyndep file tests/unit/CMakeFiles/comdare_r5g_autobuilt_perm_40.dir/CXX.dd
[354/2519] Generating CXX dyndep file tests/unit/CMakeFiles/comdare_r5g_autobuilt_perm_42.dir/CXX.dd
[355/2519] Generating CXX dyndep file tests/unit/CMakeFiles/comdare_r5g_autobuilt_perm_41.dir/CXX.dd
[356/2519] Generating CXX dyndep file tests/unit/CMakeFiles/comdare_r5g_autobuilt_perm_45.dir/CXX.dd
[357/2519] Scanning /home/comdare/wt-ce-ph89/tests/unit/test_45_sosd_uint64_loader.cpp for CXX dependencies
[358/2519] Generating CXX dyndep file tests/unit/CMakeFiles/comdare_r5g_autobuilt_perm_44.dir/CXX.dd
[359/2519] Scanning /home/comdare/wt-ce-ph89/tests/unit/test_ap10_dataset_akte.cpp for CXX dependencies
[360/2519] Generating CXX dyndep file tests/unit/CMakeFiles/comdare_r5g_autobuilt_perm_43.dir/CXX.dd
[361/2519] Generating CXX dyndep file tests/unit/CMakeFiles/comdare_r5g_autobuilt_perm_46.dir/CXX.dd
[362/2519] Generating CXX dyndep file tests/unit/CMakeFiles/comdare_r5g_autobuilt_perm_47.dir/CXX.dd
[363/2519] Scanning /home/comdare/wt-ce-ph89/tests/unit/test_184_dataset_loader_wiring.cpp for CXX dependencies
[364/2519] Scanning /home/comdare/wt-ce-ph89/tests/unit/test_v5_ycsb_distribution.cpp for CXX dependencies
[365/2519] Building CXX object libs/cache_engine/builder/module_loader/CMakeFiles/comdare_module_loader.dir/module_loader.cpp.o
[366/2519] Scanning /home/comdare/wt-ce-ph89/tests/unit/test_d9_set.cpp for CXX dependencies
[367/2519] Scanning /home/comdare/wt-ce-ph89/tests/unit/test_d8_operability.cpp for CXX dependencies
[368/2519] Scanning /home/comdare/wt-ce-ph89/tests/unit/test_v5_ycsb_op_set.cpp for CXX dependencies
[369/2519] Scanning /home/comdare/wt-ce-ph89/tests/unit/test_d7a_build_inspection.cpp for CXX dependencies
[370/2519] Scanning /home/comdare/wt-ce-ph89/tests/unit/test_d7_build_variant.cpp for CXX dependencies
[371/2519] Scanning /home/comdare/wt-ce-ph89/tests/unit/test_v41_cache_engine_tools_facade.cpp for CXX dependencies
[372/2519] Scanning /home/comdare/wt-ce-ph89/tests/unit/test_d9_set_adapter.cpp for CXX dependencies
[373/2519] Scanning /home/comdare/wt-ce-ph89/tests/unit/test_d3_ceb_generator.cpp for CXX dependencies
[374/2519] Scanning /home/comdare/wt-ce-ph89/tests/unit/test_d7b_definition_per_node.cpp for CXX dependencies
[375/2519] Scanning /home/comdare/wt-ce-ph89/tests/unit/test_d10_sequence.cpp for CXX dependencies
[376/2519] Scanning /home/comdare/wt-ce-ph89/tests/unit/test_v41_anatomy_adhoc_dll_load.cpp for CXX dependencies
[377/2519] Scanning /home/comdare/wt-ce-ph89/tests/unit/test_d11_view.cpp for CXX dependencies
[378/2519] Scanning /home/comdare/wt-ce-ph89/tests/unit/test_v41_scan_range_organ.cpp for CXX dependencies
[379/2519] Scanning /home/comdare/wt-ce-ph89/tests/unit/test_d1_d2_selection.cpp for CXX dependencies
[380/2519] Scanning /home/comdare/wt-ce-ph89/tests/unit/test_v5_organ_memento.cpp for CXX dependencies
[381/2519] Scanning /home/comdare/wt-ce-ph89/tests/unit/test_cmd2_container_attribution.cpp for CXX dependencies
[382/2519] Scanning /home/comdare/wt-ce-ph89/tests/unit/test_pruef_only_gate.cpp for CXX dependencies
[383/2519] Scanning /home/comdare/wt-ce-ph89/tests/unit/test_v41_cache_engine_facade.cpp for CXX dependencies
[384/2519] Scanning /home/comdare/wt-ce-ph89/tests/unit/test_v41_codegen_type_name.cpp for CXX dependencies
[385/2519] Scanning /home/comdare/wt-ce-ph89/tests/unit/test_d12_virus.cpp for CXX dependencies
[386/2519] Scanning /home/comdare/wt-ce-ph89/tests/unit/test_d13_runtime_measure.cpp for CXX dependencies
[387/2519] Scanning /home/comdare/wt-ce-ph89/tests/unit/test_v41_anatomy_adhoc_autobuilt_load.cpp for CXX dependencies
[388/2519] Scanning /home/comdare/wt-ce-ph89/tests/unit/test_a1_load_profile_opmix.cpp for CXX dependencies
[389/2519] Scanning /home/comdare/wt-ce-ph89/tests/unit/test_d15_selection_filter_chain.cpp for CXX dependencies
[390/2519] Scanning /home/comdare/wt-ce-ph89/tests/unit/test_allocator_profile_bestand.cpp for CXX dependencies
[391/2519] Scanning /home/comdare/wt-ce-ph89/tests/unit/test_d_v42_probe.cpp for CXX dependencies
[392/2519] Scanning /home/comdare/wt-ce-ph89/tests/unit/test_container_genus.cpp for CXX dependencies
[393/2519] Scanning /home/comdare/wt-ce-ph89/tests/unit/test_d14_result_ingest.cpp for CXX dependencies
[394/2519] Scanning /home/comdare/wt-ce-ph89/tests/unit/test_d_v42_telemetry_observable.cpp for CXX dependencies
[395/2519] Scanning /home/comdare/wt-ce-ph89/tests/unit/test_genus_docks.cpp for CXX dependencies
[396/2519] Scanning /home/comdare/wt-ce-ph89/tests/unit/test_d_v42_probe2.cpp for CXX dependencies
[397/2519] Scanning /home/comdare/wt-ce-ph89/tests/unit/test_d_v42_serialization_observable.cpp for CXX dependencies
[398/2519] Scanning /home/comdare/wt-ce-ph89/tests/unit/test_d14c_e2e_pipeline.cpp for CXX dependencies
[399/2519] Scanning /home/comdare/wt-ce-ph89/tests/unit/test_d14b_perm_runner.cpp for CXX dependencies
[400/2519] Scanning /home/comdare/wt-ce-ph89/tests/unit/test_v41_codegen_all_axes_umbrella.cpp for CXX dependencies
[401/2519] Scanning /home/comdare/wt-ce-ph89/tests/unit/test_d_v42_telemetry_registry_observable.cpp for CXX dependencies
[402/2519] Scanning /home/comdare/wt-ce-ph89/tests/unit/test_axis_growth_policies.cpp for CXX dependencies
[403/2519] Scanning /home/comdare/wt-ce-ph89/tests/unit/test_axis_view_policies.cpp for CXX dependencies
[404/2519] Scanning /home/comdare/wt-ce-ph89/tests/unit/test_container_dock.cpp for CXX dependencies
[405/2519] Scanning /home/comdare/wt-ce-ph89/tests/unit/test_e24_c0_organ_concept.cpp for CXX dependencies
[406/2519] Scanning /home/comdare/wt-ce-ph89/tests/unit/test_d_v42_memory_layout_observable.cpp for CXX dependencies
[407/2519] Scanning /home/comdare/wt-ce-ph89/tests/unit/test_e24_c1_organ_concept.cpp for CXX dependencies
[408/2519] Scanning /home/comdare/wt-ce-ph89/tests/unit/test_d_v42_node_type_observable.cpp for CXX dependencies
[409/2519] Scanning /home/comdare/wt-ce-ph89/tests/unit/test_e24_c2_set_permutation_engine.cpp for CXX dependencies
[410/2519] Scanning /home/comdare/wt-ce-ph89/tests/unit/test_e24_c2_view_permutation_engine.cpp for CXX dependencies
[411/2519] Scanning /home/comdare/wt-ce-ph89/tests/unit/test_genus_permutation_engines.cpp for CXX dependencies
[412/2519] Scanning /home/comdare/wt-ce-ph89/tests/unit/test_e24_c2_sequence_permutation_engine.cpp for CXX dependencies
[413/2519] Scanning /home/comdare/wt-ce-ph89/tests/unit/test_e24_c3_view_anatomy.cpp for CXX dependencies
[414/2519] Scanning /home/comdare/wt-ce-ph89/tests/unit/test_e24_c3_sequence_anatomy.cpp for CXX dependencies
[415/2519] Scanning /home/comdare/wt-ce-ph89/tests/unit/test_e24_c2_adapter_permutation_engine.cpp for CXX dependencies
[416/2519] Scanning /home/comdare/wt-ce-ph89/tests/unit/test_e24_c3_set_anatomy.cpp for CXX dependencies
[417/2519] Scanning /home/comdare/wt-ce-ph89/tests/unit/test_e24_c3_adapter_anatomy.cpp for CXX dependencies
[418/2519] Scanning /home/comdare/wt-ce-ph89/tests/unit/test_e24_c6v_growth_statistics.cpp for CXX dependencies
[419/2519] Scanning /home/comdare/wt-ce-ph89/tests/unit/test_e24_c6v_view_statistics.cpp for CXX dependencies
[420/2519] Scanning /home/comdare/wt-ce-ph89/tests/unit/test_e24_c6v_set_ehrlichkeit.cpp for CXX dependencies
[421/2519] Scanning /home/comdare/wt-ce-ph89/tests/unit/test_e24_c6_view_wire_aggregate.cpp for CXX dependencies
[422/2519] Scanning /home/comdare/wt-ce-ph89/tests/unit/test_e24_c6_genus_observer_aggregate.cpp for CXX dependencies
[423/2519] Scanning /home/comdare/wt-ce-ph89/tests/unit/test_e24_c7_gattung_map_umbenennung.cpp for CXX dependencies
[424/2519] Scanning /home/comdare/wt-ce-ph89/tests/unit/test_e24_c4_genus_conformance_gates.cpp for CXX dependencies
[425/2519] Scanning /home/comdare/wt-ce-ph89/tests/unit/test_e24_c6_adapter_wire_aggregate.cpp for CXX dependencies
[426/2519] Scanning /home/comdare/wt-ce-ph89/tests/unit/test_e24_c6v_inner_container_statistics.cpp for CXX dependencies
[427/2519] Scanning /home/comdare/wt-ce-ph89/tests/unit/test_e24_c6_sequence_wire_aggregate.cpp for CXX dependencies
[428/2519] Scanning /home/comdare/wt-ce-ph89/tests/unit/test_e24_c6_axis_row_writer.cpp for CXX dependencies
[429/2519] Scanning /home/comdare/wt-ce-ph89/tests/unit/test_e24_c6_set_algebra_abi.cpp for CXX dependencies
[430/2519] Scanning /home/comdare/wt-ce-ph89/tests/unit/test_e24_c6_set_wire_aggregate.cpp for CXX dependencies
[431/2519] Scanning /home/comdare/wt-ce-ph89/tests/unit/test_e24_c7_container_gattungs_kern.cpp for CXX dependencies
[432/2519] Scanning /home/comdare/wt-ce-ph89/tests/unit/test_e24_c5_fk8_genus_baupfad_d1.cpp for CXX dependencies
[433/2519] Scanning /home/comdare/wt-ce-ph89/tests/unit/test_e24_c7_gattung_abi_sichtbar.cpp for CXX dependencies
[434/2519] Scanning /home/comdare/wt-ce-ph89/tests/unit/test_e24_c7_symmetrie_und_benennung.cpp for CXX dependencies
[435/2519] Scanning /home/comdare/wt-ce-ph89/tests/unit/test_e24_c7_element_type_vertrag.cpp for CXX dependencies
[436/2519] Scanning /home/comdare/wt-ce-ph89/tests/unit/test_e24_c3_cross_genus.cpp for CXX dependencies
[437/2519] Scanning /home/comdare/wt-ce-ph89/tests/unit/test_a8s3_sa_organ_member_vollstaendigkeit.cpp for CXX dependencies
[438/2519] Scanning /home/comdare/wt-ce-ph89/tests/unit/test_hy_a1_dock_contract.cpp for CXX dependencies
[439/2519] Scanning /home/comdare/wt-ce-ph89/tests/unit/test_hy_a1_heuristik_adapter_gattung.cpp for CXX dependencies
[440/2519] Scanning /home/comdare/wt-ce-ph89/tests/unit/test_q2_identitaets_riegel.cpp for CXX dependencies
[441/2519] Scanning /home/comdare/wt-ce-ph89/tests/unit/test_hy_a1_attach_nur_array_include.cpp for CXX dependencies
[442/2519] Scanning /home/comdare/wt-ce-ph89/tests/unit/test_e24_c4_genus_pruef_docks.cpp for CXX dependencies
[443/2519] Scanning /home/comdare/wt-ce-ph89/tests/unit/test_hy_a3_hybrid_config_parser.cpp for CXX dependencies
[444/2519] Scanning /home/comdare/wt-ce-ph89/tests/unit/test_e24_c5_fk7_dock_fehlerklassen.cpp for CXX dependencies
[445/2519] Scanning /home/comdare/wt-ce-ph89/tests/unit/test_hy_a2_stempel_kette.cpp for CXX dependencies
[446/2519] Scanning /home/comdare/wt-ce-ph89/tests/unit/test_hy_f8_reroute.cpp for CXX dependencies
[447/2519] Scanning /home/comdare/wt-ce-ph89/tests/unit/test_migration_two_tier.cpp for CXX dependencies
[448/2519] Scanning /home/comdare/wt-ce-ph89/tests/unit/test_prefetch_real.cpp for CXX dependencies
[449/2519] Scanning /home/comdare/wt-ce-ph89/tests/unit/test_s5_04_execution_alloc_conformance.cpp for CXX dependencies
[450/2519] Scanning /home/comdare/wt-ce-ph89/tests/unit/test_filter_real_from_keys.cpp for CXX dependencies
[451/2519] Scanning /home/comdare/wt-ce-ph89/tests/unit/test_seg_coverage.cpp for CXX dependencies
[452/2519] Scanning /home/comdare/wt-ce-ph89/tests/unit/test_value_handle_real.cpp for CXX dependencies
[453/2519] Scanning /home/comdare/wt-ce-ph89/tests/unit/test_prefetch_adversarial_verify.cpp for CXX dependencies
[454/2519] Scanning /home/comdare/wt-ce-ph89/tests/unit/test_s5_04_execution_perf_sanity.cpp for CXX dependencies
[455/2519] Scanning /home/comdare/wt-ce-ph89/tests/unit/test_patricia_real.cpp for CXX dependencies
[456/2519] Scanning /home/comdare/wt-ce-ph89/tests/unit/test_prefetch_patha_t7.cpp for CXX dependencies
[457/2519] Scanning /home/comdare/wt-ce-ph89/tests/unit/test_s5_03_placement_alloc_conformance.cpp for CXX dependencies
[458/2519] Scanning /home/comdare/wt-ce-ph89/tests/unit/test_a8s1_t17_vollzaehligkeit.cpp for CXX dependencies
[459/2519] Scanning /home/comdare/wt-ce-ph89/tests/unit/test_s5_02a_layout_alloc_conformance.cpp for CXX dependencies
[460/2519] Scanning /home/comdare/wt-ce-ph89/tests/unit/test_s5_01d_traversal_alloc_conformance.cpp for CXX dependencies
[461/2519] Scanning /home/comdare/wt-ce-ph89/tests/unit/test_a8s3_t17_stats_lesezeitpunkt.cpp for CXX dependencies
[462/2519] Scanning /home/comdare/wt-ce-ph89/tests/unit/test_s5_03_placement_perf_sanity.cpp for CXX dependencies
[463/2519] Scanning /home/comdare/wt-ce-ph89/tests/unit/test_s5_01d_traversal_perf_sanity.cpp for CXX dependencies
[464/2519] Scanning /home/comdare/wt-ce-ph89/tests/unit/test_s5_02b_filter_alloc_conformance.cpp for CXX dependencies
[465/2519] Scanning /home/comdare/wt-ce-ph89/tests/unit/test_cuckoo_eviction_correctness.cpp for CXX dependencies
[466/2519] Scanning /home/comdare/wt-ce-ph89/tests/unit/test_h64_allocator_adapter_failure_contract.cpp for CXX dependencies
[467/2519] Scanning /home/comdare/wt-ce-ph89/tests/unit/test_h81_allocator_statistics_forwarder_recursion.cpp for CXX dependencies
[468/2519] Scanning /home/comdare/wt-ce-ph89/tests/unit/test_s5_05q_queuing_perf_sanity.cpp for CXX dependencies
[469/2519] Scanning /home/comdare/wt-ce-ph89/tests/unit/test_s5_01b_composable_alloc_conformance.cpp for CXX dependencies
[470/2519] Scanning /home/comdare/wt-ce-ph89/tests/unit/test_s5_01b_composable_perf_sanity.cpp for CXX dependencies
[471/2519] Scanning /home/comdare/wt-ce-ph89/tests/unit/test_a1_wurf_vertrag_allokator_store.cpp for CXX dependencies
[472/2519] Scanning /home/comdare/wt-ce-ph89/tests/unit/test_s5_01a_pool_stores_alloc_conformance.cpp for CXX dependencies
[473/2519] Scanning /home/comdare/wt-ce-ph89/tests/unit/test_s5_01c_fassaden_conformance.cpp for CXX dependencies
[474/2519] Scanning /home/comdare/wt-ce-ph89/tests/unit/test_s5_02b_filter_perf_sanity.cpp for CXX dependencies
[475/2519] Scanning /home/comdare/wt-ce-ph89/tests/unit/test_br2_descriptor_foundation.cpp for CXX dependencies
[476/2519] Scanning /home/comdare/wt-ce-ph89/tests/unit/test_s5_05q_queuing_alloc_conformance.cpp for CXX dependencies
[477/2519] Scanning /home/comdare/wt-ce-ph89/tests/unit/test_s5_02a_layout_perf_sanity.cpp for CXX dependencies
[478/2519] Scanning /home/comdare/wt-ce-ph89/tests/unit/test_scalloc_realloc_alignment.cpp for CXX dependencies
[479/2519] Scanning /home/comdare/wt-ce-ph89/tests/unit/test_s5_01a_pool_stores_perf_sanity.cpp for CXX dependencies
[480/2519] Scanning /home/comdare/wt-ce-ph89/tests/unit/test_hash_lookup_backward_shift.cpp for CXX dependencies
[481/2519] Scanning /home/comdare/wt-ce-ph89/tests/unit/test_kf4_resource_control.cpp for CXX dependencies
[482/2519] Scanning /home/comdare/wt-ce-ph89/tests/unit/test_cow_memento.cpp for CXX dependencies
[483/2519] Scanning /home/comdare/wt-ce-ph89/tests/unit/test_br1_subset.cpp for CXX dependencies
[484/2519] Scanning /home/comdare/wt-ce-ph89/tests/unit/test_kf7_runtime_loop.cpp for CXX dependencies
[485/2519] Scanning /home/comdare/wt-ce-ph89/tests/unit/test_genus_organ_binding.cpp for CXX dependencies
[486/2519] Scanning /home/comdare/wt-ce-ph89/tests/unit/test_d4b_container_adapter.cpp for CXX dependencies
[487/2519] Scanning /home/comdare/wt-ce-ph89/tests/unit/test_genus_binding.cpp for CXX dependencies
[488/2519] Scanning /home/comdare/wt-ce-ph89/tests/unit/test_kf10_repetition_plan.cpp for CXX dependencies
[489/2519] Scanning /home/comdare/wt-ce-ph89/tests/unit/test_kf11_telemetry_silent.cpp for CXX dependencies
[490/2519] Scanning /home/comdare/wt-ce-ph89/tests/unit/test_kf9_experiment_tree.cpp for CXX dependencies
[491/2519] Scanning /home/comdare/wt-ce-ph89/tests/unit/test_br1_full22_count.cpp for CXX dependencies
[492/2519] Scanning /home/comdare/wt-ce-ph89/tests/unit/test_kf12_kf13_slurm_prepare.cpp for CXX dependencies
[493/2519] Scanning /home/comdare/wt-ce-ph89/tests/unit/test_kf8_ceb_generator.cpp for CXX dependencies
[494/2519] Scanning /home/comdare/wt-ce-ph89/tests/unit/test_kf6_node_run_body.cpp for CXX dependencies
[495/2519] Scanning /home/comdare/wt-ce-ph89/tests/unit/test_kf5_cacheline_weave.cpp for CXX dependencies
[496/2519] Scanning /home/comdare/wt-ce-ph89/tests/unit/test_br_kf15_real.cpp for CXX dependencies
[497/2519] Scanning /home/comdare/wt-ce-ph89/tests/unit/test_kf15_inverse_signature.cpp for CXX dependencies
[498/2519] Scanning /home/comdare/wt-ce-ph89/tests/unit/test_br3_obs22.cpp for CXX dependencies
[499/2519] Scanning /home/comdare/wt-ce-ph89/tests/unit/test_cow_capable_wrappers.cpp for CXX dependencies
[500/2519] Scanning /home/comdare/wt-ce-ph89/tests/unit/test_clu_per_layout.cpp for CXX dependencies
[501/2519] Scanning /home/comdare/wt-ce-ph89/tests/unit/test_r2_suffix_wachen.cpp for CXX dependencies
[502/2519] Scanning /home/comdare/wt-ce-ph89/tests/unit/test_s5_artifact_cache_bounded.cpp for CXX dependencies
[503/2519] Scanning /home/comdare/wt-ce-ph89/tests/unit/test_br2_roundtrip.cpp for CXX dependencies
[504/2519] Scanning /home/comdare/wt-ce-ph89/tests/unit/test_kf16b_build_resilience.cpp for CXX dependencies
[505/2519] Scanning /home/comdare/wt-ce-ph89/tests/unit/test_w6_parallel_provision.cpp for CXX dependencies
[506/2519] Scanning /home/comdare/wt-ce-ph89/tests/unit/test_kf16_build_orchestrator.cpp for CXX dependencies
[507/2519] Scanning /home/comdare/wt-ce-ph89/tests/unit/test_w11_async_push_pump.cpp for CXX dependencies
[508/2519] Scanning /home/comdare/wt-ce-ph89/tests/unit/test_s1_cache_key_prefix.cpp for CXX dependencies
[509/2519] Scanning /home/comdare/wt-ce-ph89/tests/unit/test_45_parallel_measure_loop.cpp for CXX dependencies
[510/2519] Scanning /home/comdare/wt-ce-ph89/tests/unit/test_a15_fk3_axis_error_traits.cpp for CXX dependencies
[511/2519] Scanning /home/comdare/wt-ce-ph89/tests/unit/test_s2_pull_tier_binary.cpp for CXX dependencies
[512/2519] Scanning /home/comdare/wt-ce-ph89/tests/unit/test_cache_mc_timeout.cpp for CXX dependencies
[513/2519] Scanning /home/comdare/wt-ce-ph89/tests/unit/test_resthygiene2_organ_fingerprint.cpp for CXX dependencies
[514/2519] Scanning /home/comdare/wt-ce-ph89/tests/unit/test_obs_phaseB_t14_t16.cpp for CXX dependencies
[515/2519] Scanning /home/comdare/wt-ce-ph89/tests/unit/test_e24_c9_fk5_fehlerraum.cpp for CXX dependencies
[516/2519] Scanning /home/comdare/wt-ce-ph89/tests/unit/test_w10_c4_zellwert_naht.cpp for CXX dependencies
[517/2519] Scanning /home/comdare/wt-ce-ph89/tests/unit/test_a15_fk4_organ_slot_traits.cpp for CXX dependencies
[518/2519] Scanning /home/comdare/wt-ce-ph89/tests/unit/test_fk6_algo_error_classes.cpp for CXX dependencies
[519/2519] Building CXX object tools/axis_version_lock/CMakeFiles/comdare_axis_version_lock.dir/axis_version_lock.cpp.o
[520/2519] Scanning /home/comdare/wt-ce-ph89/tests/unit/test_v5_io_real_fixture.cpp for CXX dependencies
[521/2519] Scanning /home/comdare/wt-ce-ph89/tests/unit/test_kf1_thesis_profile_parser.cpp for CXX dependencies
[522/2519] Scanning /home/comdare/wt-ce-ph89/tests/unit/test_obs_phaseB_t11_t12_iso.cpp for CXX dependencies
[523/2519] Linking CXX executable tools/axis_version_lock/comdare_axis_version_lock
[524/2519] Scanning /home/comdare/wt-ce-ph89/tests/unit/test_winsorized_mean.cpp for CXX dependencies
[525/2519] Scanning /home/comdare/wt-ce-ph89/tests/unit/test_e24_c10_g6_identitaets_bilanz.cpp for CXX dependencies
[526/2519] Scanning /home/comdare/wt-ce-ph89/tests/unit/test_segment_timer_differentiation.cpp for CXX dependencies
[527/2519] Scanning /home/comdare/wt-ce-ph89/tests/unit/test_pathb_segment_timer.cpp for CXX dependencies
[528/2519] Scanning /home/comdare/wt-ce-ph89/tests/unit/test_m8_storetrav_segment.cpp for CXX dependencies
[529/2519] Scanning /home/comdare/wt-ce-ph89/tests/unit/test_all19_segment_timer.cpp for CXX dependencies
[530/2519] Scanning /home/comdare/wt-ce-ph89/tests/unit/test_obs_phaseA.cpp for CXX dependencies
[531/2519] Scanning /home/comdare/wt-ce-ph89/tests/unit/test_q1_lockfree_concurrency.cpp for CXX dependencies
[532/2519] Scanning /home/comdare/wt-ce-ph89/tests/unit/test_obs_phaseB_t11_t12.cpp for CXX dependencies
[533/2519] Scanning /home/comdare/wt-ce-ph89/tests/unit/test_d_v42_abi_telemetry_coupling.cpp for CXX dependencies
[534/2519] Scanning /home/comdare/wt-ce-ph89/tests/unit/test_conformance_gate.cpp for CXX dependencies
[535/2519] Scanning /home/comdare/wt-ce-ph89/tests/unit/test_br3_observer.cpp for CXX dependencies
[536/2519] Scanning /home/comdare/wt-ce-ph89/tests/unit/test_obs_phaseB_pilot.cpp for CXX dependencies
[537/2519] Scanning /home/comdare/wt-ce-ph89/tests/unit/test_a8s4_konstitutiv_kette.cpp for CXX dependencies
[538/2519] Scanning /home/comdare/wt-ce-ph89/tests/unit/test_a8s4_release_pfad_neutralitaet.cpp for CXX dependencies
[539/2519] Scanning /home/comdare/wt-ce-ph89/tests/unit/test_rf3_betriebssystem_feature_fehlt.cpp for CXX dependencies
[540/2519] Scanning /home/comdare/wt-ce-ph89/tests/unit/test_striktheit_axis_dach_guard.cpp for CXX dependencies
[541/2519] Scanning /home/comdare/wt-ce-ph89/tests/unit/test_29_container_framework.cpp for CXX dependencies
[542/2519] Scanning /home/comdare/wt-ce-ph89/tests/unit/test_axis_error_taxonomy.cpp for CXX dependencies
[543/2519] Scanning /home/comdare/wt-ce-ph89/tests/unit/test_ap15_3_driveable_map_contract.cpp for CXX dependencies
[544/2519] Scanning /home/comdare/wt-ce-ph89/tests/unit/test_188_4bb0_pool_organ_wide_key_conformance.cpp for CXX dependencies
[545/2519] Scanning /home/comdare/wt-ce-ph89/tests/unit/test_a14_os_sub_axes_guard.cpp for CXX dependencies
[546/2519] Scanning /home/comdare/wt-ce-ph89/tests/unit/test_meta_meta_halbordnung.cpp for CXX dependencies
[547/2519] Scanning /home/comdare/wt-ce-ph89/tests/unit/test_188_4bbV_pool_adapter_flip_compile.cpp for CXX dependencies
[548/2519] Scanning /home/comdare/wt-ce-ph89/tests/unit/test_phase_b_effective_search_algo_contrast.cpp for CXX dependencies
[549/2519] Scanning /home/comdare/wt-ce-ph89/tests/unit/test_ap15_2_get_allocator_proxy.cpp for CXX dependencies
[550/2519] Scanning /home/comdare/wt-ce-ph89/tests/unit/test_s7_1_bst_pool_allocator_deg.cpp for CXX dependencies
[551/2519] Scanning /home/comdare/wt-ce-ph89/tests/unit/test_striktheit_abi_pod_guard.cpp for CXX dependencies
[552/2519] Scanning /home/comdare/wt-ce-ph89/tests/unit/test_s14_axis_version_lock_tripwire.cpp for CXX dependencies
[553/2519] Scanning /home/comdare/wt-ce-ph89/tests/unit/test_s7_2_btree_pool_allocator_deg.cpp for CXX dependencies
[554/2519] Scanning /home/comdare/wt-ce-ph89/tests/unit/test_striktheit_scan_kernel_purity.cpp for CXX dependencies
[555/2519] Scanning /home/comdare/wt-ce-ph89/tests/unit/test_234_va_shaped_adapter.cpp for CXX dependencies
[556/2519] Scanning /home/comdare/wt-ce-ph89/tests/unit/test_striktheit_metaprog_guard.cpp for CXX dependencies
[557/2519] Scanning /home/comdare/wt-ce-ph89/tests/unit/test_cmd1_a_axis_command_base.cpp for CXX dependencies
[558/2519] Scanning /home/comdare/wt-ce-ph89/tests/unit/test_striktheit_axes_guard.cpp for CXX dependencies
[559/2519] Scanning /home/comdare/wt-ce-ph89/tests/unit/test_s7_9_surf_pool_allocator_deg.cpp for CXX dependencies
[560/2519] Scanning /home/comdare/wt-ce-ph89/tests/unit/test_234_vb_rest_families_shaped.cpp for CXX dependencies
[561/2519] Scanning /home/comdare/wt-ce-ph89/tests/unit/test_s7_3_skip_list_pool_allocator_deg.cpp for CXX dependencies
[562/2519] Scanning /home/comdare/wt-ce-ph89/tests/unit/test_s7_5_art_pool_allocator_deg.cpp for CXX dependencies
[563/2519] Scanning /home/comdare/wt-ce-ph89/tests/unit/test_234_f1_btree_order_shape.cpp for CXX dependencies
[564/2519] Scanning /home/comdare/wt-ce-ph89/tests/unit/test_s7_4_hash_pool_allocator_deg.cpp for CXX dependencies
[565/2519] Scanning /home/comdare/wt-ce-ph89/tests/unit/test_s7_8_wormhole_pool_allocator_deg.cpp for CXX dependencies
[566/2519] Scanning /home/comdare/wt-ce-ph89/tests/unit/test_s7_6_hot_pool_allocator_deg.cpp for CXX dependencies
[567/2519] Scanning /home/comdare/wt-ce-ph89/tests/unit/test_s7_10_swiss_pool_allocator_deg.cpp for CXX dependencies
[568/2519] Scanning /home/comdare/wt-ce-ph89/tests/unit/test_234_f2_skip_list_shape.cpp for CXX dependencies
[569/2519] Scanning /home/comdare/wt-ce-ph89/tests/unit/test_234_f3_bst_shape.cpp for CXX dependencies
[570/2519] Scanning /home/comdare/wt-ce-ph89/tests/unit/test_188_4a_eytzinger_organ.cpp for CXX dependencies
[571/2519] Scanning /home/comdare/wt-ce-ph89/tests/unit/test_s7_7_start_pool_allocator_deg.cpp for CXX dependencies
[572/2519] Scanning /home/comdare/wt-ce-ph89/tests/unit/mt_l3_wide_schema_gefroren.cpp for CXX dependencies
[573/2519] Scanning /home/comdare/wt-ce-ph89/tests/unit/test_188_4c0_known_compositions_conformance.cpp for CXX dependencies
[574/2519] Scanning /home/comdare/wt-ce-ph89/tests/unit/test_216h2_stat_reset_after_load.cpp for CXX dependencies
[575/2519] Scanning /home/comdare/wt-ce-ph89/tests/unit/test_abi_adapter_g3_batch2.cpp for CXX dependencies
[576/2519] Scanning /home/comdare/wt-ce-ph89/tests/unit/test_221_rc_prefetch_distance.cpp for CXX dependencies
[577/2519] Scanning /home/comdare/wt-ce-ph89/tests/unit/test_234_f4_hash_probe_shape.cpp for CXX dependencies
[578/2519] Scanning /home/comdare/wt-ce-ph89/tests/unit/test_188_4cii_flat_wrapper_traversal.cpp for CXX dependencies
[579/2519] Scanning /home/comdare/wt-ce-ph89/tests/unit/test_e1_contract_rc_konsum.cpp for CXX dependencies
[580/2519] Scanning /home/comdare/wt-ce-ph89/tests/unit/test_vor_push_gate.cpp for CXX dependencies
[581/2519] Scanning /home/comdare/wt-ce-ph89/tests/unit/thesis_tiere/m3v2_pmc_smoke.cpp for CXX dependencies
[582/2519] Scanning /home/comdare/wt-ce-ph89/tests/unit/test_experiment_dock_payload.cpp for CXX dependencies
[583/2519] Scanning /home/comdare/wt-ce-ph89/tests/unit/test_harness_compile.cpp for CXX dependencies
[584/2519] Scanning /home/comdare/wt-ce-ph89/tests/unit/test_gn_cell_filter.cpp for CXX dependencies
[585/2519] Scanning /home/comdare/wt-ce-ph89/tests/unit/test_tp1_planer_filter_iterator.cpp for CXX dependencies
[586/2519] Scanning /home/comdare/wt-ce-ph89/tests/unit/test_axis_kind_kategorien_zuordnung.cpp for CXX dependencies
[587/2519] Scanning /home/comdare/wt-ce-ph89/tests/unit/test_a5_eta_slice_verdrahtung.cpp for CXX dependencies
[588/2519] Scanning /home/comdare/wt-ce-ph89/tests/unit/test_217_2a_capacity_guard.cpp for CXX dependencies
[589/2519] Scanning /home/comdare/wt-ce-ph89/tests/unit/test_progress_delta.cpp for CXX dependencies
[590/2519] Scanning /home/comdare/wt-ce-ph89/tests/unit/test_axis_kind_wire_totalitaet.cpp for CXX dependencies
[591/2519] Scanning /home/comdare/wt-ce-ph89/tests/unit/test_f3_lager_key_provider_iterator.cpp for CXX dependencies
[592/2519] Scanning /home/comdare/wt-ce-ph89/tests/unit/test_b3_schema_freeze_stufe1.cpp for CXX dependencies
[593/2519] Scanning /home/comdare/wt-ce-ph89/tests/unit/test_lg_skip_callback_null.cpp for CXX dependencies
[594/2519] Scanning /home/comdare/wt-ce-ph89/tests/unit/test_d37b_modus_riegel.cpp for CXX dependencies
[595/2519] Scanning /home/comdare/wt-ce-ph89/tests/unit/thesis_tiere/test_profile_coverage.cpp for CXX dependencies
[596/2519] Scanning /home/comdare/wt-ce-ph89/tests/unit/test_lagp2_messwert_genus.cpp for CXX dependencies
[597/2519] Generating CXX dyndep file tests/unit/CMakeFiles/perm_set_d9.dir/CXX.dd
[598/2519] Generating CXX dyndep file tests/unit/CMakeFiles/perm_sequence_d10.dir/CXX.dd
[599/2519] Scanning /home/comdare/wt-ce-ph89/tests/unit/test_lazy_resume_binary.cpp for CXX dependencies
[600/2519] Generating CXX dyndep file tests/unit/CMakeFiles/perm_view_d11.dir/CXX.dd
[601/2519] Generating CXX dyndep file tests/unit/CMakeFiles/perm_buildvariant_avx512.dir/CXX.dd
[602/2519] Generating CXX dyndep file tests/unit/CMakeFiles/perm_buildvariant_avx2.dir/CXX.dd
[603/2519] Generating CXX dyndep file tests/unit/CMakeFiles/perm_set_defekt_d13.dir/CXX.dd
[604/2519] Generating CXX dyndep file tests/unit/CMakeFiles/perm_alt_major7.dir/CXX.dd
[605/2519] Scanning /home/comdare/wt-ce-ph89/tests/unit/test_w5_status_reader.cpp for CXX dependencies
[606/2519] Generating CXX dyndep file tests/unit/CMakeFiles/perm_adapter_d12.dir/CXX.dd
[607/2519] Generating CXX dyndep file tests/unit/CMakeFiles/perm_q2_ohne_gattung.dir/CXX.dd
[608/2519] Scanning /home/comdare/wt-ce-ph89/tests/unit/test_mt_l3_wide_schema_orakel.cpp for CXX dependencies
[609/2519] Generating CXX dyndep file tests/unit/CMakeFiles/perm_major7_neue_magic.dir/CXX.dd
[610/2519] Generating CXX dyndep file tests/unit/CMakeFiles/perm_q2_luegner.dir/CXX.dd
[611/2519] Generating CXX dyndep file tests/unit/CMakeFiles/perm_q2_ohne_genus.dir/CXX.dd
[612/2519] Generating CXX dyndep file tests/unit/CMakeFiles/hybrid_reroute_set.dir/CXX.dd
[613/2519] Generating CXX dyndep file tests/unit/CMakeFiles/perm_a11_ohne_stempel.dir/CXX.dd
[614/2519] Scanning /home/comdare/wt-ce-ph89/tests/unit/test_t2a_f4_facade_plan_durchreichung.cpp for CXX dependencies
[615/2519] Generating CXX dyndep file tests/unit/CMakeFiles/hybrid_reroute_searchalgorithm.dir/CXX.dd
[616/2519] Generating CXX dyndep file tests/unit/CMakeFiles/perm_alt_magic_ohne_symbole.dir/CXX.dd
[617/2519] Generating CXX dyndep file tests/unit/CMakeFiles/perm_buildvariant_real_avx512.dir/CXX.dd
[618/2519] Generating CXX dyndep file tests/unit/CMakeFiles/perm_buildvariant_real_avx2.dir/CXX.dd
[619/2519] Scanning /home/comdare/wt-ce-ph89/tests/unit/thesis_tiere/test_experiment_parser.cpp for CXX dependencies
[620/2519] Generating CXX dyndep file tests/unit/CMakeFiles/perm_adhoc_buildvariant.dir/CXX.dd
[621/2519] Scanning /home/comdare/wt-ce-ph89/tests/unit/test_buildvariant_dll.cpp for CXX dependencies
[622/2519] Scanning /home/comdare/wt-ce-ph89/tests/unit/thesis_tiere/linux_perf_pmc_smoke.cpp for CXX dependencies
[623/2519] Scanning /home/comdare/wt-ce-ph89/tests/unit/test_ap5_simd_extension_coherence.cpp for CXX dependencies
[624/2519] Scanning /home/comdare/wt-ce-ph89/tests/unit/thesis_tiere/test_experiment_kern_seam.cpp for CXX dependencies
[625/2519] Scanning /home/comdare/wt-ce-ph89/tests/unit/test_dgenus_dll.cpp for CXX dependencies
[626/2519] Scanning /home/comdare/wt-ce-ph89/tests/unit/test_d4b_container_dll.cpp for CXX dependencies
[627/2519] Scanning /home/comdare/wt-ce-ph89/tests/unit/test_adhoc_buildvariant_dll.cpp for CXX dependencies
[628/2519] Scanning /home/comdare/wt-ce-ph89/tests/unit/test_e24_c10_g5_lade_wache.cpp for CXX dependencies
[629/2519] Scanning /home/comdare/wt-ce-ph89/tests/unit/thesis_tiere/test_axis_sweep_coverage.cpp for CXX dependencies
[630/2519] Scanning /home/comdare/wt-ce-ph89/tests/unit/thesis_tiere/test_measurement_categories.cpp for CXX dependencies
[631/2519] Scanning /home/comdare/wt-ce-ph89/tests/unit/thesis_tiere/test_ap2_katalog_pfad_stubfrei.cpp for CXX dependencies
[632/2519] Scanning /home/comdare/wt-ce-ph89/tests/unit/test_org18_persistence_target.cpp for CXX dependencies
[633/2519] Scanning /home/comdare/wt-ce-ph89/tests/unit/test_cacheline_policy_selector.cpp for CXX dependencies
[634/2519] Scanning /home/comdare/wt-ce-ph89/tests/unit/test_w3_mess_interface_testate_biss.cpp for CXX dependencies
[635/2519] Scanning /home/comdare/wt-ce-ph89/tests/unit/test_e24_c10_genus_dll_roundtrip.cpp for CXX dependencies
[636/2519] Scanning /home/comdare/wt-ce-ph89/libs/cache_engine/builder/workload_driver/test_load_profile_writer.cpp for CXX dependencies
[637/2519] Scanning /home/comdare/wt-ce-ph89/tests/unit/thesis_tiere/test_smoke_coverage_profile.cpp for CXX dependencies
[638/2519] Scanning /home/comdare/wt-ce-ph89/tests/unit/test_d13_dll_runtime_measure.cpp for CXX dependencies
[639/2519] Scanning /home/comdare/wt-ce-ph89/tests/unit/thesis_tiere/test_h2_score_akte.cpp for CXX dependencies
[640/2519] Scanning /home/comdare/wt-ce-ph89/tests/unit/thesis_tiere/test_wdk_datasets_fairness.cpp for CXX dependencies
[641/2519] Scanning /home/comdare/wt-ce-ph89/tests/unit/thesis_tiere/test_sota_st2_dedup.cpp for CXX dependencies
[642/2519] Scanning /home/comdare/wt-ce-ph89/tests/unit/test_kf3_cacheline_subaxis.cpp for CXX dependencies
[643/2519] Scanning /home/comdare/wt-ce-ph89/tests/unit/thesis_tiere/test_merge_plan_directive.cpp for CXX dependencies
[644/2519] Scanning /home/comdare/wt-ce-ph89/tests/unit/test_best_binary_selector_parse_rank.cpp for CXX dependencies
[645/2519] Scanning /home/comdare/wt-ce-ph89/tests/unit/thesis_tiere/test_validate_profile.cpp for CXX dependencies
[646/2519] Scanning /home/comdare/wt-ce-ph89/tests/unit/thesis_tiere/test_experiment_projection.cpp for CXX dependencies
[647/2519] Scanning /home/comdare/wt-ce-ph89/tests/unit/thesis_tiere/test_experiment_plan_director.cpp for CXX dependencies
[648/2519] Scanning /home/comdare/wt-ce-ph89/libs/cache_engine/builder/best_binary_selector/best_binary_selector.cpp for CXX dependencies
[649/2519] Scanning /home/comdare/wt-ce-ph89/tests/unit/test_hybrid_spline_selector_scaffold.cpp for CXX dependencies
[650/2519] Scanning /home/comdare/wt-ce-ph89/tests/unit/test_e4_contract_xml_to_axislevels.cpp for CXX dependencies
[651/2519] Scanning /home/comdare/wt-ce-ph89/tests/unit/test_e3_contract_binary_id_bijektion.cpp for CXX dependencies
[652/2519] Scanning /home/comdare/wt-ce-ph89/tests/unit/test_t1_system_achsen_eine_entscheidung.cpp for CXX dependencies
[653/2519] Scanning /home/comdare/wt-ce-ph89/libs/cache_engine/builder/best_binary_selector/best_binary_selector.cpp for CXX dependencies
[654/2519] Scanning /home/comdare/wt-ce-ph89/tests/unit/test_a9b_active_deklaration_inert.cpp for CXX dependencies
[655/2519] Scanning /home/comdare/wt-ce-ph89/tests/unit/test_e2_contract_abi_vertrag.cpp for CXX dependencies
[656/2519] Scanning /home/comdare/wt-ce-ph89/tests/unit/test_ff2_node_width_subaxis.cpp for CXX dependencies
[657/2519] Scanning /home/comdare/wt-ce-ph89/tests/unit/test_fb_alloc_hw_subaxis.cpp for CXX dependencies
[658/2519] Scanning /home/comdare/wt-ce-ph89/tests/unit/test_w3_mess_interface_testate_dock.cpp for CXX dependencies
[659/2519] Scanning /home/comdare/wt-ce-ph89/tests/unit/test_m_simd_feature_flag_catalog.cpp for CXX dependencies
[660/2519] Scanning /home/comdare/wt-ce-ph89/tests/unit/test_p1_spd_ddr5_parser.cpp for CXX dependencies
[661/2519] Scanning /home/comdare/wt-ce-ph89/tests/unit/test_e3_contract_conformance_gate_wirksam.cpp for CXX dependencies
[662/2519] Scanning /home/comdare/wt-ce-ph89/tests/unit/test_p2_ram_probe_chain.cpp for CXX dependencies
[663/2519] Scanning /home/comdare/wt-ce-ph89/tests/unit/test_p2_ram_identity_verdict.cpp for CXX dependencies
[664/2519] Scanning /home/comdare/wt-ce-ph89/tests/unit/test_os_u3_probe.cpp for CXX dependencies
[665/2519] Scanning /home/comdare/wt-ce-ph89/tests/unit/test_o4_machine_identity.cpp for CXX dependencies
[666/2519] Generating CXX dyndep file tests/unit/CMakeFiles/r3_biss_modul_gates_an.dir/CXX.dd
[667/2519] Generating CXX dyndep file tests/unit/CMakeFiles/r3_biss_modul_gates_aus.dir/CXX.dd
[668/2519] Scanning /home/comdare/wt-ce-ph89/tests/unit/test_c3b_kanal_merge_beleg.cpp for CXX dependencies
[669/2519] Scanning /home/comdare/wt-ce-ph89/tests/unit/test_c3a_gate_scharfschaltung.cpp for CXX dependencies
[670/2519] Scanning /home/comdare/wt-ce-ph89/tests/unit/test_od11_numa_cpu_pin_process_probe.cpp for CXX dependencies
[671/2519] Scanning /home/comdare/wt-ce-ph89/tests/unit/test_p3_boot_cache_dmi.cpp for CXX dependencies
[672/2519] Scanning /home/comdare/wt-ce-ph89/tests/unit/test_od10_numa_page_probe.cpp for CXX dependencies
[673/2519] Scanning /home/comdare/wt-ce-ph89/tests/unit/test_m_contract_system_axis_wurzel.cpp for CXX dependencies
[674/2519] Scanning /home/comdare/wt-ce-ph89/tests/unit/test_m1_mess_achsen_wirkung.cpp for CXX dependencies
[675/2519] Scanning /home/comdare/wt-ce-ph89/tests/unit/test_progress_heartbeat.cpp for CXX dependencies
[676/2519] Scanning /home/comdare/wt-ce-ph89/tests/unit/test_g1_binary_version_stamp.cpp for CXX dependencies
[677/2519] Scanning /home/comdare/wt-ce-ph89/tests/unit/test_r3_mess_gate_fingerprint_biss.cpp for CXX dependencies
[678/2519] Scanning /home/comdare/wt-ce-ph89/tests/unit/test_b2_mess_gate_trennung.cpp for CXX dependencies
[679/2519] Scanning /home/comdare/wt-ce-ph89/tests/unit/test_m1h_stufen_und_pmc_wache.cpp for CXX dependencies
[680/2519] Scanning /home/comdare/wt-ce-ph89/tests/unit/test_d4_ceb_schluessel_wahl.cpp for CXX dependencies
[681/2519] Scanning /home/comdare/wt-ce-ph89/tests/unit/test_simd_field_sum_dispatch.cpp for CXX dependencies
[682/2519] Scanning /home/comdare/wt-ce-ph89/tests/unit/test_m_w12_stamp_bausteine.cpp for CXX dependencies
[683/2519] Scanning /home/comdare/wt-ce-ph89/tests/unit/test_parser_konsolidierung.cpp for CXX dependencies
[684/2519] Scanning /home/comdare/wt-ce-ph89/tests/unit/test_r3_mess_gates_spiegel.cpp for CXX dependencies
[685/2519] Scanning /home/comdare/wt-ce-ph89/tests/unit/test_w10_system_cell_values.cpp for CXX dependencies
[686/2519] Scanning /home/comdare/wt-ce-ph89/tests/unit/test_phase6_vorbau.cpp for CXX dependencies
[687/2519] Scanning /home/comdare/wt-ce-ph89/tests/unit/test_d2_mess_konsistenz_gate.cpp for CXX dependencies
[688/2519] Scanning /home/comdare/wt-ce-ph89/tests/unit/test_simd_field_sum_dispatch.cpp for CXX dependencies
[689/2519] Scanning /home/comdare/wt-ce-ph89/tests/unit/test_simd_field_sum_dispatch.cpp for CXX dependencies
[690/2519] Scanning /home/comdare/wt-ce-ph89/tests/unit/test_simd_add_u64_carry.cpp for CXX dependencies
[691/2519] Scanning /home/comdare/wt-ce-ph89/tests/unit/test_limits_entkopplung_vorstufe.cpp for CXX dependencies
[692/2519] Scanning /home/comdare/wt-ce-ph89/tests/unit/test_planner_version_flag_grammatik.cpp for CXX dependencies
[693/2519] Scanning /home/comdare/wt-ce-ph89/tests/unit/test_g3_eta_estimator.cpp for CXX dependencies
[694/2519] Scanning /home/comdare/wt-ce-ph89/tests/unit/test_w2_combo_ct_stamp.cpp for CXX dependencies
[695/2519] Scanning /home/comdare/wt-ce-ph89/tests/unit/test_g3_bestandslog_document.cpp for CXX dependencies
[696/2519] Scanning /home/comdare/wt-ce-ph89/tests/unit/test_lagz1_lager_schluessel_simd.cpp for CXX dependencies
[697/2519] Scanning /home/comdare/wt-ce-ph89/tests/unit/test_lazy_adhoc_source_gen.cpp for CXX dependencies
[698/2519] Scanning /home/comdare/wt-ce-ph89/tests/unit/test_b5_pmc_ehrlichkeit_alle_sieben.cpp for CXX dependencies
[699/2519] Scanning /home/comdare/wt-ce-ph89/tests/unit/test_simd_add_u64_carry.cpp for CXX dependencies
[700/2519] Scanning /home/comdare/wt-ce-ph89/tests/unit/test_b3_wallclock_erbe_ct.cpp for CXX dependencies
[701/2519] Scanning /home/comdare/wt-ce-ph89/tests/unit/test_g3_reservation_lifecycle.cpp for CXX dependencies
[702/2519] Scanning /home/comdare/wt-ce-ph89/tests/unit/test_g3_bestandslog_lock.cpp for CXX dependencies
[703/2519] Scanning /home/comdare/wt-ce-ph89/tests/unit/test_simd_add_u64_carry.cpp for CXX dependencies
[704/2519] Scanning /home/comdare/wt-ce-ph89/tests/unit/test_g3_ram_spool_writer.cpp for CXX dependencies
[705/2519] Scanning /home/comdare/wt-ce-ph89/tests/unit/test_b2_gate_zustand_g2an_g3aus.cpp for CXX dependencies
[706/2519] Scanning /home/comdare/wt-ce-ph89/tests/unit/test_g3_batch_planner.cpp for CXX dependencies
[707/2519] Scanning /home/comdare/wt-ce-ph89/tests/unit/test_a5_eta_kalibrierung.cpp for CXX dependencies
[708/2519] Scanning /home/comdare/wt-ce-ph89/tests/unit/test_reflect_versions_all17.cpp for CXX dependencies
[709/2519] Scanning /home/comdare/wt-ce-ph89/tests/unit/test_g3_writer_backend_io_uring.cpp for CXX dependencies
[710/2519] Scanning /home/comdare/wt-ce-ph89/tests/unit/test_a1_algo_version_pin_alloc_axis.cpp for CXX dependencies
[711/2519] Scanning /home/comdare/wt-ce-ph89/tests/unit/test_reflect_versions_all_registered.cpp for CXX dependencies
[712/2519] Scanning /home/comdare/wt-ce-ph89/tests/unit/test_a2_sha512_skip_gate.cpp for CXX dependencies
[713/2519] Scanning /home/comdare/wt-ce-ph89/tests/unit/test_lb0_lager_pfad_grammatik.cpp for CXX dependencies
[714/2519] Scanning /home/comdare/wt-ce-ph89/tests/unit/test_g3_sha512_index.cpp for CXX dependencies
[715/2519] Scanning /home/comdare/wt-ce-ph89/tests/unit/test_g3_prune.cpp for CXX dependencies
[716/2519] Scanning /home/comdare/wt-ce-ph89/tests/unit/test_g3_planer_driven.cpp for CXX dependencies
[717/2519] Scanning /home/comdare/wt-ce-ph89/tests/unit/test_e04_slice_marker.cpp for CXX dependencies
[718/2519] Scanning /home/comdare/wt-ce-ph89/tests/unit/test_bvset_teilmenge.cpp for CXX dependencies
[719/2519] Scanning /home/comdare/wt-ce-ph89/tests/unit/test_g2_variant_sidecar.cpp for CXX dependencies
[720/2519] Scanning /home/comdare/wt-ce-ph89/tests/unit/test_g3_takeover_sweep.cpp for CXX dependencies
[721/2519] Scanning /home/comdare/wt-ce-ph89/tests/unit/test_g3_builder_registration.cpp for CXX dependencies
[722/2519] Scanning /home/comdare/wt-ce-ph89/tests/unit/test_lb1_knoten_heuristik_log.cpp for CXX dependencies
[723/2519] Scanning /home/comdare/wt-ce-ph89/tests/unit/test_ge3_messwert_genus_und_ziel.cpp for CXX dependencies
[724/2519] Scanning /home/comdare/wt-ce-ph89/tests/unit/test_a9s3_writeback_method_xlsx.cpp for CXX dependencies
[725/2519] Scanning /home/comdare/wt-ce-ph89/tests/unit/test_ge1_claim_check_und_sidecar.cpp for CXX dependencies
[726/2519] Scanning /home/comdare/wt-ce-ph89/tests/unit/test_g3_artifact_cache_transport.cpp for CXX dependencies
[727/2519] Scanning /home/comdare/wt-ce-ph89/tests/unit/test_p_cacheline_store_line_source.cpp for CXX dependencies
[728/2519] Scanning /home/comdare/wt-ce-ph89/tests/unit/test_b14_layout_scan_line_subaxis.cpp for CXX dependencies
[729/2519] Scanning /home/comdare/wt-ce-ph89/tests/unit/test_fk1_nicht_gebaut_marker.cpp for CXX dependencies
[730/2519] Scanning /home/comdare/wt-ce-ph89/tests/unit/test_a9_xlsx_vendor_rauchtest.cpp for CXX dependencies
[731/2519] Scanning /home/comdare/wt-ce-ph89/tests/unit/test_a9s3_mess_ebene_blattsorte.cpp for CXX dependencies
[732/2519] Scanning /home/comdare/wt-ce-ph89/tests/unit/test_d2_abdeckungs_wache_nenner.cpp for CXX dependencies
[733/2519] Scanning /home/comdare/wt-ce-ph89/tests/unit/test_a9s3_ergebnis_mappe_csv.cpp for CXX dependencies
[734/2519] Scanning /home/comdare/wt-ce-ph89/tests/unit/test_mt_l4_registrierungs_wache_isa.cpp for CXX dependencies
[735/2519] Scanning /home/comdare/wt-ce-ph89/tests/unit/test_g3_lager_presence.cpp for CXX dependencies
[736/2519] Scanning /home/comdare/wt-ce-ph89/tests/unit/test_a9s3_xlsx_ergebnis_writer.cpp for CXX dependencies
[737/2519] Generating CXX dyndep file tests/unit/CMakeFiles/naht1_modul_mess_an.dir/CXX.dd
[738/2519] Scanning /home/comdare/wt-ce-ph89/tests/unit/test_a8s3_csv_klasse_c.cpp for CXX dependencies
[739/2519] Generating CXX dyndep file tests/unit/CMakeFiles/naht1_modul_mess_aus.dir/CXX.dd
[740/2519] Scanning /home/comdare/wt-ce-ph89/tests/unit/test_rf2_admission_marker_inert.cpp for CXX dependencies
[741/2519] Scanning /home/comdare/wt-ce-ph89/tests/unit/test_hyg_kumulativer_bereich.cpp for CXX dependencies
[742/2519] Scanning /home/comdare/wt-ce-ph89/tests/unit/test_m1hb_observer_zellen_ehrlich.cpp for CXX dependencies
[743/2519] Scanning /home/comdare/wt-ce-ph89/tests/unit/test_a9s4_realm_scan_stale.cpp for CXX dependencies
[744/2519] Scanning /home/comdare/wt-ce-ph89/tests/unit/test_d3_6_realm_selektor_produktionsablage.cpp for CXX dependencies
[745/2519] Scanning /home/comdare/wt-ce-ph89/tests/unit/test_a9s4_dynamic_axis_filter.cpp for CXX dependencies
[746/2519] Scanning /home/comdare/wt-ce-ph89/tests/unit/test_ms2_pre_touch_seitenfehler.cpp for CXX dependencies
[747/2519] Scanning /home/comdare/wt-ce-ph89/tests/unit/test_check_size_mengenrechnung.cpp for CXX dependencies
[748/2519] Scanning /home/comdare/wt-ce-ph89/tests/unit/test_b14_abi_adapter_line_subaxis_paths.cpp for CXX dependencies
[749/2519] Scanning /home/comdare/wt-ce-ph89/tests/unit/test_ms1_arenen_kein_alloc_im_fenster.cpp for CXX dependencies
[750/2519] Scanning /home/comdare/wt-ce-ph89/tests/unit/test_a9s5_ergebnis_mappe_naht.cpp for CXX dependencies
[751/2519] Scanning /home/comdare/wt-ce-ph89/tests/unit/ck1_naht_leer.cpp for CXX dependencies
[752/2519] Scanning /home/comdare/wt-ce-ph89/tests/unit/ck1_naht_voll.cpp for CXX dependencies
[753/2519] Scanning /home/comdare/wt-ce-ph89/tests/unit/test_lg_xlsx_alt_nie_vernichten.cpp for CXX dependencies
[754/2519] Scanning /home/comdare/wt-ce-ph89/tests/unit/test_a9s4_mess_report_render.cpp for CXX dependencies
[755/2519] Scanning /home/comdare/wt-ce-ph89/tests/unit/test_warn1_d2_fingerprint_koeder.cpp for CXX dependencies
[756/2519] Scanning /home/comdare/wt-ce-ph89/tests/unit/test_t6_wachen_inventar.cpp for CXX dependencies
[757/2519] Scanning /home/comdare/wt-ce-ph89/tests/unit/test_warn2a_block_id_bidirektional.cpp for CXX dependencies
[758/2519] Scanning /home/comdare/wt-ce-ph89/tests/unit/test_d55_hdr_verdrahtung.cpp for CXX dependencies
[759/2519] Scanning /home/comdare/wt-ce-ph89/tests/unit/test_d2g1_ctest_registrierung.cpp for CXX dependencies
[760/2519] Scanning /home/comdare/wt-ce-ph89/tests/unit/test_t6_biss_achsen_roundtrip_wache.cpp for CXX dependencies
[761/2519] Scanning /home/comdare/wt-ce-ph89/tests/unit/test_a9s4_skip_manifest.cpp for CXX dependencies
[762/2519] Scanning /home/comdare/wt-ce-ph89/tests/unit/test_t6_biss_sichtbarkeits_wache.cpp for CXX dependencies
[763/2519] Scanning /home/comdare/wt-ce-ph89/tests/unit/test_ck1_messkette_koeder.cpp for CXX dependencies
[764/2519] Scanning /home/comdare/wt-ce-ph89/tests/unit/test_flaeche3_deckung_ceb_aus_tier_an.cpp for CXX dependencies
[765/2519] Scanning /home/comdare/wt-ce-ph89/tests/unit/test_naht1_mess_visitor_biss.cpp for CXX dependencies
[766/2519] Scanning /home/comdare/wt-ce-ph89/tests/unit/test_lizenz_konsistenz.cpp for CXX dependencies
[767/2519] Generating CXX dyndep file libs/cache_engine/builder/commands/tests/CMakeFiles/test_commands.dir/CXX.dd
[768/2519] Generating CXX dyndep file libs/cache_engine/builder/commands/tests/CMakeFiles/test_engine_adapters.dir/CXX.dd
[769/2519] Linking CXX static library libs/cache_engine/builder/permutation_loop/libcomdare_builder_permutation_loop.a
[770/2519] Scanning /home/comdare/wt-ce-ph89/tests/unit/test_t6_biss_registrierungs_wache.cpp for CXX dependencies
[771/2519] Scanning /home/comdare/wt-ce-ph89/tests/unit/test_anker_marke_statt_ledgerzeile.cpp for CXX dependencies
[772/2519] Linking CXX static library libs/cache_engine/builder/codegen/libcomdare_builder_codegen.a
[773/2519] Generating CXX dyndep file tools/ycsb_cli/CMakeFiles/comdare_ycsb_cli.dir/CXX.dd
[774/2519] Building CXX object apps/experiment_planner/CMakeFiles/comdare_experiment_planner.dir/main.cpp.o
[775/2519] Generating CXX dyndep file tools/latex_anhang/CMakeFiles/comdare_latex_anhang.dir/CXX.dd
[776/2519] Scanning /home/comdare/wt-ce-ph89/tests/unit/test_pa1_tote_ausnahme.cpp for CXX dependencies
[777/2519] Generating CXX dyndep file tools/p27_bundle_finder/CMakeFiles/p27_bundle_finder.dir/CXX.dd
[778/2519] Generating CXX dyndep file tools/best_binary_selector/CMakeFiles/comdare_best_binary_selector.dir/CXX.dd
[779/2519] Scanning /home/comdare/wt-ce-ph89/tests/unit/test_vs_taxonomie_klassen_grep.cpp for CXX dependencies
[780/2519] Linking CXX static library libs/cache_engine/builder/module_loader/libcomdare_module_loader.a
[781/2519] Generating CXX dyndep file tools/mess_report/CMakeFiles/comdare_mess_report.dir/CXX.dd
[782/2519] Generating CXX dyndep file apps/cache_engine_builder/CMakeFiles/cache_engine_builder.dir/CXX.dd
[783/2519] Generating CXX dyndep file apps/f15_compare/CMakeFiles/comdare_f15_compare_cli.dir/CXX.dd
[784/2519] Generating CXX dyndep file apps/perm_runner/CMakeFiles/comdare_perm_runner.dir/CXX.dd
[785/2519] Generating CXX dyndep file apps/h2_score_akte_tool/CMakeFiles/comdare_h2_score_akte_cli.dir/CXX.dd
[786/2519] Generating CXX dyndep file tests/unit/CMakeFiles/test_pressure_state.dir/CXX.dd
[787/2519] Generating CXX dyndep file tests/unit/CMakeFiles/test_cache_recommendation.dir/CXX.dd
[788/2519] Generating CXX dyndep file tests/unit/CMakeFiles/test_cpuid_probe.dir/CXX.dd
[789/2519] Linking CXX static library libs/execution_engine/libcomdare_experiment.a
[790/2519] Generating CXX dyndep file apps/anatomy_codegen_tool/CMakeFiles/comdare_anatomy_codegen_cli.dir/CXX.dd
[791/2517] Generating CXX dyndep file apps/adhoc_emitter/CMakeFiles/comdare_adhoc_emitter_cli.dir/CXX.dd
[792/2515] Generating CXX dyndep file tests/unit/CMakeFiles/test_permutation_flags.dir/CXX.dd
[793/2515] Generating CXX dyndep file tests/unit/CMakeFiles/test_event_hierarchy.dir/CXX.dd
[794/2515] Scanning /home/comdare/wt-ce-ph89/tests/unit/test_s3_ordnung_freigabe.cpp for CXX dependencies
[795/2515] Generating CXX dyndep file tests/unit/CMakeFiles/test_decision_lambda_registry.dir/CXX.dd
[796/2515] Generating CXX dyndep file tests/unit/CMakeFiles/test_observer_registry.dir/CXX.dd
[797/2515] Scanning /home/comdare/wt-ce-ph89/tests/unit/test_s3_ordnung_relation.cpp for CXX dependencies
[798/2515] Generating CXX dyndep file tests/unit/CMakeFiles/test_decision_trees.dir/CXX.dd
[799/2515] Generating CXX dyndep file tests/unit/CMakeFiles/test_telemetry_strategies.dir/CXX.dd
[800/2515] Generating CXX dyndep file tests/unit/CMakeFiles/test_platform_concepts.dir/CXX.dd
[801/2515] Generating CXX dyndep file tests/unit/CMakeFiles/test_concurrency_disciplines.dir/CXX.dd
[802/2515] Generating CXX dyndep file tests/unit/CMakeFiles/test_cache_hierarchy_and_mode.dir/CXX.dd
[803/2515] Generating CXX dyndep file tests/unit/CMakeFiles/test_sub_engines.dir/CXX.dd
[804/2515] Generating CXX dyndep file tests/unit/CMakeFiles/test_abi_interface.dir/CXX.dd
[805/2515] Generating CXX dyndep file tests/unit/CMakeFiles/test_config_durability.dir/CXX.dd
[806/2515] Generating CXX dyndep file tests/unit/CMakeFiles/test_allocator_concepts.dir/CXX.dd
[807/2515] Generating CXX dyndep file tests/unit/CMakeFiles/test_measurement_buffer.dir/CXX.dd
[808/2515] Generating CXX dyndep file tests/unit/CMakeFiles/test_chaos_drift_gate.dir/CXX.dd
[809/2515] Generating CXX dyndep file tests/unit/CMakeFiles/test_test_data_accumulation.dir/CXX.dd
[810/2515] Generating CXX dyndep file tests/unit/CMakeFiles/test_benchmark_suite.dir/CXX.dd
[811/2515] Generating CXX dyndep file tests/unit/CMakeFiles/test_allocator_full_matrix.dir/CXX.dd
[812/2515] Generating CXX dyndep file tests/unit/CMakeFiles/test_workload_and_experiment.dir/CXX.dd
[813/2515] Generating CXX dyndep file tests/unit/CMakeFiles/test_t15_drift_gate_messschleife.dir/CXX.dd
[814/2515] Generating CXX dyndep file tests/unit/CMakeFiles/test_builder_codegen.dir/CXX.dd
[815/2515] Generating CXX dyndep file tests/unit/CMakeFiles/test_codegen_from_profile.dir/CXX.dd
[816/2515] Generating CXX dyndep file tests/unit/CMakeFiles/test_ycsb_cli.dir/CXX.dd
[817/2515] Scanning /home/comdare/wt-ce-ph89/tests/unit/test_g2_semantik_duplikatverbot.cpp for CXX dependencies
[818/2515] Generating CXX dyndep file tests/unit/CMakeFiles/test_permutation_sampling.dir/CXX.dd
[819/2515] Generating CXX dyndep file tests/unit/CMakeFiles/test_experiment_driver_v13.dir/CXX.dd
[820/2515] Generating CXX dyndep file tests/unit/CMakeFiles/test_rcu.dir/CXX.dd
[821/2515] Generating CXX dyndep file tests/unit/CMakeFiles/test_latex_anhang.dir/CXX.dd
[822/2515] Generating CXX dyndep file tests/unit/CMakeFiles/test_hbm_hierarchy.dir/CXX.dd
[823/2515] Generating CXX dyndep file tests/unit/CMakeFiles/test_module_loader.dir/CXX.dd
[824/2515] Generating CXX dyndep file tests/unit/CMakeFiles/test_v31_adapters.dir/CXX.dd
[825/2515] Generating CXX dyndep file tests/unit/CMakeFiles/test_rcu_concurrency.dir/CXX.dd
[826/2515] Generating CXX dyndep file tests/unit/CMakeFiles/test_v41_indexes.dir/CXX.dd
[827/2515] Generating CXX dyndep file tests/unit/CMakeFiles/test_succinct.dir/CXX.dd
[828/2515] Generating CXX dyndep file tests/unit/CMakeFiles/test_v41_topic_allocator_axis_06.dir/CXX.dd
[829/2515] Scanning /home/comdare/wt-ce-ph89/tests/unit/test_k2_stufen_neutraler_loader.cpp for CXX dependencies
[830/2515] Generating CXX dyndep file tests/unit/CMakeFiles/test_v41_topic_queuing.dir/CXX.dd
[831/2515] Generating CXX dyndep file tests/unit/CMakeFiles/test_v41_topic_traversal.dir/CXX.dd
[832/2515] Generating CXX dyndep file tests/unit/CMakeFiles/test_v41_paper_legacy_code.dir/CXX.dd
[833/2515] Generating CXX dyndep file tests/unit/CMakeFiles/test_ctsha512.dir/CXX.dd
[834/2515] Generating CXX dyndep file tests/unit/CMakeFiles/test_v41_compositions.dir/CXX.dd
[835/2515] Generating CXX dyndep file tests/unit/CMakeFiles/test_v41_topics_fundament.dir/CXX.dd
[836/2515] Generating CXX dyndep file tests/unit/CMakeFiles/test_v41_anatomy.dir/CXX.dd
[837/2515] Generating CXX dyndep file tests/unit/CMakeFiles/test_v41_anatomy_r4_driver.dir/CXX.dd
[838/2515] Generating CXX dyndep file tests/unit/CMakeFiles/test_v41_anatomy_observer.dir/CXX.dd
[839/2515] Generating CXX dyndep file tests/unit/CMakeFiles/test_v41_tier_observe_trace.dir/CXX.dd
[840/2515] Generating CXX dyndep file tests/unit/CMakeFiles/test_ap7_swisstable.dir/CXX.dd
[841/2515] Generating CXX dyndep file tests/unit/CMakeFiles/test_ap7b_swiss_organ.dir/CXX.dd
[842/2515] Generating CXX dyndep file tests/unit/CMakeFiles/test_v41_axis_03a_cross_variant_equivalence.dir/CXX.dd
[843/2515] Generating CXX dyndep file tests/unit/CMakeFiles/test_vampir_nfp_allocator.dir/CXX.dd
[844/2515] Generating CXX dyndep file tests/unit/CMakeFiles/test_v41_axis_03a_tier_organ_equivalence.dir/CXX.dd
[845/2515] Generating CXX dyndep file tests/unit/CMakeFiles/test_v41_anatomy_pruefling_merge.dir/CXX.dd
[846/2515] Generating CXX dyndep file tests/unit/CMakeFiles/test_ap7b3_swiss_isa_group_match.dir/CXX.dd
[847/2515] Generating CXX dyndep file tests/unit/CMakeFiles/test_ap8_hdr_histogram.dir/CXX.dd
[848/2515] Generating CXX dyndep file tests/unit/CMakeFiles/test_v41_execution_engine.dir/CXX.dd
[849/2515] Generating CXX dyndep file tests/unit/CMakeFiles/test_v41_anatomy_base.dir/CXX.dd
[850/2515] Generating CXX dyndep file tests/unit/CMakeFiles/test_v41_anatomy_codegen.dir/CXX.dd
[851/2515] Generating CXX dyndep file tests/unit/CMakeFiles/test_v41_search_algorithm_permutation_engine.dir/CXX.dd
[852/2515] Generating CXX dyndep file tests/unit/CMakeFiles/test_v41_anatomy_module_abi.dir/CXX.dd
[853/2515] Generating CXX dyndep file tests/unit/CMakeFiles/test_v41_anatomy_module_loader.dir/CXX.dd
[854/2515] Building CXX object tests/unit/CMakeFiles/comdare_perm_mock_test.dir/mock_permutation_module.cpp.o
[855/2515] Generating CXX dyndep file tests/unit/CMakeFiles/test_v41_anatomy_multi_codegen.dir/CXX.dd
[856/2515] Scanning /home/comdare/wt-ce-ph89/tests/unit/test_s6c_kategorien_ordnung_zwei_welten.cpp for CXX dependencies
[857/2515] Generating CXX dyndep file tests/unit/CMakeFiles/test_v41_anatomy_codegen_tool.dir/CXX.dd
[858/2515] Scanning /home/comdare/wt-ce-ph89/tests/unit/test_s1_stempel_basis_vertrag.cpp for CXX dependencies
[859/2515] Generating CXX dyndep file tests/unit/CMakeFiles/test_v41_anatomy_codegen_tool_traits.dir/CXX.dd
[860/2515] Generating CXX dyndep file tests/unit/CMakeFiles/test_v41_workload_generator.dir/CXX.dd
[861/2515] Generating CXX dyndep file tests/unit/CMakeFiles/test_v41_axis_12_general_hardware.dir/CXX.dd
[862/2515] Generating CXX dyndep file tests/unit/CMakeFiles/test_v41_axis_05_memory_layout.dir/CXX.dd
[863/2515] Generating CXX dyndep file tests/unit/CMakeFiles/test_v41_axis_02_axis_04_nodes.dir/CXX.dd
[864/2515] Generating CXX dyndep file tests/unit/CMakeFiles/test_v41_anatomy_codegen_tool_mp_list.dir/CXX.dd
[865/2515] Generating CXX dyndep file tests/unit/CMakeFiles/test_v41_axis_11_telemetry.dir/CXX.dd
[866/2515] Generating CXX dyndep file tests/unit/CMakeFiles/test_v41_axis_07_prefetch.dir/CXX.dd
[867/2515] Generating CXX dyndep file tests/unit/CMakeFiles/test_v41_axis_10_serialization.dir/CXX.dd
[868/2515] Generating CXX dyndep file tests/unit/CMakeFiles/test_v41_status_code.dir/CXX.dd
[869/2515] Scanning /home/comdare/wt-ce-ph89/tests/unit/test_w0b_durchstich_kette.cpp for CXX dependencies
[870/2515] Generating CXX dyndep file tests/unit/CMakeFiles/test_v41_axis_14_value_handle.dir/CXX.dd
[871/2515] Generating CXX dyndep file tests/unit/CMakeFiles/test_v41_serialization_primitives.dir/CXX.dd
[872/2515] Generating CXX dyndep file tests/unit/CMakeFiles/test_v41_axis_08_concurrency.dir/CXX.dd
[873/2515] Generating CXX dyndep file tests/unit/CMakeFiles/test_v41_axis_01_page_type.dir/CXX.dd
[874/2515] Generating CXX dyndep file tests/unit/CMakeFiles/test_v41_pruefling_registry.dir/CXX.dd
[875/2515] Generating CXX dyndep file tests/unit/CMakeFiles/test_v41_axis_filter.dir/CXX.dd
[876/2515] Generating CXX dyndep file tests/unit/CMakeFiles/test_v41_axis_filter_surf_organ.dir/CXX.dd
[877/2515] Generating CXX dyndep file tests/unit/CMakeFiles/test_v41_axis_filter_surf_louds_organ.dir/CXX.dd
[878/2515] Generating CXX dyndep file tests/unit/CMakeFiles/test_v41_axis_io.dir/CXX.dd
[879/2515] Generating CXX dyndep file tests/unit/CMakeFiles/test_v41_axis_01_index_organization.dir/CXX.dd
[880/2515] Generating CXX dyndep file tests/unit/CMakeFiles/test_v41_axis_migration.dir/CXX.dd
[881/2515] Generating CXX dyndep file tests/unit/CMakeFiles/test_v41_axis_09_isa.dir/CXX.dd
[882/2515] Generating CXX dyndep file tests/unit/CMakeFiles/test_v41_axis_09b_simd_extension.dir/CXX.dd
[883/2515] Generating CXX dyndep file tests/unit/CMakeFiles/test_v41_r5c3_isa_simd_cross_constraint.dir/CXX.dd
[884/2515] Generating CXX dyndep file tests/unit/CMakeFiles/test_v41_anatomy_r5i_configure_codegen.dir/CXX.dd
[885/2515] Scanning /home/comdare/wt-ce-ph89/tests/unit/test_stempel_vollbestand_registry.cpp for CXX dependencies
[886/2515] Scanning /home/comdare/wt-ce-ph89/tests/unit/test_ph89_paper_prueflinge.cpp for CXX dependencies
[887/2515] Generating CXX dyndep file tests/unit/CMakeFiles/test_v41_anatomy_f15_measurement.dir/CXX.dd
[888/2515] Generating CXX dyndep file tests/unit/CMakeFiles/test_v41_anatomy_adhoc_codegen_macro.dir/CXX.dd
[889/2515] Scanning /home/comdare/wt-ce-ph89/tests/unit/test_stempel_zulassung_bruecke.cpp for CXX dependencies
[890/2515] Generating CXX dyndep file tests/unit/CMakeFiles/test_v41_pruef_dock_search_algorithm.dir/CXX.dd
[891/2515] Generating CXX dyndep file tests/unit/CMakeFiles/test_v5_conformance_gate.dir/CXX.dd
[892/2515] Generating CXX dyndep file tests/unit/CMakeFiles/test_v5_memento_axis.dir/CXX.dd
[893/2515] Generating CXX dyndep file tests/unit/CMakeFiles/test_v5_two_phase_driver.dir/CXX.dd
[894/2515] Generating CXX dyndep file tests/unit/CMakeFiles/test_v5_workload_orchestrator.dir/CXX.dd
[895/2515] Generating CXX dyndep file tests/unit/CMakeFiles/test_v5_measurement_snapshot.dir/CXX.dd
[896/2515] Generating CXX dyndep file tests/unit/CMakeFiles/test_d51_perzentil_kanon.dir/CXX.dd
[897/2515] Generating CXX dyndep file tests/unit/CMakeFiles/test_d54_trace_schema.dir/CXX.dd
[898/2515] Generating CXX dyndep file tests/unit/CMakeFiles/test_heuristik_spline_break_even.dir/CXX.dd
[899/2515] Generating CXX dyndep file tests/unit/CMakeFiles/test_ap9_provenance_manifest.dir/CXX.dd
[900/2515] Generating CXX dyndep file tests/unit/CMakeFiles/test_heuristik_workload_cluster.dir/CXX.dd
[901/2515] Generating CXX dyndep file tests/unit/CMakeFiles/test_ap13_thread_pinning.dir/CXX.dd
[902/2515] Generating CXX dyndep file tests/unit/CMakeFiles/test_184_dataset_loader_wiring.dir/CXX.dd
[903/2515] Generating CXX dyndep file tests/unit/CMakeFiles/test_ap10_dataset_akte.dir/CXX.dd
[904/2515] Generating CXX dyndep file tests/unit/CMakeFiles/test_25_kanon_dataset_akten.dir/CXX.dd
[905/2515] Generating CXX dyndep file tests/unit/CMakeFiles/test_45_sosd_uint64_loader.dir/CXX.dd
[906/2515] Generating CXX dyndep file tests/unit/CMakeFiles/test_v5_disk_memento.dir/CXX.dd
[907/2515] Generating CXX dyndep file tests/unit/CMakeFiles/test_v5_ycsb_distribution.dir/CXX.dd
[908/2515] Generating CXX dyndep file tests/unit/CMakeFiles/test_v5_ycsb_op_set.dir/CXX.dd
[909/2515] Generating CXX dyndep file tests/unit/CMakeFiles/test_v41_scan_range_organ.dir/CXX.dd
[910/2515] Generating CXX dyndep file tests/unit/CMakeFiles/test_v5_organ_memento.dir/CXX.dd
[911/2515] Generating CXX dyndep file tests/unit/CMakeFiles/test_v41_codegen_type_name.dir/CXX.dd
[912/2515] Generating CXX dyndep file tests/unit/CMakeFiles/test_v41_cache_engine_tools_facade.dir/CXX.dd
[913/2515] Generating CXX dyndep file tests/unit/CMakeFiles/test_v41_cache_engine_facade.dir/CXX.dd
[914/2515] Generating CXX dyndep file tests/unit/CMakeFiles/test_v41_codegen_all_axes_umbrella.dir/CXX.dd
[915/2515] Generating CXX dyndep file tests/unit/CMakeFiles/test_v41_anatomy_adhoc_dll_load.dir/CXX.dd
[916/2515] Generating CXX dyndep file tests/unit/CMakeFiles/test_pruef_only_gate.dir/CXX.dd
[917/2515] Building C object libs/common/measurement/hdr_histogram_wrapper/CMakeFiles/comdare_hdr_histogram_wrapper.dir/vendor/hdr_histogram.c.o
[918/2515] Building CXX object _deps/googletest-build/googletest/CMakeFiles/gtest_main.dir/src/gtest_main.cc.o
[919/2515] Building CXX object tools/ycsb_cli/CMakeFiles/comdare_ycsb_cli_lib.dir/main.cpp.o
[920/2515] Building CXX object libs/cache_engine/builder/experiment_runner/CMakeFiles/comdare_builder_experiment_runner.dir/experiment_runner.cpp.o
[921/2515] Building CXX object tools/latex_anhang/CMakeFiles/comdare_latex_anhang_lib.dir/main.cpp.o
[922/2515] Building CXX object libs/cache_engine/builder/experiment_driver/CMakeFiles/comdare_builder_experiment_driver.dir/experiment_driver.cpp.o
[923/2515] Building CXX object _deps/googletest-build/googlemock/CMakeFiles/gmock.dir/src/gmock-all.cc.o
[924/2515] Building CXX object tests/unit/CMakeFiles/anatomy_codegen_pilot_hot.dir/__/__/generated/anatomy_modules/anatomy_perm_hot_pilot.cpp.o
[925/2515] Building CXX object tests/unit/CMakeFiles/r5i_configure_pilot_1.dir/__/__/generated/r5i_anatomy_modules/anatomy_perm_r5i_configure_pilot_1.cpp.o
[926/2515] Building CXX object tests/unit/CMakeFiles/anatomy_multi_pilot_1.dir/__/__/generated/anatomy_modules_multi/anatomy_perm_anatomy_multi_pilot_1.cpp.o
[927/2515] Building CXX object tests/unit/CMakeFiles/anatomy_multi_pilot_3.dir/__/__/generated/anatomy_modules_multi/anatomy_perm_anatomy_multi_pilot_3.cpp.o
[928/2515] Building CXX object tests/unit/CMakeFiles/anatomy_multi_pilot_2.dir/__/__/generated/anatomy_modules_multi/anatomy_perm_anatomy_multi_pilot_2.cpp.o
[929/2515] Building CXX object tests/unit/CMakeFiles/f15_measurement_pilot_1.dir/__/__/generated/f15_measurement_modules/anatomy_perm_f15_measurement_pilot_1.cpp.o
[930/2515] Building CXX object _deps/googletest-build/googletest/CMakeFiles/gtest.dir/src/gtest-all.cc.o
[931/2515] Linking CXX static library lib/libgtest.a
[932/2515] Building CXX object tests/unit/CMakeFiles/anatomy_codegen_pilot_wormhole_shared.dir/__/__/generated/anatomy_modules/anatomy_perm_wormhole_pilot.cpp.o
[933/2515] Building CXX object tests/unit/CMakeFiles/f15_measurement_pilot_0.dir/__/__/generated/f15_measurement_modules/anatomy_perm_f15_measurement_pilot_0.cpp.o
[934/2515] Building CXX object tests/unit/CMakeFiles/comdare_r5g_adhoc_perm.dir/auto_emitted_perm_module.cpp.o
[935/2515] Building CXX object tests/unit/CMakeFiles/comdare_r5g_autobuilt_perm_0.dir/__/__/generated/r5g_autobuilt_modules/comdare_anatomy_perm_auto_0.cpp.o
[936/2515] Building CXX object tests/unit/CMakeFiles/r5i_configure_pilot_2.dir/__/__/generated/r5i_anatomy_modules/anatomy_perm_r5i_configure_pilot_2.cpp.o
[937/2515] Building CXX object tests/unit/CMakeFiles/anatomy_multi_pilot_4.dir/__/__/generated/anatomy_modules_multi/anatomy_perm_anatomy_multi_pilot_4.cpp.o
[938/2515] Building CXX object tests/unit/CMakeFiles/anatomy_multi_pilot_5.dir/__/__/generated/anatomy_modules_multi/anatomy_perm_anatomy_multi_pilot_5.cpp.o
[939/2515] Building CXX object tests/unit/CMakeFiles/anatomy_multi_pilot_0.dir/__/__/generated/anatomy_modules_multi/anatomy_perm_anatomy_multi_pilot_0.cpp.o
[940/2515] Building CXX object tests/unit/CMakeFiles/r5i_configure_pilot_0.dir/__/__/generated/r5i_anatomy_modules/anatomy_perm_r5i_configure_pilot_0.cpp.o
[941/2515] Building CXX object tests/unit/CMakeFiles/comdare_r5g_autobuilt_perm_1.dir/__/__/generated/r5g_autobuilt_modules/comdare_anatomy_perm_auto_1.cpp.o
[942/2515] Building CXX object tests/unit/CMakeFiles/comdare_r5g_autobuilt_perm_2.dir/__/__/generated/r5g_autobuilt_modules/comdare_anatomy_perm_auto_10.cpp.o
[943/2515] Building CXX object tests/unit/CMakeFiles/comdare_r5g_autobuilt_perm_4.dir/__/__/generated/r5g_autobuilt_modules/comdare_anatomy_perm_auto_12.cpp.o
[944/2515] Building CXX object tests/unit/CMakeFiles/comdare_r5g_autobuilt_perm_3.dir/__/__/generated/r5g_autobuilt_modules/comdare_anatomy_perm_auto_11.cpp.o
[945/2515] Building CXX object tests/unit/CMakeFiles/comdare_r5g_autobuilt_perm_5.dir/__/__/generated/r5g_autobuilt_modules/comdare_anatomy_perm_auto_13.cpp.o
[946/2515] Building CXX object tests/unit/CMakeFiles/comdare_r5g_autobuilt_perm_6.dir/__/__/generated/r5g_autobuilt_modules/comdare_anatomy_perm_auto_14.cpp.o
[947/2515] Building CXX object tests/unit/CMakeFiles/comdare_r5g_autobuilt_perm_7.dir/__/__/generated/r5g_autobuilt_modules/comdare_anatomy_perm_auto_15.cpp.o
[948/2515] Building CXX object tests/unit/CMakeFiles/comdare_r5g_autobuilt_perm_9.dir/__/__/generated/r5g_autobuilt_modules/comdare_anatomy_perm_auto_17.cpp.o
[949/2515] Building CXX object tests/unit/CMakeFiles/comdare_r5g_autobuilt_perm_12.dir/__/__/generated/r5g_autobuilt_modules/comdare_anatomy_perm_auto_2.cpp.o
[950/2515] Building CXX object tests/unit/CMakeFiles/comdare_r5g_autobuilt_perm_10.dir/__/__/generated/r5g_autobuilt_modules/comdare_anatomy_perm_auto_18.cpp.o
[951/2515] Building CXX object tests/unit/CMakeFiles/comdare_r5g_autobuilt_perm_8.dir/__/__/generated/r5g_autobuilt_modules/comdare_anatomy_perm_auto_16.cpp.o
[952/2515] Building CXX object tests/unit/CMakeFiles/comdare_r5g_autobuilt_perm_13.dir/__/__/generated/r5g_autobuilt_modules/comdare_anatomy_perm_auto_20.cpp.o
[953/2515] Building CXX object tests/unit/CMakeFiles/comdare_r5g_autobuilt_perm_11.dir/__/__/generated/r5g_autobuilt_modules/comdare_anatomy_perm_auto_19.cpp.o
[954/2515] Building CXX object tests/unit/CMakeFiles/comdare_r5g_autobuilt_perm_20.dir/__/__/generated/r5g_autobuilt_modules/comdare_anatomy_perm_auto_27.cpp.o
[955/2515] Building CXX object tests/unit/CMakeFiles/comdare_r5g_autobuilt_perm_15.dir/__/__/generated/r5g_autobuilt_modules/comdare_anatomy_perm_auto_22.cpp.o
[956/2515] Building CXX object tests/unit/CMakeFiles/comdare_r5g_autobuilt_perm_14.dir/__/__/generated/r5g_autobuilt_modules/comdare_anatomy_perm_auto_21.cpp.o
[957/2515] Building CXX object tests/unit/CMakeFiles/comdare_r5g_autobuilt_perm_18.dir/__/__/generated/r5g_autobuilt_modules/comdare_anatomy_perm_auto_25.cpp.o
[958/2515] Building CXX object tests/unit/CMakeFiles/comdare_r5g_autobuilt_perm_24.dir/__/__/generated/r5g_autobuilt_modules/comdare_anatomy_perm_auto_30.cpp.o
[959/2515] Building CXX object tests/unit/CMakeFiles/comdare_r5g_autobuilt_perm_17.dir/__/__/generated/r5g_autobuilt_modules/comdare_anatomy_perm_auto_24.cpp.o
[960/2515] Building CXX object tests/unit/CMakeFiles/comdare_r5g_autobuilt_perm_22.dir/__/__/generated/r5g_autobuilt_modules/comdare_anatomy_perm_auto_29.cpp.o
[961/2515] Building CXX object tests/unit/CMakeFiles/comdare_r5g_autobuilt_perm_19.dir/__/__/generated/r5g_autobuilt_modules/comdare_anatomy_perm_auto_26.cpp.o
[962/2515] Building CXX object tests/unit/CMakeFiles/comdare_r5g_autobuilt_perm_21.dir/__/__/generated/r5g_autobuilt_modules/comdare_anatomy_perm_auto_28.cpp.o
[963/2515] Building CXX object tests/unit/CMakeFiles/comdare_r5g_autobuilt_perm_26.dir/__/__/generated/r5g_autobuilt_modules/comdare_anatomy_perm_auto_32.cpp.o
[964/2515] Building CXX object tests/unit/CMakeFiles/comdare_r5g_autobuilt_perm_23.dir/__/__/generated/r5g_autobuilt_modules/comdare_anatomy_perm_auto_3.cpp.o
[965/2515] Building CXX object tests/unit/CMakeFiles/comdare_r5g_autobuilt_perm_16.dir/__/__/generated/r5g_autobuilt_modules/comdare_anatomy_perm_auto_23.cpp.o
[966/2515] Generating CXX dyndep file tests/unit/CMakeFiles/test_v41_anatomy_adhoc_autobuilt_load.dir/CXX.dd
[967/2515] Generating CXX dyndep file tests/unit/CMakeFiles/test_d1_d2_selection.dir/CXX.dd
[968/2515] Generating CXX dyndep file tests/unit/CMakeFiles/test_d3_ceb_generator.dir/CXX.dd
[969/2515] Generating CXX dyndep file tests/unit/CMakeFiles/test_d7_build_variant.dir/CXX.dd
[970/2515] Generating CXX dyndep file tests/unit/CMakeFiles/test_d7a_build_inspection.dir/CXX.dd
[971/2515] Generating CXX dyndep file tests/unit/CMakeFiles/test_d7b_definition_per_node.dir/CXX.dd
[972/2515] Generating CXX dyndep file tests/unit/CMakeFiles/test_d8_operability.dir/CXX.dd
[973/2515] Generating CXX dyndep file tests/unit/CMakeFiles/test_d9_set.dir/CXX.dd
[974/2515] Generating CXX dyndep file tests/unit/CMakeFiles/test_d9_set_adapter.dir/CXX.dd
[975/2515] Generating CXX dyndep file tests/unit/CMakeFiles/test_d10_sequence.dir/CXX.dd
[976/2515] Generating CXX dyndep file tests/unit/CMakeFiles/test_d11_view.dir/CXX.dd
[977/2515] Generating CXX dyndep file tests/unit/CMakeFiles/test_genus_docks.dir/CXX.dd
[978/2515] Generating CXX dyndep file tests/unit/CMakeFiles/test_d12_virus.dir/CXX.dd
[979/2515] Generating CXX dyndep file tests/unit/CMakeFiles/test_d13_runtime_measure.dir/CXX.dd
[980/2515] Generating CXX dyndep file tests/unit/CMakeFiles/test_d14_result_ingest.dir/CXX.dd
[981/2515] Generating CXX dyndep file tests/unit/CMakeFiles/test_d14b_perm_runner.dir/CXX.dd
[982/2515] Generating CXX dyndep file tests/unit/CMakeFiles/test_a1_load_profile_opmix.dir/CXX.dd
[983/2515] Generating CXX dyndep file tests/unit/CMakeFiles/test_d14c_e2e_pipeline.dir/CXX.dd
[984/2515] Generating CXX dyndep file tests/unit/CMakeFiles/test_d15_selection_filter_chain.dir/CXX.dd
[985/2515] Generating CXX dyndep file tests/unit/CMakeFiles/test_cmd2_container_attribution.dir/CXX.dd
[986/2515] Generating CXX dyndep file tests/unit/CMakeFiles/test_allocator_profile_bestand.dir/CXX.dd
[987/2515] Generating CXX dyndep file tests/unit/CMakeFiles/test_container_genus.dir/CXX.dd
[988/2515] Generating CXX dyndep file tests/unit/CMakeFiles/test_container_dock.dir/CXX.dd
[989/2515] Generating CXX dyndep file tests/unit/CMakeFiles/test_d_v42_probe.dir/CXX.dd
[990/2515] Generating CXX dyndep file tests/unit/CMakeFiles/test_d_v42_probe2.dir/CXX.dd
[991/2515] Generating CXX dyndep file tests/unit/CMakeFiles/test_d_v42_telemetry_observable.dir/CXX.dd
[992/2515] Generating CXX dyndep file tests/unit/CMakeFiles/test_d_v42_memory_layout_observable.dir/CXX.dd
[993/2515] Generating CXX dyndep file tests/unit/CMakeFiles/test_d_v42_serialization_observable.dir/CXX.dd
[994/2515] Generating CXX dyndep file tests/unit/CMakeFiles/test_d_v42_node_type_observable.dir/CXX.dd
[995/2515] Generating CXX dyndep file tests/unit/CMakeFiles/test_d_v42_telemetry_registry_observable.dir/CXX.dd
[996/2515] Generating CXX dyndep file tests/unit/CMakeFiles/test_genus_permutation_engines.dir/CXX.dd
[997/2515] Generating CXX dyndep file tests/unit/CMakeFiles/test_axis_growth_policies.dir/CXX.dd
[998/2515] Generating CXX dyndep file tests/unit/CMakeFiles/test_axis_view_policies.dir/CXX.dd
[999/2515] Generating CXX dyndep file tests/unit/CMakeFiles/test_e24_c0_organ_concept.dir/CXX.dd
[1000/2515] Generating CXX dyndep file tests/unit/CMakeFiles/test_e24_c1_organ_concept.dir/CXX.dd
[1001/2515] Generating CXX dyndep file tests/unit/CMakeFiles/test_e24_c2_set_permutation_engine.dir/CXX.dd
[1002/2515] Generating CXX dyndep file tests/unit/CMakeFiles/test_e24_c2_sequence_permutation_engine.dir/CXX.dd
[1003/2515] Generating CXX dyndep file tests/unit/CMakeFiles/test_e24_c2_view_permutation_engine.dir/CXX.dd
[1004/2515] Generating CXX dyndep file tests/unit/CMakeFiles/test_e24_c2_adapter_permutation_engine.dir/CXX.dd
[1005/2515] Generating CXX dyndep file tests/unit/CMakeFiles/test_e24_c3_set_anatomy.dir/CXX.dd
[1006/2515] Generating CXX dyndep file tests/unit/CMakeFiles/test_e24_c3_sequence_anatomy.dir/CXX.dd
[1007/2515] Generating CXX dyndep file tests/unit/CMakeFiles/test_e24_c3_view_anatomy.dir/CXX.dd
[1008/2515] Generating CXX dyndep file tests/unit/CMakeFiles/test_e24_c3_adapter_anatomy.dir/CXX.dd
[1009/2515] Generating CXX dyndep file tests/unit/CMakeFiles/test_e24_c3_cross_genus.dir/CXX.dd
[1010/2515] Generating CXX dyndep file tests/unit/CMakeFiles/test_e24_c4_genus_conformance_gates.dir/CXX.dd
[1011/2515] Generating CXX dyndep file tests/unit/CMakeFiles/test_e24_c5_fk8_genus_baupfad_d1.dir/CXX.dd
[1012/2515] Generating CXX dyndep file tests/unit/CMakeFiles/test_a8s3_sa_organ_member_vollstaendigkeit.dir/CXX.dd
[1013/2515] Generating CXX dyndep file tests/unit/CMakeFiles/test_s14_axis_version_lock_tripwire.dir/CXX.dd
[1014/2515] Generating CXX dyndep file tests/unit/CMakeFiles/test_e24_c6v_growth_statistics.dir/CXX.dd
[1015/2515] Generating CXX dyndep file tests/unit/CMakeFiles/test_e24_c6v_view_statistics.dir/CXX.dd
[1016/2515] Generating CXX dyndep file tests/unit/CMakeFiles/test_e24_c6v_inner_container_statistics.dir/CXX.dd
[1017/2515] Generating CXX dyndep file tests/unit/CMakeFiles/test_e24_c6v_set_ehrlichkeit.dir/CXX.dd
[1018/2515] Generating CXX dyndep file tests/unit/CMakeFiles/test_e24_c6_genus_observer_aggregate.dir/CXX.dd
[1019/2515] Generating CXX dyndep file tests/unit/CMakeFiles/test_e24_c6_axis_row_writer.dir/CXX.dd
[1020/2515] Generating CXX dyndep file tests/unit/CMakeFiles/test_e24_c6_set_wire_aggregate.dir/CXX.dd
[1021/2515] Generating CXX dyndep file tests/unit/CMakeFiles/test_e24_c6_sequence_wire_aggregate.dir/CXX.dd
[1022/2515] Generating CXX dyndep file tests/unit/CMakeFiles/test_e24_c6_adapter_wire_aggregate.dir/CXX.dd
[1023/2515] Generating CXX dyndep file tests/unit/CMakeFiles/test_e24_c6_view_wire_aggregate.dir/CXX.dd
[1024/2515] Generating CXX dyndep file tests/unit/CMakeFiles/test_e24_c6_set_algebra_abi.dir/CXX.dd
[1025/2515] Generating CXX dyndep file tests/unit/CMakeFiles/test_e24_c7_gattung_map_umbenennung.dir/CXX.dd
[1026/2515] Generating CXX dyndep file tests/unit/CMakeFiles/test_e24_c7_container_gattungs_kern.dir/CXX.dd
[1027/2515] Generating CXX dyndep file tests/unit/CMakeFiles/test_e24_c7_element_type_vertrag.dir/CXX.dd
[1028/2515] Generating CXX dyndep file tests/unit/CMakeFiles/test_e24_c7_gattung_abi_sichtbar.dir/CXX.dd
[1029/2515] Generating CXX dyndep file tests/unit/CMakeFiles/test_e24_c7_symmetrie_und_benennung.dir/CXX.dd
[1030/2515] Generating CXX dyndep file tests/unit/CMakeFiles/test_hy_a1_heuristik_adapter_gattung.dir/CXX.dd
[1031/2515] Generating CXX dyndep file tests/unit/CMakeFiles/test_hy_f8_reroute.dir/CXX.dd
[1032/2515] Generating CXX dyndep file tests/unit/CMakeFiles/test_q2_identitaets_riegel.dir/CXX.dd
[1033/2515] Generating CXX dyndep file tests/unit/CMakeFiles/test_hy_a1_dock_contract.dir/CXX.dd
[1034/2515] Generating CXX dyndep file tests/unit/CMakeFiles/test_hy_a1_attach_nur_array_include.dir/CXX.dd
[1035/2515] Generating CXX dyndep file tests/unit/CMakeFiles/test_hy_a3_hybrid_config_parser.dir/CXX.dd
[1036/2515] Generating CXX dyndep file tests/unit/CMakeFiles/test_hy_a2_stempel_kette.dir/CXX.dd
[1037/2515] Generating CXX dyndep file tests/unit/CMakeFiles/test_e24_c4_genus_pruef_docks.dir/CXX.dd
[1038/2515] Generating CXX dyndep file tests/unit/CMakeFiles/test_e24_c5_fk7_dock_fehlerklassen.dir/CXX.dd
[1039/2515] Generating CXX dyndep file tests/unit/CMakeFiles/test_migration_two_tier.dir/CXX.dd
[1040/2515] Generating CXX dyndep file tests/unit/CMakeFiles/test_seg_coverage.dir/CXX.dd
[1041/2515] Generating CXX dyndep file tests/unit/CMakeFiles/test_filter_real_from_keys.dir/CXX.dd
[1042/2515] Generating CXX dyndep file tests/unit/CMakeFiles/test_patricia_real.dir/CXX.dd
[1043/2515] Generating CXX dyndep file tests/unit/CMakeFiles/test_value_handle_real.dir/CXX.dd
[1044/2515] Generating CXX dyndep file tests/unit/CMakeFiles/test_prefetch_real.dir/CXX.dd
[1045/2515] Generating CXX dyndep file tests/unit/CMakeFiles/test_prefetch_adversarial_verify.dir/CXX.dd
[1046/2515] Generating CXX dyndep file tests/unit/CMakeFiles/test_prefetch_patha_t7.dir/CXX.dd
[1047/2515] Generating CXX dyndep file tests/unit/CMakeFiles/test_a8s1_t17_vollzaehligkeit.dir/CXX.dd
[1048/2515] Generating CXX dyndep file tests/unit/CMakeFiles/test_a8s3_t17_stats_lesezeitpunkt.dir/CXX.dd
[1049/2515] Generating CXX dyndep file tests/unit/CMakeFiles/test_s5_04_execution_alloc_conformance.dir/CXX.dd
[1050/2515] Generating CXX dyndep file tests/unit/CMakeFiles/test_s5_04_execution_perf_sanity.dir/CXX.dd
[1051/2515] Generating CXX dyndep file tests/unit/CMakeFiles/test_s5_03_placement_alloc_conformance.dir/CXX.dd
[1052/2515] Generating CXX dyndep file tests/unit/CMakeFiles/test_s5_03_placement_perf_sanity.dir/CXX.dd
[1053/2515] Generating CXX dyndep file tests/unit/CMakeFiles/test_s5_01d_traversal_alloc_conformance.dir/CXX.dd
[1054/2515] Generating CXX dyndep file tests/unit/CMakeFiles/test_s5_01d_traversal_perf_sanity.dir/CXX.dd
[1055/2515] Generating CXX dyndep file tests/unit/CMakeFiles/test_s5_02a_layout_alloc_conformance.dir/CXX.dd
[1056/2515] Generating CXX dyndep file tests/unit/CMakeFiles/test_s5_02a_layout_perf_sanity.dir/CXX.dd
[1057/2515] Generating CXX dyndep file tests/unit/CMakeFiles/test_s5_01a_pool_stores_alloc_conformance.dir/CXX.dd
[1058/2515] Generating CXX dyndep file tests/unit/CMakeFiles/test_s5_01a_pool_stores_perf_sanity.dir/CXX.dd
[1059/2515] Generating CXX dyndep file tests/unit/CMakeFiles/test_s5_02b_filter_alloc_conformance.dir/CXX.dd
[1060/2515] Generating CXX dyndep file tests/unit/CMakeFiles/test_s5_02b_filter_perf_sanity.dir/CXX.dd
[1061/2515] Generating CXX dyndep file tests/unit/CMakeFiles/test_s5_01b_composable_alloc_conformance.dir/CXX.dd
[1062/2515] Generating CXX dyndep file tests/unit/CMakeFiles/test_s5_01b_composable_perf_sanity.dir/CXX.dd
[1063/2515] Generating CXX dyndep file tests/unit/CMakeFiles/test_s5_01c_fassaden_conformance.dir/CXX.dd
[1064/2515] Building CXX object tests/unit/CMakeFiles/comdare_r5g_autobuilt_perm_25.dir/__/__/generated/r5g_autobuilt_modules/comdare_anatomy_perm_auto_31.cpp.o
[1065/2515] Generating CXX dyndep file tests/unit/CMakeFiles/test_s5_05q_queuing_alloc_conformance.dir/CXX.dd
[1066/2515] Generating CXX dyndep file tests/unit/CMakeFiles/test_h64_allocator_adapter_failure_contract.dir/CXX.dd
[1067/2515] Generating CXX dyndep file tests/unit/CMakeFiles/test_s5_05q_queuing_perf_sanity.dir/CXX.dd
[1068/2515] Generating CXX dyndep file tests/unit/CMakeFiles/test_h81_allocator_statistics_forwarder_recursion.dir/CXX.dd
[1069/2515] Generating CXX dyndep file tests/unit/CMakeFiles/test_a1_wurf_vertrag_allokator_store.dir/CXX.dd
[1070/2515] Generating CXX dyndep file tests/unit/CMakeFiles/test_cow_memento.dir/CXX.dd
[1071/2515] Generating CXX dyndep file tests/unit/CMakeFiles/test_hash_lookup_backward_shift.dir/CXX.dd
[1072/2515] Generating CXX dyndep file tests/unit/CMakeFiles/test_cuckoo_eviction_correctness.dir/CXX.dd
[1073/2515] Generating CXX dyndep file tests/unit/CMakeFiles/test_br1_full22_count.dir/CXX.dd
[1074/2515] Generating CXX dyndep file tests/unit/CMakeFiles/test_br1_subset.dir/CXX.dd
[1075/2515] Generating CXX dyndep file tests/unit/CMakeFiles/test_scalloc_realloc_alignment.dir/CXX.dd
[1076/2515] Generating CXX dyndep file tests/unit/CMakeFiles/test_br2_roundtrip.dir/CXX.dd
[1077/2515] Generating CXX dyndep file tests/unit/CMakeFiles/test_br2_descriptor_foundation.dir/CXX.dd
[1078/2515] Generating CXX dyndep file tests/unit/CMakeFiles/test_br3_obs22.dir/CXX.dd
[1079/2515] Generating CXX dyndep file tests/unit/CMakeFiles/test_br_kf15_real.dir/CXX.dd
[1080/2515] Generating CXX dyndep file tests/unit/CMakeFiles/test_clu_per_layout.dir/CXX.dd
[1081/2515] Generating CXX dyndep file tests/unit/CMakeFiles/test_cow_capable_wrappers.dir/CXX.dd
[1082/2515] Generating CXX dyndep file tests/unit/CMakeFiles/test_d4b_container_adapter.dir/CXX.dd
[1083/2515] Generating CXX dyndep file tests/unit/CMakeFiles/test_genus_binding.dir/CXX.dd
[1084/2515] Generating CXX dyndep file tests/unit/CMakeFiles/test_genus_organ_binding.dir/CXX.dd
[1085/2515] Generating CXX dyndep file tests/unit/CMakeFiles/test_kf4_resource_control.dir/CXX.dd
[1086/2515] Generating CXX dyndep file tests/unit/CMakeFiles/test_kf5_cacheline_weave.dir/CXX.dd
[1087/2515] Generating CXX dyndep file tests/unit/CMakeFiles/test_kf7_runtime_loop.dir/CXX.dd
[1088/2515] Generating CXX dyndep file tests/unit/CMakeFiles/test_kf6_node_run_body.dir/CXX.dd
[1089/2515] Generating CXX dyndep file tests/unit/CMakeFiles/test_kf8_ceb_generator.dir/CXX.dd
[1090/2515] Generating CXX dyndep file tests/unit/CMakeFiles/test_kf9_experiment_tree.dir/CXX.dd
[1091/2515] Generating CXX dyndep file tests/unit/CMakeFiles/test_kf10_repetition_plan.dir/CXX.dd
[1092/2515] Generating CXX dyndep file tests/unit/CMakeFiles/test_kf11_telemetry_silent.dir/CXX.dd
[1093/2515] Generating CXX dyndep file tests/unit/CMakeFiles/test_kf12_kf13_slurm_prepare.dir/CXX.dd
[1094/2515] Generating CXX dyndep file tests/unit/CMakeFiles/test_kf15_inverse_signature.dir/CXX.dd
[1095/2515] Generating CXX dyndep file tests/unit/CMakeFiles/test_kf16_build_orchestrator.dir/CXX.dd
[1096/2515] Generating CXX dyndep file tests/unit/CMakeFiles/test_kf16b_build_resilience.dir/CXX.dd
[1097/2515] Generating CXX dyndep file tests/unit/CMakeFiles/test_w6_parallel_provision.dir/CXX.dd
[1098/2515] Generating CXX dyndep file tests/unit/CMakeFiles/test_s5_artifact_cache_bounded.dir/CXX.dd
[1099/2515] Generating CXX dyndep file tests/unit/CMakeFiles/test_w11_async_push_pump.dir/CXX.dd
[1100/2515] Generating CXX dyndep file tests/unit/CMakeFiles/test_s1_cache_key_prefix.dir/CXX.dd
[1101/2515] Generating CXX dyndep file tests/unit/CMakeFiles/test_e24_c10_g6_identitaets_bilanz.dir/CXX.dd
[1102/2515] Generating CXX dyndep file tests/unit/CMakeFiles/test_s2_pull_tier_binary.dir/CXX.dd
[1103/2515] Generating CXX dyndep file tests/unit/CMakeFiles/test_cache_mc_timeout.dir/CXX.dd
[1104/2515] Generating CXX dyndep file tests/unit/CMakeFiles/test_45_parallel_measure_loop.dir/CXX.dd
[1105/2515] Generating CXX dyndep file tests/unit/CMakeFiles/test_r2_suffix_wachen.dir/CXX.dd
[1106/2515] Generating CXX dyndep file tests/unit/CMakeFiles/test_w10_c4_zellwert_naht.dir/CXX.dd
[1107/2515] Generating CXX dyndep file tests/unit/CMakeFiles/test_a15_fk3_axis_error_traits.dir/CXX.dd
[1108/2515] Generating CXX dyndep file tests/unit/CMakeFiles/test_e24_c9_fk5_fehlerraum.dir/CXX.dd
[1109/2515] Generating CXX dyndep file tests/unit/CMakeFiles/test_a15_fk4_organ_slot_traits.dir/CXX.dd
[1110/2515] Generating CXX dyndep file tests/unit/CMakeFiles/test_fk6_algo_error_classes.dir/CXX.dd
[1111/2515] Generating CXX dyndep file tests/unit/CMakeFiles/test_resthygiene2_organ_fingerprint.dir/CXX.dd
[1112/2515] Generating CXX dyndep file tests/unit/CMakeFiles/test_all19_segment_timer.dir/CXX.dd
[1113/2515] Generating CXX dyndep file tests/unit/CMakeFiles/test_m8_storetrav_segment.dir/CXX.dd
[1114/2515] Generating CXX dyndep file tests/unit/CMakeFiles/test_br3_observer.dir/CXX.dd
[1115/2515] Generating CXX dyndep file tests/unit/CMakeFiles/test_obs_phaseB_t11_t12_iso.dir/CXX.dd
[1116/2515] Generating CXX dyndep file tests/unit/CMakeFiles/test_obs_phaseB_t14_t16.dir/CXX.dd
[1117/2515] Generating CXX dyndep file tests/unit/CMakeFiles/test_segment_timer_differentiation.dir/CXX.dd
[1118/2515] Generating CXX dyndep file tests/unit/CMakeFiles/test_pathb_segment_timer.dir/CXX.dd
[1119/2515] Generating CXX dyndep file tests/unit/CMakeFiles/test_obs_phaseB_pilot.dir/CXX.dd
[1120/2515] Generating CXX dyndep file tests/unit/CMakeFiles/test_obs_phaseA.dir/CXX.dd
[1121/2515] Generating CXX dyndep file tests/unit/CMakeFiles/test_d_v42_abi_telemetry_coupling.dir/CXX.dd
[1122/2515] Generating CXX dyndep file tests/unit/CMakeFiles/test_obs_phaseB_t11_t12.dir/CXX.dd
[1123/2515] Generating CXX dyndep file tests/unit/CMakeFiles/test_a8s4_konstitutiv_kette.dir/CXX.dd
[1124/2515] Generating CXX dyndep file tests/unit/CMakeFiles/test_a8s4_release_pfad_neutralitaet.dir/CXX.dd
[1125/2515] Generating CXX dyndep file tests/unit/CMakeFiles/test_kf1_thesis_profile_parser.dir/CXX.dd
[1126/2515] Generating CXX dyndep file tests/unit/CMakeFiles/test_q1_lockfree_concurrency.dir/CXX.dd
[1127/2515] Generating CXX dyndep file tests/unit/CMakeFiles/test_v5_io_real_fixture.dir/CXX.dd
[1128/2515] Generating CXX dyndep file tests/unit/CMakeFiles/test_winsorized_mean.dir/CXX.dd
[1129/2515] Generating CXX dyndep file tests/unit/CMakeFiles/test_conformance_gate.dir/CXX.dd
[1130/2515] Generating CXX dyndep file tests/unit/CMakeFiles/test_188_4bb0_pool_organ_wide_key_conformance.dir/CXX.dd
[1131/2515] Generating CXX dyndep file tests/unit/CMakeFiles/test_188_4bbV_pool_adapter_flip_compile.dir/CXX.dd
[1132/2515] Generating CXX dyndep file tests/unit/CMakeFiles/test_s7_1_bst_pool_allocator_deg.dir/CXX.dd
[1133/2515] Generating CXX dyndep file tests/unit/CMakeFiles/test_phase_b_effective_search_algo_contrast.dir/CXX.dd
[1134/2515] Generating CXX dyndep file tests/unit/CMakeFiles/test_ap15_2_get_allocator_proxy.dir/CXX.dd
[1135/2515] Generating CXX dyndep file tests/unit/CMakeFiles/test_ap15_3_driveable_map_contract.dir/CXX.dd
[1136/2515] Generating CXX dyndep file tests/unit/CMakeFiles/test_s7_2_btree_pool_allocator_deg.dir/CXX.dd
[1137/2515] Generating CXX dyndep file tests/unit/CMakeFiles/test_29_container_framework.dir/CXX.dd
[1138/2515] Generating CXX dyndep file tests/unit/CMakeFiles/test_234_va_shaped_adapter.dir/CXX.dd
[1139/2515] Generating CXX dyndep file tests/unit/CMakeFiles/test_striktheit_axis_dach_guard.dir/CXX.dd
[1140/2515] Generating CXX dyndep file tests/unit/CMakeFiles/test_a14_os_sub_axes_guard.dir/CXX.dd
[1141/2515] Generating CXX dyndep file tests/unit/CMakeFiles/test_meta_meta_halbordnung.dir/CXX.dd
[1142/2515] Generating CXX dyndep file tests/unit/CMakeFiles/test_axis_error_taxonomy.dir/CXX.dd
[1143/2515] Generating CXX dyndep file tests/unit/CMakeFiles/test_rf3_betriebssystem_feature_fehlt.dir/CXX.dd
[1144/2515] Generating CXX dyndep file tests/unit/CMakeFiles/test_striktheit_metaprog_guard.dir/CXX.dd
[1145/2515] Generating CXX dyndep file tests/unit/CMakeFiles/test_striktheit_axes_guard.dir/CXX.dd
[1146/2515] Generating CXX dyndep file tests/unit/CMakeFiles/test_striktheit_abi_pod_guard.dir/CXX.dd
[1147/2515] Generating CXX dyndep file tests/unit/CMakeFiles/test_striktheit_scan_kernel_purity.dir/CXX.dd
[1148/2515] Generating CXX dyndep file tests/unit/CMakeFiles/test_234_vb_rest_families_shaped.dir/CXX.dd
[1149/2515] Generating CXX dyndep file tests/unit/CMakeFiles/test_cmd1_a_axis_command_base.dir/CXX.dd
[1150/2515] Generating CXX dyndep file tests/unit/CMakeFiles/test_s7_3_skip_list_pool_allocator_deg.dir/CXX.dd
[1151/2515] Generating CXX dyndep file tests/unit/CMakeFiles/test_s7_5_art_pool_allocator_deg.dir/CXX.dd
[1152/2515] Generating CXX dyndep file tests/unit/CMakeFiles/test_s7_4_hash_pool_allocator_deg.dir/CXX.dd
[1153/2515] Generating CXX dyndep file tests/unit/CMakeFiles/test_s7_6_hot_pool_allocator_deg.dir/CXX.dd
[1154/2515] Generating CXX dyndep file tests/unit/CMakeFiles/test_s7_7_start_pool_allocator_deg.dir/CXX.dd
[1155/2515] Generating CXX dyndep file tests/unit/CMakeFiles/test_s7_8_wormhole_pool_allocator_deg.dir/CXX.dd
[1156/2515] Generating CXX dyndep file tests/unit/CMakeFiles/test_s7_10_swiss_pool_allocator_deg.dir/CXX.dd
[1157/2515] Generating CXX dyndep file tests/unit/CMakeFiles/test_s7_9_surf_pool_allocator_deg.dir/CXX.dd
[1158/2515] Generating CXX dyndep file tests/unit/CMakeFiles/test_234_f1_btree_order_shape.dir/CXX.dd
[1159/2515] Generating CXX dyndep file tests/unit/CMakeFiles/test_234_f2_skip_list_shape.dir/CXX.dd
[1160/2515] Generating CXX dyndep file tests/unit/CMakeFiles/test_234_f3_bst_shape.dir/CXX.dd
[1161/2515] Generating CXX dyndep file tests/unit/CMakeFiles/test_234_f4_hash_probe_shape.dir/CXX.dd
[1162/2515] Generating CXX dyndep file tests/unit/CMakeFiles/test_188_4a_eytzinger_organ.dir/CXX.dd
[1163/2515] Generating CXX dyndep file tests/unit/CMakeFiles/test_188_4c0_known_compositions_conformance.dir/CXX.dd
[1164/2515] Generating CXX dyndep file tests/unit/CMakeFiles/test_216h2_stat_reset_after_load.dir/CXX.dd
[1165/2515] Generating CXX dyndep file tests/unit/CMakeFiles/test_221_rc_prefetch_distance.dir/CXX.dd
[1166/2515] Generating CXX dyndep file tests/unit/CMakeFiles/test_abi_adapter_g3_batch2.dir/CXX.dd
[1167/2515] Generating CXX dyndep file tests/unit/CMakeFiles/test_e1_contract_rc_konsum.dir/CXX.dd
[1168/2515] Generating CXX dyndep file tests/unit/CMakeFiles/test_188_4cii_flat_wrapper_traversal.dir/CXX.dd
[1169/2515] Generating CXX dyndep file tests/unit/CMakeFiles/test_217_2a_capacity_guard.dir/CXX.dd
[1170/2515] Generating CXX dyndep file tests/unit/CMakeFiles/test_harness_compile.dir/CXX.dd
[1171/2515] Generating CXX dyndep file tests/unit/CMakeFiles/m3v2_pmc_smoke.dir/CXX.dd
[1172/2515] Generating CXX dyndep file tests/unit/CMakeFiles/test_tp1_planer_filter_iterator.dir/CXX.dd
[1173/2515] Generating CXX dyndep file tests/unit/CMakeFiles/test_t2a_f4_facade_plan_durchreichung.dir/CXX.dd
[1174/2515] Generating CXX dyndep file tests/unit/CMakeFiles/test_a5_eta_slice_verdrahtung.dir/CXX.dd
[1175/2515] Generating CXX dyndep file tests/unit/CMakeFiles/test_d37b_modus_riegel.dir/CXX.dd
[1176/2515] Generating CXX dyndep file tests/unit/CMakeFiles/test_f3_lager_key_provider_iterator.dir/CXX.dd
[1177/2515] Generating CXX dyndep file tests/unit/CMakeFiles/test_lg_skip_callback_null.dir/CXX.dd
[1178/2515] Generating CXX dyndep file tests/unit/CMakeFiles/test_lagp2_messwert_genus.dir/CXX.dd
[1179/2515] Building CXX object tests/unit/CMakeFiles/comdare_r5g_autobuilt_perm_27.dir/__/__/generated/r5g_autobuilt_modules/comdare_anatomy_perm_auto_33.cpp.o
[1180/2515] Generating CXX dyndep file tests/unit/CMakeFiles/test_mt_l3_wide_schema_orakel.dir/CXX.dd
[1181/2515] Generating CXX dyndep file tests/unit/CMakeFiles/test_b3_schema_freeze_stufe1.dir/CXX.dd
[1182/2515] Generating CXX dyndep file tests/unit/CMakeFiles/test_vor_push_gate.dir/CXX.dd
[1183/2515] Generating CXX dyndep file tests/unit/CMakeFiles/test_lazy_resume_binary.dir/CXX.dd
[1184/2515] Generating CXX dyndep file tests/unit/CMakeFiles/test_w5_status_reader.dir/CXX.dd
[1185/2515] Generating CXX dyndep file tests/unit/CMakeFiles/test_experiment_dock_payload.dir/CXX.dd
[1186/2515] Generating CXX dyndep file tests/unit/CMakeFiles/test_progress_delta.dir/CXX.dd
[1187/2515] Generating CXX dyndep file tests/unit/CMakeFiles/test_axis_kind_wire_totalitaet.dir/CXX.dd
[1188/2515] Generating CXX dyndep file tests/unit/CMakeFiles/test_axis_kind_kategorien_zuordnung.dir/CXX.dd
[1189/2515] Generating CXX dyndep file tests/unit/CMakeFiles/test_gn_cell_filter.dir/CXX.dd
[1190/2515] Generating CXX dyndep file tests/unit/CMakeFiles/test_profile_coverage.dir/CXX.dd
[1191/2515] Generating CXX dyndep file tests/unit/CMakeFiles/test_ap2_katalog_pfad_stubfrei.dir/CXX.dd
[1192/2515] Generating CXX dyndep file tests/unit/CMakeFiles/test_axis_sweep_coverage.dir/CXX.dd
[1193/2515] Generating CXX dyndep file tests/unit/CMakeFiles/test_org18_persistence_target.dir/CXX.dd
[1194/2515] Generating CXX dyndep file tests/unit/CMakeFiles/test_smoke_coverage_profile.dir/CXX.dd
[1195/2515] Generating CXX dyndep file tests/unit/CMakeFiles/test_wdk_datasets_fairness.dir/CXX.dd
[1196/2515] Generating CXX dyndep file tests/unit/CMakeFiles/test_measurement_categories.dir/CXX.dd
[1197/2515] Generating CXX dyndep file tests/unit/CMakeFiles/test_experiment_kern_seam.dir/CXX.dd
[1198/2515] Generating CXX dyndep file tests/unit/CMakeFiles/test_experiment_parser.dir/CXX.dd
[1199/2515] Generating CXX dyndep file tests/unit/CMakeFiles/test_merge_plan_directive.dir/CXX.dd
[1200/2515] Generating CXX dyndep file tests/unit/CMakeFiles/test_experiment_projection.dir/CXX.dd
[1201/2515] Generating CXX dyndep file tests/unit/CMakeFiles/test_experiment_plan_director.dir/CXX.dd
[1202/2515] Generating CXX dyndep file tests/unit/CMakeFiles/test_validate_profile.dir/CXX.dd
[1203/2515] Generating CXX dyndep file tests/unit/CMakeFiles/test_sota_st2_dedup.dir/CXX.dd
[1204/2515] Generating CXX dyndep file tests/unit/CMakeFiles/test_h2_score_akte.dir/CXX.dd
[1205/2515] Generating CXX dyndep file tests/unit/CMakeFiles/linux_perf_pmc_smoke.dir/CXX.dd
[1206/2515] Building CXX object tests/unit/CMakeFiles/comdare_r5g_autobuilt_perm_28.dir/__/__/generated/r5g_autobuilt_modules/comdare_anatomy_perm_auto_34.cpp.o
[1207/2515] Building CXX object tests/unit/CMakeFiles/perm_buildvariant_avx512.dir/genus_buildvariant_avx512.cpp.o
[1208/2515] Building CXX object tests/unit/CMakeFiles/perm_buildvariant_avx2.dir/genus_buildvariant_avx2.cpp.o
[1209/2515] Building CXX object tests/unit/CMakeFiles/comdare_r5g_autobuilt_perm_29.dir/__/__/generated/r5g_autobuilt_modules/comdare_anatomy_perm_auto_35.cpp.o
[1210/2515] Building CXX object tests/unit/CMakeFiles/perm_view_d11.dir/genus_module_view.cpp.o
[1211/2515] Building CXX object tests/unit/CMakeFiles/comdare_r5g_autobuilt_perm_32.dir/__/__/generated/r5g_autobuilt_modules/comdare_anatomy_perm_auto_38.cpp.o
[1212/2515] Building CXX object tests/unit/CMakeFiles/comdare_r5g_autobuilt_perm_30.dir/__/__/generated/r5g_autobuilt_modules/comdare_anatomy_perm_auto_36.cpp.o
[1213/2515] Building CXX object tests/unit/CMakeFiles/perm_set_d9.dir/genus_module_set.cpp.o
[1214/2515] Building CXX object tests/unit/CMakeFiles/perm_sequence_d10.dir/genus_module_sequence.cpp.o
[1215/2515] Building CXX object tests/unit/CMakeFiles/comdare_r5g_autobuilt_perm_31.dir/__/__/generated/r5g_autobuilt_modules/comdare_anatomy_perm_auto_37.cpp.o
[1216/2515] Building CXX object tests/unit/CMakeFiles/perm_alt_major7.dir/genus_module_alt_major7.cpp.o
[1217/2515] Building CXX object tests/unit/CMakeFiles/comdare_r5g_autobuilt_perm_38.dir/__/__/generated/r5g_autobuilt_modules/comdare_anatomy_perm_auto_43.cpp.o
[1218/2515] Building CXX object tests/unit/CMakeFiles/perm_major7_neue_magic.dir/genus_module_major7_neue_magic.cpp.o
[1219/2515] Building CXX object tests/unit/CMakeFiles/perm_set_defekt_d13.dir/genus_module_set_defekt.cpp.o
[1220/2515] Generating CXX dyndep file tests/unit/CMakeFiles/test_dgenus_dll.dir/CXX.dd
[1221/2515] Generating CXX dyndep file tests/unit/CMakeFiles/test_e24_c10_genus_dll_roundtrip.dir/CXX.dd
[1222/2515] Generating CXX dyndep file tests/unit/CMakeFiles/test_e24_c10_g5_lade_wache.dir/CXX.dd
[1223/2515] Generating CXX dyndep file tests/unit/CMakeFiles/test_buildvariant_dll.dir/CXX.dd
[1224/2515] Generating CXX dyndep file tests/unit/CMakeFiles/test_d4b_container_dll.dir/CXX.dd
[1225/2515] Building CXX object tests/unit/CMakeFiles/perm_q2_luegner.dir/genus_module_q2_luegner.cpp.o
[1226/2515] Building CXX object tests/unit/CMakeFiles/comdare_r5g_autobuilt_perm_37.dir/__/__/generated/r5g_autobuilt_modules/comdare_anatomy_perm_auto_42.cpp.o
[1227/2515] Generating CXX dyndep file tests/unit/CMakeFiles/test_ap5_simd_extension_coherence.dir/CXX.dd
[1228/2515] Building CXX object tests/unit/CMakeFiles/perm_q2_ohne_gattung.dir/genus_module_q2_ohne_gattung.cpp.o
[1229/2515] Generating CXX dyndep file tests/unit/CMakeFiles/test_adhoc_buildvariant_dll.dir/CXX.dd
[1230/2515] Generating CXX dyndep file tests/unit/CMakeFiles/test_d13_dll_runtime_measure.dir/CXX.dd
[1231/2515] Generating CXX dyndep file tests/unit/CMakeFiles/test_w3_mess_interface_testate_dock.dir/CXX.dd
[1232/2515] Generating CXX dyndep file tests/unit/CMakeFiles/test_w3_mess_interface_testate_biss.dir/CXX.dd
[1233/2515] Generating CXX dyndep file tests/unit/CMakeFiles/test_cacheline_policy_selector.dir/CXX.dd
[1234/2515] Building CXX object tests/unit/CMakeFiles/perm_adapter_d12.dir/genus_module_adapter.cpp.o
[1235/2515] Generating CXX dyndep file tests/unit/CMakeFiles/test_load_profile_writer.dir/CXX.dd
[1236/2515] Generating CXX dyndep file tests/unit/CMakeFiles/test_kf3_cacheline_subaxis.dir/CXX.dd
[1237/2515] Generating CXX dyndep file tests/unit/CMakeFiles/test_ff2_node_width_subaxis.dir/CXX.dd
[1238/2515] Generating CXX dyndep file tests/unit/CMakeFiles/test_best_binary_selector_parse_rank.dir/CXX.dd
[1239/2515] Generating CXX dyndep file tests/unit/CMakeFiles/test_fb_alloc_hw_subaxis.dir/CXX.dd
[1240/2515] Generating CXX dyndep file tests/unit/CMakeFiles/test_hybrid_spline_selector_scaffold.dir/CXX.dd
[1241/2515] Generating CXX dyndep file tests/unit/CMakeFiles/test_e4_contract_xml_to_axislevels.dir/CXX.dd
[1242/2515] Building CXX object tests/unit/CMakeFiles/comdare_r5g_autobuilt_perm_33.dir/__/__/generated/r5g_autobuilt_modules/comdare_anatomy_perm_auto_39.cpp.o
[1243/2515] Generating CXX dyndep file tests/unit/CMakeFiles/test_a9b_active_deklaration_inert.dir/CXX.dd
[1244/2515] Generating CXX dyndep file tests/unit/CMakeFiles/test_t1_system_achsen_eine_entscheidung.dir/CXX.dd
[1245/2515] Generating CXX dyndep file tests/unit/CMakeFiles/test_e3_contract_conformance_gate_wirksam.dir/CXX.dd
[1246/2515] Generating CXX dyndep file tests/unit/CMakeFiles/test_e3_contract_binary_id_bijektion.dir/CXX.dd
[1247/2515] Generating CXX dyndep file tests/unit/CMakeFiles/test_e2_contract_abi_vertrag.dir/CXX.dd
[1248/2515] Generating CXX dyndep file tests/unit/CMakeFiles/test_m_simd_feature_flag_catalog.dir/CXX.dd
[1249/2515] Generating CXX dyndep file tests/unit/CMakeFiles/test_p1_spd_ddr5_parser.dir/CXX.dd
[1250/2515] Generating CXX dyndep file tests/unit/CMakeFiles/test_m_contract_system_axis_wurzel.dir/CXX.dd
[1251/2515] Generating CXX dyndep file tests/unit/CMakeFiles/test_p2_ram_probe_chain.dir/CXX.dd
[1252/2515] Generating CXX dyndep file tests/unit/CMakeFiles/test_os_u3_probe.dir/CXX.dd
[1253/2515] Generating CXX dyndep file tests/unit/CMakeFiles/test_od10_numa_page_probe.dir/CXX.dd
[1254/2515] Generating CXX dyndep file tests/unit/CMakeFiles/test_od11_numa_cpu_pin_process_probe.dir/CXX.dd
[1255/2515] Generating CXX dyndep file tests/unit/CMakeFiles/test_p3_boot_cache_dmi.dir/CXX.dd
[1256/2515] Generating CXX dyndep file tests/unit/CMakeFiles/test_c3a_gate_scharfschaltung.dir/CXX.dd
[1257/2515] Generating CXX dyndep file tests/unit/CMakeFiles/test_o4_machine_identity.dir/CXX.dd
[1258/2515] Generating CXX dyndep file tests/unit/CMakeFiles/test_p2_ram_identity_verdict.dir/CXX.dd
[1259/2515] Generating CXX dyndep file tests/unit/CMakeFiles/test_m_w12_stamp_bausteine.dir/CXX.dd
[1260/2515] Generating CXX dyndep file tests/unit/CMakeFiles/test_c3b_kanal_merge_beleg.dir/CXX.dd
[1261/2515] Generating CXX dyndep file tests/unit/CMakeFiles/test_d4_ceb_schluessel_wahl.dir/CXX.dd
[1262/2515] Generating CXX dyndep file tests/unit/CMakeFiles/test_w10_system_cell_values.dir/CXX.dd
[1263/2515] Generating CXX dyndep file tests/unit/CMakeFiles/test_d2_mess_konsistenz_gate.dir/CXX.dd
[1264/2515] Generating CXX dyndep file tests/unit/CMakeFiles/test_limits_entkopplung_vorstufe.dir/CXX.dd
[1265/2515] Generating CXX dyndep file tests/unit/CMakeFiles/test_progress_heartbeat.dir/CXX.dd
[1266/2515] Generating CXX dyndep file tests/unit/CMakeFiles/test_g1_binary_version_stamp.dir/CXX.dd
[1267/2515] Generating CXX dyndep file tests/unit/CMakeFiles/test_w2_combo_ct_stamp.dir/CXX.dd
[1268/2515] Generating CXX dyndep file tests/unit/CMakeFiles/test_lazy_adhoc_source_gen.dir/CXX.dd
[1269/2515] Generating CXX dyndep file tests/unit/CMakeFiles/test_lagz1_lager_schluessel_simd.dir/CXX.dd
[1270/2515] Building CXX object tests/unit/CMakeFiles/perm_q2_ohne_genus.dir/genus_module_q2_ohne_genus.cpp.o
[1271/2515] Generating CXX dyndep file tests/unit/CMakeFiles/test_b3_wallclock_erbe_ct.dir/CXX.dd
[1272/2515] Generating CXX dyndep file tests/unit/CMakeFiles/test_m1_mess_achsen_wirkung.dir/CXX.dd
[1273/2515] Generating CXX dyndep file tests/unit/CMakeFiles/test_r3_mess_gate_fingerprint_biss.dir/CXX.dd
[1274/2515] Generating CXX dyndep file tests/unit/CMakeFiles/test_r3_mess_gates_spiegel.dir/CXX.dd
[1275/2515] Building CXX object tests/unit/CMakeFiles/comdare_r5g_autobuilt_perm_35.dir/__/__/generated/r5g_autobuilt_modules/comdare_anatomy_perm_auto_40.cpp.o
[1276/2515] Generating CXX dyndep file tests/unit/CMakeFiles/test_b2_mess_gate_trennung.dir/CXX.dd
[1277/2515] Generating CXX dyndep file tests/unit/CMakeFiles/test_b2_gate_zustand_g2an_g3aus.dir/CXX.dd
[1278/2515] Generating CXX dyndep file tests/unit/CMakeFiles/test_b5_pmc_ehrlichkeit_alle_sieben.dir/CXX.dd
[1279/2515] Generating CXX dyndep file tests/unit/CMakeFiles/test_m1h_stufen_und_pmc_wache.dir/CXX.dd
[1280/2515] Generating CXX dyndep file tests/unit/CMakeFiles/test_parser_konsolidierung.dir/CXX.dd
[1281/2515] Generating CXX dyndep file tests/unit/CMakeFiles/test_simd_field_sum_dispatch.dir/CXX.dd
[1282/2515] Generating CXX dyndep file tests/unit/CMakeFiles/test_phase6_vorbau.dir/CXX.dd
[1283/2515] Generating CXX dyndep file tests/unit/CMakeFiles/test_simd_field_sum_dispatch_avx512.dir/CXX.dd
[1284/2515] Generating CXX dyndep file tests/unit/CMakeFiles/test_simd_add_u64_carry.dir/CXX.dd
[1285/2515] Generating CXX dyndep file tests/unit/CMakeFiles/test_simd_field_sum_dispatch_avx2.dir/CXX.dd
[1286/2515] Generating CXX dyndep file tests/unit/CMakeFiles/test_simd_add_u64_carry_avx2.dir/CXX.dd
[1287/2515] Generating CXX dyndep file tests/unit/CMakeFiles/test_a1_algo_version_pin_alloc_axis.dir/CXX.dd
[1288/2515] Generating CXX dyndep file tests/unit/CMakeFiles/test_reflect_versions_all17.dir/CXX.dd
[1289/2515] Generating CXX dyndep file tests/unit/CMakeFiles/test_simd_add_u64_carry_avx512.dir/CXX.dd
[1290/2515] Generating CXX dyndep file tests/unit/CMakeFiles/test_reflect_versions_all_registered.dir/CXX.dd
[1291/2515] Generating CXX dyndep file tests/unit/CMakeFiles/test_planner_version_flag_grammatik.dir/CXX.dd
[1292/2515] Generating CXX dyndep file tests/unit/CMakeFiles/test_g3_bestandslog_lock.dir/CXX.dd
[1293/2515] Generating CXX dyndep file tests/unit/CMakeFiles/test_g3_eta_estimator.dir/CXX.dd
[1294/2515] Generating CXX dyndep file tests/unit/CMakeFiles/test_g3_bestandslog_document.dir/CXX.dd
[1295/2515] Generating CXX dyndep file tests/unit/CMakeFiles/test_g3_reservation_lifecycle.dir/CXX.dd
[1296/2515] Generating CXX dyndep file tests/unit/CMakeFiles/test_a5_eta_kalibrierung.dir/CXX.dd
[1297/2515] Generating CXX dyndep file tests/unit/CMakeFiles/test_g3_ram_spool_writer.dir/CXX.dd
[1298/2515] Generating CXX dyndep file tests/unit/CMakeFiles/test_g3_batch_planner.dir/CXX.dd
[1299/2515] Generating CXX dyndep file tests/unit/CMakeFiles/test_g3_writer_backend_io_uring.dir/CXX.dd
[1300/2515] Generating CXX dyndep file tests/unit/CMakeFiles/test_g2_variant_sidecar.dir/CXX.dd
[1301/2515] Generating CXX dyndep file tests/unit/CMakeFiles/test_a2_sha512_skip_gate.dir/CXX.dd
[1302/2515] Generating CXX dyndep file tests/unit/CMakeFiles/test_bvset_teilmenge.dir/CXX.dd
[1303/2515] Generating CXX dyndep file tests/unit/CMakeFiles/test_g3_sha512_index.dir/CXX.dd
[1304/2515] Generating CXX dyndep file tests/unit/CMakeFiles/test_g3_builder_registration.dir/CXX.dd
[1305/2515] Building CXX object tests/unit/CMakeFiles/perm_alt_magic_ohne_symbole.dir/genus_module_alt_magic_ohne_symbole.cpp.o
[1306/2515] Generating CXX dyndep file tests/unit/CMakeFiles/test_g3_takeover_sweep.dir/CXX.dd
[1307/2515] Generating CXX dyndep file tests/unit/CMakeFiles/test_lb0_lager_pfad_grammatik.dir/CXX.dd
[1308/2515] Generating CXX dyndep file tests/unit/CMakeFiles/test_lb1_knoten_heuristik_log.dir/CXX.dd
[1309/2515] Generating CXX dyndep file tests/unit/CMakeFiles/test_ge3_messwert_genus_und_ziel.dir/CXX.dd
[1310/2515] Generating CXX dyndep file tests/unit/CMakeFiles/test_ge1_claim_check_und_sidecar.dir/CXX.dd
[1311/2515] Generating CXX dyndep file tests/unit/CMakeFiles/test_g3_planer_driven.dir/CXX.dd
[1312/2515] Generating CXX dyndep file tests/unit/CMakeFiles/test_g3_prune.dir/CXX.dd
[1313/2515] Generating CXX dyndep file tests/unit/CMakeFiles/test_g3_lager_presence.dir/CXX.dd
[1314/2515] Generating CXX dyndep file tests/unit/CMakeFiles/test_g3_artifact_cache_transport.dir/CXX.dd
[1315/2515] Generating CXX dyndep file tests/unit/CMakeFiles/test_a8s3_csv_klasse_c.dir/CXX.dd
[1316/2515] Generating CXX dyndep file tests/unit/CMakeFiles/test_fk1_nicht_gebaut_marker.dir/CXX.dd
[1317/2515] Generating CXX dyndep file tests/unit/CMakeFiles/test_rf2_admission_marker_inert.dir/CXX.dd
[1318/2515] Generating CXX dyndep file tests/unit/CMakeFiles/test_m1hb_observer_zellen_ehrlich.dir/CXX.dd
[1319/2515] Generating CXX dyndep file tests/unit/CMakeFiles/test_p_cacheline_store_line_source.dir/CXX.dd
[1320/2515] Generating CXX dyndep file tests/unit/CMakeFiles/test_a9_xlsx_vendor_rauchtest.dir/CXX.dd
[1321/2515] Generating CXX dyndep file tests/unit/CMakeFiles/test_b14_abi_adapter_line_subaxis_paths.dir/CXX.dd
[1322/2515] Generating CXX dyndep file tests/unit/CMakeFiles/test_e04_slice_marker.dir/CXX.dd
[1323/2515] Generating CXX dyndep file tests/unit/CMakeFiles/test_b14_layout_scan_line_subaxis.dir/CXX.dd
[1324/2515] Generating CXX dyndep file tests/unit/CMakeFiles/test_a9s3_writeback_method_xlsx.dir/CXX.dd
[1325/2515] Generating CXX dyndep file tests/unit/CMakeFiles/test_a9s3_ergebnis_mappe_csv.dir/CXX.dd
[1326/2515] Generating CXX dyndep file tests/unit/CMakeFiles/test_a9s3_mess_ebene_blattsorte.dir/CXX.dd
[1327/2515] Generating CXX dyndep file tests/unit/CMakeFiles/test_a9s3_xlsx_ergebnis_writer.dir/CXX.dd
[1328/2515] Generating CXX dyndep file tests/unit/CMakeFiles/test_mt_l4_registrierungs_wache_isa.dir/CXX.dd
[1329/2515] Generating CXX dyndep file tests/unit/CMakeFiles/test_hyg_kumulativer_bereich.dir/CXX.dd
[1330/2515] Generating CXX dyndep file tests/unit/CMakeFiles/test_d2_abdeckungs_wache_nenner.dir/CXX.dd
[1331/2515] Generating CXX dyndep file tests/unit/CMakeFiles/test_a9s4_realm_scan_stale.dir/CXX.dd
[1332/2515] Generating CXX dyndep file tests/unit/CMakeFiles/test_a9s4_dynamic_axis_filter.dir/CXX.dd
[1333/2515] Generating CXX dyndep file tests/unit/CMakeFiles/test_a9s4_mess_report_render.dir/CXX.dd
[1334/2515] Generating CXX dyndep file tests/unit/CMakeFiles/test_d3_6_realm_selektor_produktionsablage.dir/CXX.dd
[1335/2515] Generating CXX dyndep file tests/unit/CMakeFiles/test_a9s4_skip_manifest.dir/CXX.dd
[1336/2515] Generating CXX dyndep file tests/unit/CMakeFiles/test_lg_xlsx_alt_nie_vernichten.dir/CXX.dd
[1337/2515] Generating CXX dyndep file tests/unit/CMakeFiles/test_a9s5_ergebnis_mappe_naht.dir/CXX.dd
[1338/2515] Generating CXX dyndep file tests/unit/CMakeFiles/test_ms2_pre_touch_seitenfehler.dir/CXX.dd
[1339/2515] Generating CXX dyndep file tests/unit/CMakeFiles/test_ms1_arenen_kein_alloc_im_fenster.dir/CXX.dd
[1340/2515] Generating CXX dyndep file tests/unit/CMakeFiles/ck1_naht_voll.dir/CXX.dd
[1341/2515] Generating CXX dyndep file tests/unit/CMakeFiles/test_ck1_messkette_koeder.dir/CXX.dd
[1342/2515] Generating CXX dyndep file tests/unit/CMakeFiles/ck1_naht_leer.dir/CXX.dd
[1343/2515] Generating CXX dyndep file tests/unit/CMakeFiles/test_check_size_mengenrechnung.dir/CXX.dd
[1344/2515] Generating CXX dyndep file tests/unit/CMakeFiles/test_d55_hdr_verdrahtung.dir/CXX.dd
[1345/2515] Generating CXX dyndep file tests/unit/CMakeFiles/test_naht1_mess_visitor_biss.dir/CXX.dd
[1346/2515] Generating CXX dyndep file tests/unit/CMakeFiles/test_flaeche3_deckung_ceb_aus_tier_an.dir/CXX.dd
[1347/2515] Generating CXX dyndep file tests/unit/CMakeFiles/test_warn1_d2_fingerprint_koeder.dir/CXX.dd
[1348/2515] Building CXX object tests/unit/CMakeFiles/perm_a11_ohne_stempel.dir/genus_module_a11_ohne_stempel.cpp.o
[1349/2515] Generating CXX dyndep file tests/unit/CMakeFiles/test_warn2a_block_id_bidirektional.dir/CXX.dd
[1350/2515] Generating CXX dyndep file tests/unit/CMakeFiles/test_d2g1_ctest_registrierung.dir/CXX.dd
[1351/2515] Generating CXX dyndep file tests/unit/CMakeFiles/test_t6_biss_achsen_roundtrip_wache.dir/CXX.dd
[1352/2515] Generating CXX dyndep file tests/unit/CMakeFiles/test_t6_wachen_inventar.dir/CXX.dd
[1353/2515] Generating CXX dyndep file tests/unit/CMakeFiles/test_t6_biss_sichtbarkeits_wache.dir/CXX.dd
[1354/2515] Generating CXX dyndep file tests/unit/CMakeFiles/test_lizenz_konsistenz.dir/CXX.dd
[1355/2515] Generating CXX dyndep file tests/unit/CMakeFiles/test_w0b_durchstich_kette.dir/CXX.dd
[1356/2515] Generating CXX dyndep file tests/unit/CMakeFiles/test_pa1_tote_ausnahme.dir/CXX.dd
[1357/2515] Generating CXX dyndep file tests/unit/CMakeFiles/test_t6_biss_registrierungs_wache.dir/CXX.dd
[1358/2515] Generating CXX dyndep file tests/unit/CMakeFiles/test_anker_marke_statt_ledgerzeile.dir/CXX.dd
[1359/2515] Generating CXX dyndep file tests/unit/CMakeFiles/test_vs_taxonomie_klassen_grep.dir/CXX.dd
[1360/2515] Generating CXX dyndep file tests/unit/CMakeFiles/test_s3_ordnung_relation.dir/CXX.dd
[1361/2515] Generating CXX dyndep file tests/unit/CMakeFiles/test_stempel_vollbestand_registry.dir/CXX.dd
[1362/2515] Generating CXX dyndep file tests/unit/CMakeFiles/test_s1_stempel_basis_vertrag.dir/CXX.dd
[1363/2515] Generating CXX dyndep file tests/unit/CMakeFiles/test_s3_ordnung_freigabe.dir/CXX.dd
[1364/2515] Generating CXX dyndep file tests/unit/CMakeFiles/test_stempel_zulassung_bruecke.dir/CXX.dd
[1365/2515] Generating CXX dyndep file tests/unit/CMakeFiles/test_k2_stufen_neutraler_loader.dir/CXX.dd
[1366/2515] Generating CXX dyndep file tests/unit/CMakeFiles/test_g2_semantik_duplikatverbot.dir/CXX.dd
[1367/2515] Generating CXX dyndep file tests/unit/CMakeFiles/test_s6c_kategorien_ordnung_zwei_welten.dir/CXX.dd
[1368/2515] Generating CXX dyndep file tests/unit/CMakeFiles/test_ph89_paper_prueflinge.dir/CXX.dd
[1369/2515] Building CXX object tests/unit/CMakeFiles/comdare_r5g_autobuilt_perm_34.dir/__/__/generated/r5g_autobuilt_modules/comdare_anatomy_perm_auto_4.cpp.o
[1370/2515] Building CXX object tests/unit/CMakeFiles/comdare_r5g_autobuilt_perm_36.dir/__/__/generated/r5g_autobuilt_modules/comdare_anatomy_perm_auto_41.cpp.o
[1371/2515] Building C object _ext_io_liburing/CMakeFiles/comdare_vendored_liburing.dir/src/syscall.c.o
[1372/2515] Building CXX object tests/unit/CMakeFiles/perm_buildvariant_real_avx512.dir/genus_buildvariant_real_avx512.cpp.o
[1373/2515] Building C object _ext_io_liburing/CMakeFiles/comdare_vendored_liburing.dir/src/version.c.o
[1374/2515] Linking CXX static library lib/libgmock.a
[1375/2515] Linking CXX static library lib/libgtest_main.a
[1376/2515] Linking CXX static library libs/cache_engine/builder/experiment_runner/libcomdare_builder_experiment_runner.a
[1377/2515] Building C object _ext_io_liburing/CMakeFiles/comdare_vendored_liburing.dir/src/queue.c.o
[1378/2515] Linking CXX static library libs/cache_engine/builder/experiment_driver/libcomdare_builder_experiment_driver.a
[1379/2515] Building C object _ext_io_liburing/CMakeFiles/comdare_vendored_liburing.dir/src/register.c.o
[1380/2515] Building C object _ext_io_liburing/CMakeFiles/comdare_vendored_liburing.dir/src/setup.c.o
[1381/2515] Linking C static library libs/common/measurement/hdr_histogram_wrapper/libcomdare_hdr_histogram_wrapper.a
[1382/2515] Linking CXX static library tools/ycsb_cli/libcomdare_ycsb_cli_lib.a
[1383/2515] Linking CXX static library tools/latex_anhang/libcomdare_latex_anhang_lib.a
[1384/2515] Building CXX object tests/unit/CMakeFiles/perm_buildvariant_real_avx2.dir/genus_buildvariant_real_avx2.cpp.o
[1385/2515] Building CXX object tests/unit/CMakeFiles/comdare_r5g_autobuilt_perm_39.dir/__/__/generated/r5g_autobuilt_modules/comdare_anatomy_perm_auto_44.cpp.o
[1386/2515] Building CXX object tests/unit/CMakeFiles/comdare_r5g_autobuilt_perm_42.dir/__/__/generated/r5g_autobuilt_modules/comdare_anatomy_perm_auto_47.cpp.o
[1387/2515] Building CXX object tests/unit/CMakeFiles/comdare_r5g_autobuilt_perm_46.dir/__/__/generated/r5g_autobuilt_modules/comdare_anatomy_perm_auto_8.cpp.o
[1388/2515] Building CXX object tests/unit/CMakeFiles/comdare_r5g_autobuilt_perm_45.dir/__/__/generated/r5g_autobuilt_modules/comdare_anatomy_perm_auto_7.cpp.o
[1389/2515] Building CXX object tests/unit/CMakeFiles/comdare_r5g_autobuilt_perm_44.dir/__/__/generated/r5g_autobuilt_modules/comdare_anatomy_perm_auto_6.cpp.o
[1390/2515] Building CXX object tests/unit/CMakeFiles/comdare_r5g_autobuilt_perm_40.dir/__/__/generated/r5g_autobuilt_modules/comdare_anatomy_perm_auto_45.cpp.o
[1391/2515] Building CXX object tests/unit/CMakeFiles/comdare_r5g_autobuilt_perm_41.dir/__/__/generated/r5g_autobuilt_modules/comdare_anatomy_perm_auto_46.cpp.o
[1392/2515] Building CXX object tests/unit/CMakeFiles/comdare_r5g_autobuilt_perm_47.dir/__/__/generated/r5g_autobuilt_modules/comdare_anatomy_perm_auto_9.cpp.o
[1393/2515] Building CXX object tests/unit/CMakeFiles/comdare_r5g_autobuilt_perm_43.dir/__/__/generated/r5g_autobuilt_modules/comdare_anatomy_perm_auto_5.cpp.o
[1394/2515] Building CXX object tools/ycsb_cli/CMakeFiles/comdare_ycsb_cli.dir/main.cpp.o
[1395/2515] Building CXX object _deps/googletest-build/googlemock/CMakeFiles/gmock_main.dir/src/gmock_main.cc.o
[1396/2515] Building CXX object tools/latex_anhang/CMakeFiles/comdare_latex_anhang.dir/main.cpp.o
[1397/2515] Building CXX object tools/best_binary_selector/CMakeFiles/comdare_best_binary_selector.dir/__/__/libs/cache_engine/builder/best_binary_selector/best_binary_selector_main.cpp.o
[1398/2515] Building CXX object tests/unit/CMakeFiles/test_pressure_state.dir/test_pressure_state.cpp.o
[1399/2515] Building CXX object tests/unit/CMakeFiles/hybrid_reroute_searchalgorithm.dir/hybrid_tier_module.cpp.o
[1400/2515] Building CXX object tests/unit/CMakeFiles/hybrid_reroute_set.dir/hybrid_tier_module_set.cpp.o
[1401/2515] Building CXX object tests/unit/CMakeFiles/test_cache_recommendation.dir/test_cache_recommendation.cpp.o
[1402/2515] Building CXX object libs/cache_engine/builder/commands/tests/CMakeFiles/test_engine_adapters.dir/test_engine_adapters.cpp.o
[1403/2515] Building CXX object tests/unit/CMakeFiles/r3_biss_modul_gates_an.dir/r3_mess_gate_stamp_module.cpp.o
[1404/2515] Building CXX object tests/unit/CMakeFiles/r3_biss_modul_gates_aus.dir/r3_mess_gate_stamp_module.cpp.o
[1405/2515] Building CXX object apps/cache_engine_builder/CMakeFiles/cache_engine_builder.dir/main.cpp.o
[1406/2515] Building CXX object apps/perm_runner/CMakeFiles/comdare_perm_runner.dir/main.cpp.o
[1407/2515] Building CXX object tests/unit/CMakeFiles/test_event_hierarchy.dir/test_event_hierarchy.cpp.o
[1408/2515] Building CXX object tests/unit/CMakeFiles/test_permutation_flags.dir/test_permutation_flags.cpp.o
[1409/2515] Building CXX object tests/unit/CMakeFiles/test_cpuid_probe.dir/test_cpuid_probe.cpp.o
[1410/2515] Building CXX object apps/h2_score_akte_tool/CMakeFiles/comdare_h2_score_akte_cli.dir/main.cpp.o
[1411/2515] Building CXX object tests/unit/CMakeFiles/test_observer_registry.dir/test_observer_registry.cpp.o
[1412/2515] Building CXX object tests/unit/CMakeFiles/naht1_modul_mess_aus.dir/naht1_visitor_module.cpp.o
[1413/2515] Building CXX object tests/unit/CMakeFiles/test_decision_lambda_registry.dir/test_decision_lambda_registry.cpp.o
[1414/2515] Building CXX object tests/unit/CMakeFiles/test_cache_hierarchy_and_mode.dir/test_cache_hierarchy_and_mode.cpp.o
[1415/2515] Building CXX object tests/unit/CMakeFiles/test_telemetry_strategies.dir/test_telemetry_strategies.cpp.o
[1416/2515] Building CXX object tools/best_binary_selector/CMakeFiles/comdare_best_binary_selector.dir/__/__/libs/cache_engine/builder/best_binary_selector/best_binary_selector.cpp.o
[1417/2515] Building CXX object tests/unit/CMakeFiles/test_decision_trees.dir/test_decision_trees.cpp.o
[1418/2515] Building CXX object tests/unit/CMakeFiles/test_platform_concepts.dir/test_platform_concepts.cpp.o
[1419/2515] Building CXX object tests/unit/CMakeFiles/test_sub_engines.dir/test_sub_engines.cpp.o
[1420/2515] Building CXX object tools/mess_report/CMakeFiles/comdare_mess_report.dir/main.cpp.o
[1421/2515] Building CXX object tests/unit/CMakeFiles/test_concurrency_disciplines.dir/test_concurrency_disciplines.cpp.o
[1422/2515] Building CXX object tests/unit/CMakeFiles/perm_adhoc_buildvariant.dir/genus_adhoc_buildvariant.cpp.o
[1423/2515] Building CXX object tests/unit/CMakeFiles/test_measurement_buffer.dir/test_measurement_buffer.cpp.o
[1424/2515] Building CXX object tests/unit/CMakeFiles/naht1_modul_mess_an.dir/naht1_visitor_module.cpp.o
[1425/2515] Building CXX object tests/unit/CMakeFiles/test_abi_interface.dir/test_abi_interface.cpp.o
[1426/2515] Linking CXX shared library tests/unit/comdare_perm_mock_test.so
[1427/2515] Building CXX object tests/unit/CMakeFiles/test_test_data_accumulation.dir/test_test_data_accumulation.cpp.o
[1428/2515] Building CXX object tools/p27_bundle_finder/CMakeFiles/p27_bundle_finder.dir/src/main.cpp.o
[1429/2515] Building CXX object tests/unit/CMakeFiles/test_allocator_concepts.dir/test_allocator_concepts.cpp.o
[1430/2515] Building CXX object libs/cache_engine/builder/commands/tests/CMakeFiles/test_commands.dir/test_commands.cpp.o
[1431/2515] Building CXX object tests/unit/CMakeFiles/test_benchmark_suite.dir/test_benchmark_suite.cpp.o
[1432/2515] Building CXX object tests/unit/CMakeFiles/test_permutation_sampling.dir/test_permutation_sampling.cpp.o
[1433/2515] Building CXX object tests/unit/CMakeFiles/test_ycsb_cli.dir/test_ycsb_cli.cpp.o
[1434/2515] Building CXX object tests/unit/CMakeFiles/test_config_durability.dir/test_config_durability.cpp.o
[1435/2515] Building CXX object tests/unit/CMakeFiles/test_builder_codegen.dir/test_builder_codegen.cpp.o
[1436/2515] Building CXX object tests/unit/CMakeFiles/test_workload_and_experiment.dir/test_workload_and_experiment.cpp.o
[1437/2515] Building CXX object tests/unit/CMakeFiles/test_succinct.dir/test_succinct.cpp.o
[1438/2515] Building CXX object tests/unit/CMakeFiles/test_rcu.dir/test_rcu.cpp.o
[1439/2515] Building CXX object tests/unit/CMakeFiles/test_latex_anhang.dir/test_latex_anhang.cpp.o
[1440/2515] Building CXX object tests/unit/CMakeFiles/test_experiment_driver_v13.dir/test_experiment_driver_v13.cpp.o
[1441/2515] Building CXX object tests/unit/CMakeFiles/test_chaos_drift_gate.dir/test_chaos_drift_gate.cpp.o
[1442/2515] Building CXX object tests/unit/CMakeFiles/test_hbm_hierarchy.dir/test_hbm_hierarchy.cpp.o
[1443/2515] Building CXX object tests/unit/CMakeFiles/test_module_loader.dir/test_module_loader.cpp.o
[1444/2515] Building CXX object tests/unit/CMakeFiles/test_codegen_from_profile.dir/test_codegen_from_profile.cpp.o
[1445/2515] Building CXX object tests/unit/CMakeFiles/test_v31_adapters.dir/test_v31_adapters.cpp.o
[1446/2515] Building CXX object tests/unit/CMakeFiles/test_rcu_concurrency.dir/test_rcu_concurrency.cpp.o
[1447/2515] Building CXX object tests/unit/CMakeFiles/test_ctsha512.dir/test_ctsha512.cpp.o
[1448/2515] Building CXX object tests/unit/CMakeFiles/test_v41_indexes.dir/test_v41_indexes.cpp.o
[1449/2515] Building CXX object tests/unit/CMakeFiles/test_v41_topics_fundament.dir/test_v41_topics_fundament.cpp.o
[1450/2515] Building CXX object tests/unit/CMakeFiles/test_v41_compositions.dir/test_v41_compositions.cpp.o
[1451/2515] Building CXX object tests/unit/CMakeFiles/test_v41_anatomy_pruefling_merge.dir/test_v41_anatomy_pruefling_merge.cpp.o
[1452/2515] Linking CXX static library tests/unit/comdare_anatomy_perm_hot_pilot.a
[1453/2515] Building CXX object tests/unit/CMakeFiles/test_v41_anatomy_r4_driver.dir/test_v41_anatomy_r4_driver.cpp.o
[1454/2515] Linking CXX shared library tests/unit/comdare_anatomy_perm_wormhole_pilot.so
[1455/2515] Building CXX object tests/unit/CMakeFiles/test_v41_anatomy.dir/test_v41_anatomy.cpp.o
[1456/2515] Linking CXX shared library generated/anatomy_modules_multi/comdare_anatomy_perm_anatomy_multi_pilot_0.so
[1457/2515] Linking CXX shared library generated/anatomy_modules_multi/comdare_anatomy_perm_anatomy_multi_pilot_1.so
[1458/2515] Linking CXX shared library generated/anatomy_modules_multi/comdare_anatomy_perm_anatomy_multi_pilot_2.so
[1459/2515] Building CXX object tests/unit/CMakeFiles/test_t15_drift_gate_messschleife.dir/test_t15_drift_gate_messschleife.cpp.o
[1460/2515] Linking CXX shared library generated/anatomy_modules_multi/comdare_anatomy_perm_anatomy_multi_pilot_3.so
[1461/2515] Linking CXX shared library generated/anatomy_modules_multi/comdare_anatomy_perm_anatomy_multi_pilot_4.so
[1462/2515] Linking CXX shared library generated/anatomy_modules_multi/comdare_anatomy_perm_anatomy_multi_pilot_5.so
[1463/2515] Building CXX object tests/unit/CMakeFiles/test_vampir_nfp_allocator.dir/thesis_tiere/test_vampir_nfp_allocator.cpp.o
[1464/2515] Building CXX object apps/f15_compare/CMakeFiles/comdare_f15_compare_cli.dir/main.cpp.o
[1465/2515] Building CXX object tests/unit/CMakeFiles/test_v41_axis_03a_cross_variant_equivalence.dir/test_v41_axis_03a_cross_variant_equivalence.cpp.o
[1466/2515] Building CXX object tests/unit/CMakeFiles/test_ap8_hdr_histogram.dir/test_ap8_hdr_histogram.cpp.o
[1467/2515] Building CXX object tests/unit/CMakeFiles/test_v41_anatomy_observer.dir/test_v41_anatomy_observer.cpp.o
[1468/2515] Building CXX object tests/unit/CMakeFiles/test_v41_tier_observe_trace.dir/test_v41_tier_observe_trace.cpp.o
[1469/2515] Building CXX object tests/unit/CMakeFiles/test_v41_axis_12_general_hardware.dir/test_v41_axis_12_general_hardware.cpp.o
[1470/2515] Building CXX object tests/unit/CMakeFiles/test_v41_anatomy_multi_codegen.dir/test_v41_anatomy_multi_codegen.cpp.o
[1471/2515] Building CXX object tests/unit/CMakeFiles/test_v41_anatomy_codegen_tool.dir/test_v41_anatomy_codegen_tool.cpp.o
[1472/2515] Building CXX object tests/unit/CMakeFiles/test_v41_anatomy_codegen_tool_traits.dir/test_v41_anatomy_codegen_tool_traits.cpp.o
[1473/2515] Building CXX object tests/unit/CMakeFiles/test_v41_anatomy_base.dir/test_v41_anatomy_base.cpp.o
[1474/2515] Building CXX object tests/unit/CMakeFiles/test_v41_workload_generator.dir/test_v41_workload_generator.cpp.o
[1475/2515] Building CXX object tests/unit/CMakeFiles/test_v41_axis_05_memory_layout.dir/test_v41_axis_05_memory_layout.cpp.o
[1476/2515] Building CXX object tests/unit/CMakeFiles/test_v41_anatomy_codegen.dir/test_v41_anatomy_codegen.cpp.o
[1477/2515] Building CXX object tests/unit/CMakeFiles/test_ap7b_swiss_organ.dir/test_ap7b_swiss_organ.cpp.o
[1478/2515] Building CXX object tests/unit/CMakeFiles/test_v41_axis_07_prefetch.dir/test_v41_axis_07_prefetch.cpp.o
[1479/2515] Building CXX object tests/unit/CMakeFiles/test_v41_anatomy_module_loader.dir/test_v41_anatomy_module_loader.cpp.o
[1480/2515] Building CXX object tests/unit/CMakeFiles/test_v41_axis_11_telemetry.dir/test_v41_axis_11_telemetry.cpp.o
[1481/2515] Building CXX object tests/unit/CMakeFiles/test_v41_axis_14_value_handle.dir/test_v41_axis_14_value_handle.cpp.o
[1482/2515] Building CXX object tests/unit/CMakeFiles/test_v41_anatomy_codegen_tool_mp_list.dir/test_v41_anatomy_codegen_tool_mp_list.cpp.o
[1483/2515] Building CXX object tests/unit/CMakeFiles/test_v41_axis_08_concurrency.dir/test_v41_axis_08_concurrency.cpp.o
[1484/2515] Building CXX object tests/unit/CMakeFiles/test_ap7b3_swiss_isa_group_match.dir/test_ap7b3_swiss_isa_group_match.cpp.o
[1485/2515] Building CXX object tests/unit/CMakeFiles/test_ap7_swisstable.dir/test_ap7_swisstable.cpp.o
[1486/2515] Building CXX object tests/unit/CMakeFiles/test_v41_status_code.dir/test_v41_status_code.cpp.o
[1487/2515] Building CXX object tests/unit/CMakeFiles/test_v41_execution_engine.dir/test_v41_execution_engine.cpp.o
[1488/2515] Building CXX object tests/unit/CMakeFiles/test_v41_axis_10_serialization.dir/test_v41_axis_10_serialization.cpp.o
[1489/2515] Linking CXX shared library generated/r5i_anatomy_modules/comdare_anatomy_perm_r5i_configure_pilot_0.so
[1490/2515] Linking CXX shared library generated/r5i_anatomy_modules/comdare_anatomy_perm_r5i_configure_pilot_2.so
[1491/2515] Building CXX object tests/unit/CMakeFiles/test_v41_anatomy_module_abi.dir/test_v41_anatomy_module_abi.cpp.o
[1492/2515] Linking CXX shared library generated/f15_measurement_modules/comdare_anatomy_perm_f15_measurement_pilot_0.so
[1493/2515] Linking CXX shared library generated/r5i_anatomy_modules/comdare_anatomy_perm_r5i_configure_pilot_1.so
[1494/2515] Linking CXX shared library generated/f15_measurement_modules/comdare_anatomy_perm_f15_measurement_pilot_1.so
[1495/2515] Building CXX object tests/unit/CMakeFiles/test_v41_axis_02_axis_04_nodes.dir/test_v41_axis_02_axis_04_nodes.cpp.o
[1496/2515] Building CXX object tests/unit/CMakeFiles/test_v41_paper_legacy_code.dir/test_v41_paper_legacy_code.cpp.o
[1497/2515] Building CXX object tests/unit/CMakeFiles/test_v41_axis_01_page_type.dir/test_v41_axis_01_page_type.cpp.o
[1498/2515] Building CXX object tests/unit/CMakeFiles/test_v41_axis_filter_surf_organ.dir/test_v41_axis_filter_surf_organ.cpp.o
[1499/2515] Building CXX object tests/unit/CMakeFiles/test_v41_pruefling_registry.dir/test_v41_pruefling_registry.cpp.o
[1500/2515] Building CXX object tests/unit/CMakeFiles/test_v41_serialization_primitives.dir/test_v41_serialization_primitives.cpp.o
[1501/2515] Building CXX object tests/unit/CMakeFiles/test_v41_axis_01_index_organization.dir/test_v41_axis_01_index_organization.cpp.o
[1502/2515] Building CXX object tests/unit/CMakeFiles/test_v41_axis_migration.dir/test_v41_axis_migration.cpp.o
[1503/2515] Building CXX object tests/unit/CMakeFiles/test_v41_axis_filter.dir/test_v41_axis_filter.cpp.o
[1504/2515] Building CXX object tests/unit/CMakeFiles/test_v41_axis_io.dir/test_v41_axis_io.cpp.o
[1505/2515] Building CXX object tests/unit/CMakeFiles/test_v41_r5c3_isa_simd_cross_constraint.dir/test_v41_r5c3_isa_simd_cross_constraint.cpp.o
[1506/2515] Building CXX object tests/unit/CMakeFiles/test_v41_anatomy_r5i_configure_codegen.dir/test_v41_anatomy_r5i_configure_codegen.cpp.o
[1507/2515] Building CXX object tests/unit/CMakeFiles/test_v5_memento_axis.dir/test_v5_memento_axis.cpp.o
[1508/2515] Building CXX object tests/unit/CMakeFiles/test_v41_axis_09_isa.dir/test_v41_axis_09_isa.cpp.o
[1509/2515] Building CXX object tests/unit/CMakeFiles/test_allocator_full_matrix.dir/test_allocator_full_matrix.cpp.o
[1510/2515] Building CXX object tests/unit/CMakeFiles/test_v41_axis_09b_simd_extension.dir/test_v41_axis_09b_simd_extension.cpp.o
[1511/2515] Building CXX object tests/unit/CMakeFiles/test_v5_conformance_gate.dir/test_v5_conformance_gate.cpp.o
[1512/2515] Building CXX object tests/unit/CMakeFiles/test_v5_two_phase_driver.dir/test_v5_two_phase_driver.cpp.o
[1513/2515] Building CXX object tests/unit/CMakeFiles/test_v41_axis_filter_surf_louds_organ.dir/test_v41_axis_filter_surf_louds_organ.cpp.o
[1514/2515] Building CXX object tests/unit/CMakeFiles/test_v41_search_algorithm_permutation_engine.dir/test_v41_search_algorithm_permutation_engine.cpp.o
[1515/2515] Building CXX object tests/unit/CMakeFiles/test_v5_measurement_snapshot.dir/test_v5_measurement_snapshot.cpp.o
[1516/2515] Building CXX object tests/unit/CMakeFiles/test_184_dataset_loader_wiring.dir/test_184_dataset_loader_wiring.cpp.o
[1517/2515] Building CXX object tests/unit/CMakeFiles/test_ap9_provenance_manifest.dir/test_ap9_provenance_manifest.cpp.o
[1518/2515] Building CXX object tests/unit/CMakeFiles/test_ap13_thread_pinning.dir/test_ap13_thread_pinning.cpp.o
[1519/2515] Building CXX object tests/unit/CMakeFiles/test_v5_disk_memento.dir/test_v5_disk_memento.cpp.o
[1520/2515] Building CXX object tests/unit/CMakeFiles/test_v5_workload_orchestrator.dir/test_v5_workload_orchestrator.cpp.o
[1521/2515] Linking CXX shared library generated/r5g_adhoc_modules/comdare_anatomy_perm_r5g_adhoc.so
[1522/2515] Building CXX object tests/unit/CMakeFiles/test_25_kanon_dataset_akten.dir/test_25_kanon_dataset_akten.cpp.o
[1523/2515] Building CXX object tests/unit/CMakeFiles/test_d54_trace_schema.dir/test_d54_trace_schema.cpp.o
[1524/2515] Linking CXX shared library generated/r5g_autobuilt_modules/comdare_anatomy_perm_auto_0.so
[1525/2515] Linking CXX shared library generated/r5g_autobuilt_modules/comdare_anatomy_perm_auto_1.so
[1526/2515] Linking CXX shared library generated/r5g_autobuilt_modules/comdare_anatomy_perm_auto_2.so
[1527/2515] Building CXX object tests/unit/CMakeFiles/test_45_sosd_uint64_loader.dir/test_45_sosd_uint64_loader.cpp.o
[1528/2515] Linking CXX shared library generated/r5g_autobuilt_modules/comdare_anatomy_perm_auto_3.so
[1529/2515] Linking CXX shared library generated/r5g_autobuilt_modules/comdare_anatomy_perm_auto_4.so
[1530/2515] Linking CXX shared library generated/r5g_autobuilt_modules/comdare_anatomy_perm_auto_5.so
[1531/2515] Building CXX object tests/unit/CMakeFiles/test_ap10_dataset_akte.dir/test_ap10_dataset_akte.cpp.o
[1532/2515] Linking CXX shared library generated/r5g_autobuilt_modules/comdare_anatomy_perm_auto_6.so
[1533/2515] Linking CXX shared library generated/r5g_autobuilt_modules/comdare_anatomy_perm_auto_7.so
[1534/2515] Linking CXX shared library generated/r5g_autobuilt_modules/comdare_anatomy_perm_auto_8.so
[1535/2515] Linking CXX shared library generated/r5g_autobuilt_modules/comdare_anatomy_perm_auto_11.so
[1536/2515] Linking CXX shared library generated/r5g_autobuilt_modules/comdare_anatomy_perm_auto_10.so
[1537/2515] Linking CXX shared library generated/r5g_autobuilt_modules/comdare_anatomy_perm_auto_9.so
[1538/2515] Linking CXX shared library generated/r5g_autobuilt_modules/comdare_anatomy_perm_auto_14.so
[1539/2515] Building CXX object tests/unit/CMakeFiles/test_d51_perzentil_kanon.dir/test_d51_perzentil_kanon.cpp.o
[1540/2515] Linking CXX shared library generated/r5g_autobuilt_modules/comdare_anatomy_perm_auto_12.so
[1541/2515] Linking CXX shared library generated/r5g_autobuilt_modules/comdare_anatomy_perm_auto_13.so
[1542/2515] Linking CXX shared library generated/r5g_autobuilt_modules/comdare_anatomy_perm_auto_16.so
[1543/2515] Linking CXX shared library generated/r5g_autobuilt_modules/comdare_anatomy_perm_auto_17.so
[1544/2515] Linking CXX shared library generated/r5g_autobuilt_modules/comdare_anatomy_perm_auto_15.so
[1545/2515] Linking CXX shared library generated/r5g_autobuilt_modules/comdare_anatomy_perm_auto_18.so
[1546/2515] Linking CXX shared library generated/r5g_autobuilt_modules/comdare_anatomy_perm_auto_19.so
[1547/2515] Linking CXX shared library generated/r5g_autobuilt_modules/comdare_anatomy_perm_auto_20.so
[1548/2515] Linking CXX shared library generated/r5g_autobuilt_modules/comdare_anatomy_perm_auto_21.so
[1549/2515] Linking CXX shared library generated/r5g_autobuilt_modules/comdare_anatomy_perm_auto_23.so
[1550/2515] Linking CXX shared library generated/r5g_autobuilt_modules/comdare_anatomy_perm_auto_22.so
[1551/2515] Building CXX object tests/unit/CMakeFiles/test_v5_ycsb_distribution.dir/test_v5_ycsb_distribution.cpp.o
[1552/2515] Building CXX object tests/unit/CMakeFiles/test_v41_anatomy_adhoc_codegen_macro.dir/test_v41_anatomy_adhoc_codegen_macro.cpp.o
[1553/2515] Linking CXX shared library generated/r5g_autobuilt_modules/comdare_anatomy_perm_auto_27.so
[1554/2515] Linking CXX shared library generated/r5g_autobuilt_modules/comdare_anatomy_perm_auto_26.so
[1555/2515] Linking CXX shared library generated/r5g_autobuilt_modules/comdare_anatomy_perm_auto_24.so
[1556/2515] Building CXX object tests/unit/CMakeFiles/test_heuristik_spline_break_even.dir/test_heuristik_spline_break_even.cpp.o
[1557/2515] Linking CXX shared library generated/r5g_autobuilt_modules/comdare_anatomy_perm_auto_30.so
[1558/2515] Linking CXX shared library generated/r5g_autobuilt_modules/comdare_anatomy_perm_auto_29.so
[1559/2515] Linking CXX shared library generated/r5g_autobuilt_modules/comdare_anatomy_perm_auto_28.so
[1560/2515] Linking CXX shared library generated/r5g_autobuilt_modules/comdare_anatomy_perm_auto_25.so
[1561/2515] Linking CXX shared library generated/r5g_autobuilt_modules/comdare_anatomy_perm_auto_31.so
[1562/2515] Linking CXX shared library generated/r5g_autobuilt_modules/comdare_anatomy_perm_auto_32.so
[1563/2515] Linking CXX shared library generated/r5g_autobuilt_modules/comdare_anatomy_perm_auto_34.so
[1564/2515] Linking CXX shared library generated/r5g_autobuilt_modules/comdare_anatomy_perm_auto_35.so
[1565/2515] Linking CXX shared library generated/r5g_autobuilt_modules/comdare_anatomy_perm_auto_33.so
[1566/2515] Linking CXX shared library generated/r5g_autobuilt_modules/comdare_anatomy_perm_auto_36.so
[1567/2515] Linking CXX shared library generated/r5g_autobuilt_modules/comdare_anatomy_perm_auto_38.so
[1568/2515] Linking CXX shared library generated/r5g_autobuilt_modules/comdare_anatomy_perm_auto_39.so
[1569/2515] Linking CXX shared library generated/r5g_autobuilt_modules/comdare_anatomy_perm_auto_41.so
[1570/2515] Linking CXX shared library generated/r5g_autobuilt_modules/comdare_anatomy_perm_auto_37.so
[1571/2515] Linking CXX shared library generated/r5g_autobuilt_modules/comdare_anatomy_perm_auto_43.so
[1572/2515] Linking CXX shared library generated/r5g_autobuilt_modules/comdare_anatomy_perm_auto_40.so
[1573/2515] Linking CXX shared library generated/r5g_autobuilt_modules/comdare_anatomy_perm_auto_44.so
[1574/2515] Linking CXX shared library generated/r5g_autobuilt_modules/comdare_anatomy_perm_auto_42.so
[1575/2515] Linking CXX shared library generated/r5g_autobuilt_modules/comdare_anatomy_perm_auto_45.so
[1576/2515] Linking CXX shared library generated/r5g_autobuilt_modules/comdare_anatomy_perm_auto_46.so
[1577/2515] Linking CXX shared library generated/r5g_autobuilt_modules/comdare_anatomy_perm_auto_47.so
[1578/2515] Building CXX object tests/unit/CMakeFiles/test_v41_axis_03a_tier_organ_equivalence.dir/test_v41_axis_03a_tier_organ_equivalence.cpp.o
[1579/2515] Building CXX object tests/unit/CMakeFiles/test_v41_codegen_type_name.dir/test_v41_codegen_type_name.cpp.o
[1580/2515] Building CXX object tests/unit/CMakeFiles/test_d7_build_variant.dir/test_d7_build_variant.cpp.o
[1581/2515] Building CXX object tests/unit/CMakeFiles/test_d8_operability.dir/test_d8_operability.cpp.o
[1582/2515] Building CXX object tests/unit/CMakeFiles/test_v5_organ_memento.dir/test_v5_organ_memento.cpp.o
[1583/2515] Building CXX object tests/unit/CMakeFiles/test_d7a_build_inspection.dir/test_d7a_build_inspection.cpp.o
[1584/2515] Building CXX object tests/unit/CMakeFiles/test_d7b_definition_per_node.dir/test_d7b_definition_per_node.cpp.o
[1585/2515] Building CXX object tests/unit/CMakeFiles/test_d9_set.dir/test_d9_set.cpp.o
[1586/2515] Building CXX object tests/unit/CMakeFiles/test_v5_ycsb_op_set.dir/test_v5_ycsb_op_set.cpp.o
[1587/2515] Building CXX object tests/unit/CMakeFiles/test_v41_pruef_dock_search_algorithm.dir/test_v41_pruef_dock_search_algorithm.cpp.o
[1588/2515] Building CXX object tests/unit/CMakeFiles/test_heuristik_workload_cluster.dir/test_heuristik_workload_cluster.cpp.o
[1589/2515] Building CXX object tests/unit/CMakeFiles/test_d11_view.dir/test_d11_view.cpp.o
[1590/2515] Building CXX object tests/unit/CMakeFiles/test_d9_set_adapter.dir/test_d9_set_adapter.cpp.o
[1591/2515] Building CXX object tests/unit/CMakeFiles/test_cmd2_container_attribution.dir/test_cmd2_container_attribution.cpp.o
[1592/2515] Building CXX object tests/unit/CMakeFiles/test_d10_sequence.dir/test_d10_sequence.cpp.o
[1593/2515] Building CXX object tests/unit/CMakeFiles/test_d12_virus.dir/test_d12_virus.cpp.o
[1594/2515] Building CXX object tests/unit/CMakeFiles/test_v41_scan_range_organ.dir/test_v41_scan_range_organ.cpp.o
[1595/2515] Building CXX object tests/unit/CMakeFiles/test_v41_cache_engine_tools_facade.dir/test_v41_cache_engine_tools_facade.cpp.o
[1596/2515] Building CXX object tests/unit/CMakeFiles/test_d_v42_probe.dir/test_d_v42_probe.cpp.o
[1597/2515] Building CXX object tests/unit/CMakeFiles/test_v41_cache_engine_facade.dir/test_v41_cache_engine_facade.cpp.o
[1598/2515] Building CXX object tests/unit/CMakeFiles/test_container_genus.dir/test_container_genus.cpp.o
[1599/2515] Building CXX object tests/unit/CMakeFiles/test_v41_anatomy_adhoc_dll_load.dir/test_v41_anatomy_adhoc_dll_load.cpp.o
[1600/2515] Building CXX object tests/unit/CMakeFiles/test_d3_ceb_generator.dir/test_d3_ceb_generator.cpp.o
[1601/2515] Building CXX object tests/unit/CMakeFiles/test_d_v42_probe2.dir/test_d_v42_probe2.cpp.o
[1602/2515] Building CXX object tests/unit/CMakeFiles/test_pruef_only_gate.dir/test_pruef_only_gate.cpp.o
[1603/2515] Building CXX object tests/unit/CMakeFiles/test_d15_selection_filter_chain.dir/test_d15_selection_filter_chain.cpp.o
[1604/2515] Building CXX object tests/unit/CMakeFiles/test_d_v42_telemetry_observable.dir/test_d_v42_telemetry_observable.cpp.o
[1605/2515] Building CXX object tests/unit/CMakeFiles/test_a1_load_profile_opmix.dir/test_a1_load_profile_opmix.cpp.o
[1606/2515] Building CXX object tests/unit/CMakeFiles/test_d_v42_serialization_observable.dir/test_d_v42_serialization_observable.cpp.o
[1607/2515] Building CXX object tests/unit/CMakeFiles/test_d13_runtime_measure.dir/test_d13_runtime_measure.cpp.o
[1608/2515] Building CXX object tests/unit/CMakeFiles/test_v41_anatomy_adhoc_autobuilt_load.dir/test_v41_anatomy_adhoc_autobuilt_load.cpp.o
[1609/2515] Building CXX object tests/unit/CMakeFiles/test_genus_docks.dir/test_genus_docks.cpp.o
[1610/2515] Building CXX object tests/unit/CMakeFiles/test_d14_result_ingest.dir/test_d14_result_ingest.cpp.o
[1611/2515] Building CXX object tests/unit/CMakeFiles/test_d_v42_telemetry_registry_observable.dir/test_d_v42_telemetry_registry_observable.cpp.o
[1612/2515] Building CXX object tests/unit/CMakeFiles/test_d_v42_node_type_observable.dir/test_d_v42_node_type_observable.cpp.o
[1613/2515] Building CXX object tests/unit/CMakeFiles/test_axis_view_policies.dir/test_axis_view_policies.cpp.o
[1614/2515] Building CXX object tests/unit/CMakeFiles/test_axis_growth_policies.dir/test_axis_growth_policies.cpp.o
[1615/2515] Building CXX object tests/unit/CMakeFiles/test_container_dock.dir/test_container_dock.cpp.o
[1616/2515] Building CXX object tests/unit/CMakeFiles/test_genus_permutation_engines.dir/test_genus_permutation_engines.cpp.o
[1617/2515] Building CXX object tests/unit/CMakeFiles/test_d_v42_memory_layout_observable.dir/test_d_v42_memory_layout_observable.cpp.o
[1618/2515] Building CXX object tests/unit/CMakeFiles/test_e24_c0_organ_concept.dir/test_e24_c0_organ_concept.cpp.o
[1619/2515] Building CXX object tests/unit/CMakeFiles/test_e24_c1_organ_concept.dir/test_e24_c1_organ_concept.cpp.o
[1620/2515] Building CXX object tests/unit/CMakeFiles/test_d14c_e2e_pipeline.dir/test_d14c_e2e_pipeline.cpp.o
[1621/2515] Building CXX object tests/unit/CMakeFiles/test_allocator_profile_bestand.dir/test_allocator_profile_bestand.cpp.o
[1622/2515] Building CXX object tests/unit/CMakeFiles/test_d14b_perm_runner.dir/test_d14b_perm_runner.cpp.o
[1623/2515] Building CXX object tests/unit/CMakeFiles/test_e24_c3_sequence_anatomy.dir/test_e24_c3_sequence_anatomy.cpp.o
[1624/2515] Building CXX object tests/unit/CMakeFiles/test_e24_c3_view_anatomy.dir/test_e24_c3_view_anatomy.cpp.o
[1625/2515] Building CXX object tests/unit/CMakeFiles/test_e24_c3_set_anatomy.dir/test_e24_c3_set_anatomy.cpp.o
[1626/2515] Building CXX object tests/unit/CMakeFiles/test_v41_topic_queuing.dir/test_v41_topic_queuing.cpp.o
[1627/2515] Building CXX object tests/unit/CMakeFiles/test_e24_c2_view_permutation_engine.dir/test_e24_c2_view_permutation_engine.cpp.o
[1628/2515] Building CXX object tests/unit/CMakeFiles/test_e24_c2_sequence_permutation_engine.dir/test_e24_c2_sequence_permutation_engine.cpp.o
[1629/2515] Building CXX object tests/unit/CMakeFiles/test_d1_d2_selection.dir/test_d1_d2_selection.cpp.o
[1630/2515] Building CXX object tests/unit/CMakeFiles/test_e24_c3_adapter_anatomy.dir/test_e24_c3_adapter_anatomy.cpp.o
[1631/2515] Building CXX object tests/unit/CMakeFiles/test_v41_codegen_all_axes_umbrella.dir/test_v41_codegen_all_axes_umbrella.cpp.o
[1632/2515] Building CXX object tests/unit/CMakeFiles/test_e24_c6v_growth_statistics.dir/test_e24_c6v_growth_statistics.cpp.o
[1633/2515] Building CXX object tests/unit/CMakeFiles/test_e24_c6v_view_statistics.dir/test_e24_c6v_view_statistics.cpp.o
[1634/2515] Building CXX object tests/unit/CMakeFiles/test_e24_c6_genus_observer_aggregate.dir/test_e24_c6_genus_observer_aggregate.cpp.o
[1635/2515] Building CXX object tests/unit/CMakeFiles/test_v41_topic_allocator_axis_06.dir/test_v41_topic_allocator_axis_06.cpp.o
[1636/2515] Building CXX object tests/unit/CMakeFiles/test_e24_c2_adapter_permutation_engine.dir/test_e24_c2_adapter_permutation_engine.cpp.o
[1637/2515] Building CXX object tests/unit/CMakeFiles/test_e24_c6v_set_ehrlichkeit.dir/test_e24_c6v_set_ehrlichkeit.cpp.o
[1638/2515] Building CXX object tests/unit/CMakeFiles/test_e24_c6v_inner_container_statistics.dir/test_e24_c6v_inner_container_statistics.cpp.o
[1639/2515] Building CXX object tests/unit/CMakeFiles/test_e24_c7_gattung_map_umbenennung.dir/test_e24_c7_gattung_map_umbenennung.cpp.o
[1640/2515] Building CXX object tests/unit/CMakeFiles/test_e24_c2_set_permutation_engine.dir/test_e24_c2_set_permutation_engine.cpp.o
[1641/2515] Building CXX object tests/unit/CMakeFiles/test_e24_c6_view_wire_aggregate.dir/test_e24_c6_view_wire_aggregate.cpp.o
[1642/2515] Building CXX object tests/unit/CMakeFiles/test_e24_c6_axis_row_writer.dir/test_e24_c6_axis_row_writer.cpp.o
[1643/2515] Building CXX object tests/unit/CMakeFiles/test_e24_c6_set_wire_aggregate.dir/test_e24_c6_set_wire_aggregate.cpp.o
[1644/2515] Building CXX object tests/unit/CMakeFiles/test_e24_c5_fk8_genus_baupfad_d1.dir/test_e24_c5_fk8_genus_baupfad_d1.cpp.o
[1645/2515] Building CXX object tests/unit/CMakeFiles/test_e24_c7_container_gattungs_kern.dir/test_e24_c7_container_gattungs_kern.cpp.o
[1646/2515] Building CXX object tests/unit/CMakeFiles/test_e24_c6_sequence_wire_aggregate.dir/test_e24_c6_sequence_wire_aggregate.cpp.o
[1647/2515] Building CXX object tests/unit/CMakeFiles/test_e24_c7_element_type_vertrag.dir/test_e24_c7_element_type_vertrag.cpp.o
[1648/2515] Building CXX object tests/unit/CMakeFiles/test_e24_c6_adapter_wire_aggregate.dir/test_e24_c6_adapter_wire_aggregate.cpp.o
[1649/2515] Building CXX object tests/unit/CMakeFiles/test_e24_c6_set_algebra_abi.dir/test_e24_c6_set_algebra_abi.cpp.o
[1650/2515] Building CXX object tests/unit/CMakeFiles/test_e24_c7_symmetrie_und_benennung.dir/test_e24_c7_symmetrie_und_benennung.cpp.o
[1651/2515] Building CXX object tests/unit/CMakeFiles/test_e24_c7_gattung_abi_sichtbar.dir/test_e24_c7_gattung_abi_sichtbar.cpp.o
[1652/2515] Building CXX object tests/unit/CMakeFiles/test_a8s3_sa_organ_member_vollstaendigkeit.dir/test_a8s3_sa_organ_member_vollstaendigkeit.cpp.o
[1653/2515] Building CXX object tests/unit/CMakeFiles/test_hy_a1_attach_nur_array_include.dir/test_hy_a1_attach_nur_array_include.cpp.o
[1654/2515] Building CXX object tests/unit/CMakeFiles/test_e24_c3_cross_genus.dir/test_e24_c3_cross_genus.cpp.o
[1655/2515] Building CXX object tests/unit/CMakeFiles/test_e24_c4_genus_conformance_gates.dir/test_e24_c4_genus_conformance_gates.cpp.o
[1656/2515] Building CXX object tests/unit/CMakeFiles/test_hy_a1_heuristik_adapter_gattung.dir/test_hy_a1_heuristik_adapter_gattung.cpp.o
[1657/2515] Building CXX object tests/unit/CMakeFiles/test_s5_04_execution_alloc_conformance.dir/test_s5_04_execution_alloc_conformance.cpp.o
[1658/2515] Building CXX object tests/unit/CMakeFiles/test_q2_identitaets_riegel.dir/test_q2_identitaets_riegel.cpp.o
[1659/2515] Building CXX object tests/unit/CMakeFiles/test_hy_f8_reroute.dir/test_hy_f8_reroute.cpp.o
[1660/2515] Building CXX object tests/unit/CMakeFiles/test_v41_anatomy_f15_measurement.dir/test_v41_anatomy_f15_measurement.cpp.o
[1661/2515] Building CXX object tests/unit/CMakeFiles/test_hy_a1_dock_contract.dir/test_hy_a1_dock_contract.cpp.o
[1662/2515] Building CXX object tests/unit/CMakeFiles/test_hy_a3_hybrid_config_parser.dir/test_hy_a3_hybrid_config_parser.cpp.o
[1663/2515] Building CXX object tests/unit/CMakeFiles/test_hy_a2_stempel_kette.dir/test_hy_a2_stempel_kette.cpp.o
[1664/2515] Building CXX object tests/unit/CMakeFiles/test_s5_03_placement_alloc_conformance.dir/test_s5_03_placement_alloc_conformance.cpp.o
[1665/2515] Building CXX object tests/unit/CMakeFiles/test_s5_01d_traversal_alloc_conformance.dir/test_s5_01d_traversal_alloc_conformance.cpp.o
[1666/2515] Building CXX object tests/unit/CMakeFiles/test_patricia_real.dir/test_patricia_real.cpp.o
[1667/2515] Building CXX object tests/unit/CMakeFiles/test_filter_real_from_keys.dir/test_filter_real_from_keys.cpp.o
[1668/2515] Building CXX object tests/unit/CMakeFiles/test_s5_02a_layout_alloc_conformance.dir/test_s5_02a_layout_alloc_conformance.cpp.o
[1669/2515] Building CXX object tests/unit/CMakeFiles/test_migration_two_tier.dir/test_migration_two_tier.cpp.o
[1670/2515] Building CXX object tests/unit/CMakeFiles/test_s14_axis_version_lock_tripwire.dir/test_s14_axis_version_lock_tripwire.cpp.o
[1671/2515] Building CXX object tests/unit/CMakeFiles/test_s5_02b_filter_alloc_conformance.dir/test_s5_02b_filter_alloc_conformance.cpp.o
[1672/2515] Building CXX object tests/unit/CMakeFiles/test_s5_04_execution_perf_sanity.dir/test_s5_04_execution_perf_sanity.cpp.o
[1673/2515] Building CXX object tests/unit/CMakeFiles/test_e24_c5_fk7_dock_fehlerklassen.dir/test_e24_c5_fk7_dock_fehlerklassen.cpp.o
[1674/2515] Building CXX object tests/unit/CMakeFiles/test_prefetch_patha_t7.dir/test_prefetch_patha_t7.cpp.o
[1675/2515] Building CXX object tests/unit/CMakeFiles/test_value_handle_real.dir/test_value_handle_real.cpp.o
[1676/2515] Building CXX object tests/unit/CMakeFiles/test_h64_allocator_adapter_failure_contract.dir/test_h64_allocator_adapter_failure_contract.cpp.o
[1677/2515] Building CXX object tests/unit/CMakeFiles/test_h81_allocator_statistics_forwarder_recursion.dir/test_h81_allocator_statistics_forwarder_recursion.cpp.o
[1678/2515] Building CXX object tests/unit/CMakeFiles/test_s5_01b_composable_alloc_conformance.dir/test_s5_01b_composable_alloc_conformance.cpp.o
[1679/2515] Building CXX object tests/unit/CMakeFiles/test_s5_03_placement_perf_sanity.dir/test_s5_03_placement_perf_sanity.cpp.o
[1680/2515] Building CXX object tests/unit/CMakeFiles/test_prefetch_real.dir/test_prefetch_real.cpp.o
[1681/2515] Building CXX object tests/unit/CMakeFiles/test_a1_wurf_vertrag_allokator_store.dir/test_a1_wurf_vertrag_allokator_store.cpp.o
[1682/2515] Building CXX object tests/unit/CMakeFiles/test_s5_01d_traversal_perf_sanity.dir/test_s5_01d_traversal_perf_sanity.cpp.o
[1683/2515] Building CXX object tests/unit/CMakeFiles/test_e24_c4_genus_pruef_docks.dir/test_e24_c4_genus_pruef_docks.cpp.o
[1684/2515] Building CXX object tests/unit/CMakeFiles/test_cuckoo_eviction_correctness.dir/test_cuckoo_eviction_correctness.cpp.o
[1685/2515] Building CXX object tests/unit/CMakeFiles/test_br2_descriptor_foundation.dir/test_br2_descriptor_foundation.cpp.o
[1686/2515] Building CXX object tests/unit/CMakeFiles/test_s5_01b_composable_perf_sanity.dir/test_s5_01b_composable_perf_sanity.cpp.o
[1687/2515] Building CXX object tests/unit/CMakeFiles/test_hash_lookup_backward_shift.dir/test_hash_lookup_backward_shift.cpp.o
[1688/2515] Building CXX object tests/unit/CMakeFiles/test_a8s1_t17_vollzaehligkeit.dir/test_a8s1_t17_vollzaehligkeit.cpp.o
[1689/2515] Building CXX object tests/unit/CMakeFiles/test_scalloc_realloc_alignment.dir/test_scalloc_realloc_alignment.cpp.o
[1690/2515] Building CXX object tests/unit/CMakeFiles/test_s5_01a_pool_stores_alloc_conformance.dir/test_s5_01a_pool_stores_alloc_conformance.cpp.o
[1691/2515] Building CXX object tests/unit/CMakeFiles/test_s5_05q_queuing_alloc_conformance.dir/test_s5_05q_queuing_alloc_conformance.cpp.o
[1692/2515] Building CXX object tests/unit/CMakeFiles/test_prefetch_adversarial_verify.dir/test_prefetch_adversarial_verify.cpp.o
[1693/2515] Building CXX object tests/unit/CMakeFiles/test_genus_binding.dir/test_genus_binding.cpp.o
[1694/2515] Building CXX object tests/unit/CMakeFiles/test_d4b_container_adapter.dir/test_d4b_container_adapter.cpp.o
[1695/2515] Building CXX object tests/unit/CMakeFiles/test_genus_organ_binding.dir/test_genus_organ_binding.cpp.o
[1696/2515] Building CXX object tests/unit/CMakeFiles/test_kf4_resource_control.dir/test_kf4_resource_control.cpp.o
[1697/2515] Building CXX object tests/unit/CMakeFiles/test_s5_02a_layout_perf_sanity.dir/test_s5_02a_layout_perf_sanity.cpp.o
[1698/2515] Building CXX object tests/unit/CMakeFiles/test_cow_capable_wrappers.dir/test_cow_capable_wrappers.cpp.o
[1699/2515] Building CXX object tests/unit/CMakeFiles/test_a8s3_t17_stats_lesezeitpunkt.dir/test_a8s3_t17_stats_lesezeitpunkt.cpp.o
[1700/2515] Building CXX object tests/unit/CMakeFiles/test_kf11_telemetry_silent.dir/test_kf11_telemetry_silent.cpp.o
[1701/2515] Building CXX object tests/unit/CMakeFiles/test_kf6_node_run_body.dir/test_kf6_node_run_body.cpp.o
[1702/2515] Building CXX object tests/unit/CMakeFiles/test_kf5_cacheline_weave.dir/test_kf5_cacheline_weave.cpp.o
[1703/2515] Building CXX object tests/unit/CMakeFiles/test_kf10_repetition_plan.dir/test_kf10_repetition_plan.cpp.o
[1704/2515] Building CXX object tests/unit/CMakeFiles/test_br1_subset.dir/test_br1_subset.cpp.o
[1705/2515] Building CXX object tests/unit/CMakeFiles/test_s5_05q_queuing_perf_sanity.dir/test_s5_05q_queuing_perf_sanity.cpp.o
[1706/2515] Building CXX object tests/unit/CMakeFiles/test_s5_01c_fassaden_conformance.dir/test_s5_01c_fassaden_conformance.cpp.o
[1707/2515] Building CXX object tests/unit/CMakeFiles/test_kf12_kf13_slurm_prepare.dir/test_kf12_kf13_slurm_prepare.cpp.o
[1708/2515] Building CXX object tests/unit/CMakeFiles/test_s5_02b_filter_perf_sanity.dir/test_s5_02b_filter_perf_sanity.cpp.o
[1709/2515] Building CXX object tests/unit/CMakeFiles/test_br3_obs22.dir/test_br3_obs22.cpp.o
[1710/2515] Building CXX object tests/unit/CMakeFiles/test_kf7_runtime_loop.dir/test_kf7_runtime_loop.cpp.o
[1711/2515] Building CXX object tests/unit/CMakeFiles/test_br1_full22_count.dir/test_br1_full22_count.cpp.o
[1712/2515] Building CXX object tests/unit/CMakeFiles/test_seg_coverage.dir/test_seg_coverage.cpp.o
[1713/2515] Building CXX object tests/unit/CMakeFiles/test_br2_roundtrip.dir/test_br2_roundtrip.cpp.o
[1714/2515] Building CXX object tests/unit/CMakeFiles/test_s1_cache_key_prefix.dir/test_s1_cache_key_prefix.cpp.o
[1715/2515] Building CXX object tests/unit/CMakeFiles/test_kf15_inverse_signature.dir/test_kf15_inverse_signature.cpp.o
[1716/2515] Building CXX object tests/unit/CMakeFiles/test_kf9_experiment_tree.dir/test_kf9_experiment_tree.cpp.o
[1717/2515] Building CXX object tests/unit/CMakeFiles/test_s5_01a_pool_stores_perf_sanity.dir/test_s5_01a_pool_stores_perf_sanity.cpp.o
[1718/2515] Building CXX object tests/unit/CMakeFiles/test_br_kf15_real.dir/test_br_kf15_real.cpp.o
[1719/2515] Building CXX object tests/unit/CMakeFiles/test_kf8_ceb_generator.dir/test_kf8_ceb_generator.cpp.o
[1720/2515] Building CXX object tests/unit/CMakeFiles/test_45_parallel_measure_loop.dir/test_45_parallel_measure_loop.cpp.o
[1721/2515] Building CXX object tests/unit/CMakeFiles/test_clu_per_layout.dir/test_clu_per_layout.cpp.o
[1722/2515] Building CXX object tests/unit/CMakeFiles/test_cow_memento.dir/test_cow_memento.cpp.o
[1723/2515] Building CXX object tests/unit/CMakeFiles/test_s5_artifact_cache_bounded.dir/test_s5_artifact_cache_bounded.cpp.o
[1724/2515] Building CXX object tests/unit/CMakeFiles/test_e24_c9_fk5_fehlerraum.dir/test_e24_c9_fk5_fehlerraum.cpp.o
[1725/2515] Building CXX object tests/unit/CMakeFiles/test_r2_suffix_wachen.dir/test_r2_suffix_wachen.cpp.o
[1726/2515] Building CXX object tests/unit/CMakeFiles/test_obs_phaseB_t14_t16.dir/test_obs_phaseB_t14_t16.cpp.o
[1727/2515] Building CXX object tests/unit/CMakeFiles/test_cache_mc_timeout.dir/test_cache_mc_timeout.cpp.o
[1728/2515] Building CXX object tests/unit/CMakeFiles/test_a15_fk3_axis_error_traits.dir/test_a15_fk3_axis_error_traits.cpp.o
[1729/2515] Building CXX object tests/unit/CMakeFiles/test_fk6_algo_error_classes.dir/test_fk6_algo_error_classes.cpp.o
[1730/2515] Building CXX object tests/unit/CMakeFiles/test_w11_async_push_pump.dir/test_w11_async_push_pump.cpp.o
[1731/2515] Building CXX object tests/unit/CMakeFiles/test_a15_fk4_organ_slot_traits.dir/test_a15_fk4_organ_slot_traits.cpp.o
[1732/2515] Building CXX object tests/unit/CMakeFiles/test_obs_phaseB_t11_t12_iso.dir/test_obs_phaseB_t11_t12_iso.cpp.o
[1733/2515] Building CXX object tests/unit/CMakeFiles/test_v5_io_real_fixture.dir/test_v5_io_real_fixture.cpp.o
[1734/2515] Building CXX object tests/unit/CMakeFiles/test_s2_pull_tier_binary.dir/test_s2_pull_tier_binary.cpp.o
[1735/2515] Building CXX object tests/unit/CMakeFiles/test_resthygiene2_organ_fingerprint.dir/test_resthygiene2_organ_fingerprint.cpp.o
[1736/2515] Building CXX object tests/unit/CMakeFiles/test_kf16b_build_resilience.dir/test_kf16b_build_resilience.cpp.o
[1737/2515] Building CXX object tests/unit/CMakeFiles/test_kf16_build_orchestrator.dir/test_kf16_build_orchestrator.cpp.o
[1738/2515] Building CXX object tests/unit/CMakeFiles/test_w6_parallel_provision.dir/test_w6_parallel_provision.cpp.o
[1739/2515] Building CXX object tests/unit/CMakeFiles/test_winsorized_mean.dir/test_winsorized_mean.cpp.o
[1740/2515] Building CXX object tests/unit/CMakeFiles/test_q1_lockfree_concurrency.dir/test_q1_lockfree_concurrency.cpp.o
[1741/2515] Building CXX object tests/unit/CMakeFiles/test_kf1_thesis_profile_parser.dir/test_kf1_thesis_profile_parser.cpp.o
[1742/2515] Building CXX object tests/unit/CMakeFiles/test_w10_c4_zellwert_naht.dir/test_w10_c4_zellwert_naht.cpp.o
[1743/2515] Building CXX object tests/unit/CMakeFiles/test_conformance_gate.dir/test_conformance_gate.cpp.o
[1744/2515] Building CXX object tests/unit/CMakeFiles/test_e24_c10_g6_identitaets_bilanz.dir/test_e24_c10_g6_identitaets_bilanz.cpp.o
[1745/2515] Building CXX object tests/unit/CMakeFiles/test_29_container_framework.dir/test_29_container_framework.cpp.o
[1746/2515] Building CXX object tests/unit/CMakeFiles/test_v41_topic_traversal.dir/test_v41_topic_traversal.cpp.o
In file included from /opt/gcc-15.3/include/c++/15.3.0/bits/stl_uninitialized.h:63,
                 from /opt/gcc-15.3/include/c++/15.3.0/memory:71,
                 from /home/comdare/wt-ce-ph89/build/gcc-release/_deps/googletest-src/googletest/include/gtest/gtest.h:55,
                 from /home/comdare/wt-ce-ph89/tests/unit/test_v41_topic_traversal.cpp:7:
In function ‘constexpr _OutIter std::__copy_move_a2(_InIter, _Sent, _OutIter) [with bool _IsMove = true; _InIter = long unsigned int*; _Sent = long unsigned int*; _OutIter = long unsigned int*]’,
    inlined from ‘constexpr _OI std::__copy_move_a1(_II, _II, _OI) [with bool _IsMove = true; _II = long unsigned int*; _OI = long unsigned int*]’ at /opt/gcc-15.3/include/c++/15.3.0/bits/stl_algobase.h:492:42,
    inlined from ‘constexpr _OI std::__copy_move_a(_II, _II, _OI) [with bool _IsMove = true; _II = __gnu_cxx::__normal_iterator<long unsigned int*, vector<long unsigned int, comdare::cache_engine::alloc::AllocatorStrategyBase<comdare::cache_engine::alloc::ExgenAllocator>::StdAllocatorAdapter<long unsigned int> > >; _OI = __gnu_cxx::__normal_iterator<long unsigned int*, vector<long unsigned int, comdare::cache_engine::alloc::AllocatorStrategyBase<comdare::cache_engine::alloc::ExgenAllocator>::StdAllocatorAdapter<long unsigned int> > >]’ at /opt/gcc-15.3/include/c++/15.3.0/bits/stl_algobase.h:500:31,
    inlined from ‘constexpr _OI std::move(_II, _II, _OI) [with _II = __gnu_cxx::__normal_iterator<long unsigned int*, vector<long unsigned int, comdare::cache_engine::alloc::AllocatorStrategyBase<comdare::cache_engine::alloc::ExgenAllocator>::StdAllocatorAdapter<long unsigned int> > >; _OI = __gnu_cxx::__normal_iterator<long unsigned int*, vector<long unsigned int, comdare::cache_engine::alloc::AllocatorStrategyBase<comdare::cache_engine::alloc::ExgenAllocator>::StdAllocatorAdapter<long unsigned int> > >]’ at /opt/gcc-15.3/include/c++/15.3.0/bits/stl_algobase.h:674:38,
    inlined from ‘constexpr std::vector< <template-parameter-1-1>, <template-parameter-1-2> >::iterator std::vector< <template-parameter-1-1>, <template-parameter-1-2> >::_M_erase(iterator) [with _Tp = long unsigned int; _Alloc = comdare::cache_engine::alloc::AllocatorStrategyBase<comdare::cache_engine::alloc::ExgenAllocator>::StdAllocatorAdapter<long unsigned int>]’ at /opt/gcc-15.3/include/c++/15.3.0/bits/vector.tcc:185:2,
    inlined from ‘constexpr std::vector< <template-parameter-1-1>, <template-parameter-1-2> >::iterator std::vector< <template-parameter-1-1>, <template-parameter-1-2> >::erase(const_iterator) [with _Tp = long unsigned int; _Alloc = comdare::cache_engine::alloc::AllocatorStrategyBase<comdare::cache_engine::alloc::ExgenAllocator>::StdAllocatorAdapter<long unsigned int>]’ at /opt/gcc-15.3/include/c++/15.3.0/bits/stl_vector.h:1793:24,
    inlined from ‘bool comdare::cache_engine::lookup::detail::InterpolationSearchAlgoCore<Alloc, Self>::erase(key_type) [with Alloc = comdare::cache_engine::alloc::ExgenAllocator; Self = comdare::cache_engine::lookup::InterpolationSearchAlgo]’ at /home/comdare/wt-ce-ph89/libs/cache_engine/organ_axes/lookup/axis_03a_search_algo_interpolation.hpp:256:22,
    inlined from ‘void SearchAlgoTest_EraseRemovesEntry_Test<gtest_TypeParam_>::TestBody() [with gtest_TypeParam_ = comdare::cache_engine::lookup::InterpolationSearchAlgo]’ at /home/comdare/wt-ce-ph89/tests/unit/test_v41_topic_traversal.cpp:132:5:
/opt/gcc-15.3/include/c++/15.3.0/bits/stl_algobase.h:426:32: warning: ‘void* __builtin_memmove(void*, const void*, long unsigned int)’ writing between 9 and 9223372036854775807 bytes into a region of size 8 overflows the destination [-Wstringop-overflow=]
  426 |               __builtin_memmove(_GLIBCXX_TO_ADDR(__result),
      |               ~~~~~~~~~~~~~~~~~^~~~~~~~~~~~~~~~~~~~~~~~~~~~
  427 |                                 _GLIBCXX_TO_ADDR(__first),
      |                                 ~~~~~~~~~~~~~~~~~~~~~~~~~~
  428 |                                 __n * sizeof(*__first));
      |                                 ~~~~~~~~~~~~~~~~~~~~~~~
In file included from /home/comdare/wt-ce-ph89/libs/cache_engine/organ_axes/alloc/axis_06_allocator_exgen.hpp:21,
                 from /home/comdare/wt-ce-ph89/libs/cache_engine/organ_axes/lookup/axis_03a_search_algo_array256.hpp:71,
                 from /home/comdare/wt-ce-ph89/libs/cache_engine/organ_axes/lookup/axis_03a_search_algo_registry.hpp:8,
                 from /home/comdare/wt-ce-ph89/libs/cache_engine/topics/traversal/axis_03a_search_algo/axis_03a_search_algo_registry.hpp:2,
                 from /home/comdare/wt-ce-ph89/libs/cache_engine/topics/traversal/topic_traversal_config_set.hpp:10,
                 from /home/comdare/wt-ce-ph89/tests/unit/test_v41_topic_traversal.cpp:10:
In function ‘void* comdare::cache_engine::allocator::portable_aligned_alloc(std::size_t, std::size_t)’,
    inlined from ‘void* comdare::cache_engine::alloc::ExgenAllocator::allocate(std::size_t, std::size_t)’ at /home/comdare/wt-ce-ph89/libs/cache_engine/organ_axes/alloc/axis_06_allocator_exgen.hpp:87:75,
    inlined from ‘T* comdare::cache_engine::alloc::AllocatorStrategyBase<Derived, CacheLineCfg, AllocHwCfg>::StdAllocatorAdapter<T>::allocate(std::size_t) [with T = long unsigned int; Derived = comdare::cache_engine::alloc::ExgenAllocator; comdare::cache_engine::cacheline::CacheLineConfig CacheLineCfg = comdare::cache_engine::cacheline::CacheLineConfig{comdare::cache_engine::cacheline::CacheLineSize::B64, comdare::cache_engine::cacheline::CacheLineAlignment::None, comdare::cache_engine::cacheline::SwPrefetchHint::None}; comdare::cache_engine::alloc::AllocHwConfig AllocHwCfg = comdare::cache_engine::alloc::AllocHwConfig{comdare::cache_engine::alloc::AllocNumaNode::Auto, comdare::cache_engine::alloc::AllocPageHint::Native}]’ at /home/comdare/wt-ce-ph89/libs/cache_engine/organ_axes/alloc/axis_06_allocator_strategy_base.hpp:381:45,
    inlined from ‘static constexpr std::allocator_traits< <template-parameter-1-1> >::pointer std::allocator_traits< <template-parameter-1-1> >::allocate(_Alloc&, size_type) [with _Alloc = comdare::cache_engine::alloc::AllocatorStrategyBase<comdare::cache_engine::alloc::ExgenAllocator>::StdAllocatorAdapter<long unsigned int>]’ at /opt/gcc-15.3/include/c++/15.3.0/bits/alloc_traits.h:385:28,
    inlined from ‘constexpr std::_Vector_base<_Tp, _Alloc>::pointer std::_Vector_base<_Tp, _Alloc>::_M_allocate(std::size_t) [with _Tp = long unsigned int; _Alloc = comdare::cache_engine::alloc::AllocatorStrategyBase<comdare::cache_engine::alloc::ExgenAllocator>::StdAllocatorAdapter<long unsigned int>]’ at /opt/gcc-15.3/include/c++/15.3.0/bits/stl_vector.h:387:33,
    inlined from ‘constexpr void std::vector< <template-parameter-1-1>, <template-parameter-1-2> >::_M_realloc_insert(iterator, _Args&& ...) [with _Args = {const long unsigned int&}; _Tp = long unsigned int; _Alloc = comdare::cache_engine::alloc::AllocatorStrategyBase<comdare::cache_engine::alloc::ExgenAllocator>::StdAllocatorAdapter<long unsigned int>]’ at /opt/gcc-15.3/include/c++/15.3.0/bits/vector.tcc:467:44,
    inlined from ‘constexpr std::vector< <template-parameter-1-1>, <template-parameter-1-2> >::iterator std::vector< <template-parameter-1-1>, <template-parameter-1-2> >::insert(const_iterator, const value_type&) [with _Tp = long unsigned int; _Alloc = comdare::cache_engine::alloc::AllocatorStrategyBase<comdare::cache_engine::alloc::ExgenAllocator>::StdAllocatorAdapter<long unsigned int>]’ at /opt/gcc-15.3/include/c++/15.3.0/bits/vector.tcc:170:19,
    inlined from ‘void comdare::cache_engine::lookup::detail::InterpolationSearchAlgoCore<Alloc, Self>::insert(key_type, value_type) [with Alloc = comdare::cache_engine::alloc::ExgenAllocator; Self = comdare::cache_engine::lookup::InterpolationSearchAlgo]’ at /home/comdare/wt-ce-ph89/libs/cache_engine/organ_axes/lookup/axis_03a_search_algo_interpolation.hpp:198:27,
    inlined from ‘void SearchAlgoTest_EraseRemovesEntry_Test<gtest_TypeParam_>::TestBody() [with gtest_TypeParam_ = comdare::cache_engine::lookup::InterpolationSearchAlgo]’ at /home/comdare/wt-ce-ph89/tests/unit/test_v41_topic_traversal.cpp:131:13:
/home/comdare/wt-ce-ph89/libs/cache_engine/include/cache_engine/allocators/portable_aligned_alloc.hpp:26:30: note: destination object of size 8 allocated by ‘aligned_alloc’
   26 |     return std::aligned_alloc(alignment, padded);
      |            ~~~~~~~~~~~~~~~~~~^~~~~~~~~~~~~~~~~~~
[1747/2515] Building CXX object tests/unit/CMakeFiles/test_a8s4_release_pfad_neutralitaet.dir/test_a8s4_release_pfad_neutralitaet.cpp.o
[1748/2515] Building CXX object tests/unit/CMakeFiles/test_m8_storetrav_segment.dir/test_m8_storetrav_segment.cpp.o
[1749/2515] Building CXX object tests/unit/CMakeFiles/test_d_v42_abi_telemetry_coupling.dir/test_d_v42_abi_telemetry_coupling.cpp.o
[1750/2515] Building CXX object tests/unit/CMakeFiles/test_ap15_3_driveable_map_contract.dir/test_ap15_3_driveable_map_contract.cpp.o
[1751/2515] Building CXX object tests/unit/CMakeFiles/test_striktheit_axis_dach_guard.dir/test_striktheit_axis_dach_guard.cpp.o
[1752/2515] Building CXX object tests/unit/CMakeFiles/test_br3_observer.dir/test_br3_observer.cpp.o
[1753/2515] Building CXX object tests/unit/CMakeFiles/test_a8s4_konstitutiv_kette.dir/test_a8s4_konstitutiv_kette.cpp.o
[1754/2515] Building CXX object tests/unit/CMakeFiles/test_segment_timer_differentiation.dir/test_segment_timer_differentiation.cpp.o
[1755/2515] Building CXX object tests/unit/CMakeFiles/test_rf3_betriebssystem_feature_fehlt.dir/test_rf3_betriebssystem_feature_fehlt.cpp.o
[1756/2515] Building CXX object tests/unit/CMakeFiles/test_pathb_segment_timer.dir/test_pathb_segment_timer.cpp.o
[1757/2515] Building CXX object tests/unit/CMakeFiles/test_striktheit_abi_pod_guard.dir/test_striktheit_abi_pod_guard.cpp.o
[1758/2515] Building CXX object tests/unit/CMakeFiles/test_axis_error_taxonomy.dir/test_axis_error_taxonomy.cpp.o
[1759/2515] Building CXX object tests/unit/CMakeFiles/test_striktheit_scan_kernel_purity.dir/test_striktheit_scan_kernel_purity.cpp.o
[1760/2515] Building CXX object tests/unit/CMakeFiles/test_a14_os_sub_axes_guard.dir/test_a14_os_sub_axes_guard.cpp.o
[1761/2515] Building CXX object tests/unit/CMakeFiles/test_phase_b_effective_search_algo_contrast.dir/test_phase_b_effective_search_algo_contrast.cpp.o
[1762/2515] Building CXX object tests/unit/CMakeFiles/test_cmd1_a_axis_command_base.dir/test_cmd1_a_axis_command_base.cpp.o
[1763/2515] Building CXX object tests/unit/CMakeFiles/test_striktheit_metaprog_guard.dir/test_striktheit_metaprog_guard.cpp.o
[1764/2515] Building CXX object tests/unit/CMakeFiles/test_meta_meta_halbordnung.dir/test_meta_meta_halbordnung.cpp.o
[1765/2515] Building CXX object tests/unit/CMakeFiles/test_obs_phaseB_t11_t12.dir/test_obs_phaseB_t11_t12.cpp.o
[1766/2515] Building CXX object tests/unit/CMakeFiles/test_ap15_2_get_allocator_proxy.dir/test_ap15_2_get_allocator_proxy.cpp.o
[1767/2515] Building CXX object tests/unit/CMakeFiles/test_s7_2_btree_pool_allocator_deg.dir/test_s7_2_btree_pool_allocator_deg.cpp.o
[1768/2515] Building CXX object tests/unit/CMakeFiles/test_s7_1_bst_pool_allocator_deg.dir/test_s7_1_bst_pool_allocator_deg.cpp.o
[1769/2515] Building CXX object tests/unit/CMakeFiles/test_striktheit_axes_guard.dir/test_striktheit_axes_guard.cpp.o
[1770/2515] Building CXX object tests/unit/CMakeFiles/test_obs_phaseA.dir/test_obs_phaseA.cpp.o
[1771/2515] Building CXX object tests/unit/CMakeFiles/test_all19_segment_timer.dir/test_all19_segment_timer.cpp.o
[1772/2515] Building CXX object tests/unit/CMakeFiles/test_188_4bb0_pool_organ_wide_key_conformance.dir/test_188_4bb0_pool_organ_wide_key_conformance.cpp.o
[1773/2515] Building CXX object tests/unit/CMakeFiles/test_234_f4_hash_probe_shape.dir/test_234_f4_hash_probe_shape.cpp.o
[1774/2515] Building CXX object tests/unit/CMakeFiles/test_188_4a_eytzinger_organ.dir/test_188_4a_eytzinger_organ.cpp.o
[1775/2515] Building CXX object tests/unit/CMakeFiles/test_234_f2_skip_list_shape.dir/test_234_f2_skip_list_shape.cpp.o
[1776/2515] Building CXX object tests/unit/CMakeFiles/test_234_f3_bst_shape.dir/test_234_f3_bst_shape.cpp.o
[1777/2515] Building CXX object tests/unit/CMakeFiles/test_s7_4_hash_pool_allocator_deg.dir/test_s7_4_hash_pool_allocator_deg.cpp.o
[1778/2515] Building CXX object tests/unit/CMakeFiles/test_234_va_shaped_adapter.dir/test_234_va_shaped_adapter.cpp.o
[1779/2515] Building CXX object tests/unit/CMakeFiles/test_s7_3_skip_list_pool_allocator_deg.dir/test_s7_3_skip_list_pool_allocator_deg.cpp.o
[1780/2515] Building CXX object tests/unit/CMakeFiles/test_obs_phaseB_pilot.dir/test_obs_phaseB_pilot.cpp.o
[1781/2515] Building CXX object tests/unit/CMakeFiles/test_s7_9_surf_pool_allocator_deg.dir/test_s7_9_surf_pool_allocator_deg.cpp.o
[1782/2515] Building CXX object tests/unit/CMakeFiles/test_234_vb_rest_families_shaped.dir/test_234_vb_rest_families_shaped.cpp.o
[1783/2515] Building CXX object tests/unit/CMakeFiles/test_s7_6_hot_pool_allocator_deg.dir/test_s7_6_hot_pool_allocator_deg.cpp.o
[1784/2515] Building CXX object tests/unit/CMakeFiles/test_s7_7_start_pool_allocator_deg.dir/test_s7_7_start_pool_allocator_deg.cpp.o
[1785/2515] Building CXX object tests/unit/CMakeFiles/test_s7_5_art_pool_allocator_deg.dir/test_s7_5_art_pool_allocator_deg.cpp.o
[1786/2515] Building CXX object tests/unit/CMakeFiles/test_216h2_stat_reset_after_load.dir/test_216h2_stat_reset_after_load.cpp.o
[1787/2515] Building CXX object tests/unit/CMakeFiles/test_s7_8_wormhole_pool_allocator_deg.dir/test_s7_8_wormhole_pool_allocator_deg.cpp.o
[1788/2515] Building CXX object tests/unit/CMakeFiles/test_mt_l3_wide_schema_orakel.dir/mt_l3_wide_schema_gefroren.cpp.o
[1789/2515] Building CXX object tests/unit/CMakeFiles/test_221_rc_prefetch_distance.dir/test_221_rc_prefetch_distance.cpp.o
[1790/2515] Building CXX object tests/unit/CMakeFiles/test_234_f1_btree_order_shape.dir/test_234_f1_btree_order_shape.cpp.o
[1791/2515] Building CXX object tests/unit/CMakeFiles/test_abi_adapter_g3_batch2.dir/test_abi_adapter_g3_batch2.cpp.o
[1792/2515] Building CXX object tests/unit/CMakeFiles/test_s7_10_swiss_pool_allocator_deg.dir/test_s7_10_swiss_pool_allocator_deg.cpp.o
[1793/2515] Building CXX object tests/unit/CMakeFiles/test_experiment_dock_payload.dir/test_experiment_dock_payload.cpp.o
[1794/2515] Building CXX object tests/unit/CMakeFiles/test_gn_cell_filter.dir/test_gn_cell_filter.cpp.o
[1795/2515] Building CXX object tests/unit/CMakeFiles/test_axis_kind_kategorien_zuordnung.dir/test_axis_kind_kategorien_zuordnung.cpp.o
[1796/2515] Building CXX object tests/unit/CMakeFiles/test_progress_delta.dir/test_progress_delta.cpp.o
[1797/2515] Building CXX object tests/unit/CMakeFiles/test_axis_kind_wire_totalitaet.dir/test_axis_kind_wire_totalitaet.cpp.o
[1798/2515] Building CXX object tests/unit/CMakeFiles/m3v2_pmc_smoke.dir/thesis_tiere/m3v2_pmc_smoke.cpp.o
[1799/2515] Building CXX object tests/unit/CMakeFiles/test_217_2a_capacity_guard.dir/test_217_2a_capacity_guard.cpp.o
[1800/2515] Building CXX object tests/unit/CMakeFiles/test_harness_compile.dir/test_harness_compile.cpp.o
[1801/2515] Building CXX object tests/unit/CMakeFiles/test_b3_schema_freeze_stufe1.dir/test_b3_schema_freeze_stufe1.cpp.o
[1802/2515] Building CXX object tests/unit/CMakeFiles/test_lazy_resume_binary.dir/test_lazy_resume_binary.cpp.o
[1803/2515] Building CXX object tests/unit/CMakeFiles/test_188_4cii_flat_wrapper_traversal.dir/test_188_4cii_flat_wrapper_traversal.cpp.o
[1804/2515] Building CXX object tests/unit/CMakeFiles/test_mt_l3_wide_schema_orakel.dir/test_mt_l3_wide_schema_orakel.cpp.o
[1805/2515] Building CXX object tests/unit/CMakeFiles/test_vor_push_gate.dir/test_vor_push_gate.cpp.o
[1806/2515] Building CXX object tests/unit/CMakeFiles/test_e1_contract_rc_konsum.dir/test_e1_contract_rc_konsum.cpp.o
[1807/2515] Building CXX object tests/unit/CMakeFiles/test_188_4bbV_pool_adapter_flip_compile.dir/test_188_4bbV_pool_adapter_flip_compile.cpp.o
[1808/2515] Building CXX object tests/unit/CMakeFiles/test_profile_coverage.dir/thesis_tiere/test_profile_coverage.cpp.o
[1809/2515] Building CXX object tests/unit/CMakeFiles/test_ap2_katalog_pfad_stubfrei.dir/thesis_tiere/test_ap2_katalog_pfad_stubfrei.cpp.o
[1810/2515] Building CXX object tests/unit/CMakeFiles/test_w5_status_reader.dir/test_w5_status_reader.cpp.o
[1811/2515] Linking CXX shared library generated/goalv6_dll_modules/libperm_set_d9.so
[1812/2515] Linking CXX shared library generated/goalv6_dll_modules/libperm_sequence_d10.so
[1813/2515] Linking CXX shared library generated/goalv6_dll_modules/libperm_view_d11.so
[1814/2515] Linking CXX shared library generated/goalv6_dll_modules/libperm_buildvariant_avx512.so
[1815/2515] Linking CXX shared library generated/goalv6_dll_modules/libperm_buildvariant_avx2.so
[1816/2515] Linking CXX shared library generated/goalv6_dll_modules/libperm_adapter_d12.so
[1817/2515] Linking CXX shared library generated/goalv6_dll_modules/libperm_set_defekt_d13.so
[1818/2515] Linking CXX shared library generated/goalv6_dll_modules/libperm_alt_major7.so
[1819/2515] Linking CXX shared library generated/goalv6_dll_modules/libperm_major7_neue_magic.so
[1820/2515] Linking CXX shared library generated/goalv6_dll_modules/libperm_q2_luegner.so
[1821/2515] Linking CXX shared library generated/goalv6_dll_modules/libperm_q2_ohne_gattung.so
[1822/2515] Linking CXX shared library generated/goalv6_dll_modules/libperm_q2_ohne_genus.so
[1823/2515] Linking CXX shared library generated/goalv6_dll_modules/libperm_alt_magic_ohne_symbole.so
[1824/2515] Linking CXX shared library generated/goalv6_dll_modules/libperm_a11_ohne_stempel.so
[1825/2515] Linking CXX shared library generated/goalv6_dll_modules/libhybrid_reroute_searchalgorithm.so
[1826/2515] Building CXX object tests/unit/CMakeFiles/linux_perf_pmc_smoke.dir/thesis_tiere/linux_perf_pmc_smoke.cpp.o
[1827/2515] Linking CXX shared library generated/goalv6_dll_modules/libhybrid_reroute_set.so
[1828/2515] Building CXX object tests/unit/CMakeFiles/test_dgenus_dll.dir/test_dgenus_dll.cpp.o
[1829/2515] Building CXX object tests/unit/CMakeFiles/test_a5_eta_slice_verdrahtung.dir/test_a5_eta_slice_verdrahtung.cpp.o
[1830/2515] Building CXX object tests/unit/CMakeFiles/test_lagp2_messwert_genus.dir/test_lagp2_messwert_genus.cpp.o
[1831/2515] Building CXX object tests/unit/CMakeFiles/test_188_4c0_known_compositions_conformance.dir/test_188_4c0_known_compositions_conformance.cpp.o
[1832/2515] Linking CXX shared library generated/goalv6_dll_modules/libperm_buildvariant_real_avx512.so
[1833/2515] Linking CXX shared library generated/goalv6_dll_modules/libperm_buildvariant_real_avx2.so
[1834/2515] Building CXX object tests/unit/CMakeFiles/test_org18_persistence_target.dir/test_org18_persistence_target.cpp.o
[1835/2515] Building CXX object tests/unit/CMakeFiles/test_experiment_kern_seam.dir/thesis_tiere/test_experiment_kern_seam.cpp.o
[1836/2515] Linking CXX shared library generated/goalv6_dll_modules/libperm_adhoc_buildvariant.so
[1837/2515] Building CXX object tests/unit/CMakeFiles/test_buildvariant_dll.dir/test_buildvariant_dll.cpp.o
[1838/2515] Building CXX object tests/unit/CMakeFiles/test_measurement_categories.dir/thesis_tiere/test_measurement_categories.cpp.o
[1839/2515] Building CXX object tests/unit/CMakeFiles/test_d4b_container_dll.dir/test_d4b_container_dll.cpp.o
[1840/2515] Building CXX object tests/unit/CMakeFiles/test_ap5_simd_extension_coherence.dir/test_ap5_simd_extension_coherence.cpp.o
[1841/2515] Building CXX object tests/unit/CMakeFiles/test_e24_c10_g5_lade_wache.dir/test_e24_c10_g5_lade_wache.cpp.o
[1842/2515] Building CXX object tests/unit/CMakeFiles/test_adhoc_buildvariant_dll.dir/test_adhoc_buildvariant_dll.cpp.o
[1843/2515] Building CXX object tests/unit/CMakeFiles/test_experiment_parser.dir/thesis_tiere/test_experiment_parser.cpp.o
[1844/2515] Building CXX object tests/unit/CMakeFiles/test_sota_st2_dedup.dir/thesis_tiere/test_sota_st2_dedup.cpp.o
[1845/2515] Building CXX object tests/unit/CMakeFiles/test_experiment_projection.dir/thesis_tiere/test_experiment_projection.cpp.o
[1846/2515] Building CXX object tests/unit/CMakeFiles/test_d13_dll_runtime_measure.dir/test_d13_dll_runtime_measure.cpp.o
[1847/2515] Building CXX object tests/unit/CMakeFiles/test_merge_plan_directive.dir/thesis_tiere/test_merge_plan_directive.cpp.o
[1848/2515] Building CXX object tests/unit/CMakeFiles/test_kf3_cacheline_subaxis.dir/test_kf3_cacheline_subaxis.cpp.o
[1849/2515] Building CXX object tests/unit/CMakeFiles/test_cacheline_policy_selector.dir/test_cacheline_policy_selector.cpp.o
[1850/2515] Building CXX object tests/unit/CMakeFiles/test_w3_mess_interface_testate_biss.dir/test_w3_mess_interface_testate_biss.cpp.o
[1851/2515] Building CXX object tests/unit/CMakeFiles/test_best_binary_selector_parse_rank.dir/test_best_binary_selector_parse_rank.cpp.o
[1852/2515] Building CXX object tests/unit/CMakeFiles/test_f3_lager_key_provider_iterator.dir/test_f3_lager_key_provider_iterator.cpp.o
[1853/2515] Building CXX object tests/unit/CMakeFiles/test_e24_c10_genus_dll_roundtrip.dir/test_e24_c10_genus_dll_roundtrip.cpp.o
[1854/2515] Building CXX object tests/unit/CMakeFiles/test_w3_mess_interface_testate_dock.dir/test_w3_mess_interface_testate_dock.cpp.o
[1855/2515] Building CXX object tests/unit/CMakeFiles/test_wdk_datasets_fairness.dir/thesis_tiere/test_wdk_datasets_fairness.cpp.o
[1856/2515] Building CXX object tests/unit/CMakeFiles/test_t1_system_achsen_eine_entscheidung.dir/test_t1_system_achsen_eine_entscheidung.cpp.o
[1857/2515] Building CXX object tests/unit/CMakeFiles/test_h2_score_akte.dir/thesis_tiere/test_h2_score_akte.cpp.o
[1858/2515] Building CXX object tests/unit/CMakeFiles/test_load_profile_writer.dir/__/__/libs/cache_engine/builder/workload_driver/test_load_profile_writer.cpp.o
[1859/2515] Building CXX object tests/unit/CMakeFiles/test_ff2_node_width_subaxis.dir/test_ff2_node_width_subaxis.cpp.o
[1860/2515] Building CXX object tests/unit/CMakeFiles/test_e2_contract_abi_vertrag.dir/test_e2_contract_abi_vertrag.cpp.o
[1861/2515] Building CXX object tests/unit/CMakeFiles/test_lg_skip_callback_null.dir/test_lg_skip_callback_null.cpp.o
[1862/2515] Building CXX object tests/unit/CMakeFiles/test_e4_contract_xml_to_axislevels.dir/test_e4_contract_xml_to_axislevels.cpp.o
[1863/2515] Building CXX object tests/unit/CMakeFiles/test_hybrid_spline_selector_scaffold.dir/test_hybrid_spline_selector_scaffold.cpp.o
[1864/2515] Building CXX object tests/unit/CMakeFiles/test_fb_alloc_hw_subaxis.dir/test_fb_alloc_hw_subaxis.cpp.o
[1865/2515] Building CXX object tests/unit/CMakeFiles/test_best_binary_selector_parse_rank.dir/__/__/libs/cache_engine/builder/best_binary_selector/best_binary_selector.cpp.o
[1866/2515] Building CXX object tests/unit/CMakeFiles/test_hybrid_spline_selector_scaffold.dir/__/__/libs/cache_engine/builder/best_binary_selector/best_binary_selector.cpp.o
[1867/2515] Building CXX object tests/unit/CMakeFiles/test_m_simd_feature_flag_catalog.dir/test_m_simd_feature_flag_catalog.cpp.o
[1868/2515] Building CXX object tests/unit/CMakeFiles/test_e3_contract_binary_id_bijektion.dir/test_e3_contract_binary_id_bijektion.cpp.o
[1869/2515] Building CXX object tests/unit/CMakeFiles/test_e3_contract_conformance_gate_wirksam.dir/test_e3_contract_conformance_gate_wirksam.cpp.o
[1870/2515] Building CXX object tests/unit/CMakeFiles/test_p1_spd_ddr5_parser.dir/test_p1_spd_ddr5_parser.cpp.o
[1871/2515] Building CXX object tests/unit/CMakeFiles/test_p2_ram_identity_verdict.dir/test_p2_ram_identity_verdict.cpp.o
[1872/2515] Building CXX object tests/unit/CMakeFiles/test_a9b_active_deklaration_inert.dir/test_a9b_active_deklaration_inert.cpp.o
[1873/2515] Building CXX object tests/unit/CMakeFiles/test_m_contract_system_axis_wurzel.dir/test_m_contract_system_axis_wurzel.cpp.o
[1874/2515] Building CXX object tests/unit/CMakeFiles/test_validate_profile.dir/thesis_tiere/test_validate_profile.cpp.o
[1875/2515] Building CXX object tests/unit/CMakeFiles/test_o4_machine_identity.dir/test_o4_machine_identity.cpp.o
[1876/2515] Building CXX object tests/unit/CMakeFiles/test_c3b_kanal_merge_beleg.dir/test_c3b_kanal_merge_beleg.cpp.o
[1877/2515] Building CXX object tests/unit/CMakeFiles/test_c3a_gate_scharfschaltung.dir/test_c3a_gate_scharfschaltung.cpp.o
[1878/2515] Building CXX object tests/unit/CMakeFiles/test_p2_ram_probe_chain.dir/test_p2_ram_probe_chain.cpp.o
[1879/2515] Linking CXX shared library generated/r3_biss_modules/libr3_biss_modul_gates_an.so
[1880/2515] Linking CXX shared library generated/r3_biss_modules/libr3_biss_modul_gates_aus.so
[1881/2515] Building CXX object tests/unit/CMakeFiles/test_os_u3_probe.dir/test_os_u3_probe.cpp.o
[1882/2515] Building CXX object tests/unit/CMakeFiles/test_progress_heartbeat.dir/test_progress_heartbeat.cpp.o
[1883/2515] Building CXX object tests/unit/CMakeFiles/test_p3_boot_cache_dmi.dir/test_p3_boot_cache_dmi.cpp.o
[1884/2515] Building CXX object tests/unit/CMakeFiles/test_r3_mess_gate_fingerprint_biss.dir/test_r3_mess_gate_fingerprint_biss.cpp.o
[1885/2515] Building CXX object tests/unit/CMakeFiles/test_g1_binary_version_stamp.dir/test_g1_binary_version_stamp.cpp.o
[1886/2515] Building CXX object tests/unit/CMakeFiles/test_od10_numa_page_probe.dir/test_od10_numa_page_probe.cpp.o
[1887/2515] Building CXX object tests/unit/CMakeFiles/test_d4_ceb_schluessel_wahl.dir/test_d4_ceb_schluessel_wahl.cpp.o
[1888/2515] Building CXX object tests/unit/CMakeFiles/test_tp1_planer_filter_iterator.dir/test_tp1_planer_filter_iterator.cpp.o
[1889/2515] Building CXX object tests/unit/CMakeFiles/test_parser_konsolidierung.dir/test_parser_konsolidierung.cpp.o
[1890/2515] Building CXX object tests/unit/CMakeFiles/test_m1_mess_achsen_wirkung.dir/test_m1_mess_achsen_wirkung.cpp.o
[1891/2515] Building CXX object tests/unit/CMakeFiles/test_b2_mess_gate_trennung.dir/test_b2_mess_gate_trennung.cpp.o
[1892/2515] Building CXX object tests/unit/CMakeFiles/test_simd_field_sum_dispatch.dir/test_simd_field_sum_dispatch.cpp.o
[1893/2515] Building CXX object tests/unit/CMakeFiles/test_phase6_vorbau.dir/test_phase6_vorbau.cpp.o
[1894/2515] Building CXX object tests/unit/CMakeFiles/test_m1h_stufen_und_pmc_wache.dir/test_m1h_stufen_und_pmc_wache.cpp.o
[1895/2515] Building CXX object tests/unit/CMakeFiles/test_axis_sweep_coverage.dir/thesis_tiere/test_axis_sweep_coverage.cpp.o
[1896/2515] Building CXX object tests/unit/CMakeFiles/test_w10_system_cell_values.dir/test_w10_system_cell_values.cpp.o
[1897/2515] Building CXX object tests/unit/CMakeFiles/test_d2_mess_konsistenz_gate.dir/test_d2_mess_konsistenz_gate.cpp.o
[1898/2515] Building CXX object tests/unit/CMakeFiles/test_r3_mess_gates_spiegel.dir/test_r3_mess_gates_spiegel.cpp.o
[1899/2515] Building CXX object tests/unit/CMakeFiles/test_simd_field_sum_dispatch_avx512.dir/test_simd_field_sum_dispatch.cpp.o
[1900/2515] Building CXX object tests/unit/CMakeFiles/test_simd_field_sum_dispatch_avx2.dir/test_simd_field_sum_dispatch.cpp.o
[1901/2515] Building CXX object tests/unit/CMakeFiles/test_simd_add_u64_carry.dir/test_simd_add_u64_carry.cpp.o
[1902/2515] Building CXX object tests/unit/CMakeFiles/test_od11_numa_cpu_pin_process_probe.dir/test_od11_numa_cpu_pin_process_probe.cpp.o
[1903/2515] Building CXX object tests/unit/CMakeFiles/test_simd_add_u64_carry_avx512.dir/test_simd_add_u64_carry.cpp.o
[1904/2515] Building CXX object tests/unit/CMakeFiles/test_g3_eta_estimator.dir/test_g3_eta_estimator.cpp.o
[1905/2515] Building CXX object tests/unit/CMakeFiles/test_simd_add_u64_carry_avx2.dir/test_simd_add_u64_carry.cpp.o
[1906/2515] Building CXX object tests/unit/CMakeFiles/test_planner_version_flag_grammatik.dir/test_planner_version_flag_grammatik.cpp.o
[1907/2515] Building CXX object tests/unit/CMakeFiles/test_w2_combo_ct_stamp.dir/test_w2_combo_ct_stamp.cpp.o
[1908/2515] Building CXX object tests/unit/CMakeFiles/test_g3_reservation_lifecycle.dir/test_g3_reservation_lifecycle.cpp.o
[1909/2515] Building CXX object tests/unit/CMakeFiles/test_b3_wallclock_erbe_ct.dir/test_b3_wallclock_erbe_ct.cpp.o
[1910/2515] Building CXX object tests/unit/CMakeFiles/test_b5_pmc_ehrlichkeit_alle_sieben.dir/test_b5_pmc_ehrlichkeit_alle_sieben.cpp.o
[1911/2515] Building CXX object tests/unit/CMakeFiles/test_g3_writer_backend_io_uring.dir/test_g3_writer_backend_io_uring.cpp.o
[1912/2515] Building CXX object tests/unit/CMakeFiles/test_g3_bestandslog_document.dir/test_g3_bestandslog_document.cpp.o
[1913/2515] Building CXX object tests/unit/CMakeFiles/test_g3_ram_spool_writer.dir/test_g3_ram_spool_writer.cpp.o
[1914/2515] Building CXX object tests/unit/CMakeFiles/test_smoke_coverage_profile.dir/thesis_tiere/test_smoke_coverage_profile.cpp.o
[1915/2515] Building CXX object tests/unit/CMakeFiles/test_reflect_versions_all17.dir/test_reflect_versions_all17.cpp.o
[1916/2515] Building CXX object tests/unit/CMakeFiles/test_reflect_versions_all_registered.dir/test_reflect_versions_all_registered.cpp.o
[1917/2515] Building CXX object tests/unit/CMakeFiles/test_a1_algo_version_pin_alloc_axis.dir/test_a1_algo_version_pin_alloc_axis.cpp.o
[1918/2515] Building CXX object tests/unit/CMakeFiles/test_g3_batch_planner.dir/test_g3_batch_planner.cpp.o
[1919/2515] Building CXX object tests/unit/CMakeFiles/test_a5_eta_kalibrierung.dir/test_a5_eta_kalibrierung.cpp.o
[1920/2515] Building CXX object tests/unit/CMakeFiles/test_bvset_teilmenge.dir/test_bvset_teilmenge.cpp.o
[1921/2515] Building CXX object tests/unit/CMakeFiles/test_b2_gate_zustand_g2an_g3aus.dir/test_b2_gate_zustand_g2an_g3aus.cpp.o
[1922/2515] Building CXX object tests/unit/CMakeFiles/test_g2_variant_sidecar.dir/test_g2_variant_sidecar.cpp.o
[1923/2515] Building CXX object tests/unit/CMakeFiles/test_m_w12_stamp_bausteine.dir/test_m_w12_stamp_bausteine.cpp.o
[1924/2515] Building CXX object tests/unit/CMakeFiles/test_g3_sha512_index.dir/test_g3_sha512_index.cpp.o
[1925/2515] Building CXX object tests/unit/CMakeFiles/test_g3_bestandslog_lock.dir/test_g3_bestandslog_lock.cpp.o
[1926/2515] Building CXX object tests/unit/CMakeFiles/test_e04_slice_marker.dir/test_e04_slice_marker.cpp.o
[1927/2515] Building CXX object tests/unit/CMakeFiles/test_lagz1_lager_schluessel_simd.dir/test_lagz1_lager_schluessel_simd.cpp.o
[1928/2515] Building CXX object tests/unit/CMakeFiles/test_g3_prune.dir/test_g3_prune.cpp.o
[1929/2515] Building CXX object tests/unit/CMakeFiles/test_g3_planer_driven.dir/test_g3_planer_driven.cpp.o
[1930/2515] Building CXX object tests/unit/CMakeFiles/test_a2_sha512_skip_gate.dir/test_a2_sha512_skip_gate.cpp.o
[1931/2515] Building CXX object tests/unit/CMakeFiles/test_b14_layout_scan_line_subaxis.dir/test_b14_layout_scan_line_subaxis.cpp.o
[1932/2515] Building CXX object tests/unit/CMakeFiles/test_p_cacheline_store_line_source.dir/test_p_cacheline_store_line_source.cpp.o
[1933/2515] Building CXX object tests/unit/CMakeFiles/test_a9s3_writeback_method_xlsx.dir/test_a9s3_writeback_method_xlsx.cpp.o
[1934/2515] Building CXX object tests/unit/CMakeFiles/test_a9_xlsx_vendor_rauchtest.dir/test_a9_xlsx_vendor_rauchtest.cpp.o
[1935/2515] Building CXX object tests/unit/CMakeFiles/test_rf2_admission_marker_inert.dir/test_rf2_admission_marker_inert.cpp.o
[1936/2515] Building CXX object tests/unit/CMakeFiles/test_m1hb_observer_zellen_ehrlich.dir/test_m1hb_observer_zellen_ehrlich.cpp.o
[1937/2515] Building CXX object tests/unit/CMakeFiles/test_lb0_lager_pfad_grammatik.dir/test_lb0_lager_pfad_grammatik.cpp.o
[1938/2515] Building CXX object tests/unit/CMakeFiles/test_fk1_nicht_gebaut_marker.dir/test_fk1_nicht_gebaut_marker.cpp.o
[1939/2515] Building CXX object tests/unit/CMakeFiles/test_g3_lager_presence.dir/test_g3_lager_presence.cpp.o
[1940/2515] Building CXX object tests/unit/CMakeFiles/test_a8s3_csv_klasse_c.dir/test_a8s3_csv_klasse_c.cpp.o
[1941/2515] Building CXX object tests/unit/CMakeFiles/test_g3_builder_registration.dir/test_g3_builder_registration.cpp.o
[1942/2515] Building CXX object tests/unit/CMakeFiles/test_ge1_claim_check_und_sidecar.dir/test_ge1_claim_check_und_sidecar.cpp.o
[1943/2515] Building CXX object tests/unit/CMakeFiles/test_a9s3_ergebnis_mappe_csv.dir/test_a9s3_ergebnis_mappe_csv.cpp.o
[1944/2515] Building CXX object tests/unit/CMakeFiles/test_ge3_messwert_genus_und_ziel.dir/test_ge3_messwert_genus_und_ziel.cpp.o
[1945/2515] Building CXX object tests/unit/CMakeFiles/test_a9s3_xlsx_ergebnis_writer.dir/test_a9s3_xlsx_ergebnis_writer.cpp.o
[1946/2515] Building CXX object libs/cache_engine/profile_facade/CMakeFiles/comdare_profile_run_facade.dir/profile_run_facade.cpp.o
[1947/2515] Linking CXX static library libs/cache_engine/profile_facade/libcomdare_profile_run_facade.a
[1948/2515] Linking CXX executable apps/experiment_planner/comdare-experiment-planner
[1949/2515] Building CXX object tests/unit/CMakeFiles/test_mt_l4_registrierungs_wache_isa.dir/test_mt_l4_registrierungs_wache_isa.cpp.o
[1950/2515] Scanning /home/comdare/wt-ce-ph89/tests/unit/test_check_size_cli_deckel.cpp for CXX dependencies
[1951/2515] Generating CXX dyndep file tests/unit/CMakeFiles/test_check_size_cli_deckel.dir/CXX.dd
[1952/2515] Building CXX object tests/unit/CMakeFiles/test_g3_takeover_sweep.dir/test_g3_takeover_sweep.cpp.o
[1953/2515] Scanning /home/comdare/wt-ce-ph89/tests/unit/test_vl3_debug_flag_sperre.cpp for CXX dependencies
[1954/2515] Generating CXX dyndep file tests/unit/CMakeFiles/test_vl3_debug_flag_sperre.dir/CXX.dd
[1955/2515] Building CXX object tests/unit/CMakeFiles/test_a9s3_mess_ebene_blattsorte.dir/test_a9s3_mess_ebene_blattsorte.cpp.o
[1956/2515] Building CXX object tests/unit/CMakeFiles/test_ms2_pre_touch_seitenfehler.dir/test_ms2_pre_touch_seitenfehler.cpp.o
[1957/2515] Building CXX object tests/unit/CMakeFiles/test_lb1_knoten_heuristik_log.dir/test_lb1_knoten_heuristik_log.cpp.o
[1958/2515] Linking CXX shared library generated/naht1_modules_an/comdare_anatomy_perm_naht1_an.so
[1959/2515] Linking CXX shared library generated/naht1_modules_aus/comdare_anatomy_perm_naht1_aus.so
[1960/2515] Building CXX object tests/unit/CMakeFiles/test_check_size_cli_deckel.dir/test_check_size_cli_deckel.cpp.o
[1961/2515] Building CXX object tests/unit/CMakeFiles/test_a9s4_dynamic_axis_filter.dir/test_a9s4_dynamic_axis_filter.cpp.o
[1962/2515] Building CXX object tests/unit/CMakeFiles/test_hyg_kumulativer_bereich.dir/test_hyg_kumulativer_bereich.cpp.o
[1963/2515] Building CXX object tests/unit/CMakeFiles/ck1_naht_voll.dir/ck1_naht_voll.cpp.o
[1964/2515] Building CXX object tests/unit/CMakeFiles/test_a9s4_realm_scan_stale.dir/test_a9s4_realm_scan_stale.cpp.o
[1965/2515] Building CXX object tests/unit/CMakeFiles/test_d3_6_realm_selektor_produktionsablage.dir/test_d3_6_realm_selektor_produktionsablage.cpp.o
[1966/2515] Building CXX object tests/unit/CMakeFiles/test_ms1_arenen_kein_alloc_im_fenster.dir/test_ms1_arenen_kein_alloc_im_fenster.cpp.o
[1967/2515] Building CXX object tests/unit/CMakeFiles/ck1_naht_leer.dir/ck1_naht_leer.cpp.o
[1968/2515] Building CXX object tests/unit/CMakeFiles/test_check_size_mengenrechnung.dir/test_check_size_mengenrechnung.cpp.o
[1969/2515] Building CXX object tests/unit/CMakeFiles/test_g3_artifact_cache_transport.dir/test_g3_artifact_cache_transport.cpp.o
[1970/2515] Building CXX object tests/unit/CMakeFiles/test_warn1_d2_fingerprint_koeder.dir/test_warn1_d2_fingerprint_koeder.cpp.o
[1971/2515] Building CXX object tests/unit/CMakeFiles/test_b14_abi_adapter_line_subaxis_paths.dir/test_b14_abi_adapter_line_subaxis_paths.cpp.o
[1972/2515] Building CXX object tests/unit/CMakeFiles/test_ck1_messkette_koeder.dir/test_ck1_messkette_koeder.cpp.o
[1973/2515] Building CXX object tests/unit/CMakeFiles/test_a9s4_mess_report_render.dir/test_a9s4_mess_report_render.cpp.o
[1974/2515] Building CXX object tests/unit/CMakeFiles/test_d2g1_ctest_registrierung.dir/test_d2g1_ctest_registrierung.cpp.o
[1975/2515] Building CXX object tests/unit/CMakeFiles/test_d55_hdr_verdrahtung.dir/test_d55_hdr_verdrahtung.cpp.o
[1976/2515] Building CXX object tests/unit/CMakeFiles/test_t6_wachen_inventar.dir/test_t6_wachen_inventar.cpp.o
[1977/2515] Building CXX object tests/unit/CMakeFiles/test_d2_abdeckungs_wache_nenner.dir/test_d2_abdeckungs_wache_nenner.cpp.o
[1978/2515] Building CXX object tests/unit/CMakeFiles/test_flaeche3_deckung_ceb_aus_tier_an.dir/test_flaeche3_deckung_ceb_aus_tier_an.cpp.o
[1979/2515] Building CXX object tests/unit/CMakeFiles/test_t6_biss_achsen_roundtrip_wache.dir/test_t6_biss_achsen_roundtrip_wache.cpp.o
[1980/2515] Building CXX object tests/unit/CMakeFiles/test_vl3_debug_flag_sperre.dir/test_vl3_debug_flag_sperre.cpp.o
[1981/2515] Building CXX object tests/unit/CMakeFiles/test_t6_biss_sichtbarkeits_wache.dir/test_t6_biss_sichtbarkeits_wache.cpp.o
[1982/2515] Building CXX object tests/unit/CMakeFiles/test_naht1_mess_visitor_biss.dir/test_naht1_mess_visitor_biss.cpp.o
[1983/2515] Building CXX object tests/unit/CMakeFiles/test_lg_xlsx_alt_nie_vernichten.dir/test_lg_xlsx_alt_nie_vernichten.cpp.o
[1984/2515] Linking C static library _ext_io_liburing/libcomdare_vendored_liburing.a
[1985/2515] Building CXX object tests/unit/CMakeFiles/test_warn2a_block_id_bidirektional.dir/test_warn2a_block_id_bidirektional.cpp.o
[1986/2515] Linking CXX static library lib/libgmock_main.a
[1987/2515] Linking CXX executable libs/cache_engine/builder/commands/tests/test_commands
[1988/2515] Linking CXX executable tools/ycsb_cli/ycsb_cli
[1989/2515] Building CXX object tests/unit/CMakeFiles/test_t6_biss_registrierungs_wache.dir/test_t6_biss_registrierungs_wache.cpp.o
[1990/2515] Linking CXX executable libs/cache_engine/builder/commands/tests/test_engine_adapters
[1991/2515] Building CXX object tests/unit/CMakeFiles/test_pa1_tote_ausnahme.dir/test_pa1_tote_ausnahme.cpp.o
[1992/2515] Linking CXX executable tools/latex_anhang/latex_anhang
[1993/2515] Linking CXX executable tools/p27_bundle_finder/p27_bundle_finder
[1994/2515] Linking CXX executable tools/best_binary_selector/best_binary_selector
[1995/2515] Linking CXX executable apps/cache_engine_builder/comdare-cache-engine-builder
[1996/2515] Linking CXX executable apps/f15_compare/comdare-f15-compare
[1997/2515] Linking CXX executable tools/mess_report/comdare-mess-report
[1998/2515] Linking CXX executable apps/perm_runner/perm_runner
[1999/2515] Linking CXX executable apps/h2_score_akte_tool/comdare-h2-score-akte
[2000/2515] Linking CXX executable tests/unit/test_cache_recommendation
[2001/2515] Linking CXX executable tests/unit/test_pressure_state
[2002/2515] Linking CXX executable tests/unit/test_cpuid_probe
[2003/2515] Linking CXX executable tests/unit/test_permutation_flags
[2004/2515] Linking CXX executable tests/unit/test_event_hierarchy
[2005/2515] Linking CXX executable tests/unit/test_decision_lambda_registry
[2006/2515] Linking CXX executable tests/unit/test_observer_registry
[2007/2515] Linking CXX executable tests/unit/test_decision_trees
[2008/2515] Linking CXX executable tests/unit/test_telemetry_strategies
[2009/2515] Linking CXX executable tests/unit/test_concurrency_disciplines
[2010/2515] Linking CXX executable tests/unit/test_cache_hierarchy_and_mode
[2011/2515] Building CXX object tests/unit/CMakeFiles/test_a9s4_skip_manifest.dir/test_a9s4_skip_manifest.cpp.o
[2012/2515] Linking CXX executable tests/unit/test_measurement_buffer
[2013/2515] Linking CXX executable tests/unit/test_sub_engines
[2014/2515] Linking CXX executable tests/unit/test_platform_concepts
[2015/2515] Linking CXX executable tests/unit/test_allocator_concepts
[2016/2515] Linking CXX executable tests/unit/test_config_durability
[2017/2515] Linking CXX executable tests/unit/test_abi_interface
[2018/2515] Linking CXX executable tests/unit/test_test_data_accumulation
[2019/2515] Linking CXX executable tests/unit/test_chaos_drift_gate
[2020/2515] Linking CXX executable tests/unit/test_benchmark_suite
[2021/2515] Building CXX object tests/unit/CMakeFiles/test_anker_marke_statt_ledgerzeile.dir/test_anker_marke_statt_ledgerzeile.cpp.o
[2022/2515] Linking CXX executable tests/unit/test_t15_drift_gate_messschleife
[2023/2515] Linking CXX executable tests/unit/test_workload_and_experiment
[2024/2515] Linking CXX executable tests/unit/test_codegen_from_profile
[2025/2515] Linking CXX executable tests/unit/test_builder_codegen
[2026/2515] Linking CXX executable tests/unit/test_ycsb_cli
[2027/2515] Linking CXX executable tests/unit/test_experiment_driver_v13
[2028/2515] Linking CXX executable tests/unit/test_latex_anhang
[2029/2515] Linking CXX executable tests/unit/test_permutation_sampling
[2030/2515] Linking CXX executable tests/unit/test_allocator_full_matrix
[2031/2515] Linking CXX executable tests/unit/test_rcu
[2032/2515] Linking CXX executable tests/unit/test_module_loader
[2033/2515] Linking CXX executable tests/unit/test_rcu_concurrency
[2034/2515] Linking CXX executable tests/unit/test_succinct
[2035/2515] Linking CXX executable tests/unit/test_hbm_hierarchy
[2036/2515] Linking CXX executable tests/unit/test_v31_adapters
[2037/2515] Linking CXX executable tests/unit/test_v41_indexes
[2038/2515] Linking CXX executable tests/unit/test_v41_compositions
[2039/2515] Linking CXX executable tests/unit/test_v41_topic_queuing
[2040/2515] Linking CXX executable tests/unit/test_v41_topic_traversal
[2041/2515] Linking CXX executable tests/unit/test_ctsha512
[2042/2515] Linking CXX executable tests/unit/test_v41_paper_legacy_code
[2043/2515] Linking CXX executable tests/unit/test_v41_topics_fundament
[2044/2515] Linking CXX executable tests/unit/test_v41_topic_allocator_axis_06
[2045/2515] Linking CXX executable tests/unit/test_v41_anatomy
[2046/2515] Linking CXX executable tests/unit/test_v41_anatomy_r4_driver
[2047/2515] Linking CXX executable tests/unit/test_v41_axis_03a_cross_variant_equivalence
[2048/2515] Linking CXX executable tests/unit/test_ap7b_swiss_organ
[2049/2515] Linking CXX executable tests/unit/test_v41_tier_observe_trace
[2050/2515] Linking CXX executable tests/unit/test_ap7b3_swiss_isa_group_match
[2051/2515] Linking CXX executable tests/unit/test_ap8_hdr_histogram
[2052/2515] Linking CXX executable tests/unit/test_ap7_swisstable
[2053/2515] Linking CXX executable tests/unit/test_v41_anatomy_observer
[2054/2515] Linking CXX executable tests/unit/test_vampir_nfp_allocator
[2055/2515] Linking CXX executable tests/unit/test_v41_anatomy_pruefling_merge
[2056/2515] Linking CXX executable tests/unit/test_v41_anatomy_base
[2057/2515] Linking CXX executable tests/unit/test_v41_anatomy_module_abi
[2058/2515] Linking CXX executable tests/unit/test_v41_axis_03a_tier_organ_equivalence
[2059/2515] Linking CXX executable tests/unit/test_v41_anatomy_codegen
[2060/2515] Linking CXX executable tests/unit/test_v41_execution_engine
[2061/2515] Linking CXX executable tests/unit/test_v41_anatomy_multi_codegen
[2062/2515] Linking CXX executable tests/unit/test_v41_anatomy_module_loader
[2063/2515] Linking CXX executable tests/unit/test_v41_anatomy_codegen_tool_traits
[2064/2515] Linking CXX executable tests/unit/test_v41_anatomy_codegen_tool
[2065/2515] Linking CXX executable tests/unit/test_v41_search_algorithm_permutation_engine
[2066/2515] Linking CXX executable tests/unit/test_v41_axis_12_general_hardware
[2067/2515] Linking CXX executable tests/unit/test_v41_axis_05_memory_layout
[2068/2515] Linking CXX executable tests/unit/test_v41_axis_07_prefetch
[2069/2515] Linking CXX executable tests/unit/test_v41_anatomy_codegen_tool_mp_list
[2070/2515] Linking CXX executable tests/unit/test_v41_workload_generator
[2071/2515] Linking CXX executable tests/unit/test_v41_axis_11_telemetry
[2072/2515] Linking CXX executable tests/unit/test_v41_axis_10_serialization
[2073/2515] Linking CXX executable tests/unit/test_v41_axis_02_axis_04_nodes
[2074/2515] Linking CXX executable tests/unit/test_v41_axis_14_value_handle
[2075/2515] Linking CXX executable tests/unit/test_v41_axis_01_page_type
[2076/2515] Linking CXX executable tests/unit/test_v41_status_code
[2077/2515] Linking CXX executable tests/unit/test_v41_axis_08_concurrency
[2078/2515] Linking CXX executable tests/unit/test_v41_serialization_primitives
[2079/2515] Linking CXX executable tests/unit/test_v41_axis_filter_surf_organ
[2080/2515] Linking CXX executable tests/unit/test_v41_axis_filter_surf_louds_organ
[2081/2515] Linking CXX executable tests/unit/test_v41_pruefling_registry
[2082/2515] Linking CXX executable tests/unit/test_v41_axis_filter
[2083/2515] Linking CXX executable tests/unit/test_v41_axis_migration
[2084/2515] Linking CXX executable tests/unit/test_v41_axis_01_index_organization
[2085/2515] Linking CXX executable tests/unit/test_v41_axis_io
[2086/2515] Linking CXX executable tests/unit/test_v41_axis_09_isa
[2087/2515] Linking CXX executable tests/unit/test_v41_anatomy_r5i_configure_codegen
[2088/2515] Building CXX object tests/unit/CMakeFiles/test_k2_stufen_neutraler_loader.dir/test_k2_stufen_neutraler_loader.cpp.o
[2089/2515] Linking CXX executable tests/unit/test_v41_axis_09b_simd_extension
[2090/2515] Linking CXX executable tests/unit/test_v41_anatomy_f15_measurement
[2091/2515] Building CXX object tests/unit/CMakeFiles/test_lizenz_konsistenz.dir/test_lizenz_konsistenz.cpp.o
[2092/2515] Linking CXX executable tests/unit/test_v41_r5c3_isa_simd_cross_constraint
[2093/2515] Linking CXX executable tests/unit/test_v5_memento_axis
[2094/2515] Linking CXX executable tests/unit/test_v5_workload_orchestrator
[2095/2515] Linking CXX executable tests/unit/test_v41_anatomy_adhoc_codegen_macro
[2096/2515] Linking CXX executable tests/unit/test_v5_measurement_snapshot
[2097/2515] Linking CXX executable tests/unit/test_v5_conformance_gate
[2098/2515] Linking CXX executable tests/unit/test_v5_two_phase_driver
[2099/2515] Linking CXX executable tests/unit/test_v41_pruef_dock_search_algorithm
[2100/2515] Linking CXX executable tests/unit/test_d54_trace_schema
[2101/2515] Linking CXX executable tests/unit/test_heuristik_workload_cluster
[2102/2515] Linking CXX executable tests/unit/test_heuristik_spline_break_even
[2103/2515] Linking CXX executable tests/unit/test_d51_perzentil_kanon
[2104/2515] Linking CXX executable tests/unit/test_25_kanon_dataset_akten
[2105/2515] Linking CXX executable tests/unit/test_v5_disk_memento
[2106/2515] Linking CXX executable tests/unit/test_ap9_provenance_manifest
[2107/2515] Linking CXX executable tests/unit/test_ap13_thread_pinning
[2108/2515] Linking CXX executable tests/unit/test_v5_ycsb_op_set
[2109/2515] Linking CXX executable tests/unit/test_45_sosd_uint64_loader
[2110/2515] Linking CXX executable tests/unit/test_v41_codegen_type_name
[2111/2515] Linking CXX executable tests/unit/test_v5_ycsb_distribution
[2112/2515] Linking CXX executable tests/unit/test_184_dataset_loader_wiring
[2113/2515] Linking CXX executable tests/unit/test_ap10_dataset_akte
[2114/2515] Linking CXX executable tests/unit/test_v41_cache_engine_tools_facade
[2115/2515] Linking CXX executable tests/unit/test_v5_organ_memento
[2116/2515] Linking CXX executable tests/unit/test_v41_scan_range_organ
[2117/2515] Linking CXX executable tests/unit/test_v41_codegen_all_axes_umbrella
[2118/2515] Linking CXX executable tests/unit/test_d1_d2_selection
[2119/2515] Linking CXX executable tests/unit/test_v41_anatomy_adhoc_autobuilt_load
[2120/2515] Linking CXX executable tests/unit/test_d3_ceb_generator
[2121/2515] Linking CXX executable tests/unit/test_d7a_build_inspection
[2122/2515] Linking CXX executable tests/unit/test_v41_cache_engine_facade
[2123/2515] Linking CXX executable tests/unit/test_d7_build_variant
[2124/2515] Linking CXX executable tests/unit/test_pruef_only_gate
[2125/2515] Linking CXX executable tests/unit/test_d8_operability
[2126/2515] Linking CXX executable tests/unit/test_v41_anatomy_adhoc_dll_load
[2127/2515] Linking CXX executable tests/unit/test_d9_set_adapter
[2128/2515] Linking CXX executable tests/unit/test_d10_sequence
[2129/2515] Linking CXX executable tests/unit/test_d7b_definition_per_node
[2130/2515] Linking CXX executable tests/unit/test_d9_set
[2131/2515] Linking CXX executable tests/unit/test_genus_docks
[2132/2515] Linking CXX executable tests/unit/test_d13_runtime_measure
[2133/2515] Linking CXX executable tests/unit/test_d14b_perm_runner
[2134/2515] Linking CXX executable tests/unit/test_a1_load_profile_opmix
[2135/2515] Linking CXX executable tests/unit/test_d11_view
[2136/2515] Linking CXX executable tests/unit/test_d15_selection_filter_chain
[2137/2515] Linking CXX executable tests/unit/test_d12_virus
[2138/2515] Linking CXX executable tests/unit/test_d14c_e2e_pipeline
[2139/2515] Linking CXX executable tests/unit/test_cmd2_container_attribution
[2140/2515] Linking CXX executable tests/unit/test_d14_result_ingest
[2141/2515] Linking CXX executable tests/unit/test_allocator_profile_bestand
[2142/2515] Linking CXX executable tests/unit/test_container_genus
[2143/2515] Linking CXX executable tests/unit/test_d_v42_probe
[2144/2515] Linking CXX executable tests/unit/test_d_v42_memory_layout_observable
[2145/2515] Linking CXX executable tests/unit/test_d_v42_serialization_observable
[2146/2515] Linking CXX executable tests/unit/test_d_v42_telemetry_registry_observable
[2147/2515] Linking CXX executable tests/unit/test_d_v42_telemetry_observable
[2148/2515] Linking CXX executable tests/unit/test_d_v42_probe2
[2149/2515] Linking CXX executable tests/unit/test_container_dock
[2150/2515] Linking CXX executable tests/unit/test_axis_growth_policies
[2151/2515] Linking CXX executable tests/unit/test_axis_view_policies
[2152/2515] Linking CXX executable tests/unit/test_genus_permutation_engines
[2153/2515] Linking CXX executable tests/unit/test_e24_c1_organ_concept
[2154/2515] Linking CXX executable tests/unit/test_e24_c0_organ_concept
[2155/2515] Linking CXX executable tests/unit/test_d_v42_node_type_observable
[2156/2515] Linking CXX executable tests/unit/test_e24_c2_set_permutation_engine
[2157/2515] Linking CXX executable tests/unit/test_e24_c2_view_permutation_engine
[2158/2515] Linking CXX executable tests/unit/test_e24_c2_adapter_permutation_engine
[2159/2515] Linking CXX executable tests/unit/test_e24_c3_set_anatomy
[2160/2515] Linking CXX executable tests/unit/test_e24_c2_sequence_permutation_engine
[2161/2515] Linking CXX executable tests/unit/test_e24_c3_sequence_anatomy
[2162/2515] Linking CXX executable tests/unit/test_e24_c3_view_anatomy
[2163/2515] Linking CXX executable tests/unit/test_e24_c3_adapter_anatomy
[2164/2515] Linking CXX executable tests/unit/test_a8s3_sa_organ_member_vollstaendigkeit
[2165/2515] Linking CXX executable tests/unit/test_e24_c3_cross_genus
[2166/2515] Linking CXX executable tests/unit/test_e24_c5_fk8_genus_baupfad_d1
[2167/2515] Linking CXX executable tests/unit/test_e24_c6v_growth_statistics
[2168/2515] Linking CXX executable tests/unit/test_e24_c6v_view_statistics
[2169/2515] Linking CXX executable tests/unit/test_e24_c4_genus_conformance_gates
[2170/2515] Linking CXX executable tests/unit/test_e24_c6v_set_ehrlichkeit
[2171/2515] Linking CXX executable tests/unit/test_e24_c6_genus_observer_aggregate
[2172/2515] Linking CXX executable tests/unit/test_e24_c6_axis_row_writer
[2173/2515] Linking CXX executable tests/unit/test_s14_axis_version_lock_tripwire
[2174/2515] Linking CXX executable tests/unit/test_e24_c6v_inner_container_statistics
[2175/2515] Linking CXX executable tests/unit/test_e24_c6_sequence_wire_aggregate
[2176/2515] Linking CXX executable tests/unit/test_e24_c6_adapter_wire_aggregate
[2177/2515] Linking CXX executable tests/unit/test_e24_c6_set_wire_aggregate
[2178/2515] Linking CXX executable tests/unit/test_e24_c6_view_wire_aggregate
[2179/2515] Linking CXX executable tests/unit/test_e24_c6_set_algebra_abi
[2180/2515] Linking CXX executable tests/unit/test_e24_c7_gattung_map_umbenennung
[2181/2515] Linking CXX executable tests/unit/test_e24_c7_element_type_vertrag
[2182/2515] Building CXX object tests/unit/CMakeFiles/test_s3_ordnung_relation.dir/test_s3_ordnung_relation.cpp.o
[2183/2515] Linking CXX executable tests/unit/test_e24_c7_container_gattungs_kern
[2184/2515] Linking CXX executable tests/unit/test_q2_identitaets_riegel
[2185/2515] Linking CXX executable tests/unit/test_hy_f8_reroute
[2186/2515] Linking CXX executable tests/unit/test_e24_c7_symmetrie_und_benennung
[2187/2515] Linking CXX executable tests/unit/test_hy_a1_dock_contract
[2188/2515] Linking CXX executable tests/unit/test_hy_a1_attach_nur_array_include
[2189/2515] Linking CXX executable tests/unit/test_e24_c7_gattung_abi_sichtbar
[2190/2515] Linking CXX executable tests/unit/test_hy_a2_stempel_kette
[2191/2515] Linking CXX executable tests/unit/test_hy_a1_heuristik_adapter_gattung
[2192/2515] Linking CXX executable tests/unit/test_migration_two_tier
[2193/2515] Linking CXX executable tests/unit/test_seg_coverage
[2194/2515] Linking CXX executable tests/unit/test_e24_c5_fk7_dock_fehlerklassen
[2195/2515] Linking CXX executable tests/unit/test_e24_c4_genus_pruef_docks
[2196/2515] Linking CXX executable tests/unit/test_hy_a3_hybrid_config_parser
[2197/2515] Linking CXX executable tests/unit/test_value_handle_real
[2198/2515] Linking CXX executable tests/unit/test_filter_real_from_keys
[2199/2515] Linking CXX executable tests/unit/test_patricia_real
[2200/2515] Linking CXX executable tests/unit/test_a8s1_t17_vollzaehligkeit
[2201/2515] Linking CXX executable tests/unit/test_s5_04_execution_alloc_conformance
[2202/2515] Linking CXX executable tests/unit/test_prefetch_patha_t7
[2203/2515] Linking CXX executable tests/unit/test_s5_04_execution_perf_sanity
[2204/2515] Linking CXX executable tests/unit/test_s5_03_placement_alloc_conformance
[2205/2515] Linking CXX executable tests/unit/test_prefetch_real
[2206/2515] Linking CXX executable tests/unit/test_s5_01d_traversal_alloc_conformance
[2207/2515] Linking CXX executable tests/unit/test_a8s3_t17_stats_lesezeitpunkt
[2208/2515] Linking CXX executable tests/unit/test_s5_02a_layout_alloc_conformance
[2209/2515] Linking CXX executable tests/unit/test_prefetch_adversarial_verify
[2210/2515] Linking CXX executable tests/unit/test_s5_01a_pool_stores_perf_sanity
[2211/2515] Linking CXX executable tests/unit/test_s5_03_placement_perf_sanity
[2212/2515] Linking CXX executable tests/unit/test_s5_02a_layout_perf_sanity
[2213/2515] Linking CXX executable tests/unit/test_s5_01b_composable_perf_sanity
[2214/2515] Linking CXX executable tests/unit/test_s5_01d_traversal_perf_sanity
[2215/2515] Linking CXX executable tests/unit/test_s5_01b_composable_alloc_conformance
[2216/2515] Linking CXX executable tests/unit/test_s5_01a_pool_stores_alloc_conformance
[2217/2515] Linking CXX executable tests/unit/test_s5_05q_queuing_perf_sanity
[2218/2515] Linking CXX executable tests/unit/test_s5_01c_fassaden_conformance
[2219/2515] Linking CXX executable tests/unit/test_s5_02b_filter_perf_sanity
[2220/2515] Linking CXX executable tests/unit/test_h81_allocator_statistics_forwarder_recursion
[2221/2515] Linking CXX executable tests/unit/test_s5_02b_filter_alloc_conformance
[2222/2515] Linking CXX executable tests/unit/test_s5_05q_queuing_alloc_conformance
[2223/2515] Linking CXX executable tests/unit/test_cuckoo_eviction_correctness
[2224/2515] Linking CXX executable tests/unit/test_a1_wurf_vertrag_allokator_store
[2225/2515] Linking CXX executable tests/unit/test_hash_lookup_backward_shift
[2226/2515] Linking CXX executable tests/unit/test_cow_memento
[2227/2515] Linking CXX executable tests/unit/test_br1_full22_count
[2228/2515] Linking CXX executable tests/unit/test_h64_allocator_adapter_failure_contract
[2229/2515] Linking CXX executable tests/unit/test_br2_roundtrip
[2230/2515] Linking CXX executable tests/unit/test_scalloc_realloc_alignment
[2231/2515] Linking CXX executable tests/unit/test_br3_obs22
[2232/2515] Linking CXX executable tests/unit/test_cow_capable_wrappers
[2233/2515] Linking CXX executable tests/unit/test_clu_per_layout
[2234/2515] Linking CXX executable tests/unit/test_br2_descriptor_foundation
[2235/2515] Linking CXX executable tests/unit/test_genus_binding
[2236/2515] Linking CXX executable tests/unit/test_br1_subset
[2237/2515] Linking CXX executable tests/unit/test_br_kf15_real
[2238/2515] Linking CXX executable tests/unit/test_d4b_container_adapter
[2239/2515] Linking CXX executable tests/unit/test_kf5_cacheline_weave
[2240/2515] Linking CXX executable tests/unit/test_kf4_resource_control
[2241/2515] Linking CXX executable tests/unit/test_kf6_node_run_body
[2242/2515] Linking CXX executable tests/unit/test_kf8_ceb_generator
[2243/2515] Linking CXX executable tests/unit/test_genus_organ_binding
[2244/2515] Linking CXX executable tests/unit/test_kf10_repetition_plan
[2245/2515] Linking CXX executable tests/unit/test_kf7_runtime_loop
[2246/2515] Linking CXX executable tests/unit/test_kf11_telemetry_silent
[2247/2515] Linking CXX executable tests/unit/test_kf16_build_orchestrator
[2248/2515] Linking CXX executable tests/unit/test_kf16b_build_resilience
[2249/2515] Linking CXX executable tests/unit/test_w11_async_push_pump
[2250/2515] Linking CXX executable tests/unit/test_s5_artifact_cache_bounded
[2251/2515] Linking CXX executable tests/unit/test_kf9_experiment_tree
[2252/2515] Linking CXX executable tests/unit/test_kf15_inverse_signature
[2253/2515] Linking CXX executable tests/unit/test_kf12_kf13_slurm_prepare
[2254/2515] Linking CXX executable tests/unit/test_s1_cache_key_prefix
[2255/2515] Linking CXX executable tests/unit/test_e24_c10_g6_identitaets_bilanz
[2256/2515] Linking CXX executable tests/unit/test_w6_parallel_provision
[2257/2515] Linking CXX executable tests/unit/test_s2_pull_tier_binary
[2258/2515] Linking CXX executable tests/unit/test_e24_c9_fk5_fehlerraum
[2259/2515] Linking CXX executable tests/unit/test_45_parallel_measure_loop
[2260/2515] Linking CXX executable tests/unit/test_a15_fk4_organ_slot_traits
[2261/2515] Linking CXX executable tests/unit/test_resthygiene2_organ_fingerprint
[2262/2515] Linking CXX executable tests/unit/test_r2_suffix_wachen
[2263/2515] Linking CXX executable tests/unit/test_m8_storetrav_segment
[2264/2515] Linking CXX executable tests/unit/test_w10_c4_zellwert_naht
[2265/2515] Linking CXX executable tests/unit/test_all19_segment_timer
[2266/2515] Linking CXX executable tests/unit/test_br3_observer
[2267/2515] Linking CXX executable tests/unit/test_a15_fk3_axis_error_traits
[2268/2515] Building CXX object tests/unit/CMakeFiles/test_a9s5_ergebnis_mappe_naht.dir/test_a9s5_ergebnis_mappe_naht.cpp.o
[2269/2515] Linking CXX executable tests/unit/test_cache_mc_timeout
[2270/2515] Linking CXX executable tests/unit/test_fk6_algo_error_classes
[2271/2515] Linking CXX executable tests/unit/test_obs_phaseB_t11_t12_iso
[2272/2515] Building CXX object tests/unit/CMakeFiles/test_g2_semantik_duplikatverbot.dir/test_g2_semantik_duplikatverbot.cpp.o
[2273/2515] Linking CXX executable tests/unit/test_pathb_segment_timer
[2274/2515] Linking CXX executable tests/unit/test_obs_phaseB_pilot
[2275/2515] Linking CXX executable tests/unit/test_obs_phaseB_t14_t16
[2276/2515] Linking CXX executable tests/unit/test_obs_phaseB_t11_t12
[2277/2515] Linking CXX executable tests/unit/test_kf1_thesis_profile_parser
[2278/2515] Linking CXX executable tests/unit/test_v5_io_real_fixture
[2279/2515] Linking CXX executable tests/unit/test_winsorized_mean
[2280/2515] Linking CXX executable tests/unit/test_conformance_gate
[2281/2515] Linking CXX executable tests/unit/test_a8s4_release_pfad_neutralitaet
[2282/2515] Linking CXX executable tests/unit/test_a8s4_konstitutiv_kette
[2283/2515] Linking CXX executable tests/unit/test_segment_timer_differentiation
[2284/2515] Linking CXX executable tests/unit/test_d_v42_abi_telemetry_coupling
[2285/2515] Linking CXX executable tests/unit/test_188_4bb0_pool_organ_wide_key_conformance
[2286/2515] Linking CXX executable tests/unit/test_188_4bbV_pool_adapter_flip_compile
[2287/2515] Linking CXX executable tests/unit/test_obs_phaseA
[2288/2515] Linking CXX executable tests/unit/test_q1_lockfree_concurrency
[2289/2515] Linking CXX executable tests/unit/test_s7_1_bst_pool_allocator_deg
[2290/2515] Linking CXX executable tests/unit/test_ap15_2_get_allocator_proxy
[2291/2515] Linking CXX executable tests/unit/test_29_container_framework
[2292/2515] Linking CXX executable tests/unit/test_striktheit_axis_dach_guard
[2293/2515] Linking CXX executable tests/unit/test_phase_b_effective_search_algo_contrast
[2294/2515] Linking CXX executable tests/unit/test_striktheit_metaprog_guard
[2295/2515] Linking CXX executable tests/unit/test_striktheit_axes_guard
[2296/2515] Linking CXX executable tests/unit/test_ap15_3_driveable_map_contract
[2297/2515] Linking CXX executable tests/unit/test_234_va_shaped_adapter
[2298/2515] Linking CXX executable tests/unit/test_a14_os_sub_axes_guard
[2299/2515] Linking CXX executable tests/unit/test_striktheit_abi_pod_guard
[2300/2515] Linking CXX executable tests/unit/test_s7_2_btree_pool_allocator_deg
[2301/2515] Linking CXX executable tests/unit/test_meta_meta_halbordnung
[2302/2515] Linking CXX executable tests/unit/test_axis_error_taxonomy
[2303/2515] Linking CXX executable tests/unit/test_234_vb_rest_families_shaped
[2304/2515] Linking CXX executable tests/unit/test_rf3_betriebssystem_feature_fehlt
[2305/2515] Linking CXX executable tests/unit/test_s7_4_hash_pool_allocator_deg
[2306/2515] Linking CXX executable tests/unit/test_s7_6_hot_pool_allocator_deg
[2307/2515] Building CXX object tests/unit/CMakeFiles/test_s3_ordnung_freigabe.dir/test_s3_ordnung_freigabe.cpp.o
[2308/2515] Linking CXX executable tests/unit/test_s7_8_wormhole_pool_allocator_deg
[2309/2515] Linking CXX executable tests/unit/test_striktheit_scan_kernel_purity
[2310/2515] Linking CXX executable tests/unit/test_s7_10_swiss_pool_allocator_deg
[2311/2515] Linking CXX executable tests/unit/test_234_f3_bst_shape
[2312/2515] Linking CXX executable tests/unit/test_s7_5_art_pool_allocator_deg
[2313/2515] Linking CXX executable tests/unit/test_cmd1_a_axis_command_base
[2314/2515] Linking CXX executable tests/unit/test_s7_3_skip_list_pool_allocator_deg
[2315/2515] Linking CXX executable tests/unit/test_s7_7_start_pool_allocator_deg
[2316/2515] Linking CXX executable tests/unit/test_234_f4_hash_probe_shape
[2317/2515] Linking CXX executable tests/unit/test_188_4a_eytzinger_organ
[2318/2515] Linking CXX executable tests/unit/test_s7_9_surf_pool_allocator_deg
[2319/2515] Linking CXX executable tests/unit/test_234_f1_btree_order_shape
[2320/2515] Linking CXX executable tests/unit/test_216h2_stat_reset_after_load
[2321/2515] Linking CXX executable tests/unit/test_234_f2_skip_list_shape
[2322/2515] Linking CXX executable tests/unit/test_abi_adapter_g3_batch2
[2323/2515] Linking CXX executable tests/unit/test_harness_compile
[2324/2515] Linking CXX executable tests/unit/test_217_2a_capacity_guard
[2325/2515] Linking CXX executable tests/unit/test_188_4cii_flat_wrapper_traversal
[2326/2515] Linking CXX executable tests/unit/test_221_rc_prefetch_distance
[2327/2515] Linking CXX executable tests/unit/m3v2_pmc_smoke
[2328/2515] Linking CXX executable tests/unit/test_188_4c0_known_compositions_conformance
[2329/2515] Linking CXX executable tests/unit/test_lagp2_messwert_genus
[2330/2515] Linking CXX executable tests/unit/test_e1_contract_rc_konsum
[2331/2515] Linking CXX executable tests/unit/test_mt_l3_wide_schema_orakel
[2332/2515] Linking CXX executable tests/unit/test_tp1_planer_filter_iterator
[2333/2515] Linking CXX executable tests/unit/test_vor_push_gate
[2334/2515] Linking CXX executable tests/unit/test_w5_status_reader
[2335/2515] Linking CXX executable tests/unit/test_f3_lager_key_provider_iterator
[2336/2515] Linking CXX executable tests/unit/test_a5_eta_slice_verdrahtung
[2337/2515] Linking CXX executable tests/unit/test_b3_schema_freeze_stufe1
[2338/2515] Building CXX object tests/unit/CMakeFiles/test_vs_taxonomie_klassen_grep.dir/test_vs_taxonomie_klassen_grep.cpp.o
[2339/2515] Linking CXX executable tests/unit/test_experiment_dock_payload
[2340/2515] Linking CXX executable tests/unit/test_lg_skip_callback_null
[2341/2515] Linking CXX executable tests/unit/test_progress_delta
[2342/2515] Linking CXX executable tests/unit/test_lazy_resume_binary
[2343/2515] Linking CXX executable tests/unit/test_profile_coverage
[2344/2515] Linking CXX executable tests/unit/test_axis_sweep_coverage
[2345/2515] Linking CXX executable tests/unit/test_measurement_categories
[2346/2515] Linking CXX executable tests/unit/test_axis_kind_wire_totalitaet
[2347/2515] Linking CXX executable tests/unit/test_experiment_projection
[2348/2515] Linking CXX executable tests/unit/test_axis_kind_kategorien_zuordnung
[2349/2515] Linking CXX executable tests/unit/test_gn_cell_filter
[2350/2515] Linking CXX executable tests/unit/test_merge_plan_directive
[2351/2515] Linking CXX executable tests/unit/test_org18_persistence_target
[2352/2515] Linking CXX executable tests/unit/test_ap2_katalog_pfad_stubfrei
[2353/2515] Linking CXX executable tests/unit/test_smoke_coverage_profile
[2354/2515] Linking CXX executable tests/unit/test_experiment_kern_seam
[2355/2515] Linking CXX executable tests/unit/test_wdk_datasets_fairness
[2356/2515] Linking CXX executable tests/unit/test_sota_st2_dedup
[2357/2515] Linking CXX executable tests/unit/test_validate_profile
[2358/2515] Linking CXX executable tests/unit/test_e24_c10_g5_lade_wache
[2359/2515] Linking CXX executable tests/unit/test_h2_score_akte
[2360/2515] Linking CXX executable tests/unit/test_experiment_parser
[2361/2515] Linking CXX executable tests/unit/test_d13_dll_runtime_measure
[2362/2515] Linking CXX executable tests/unit/test_cacheline_policy_selector
[2363/2515] Linking CXX executable tests/unit/test_e24_c10_genus_dll_roundtrip
[2364/2515] Linking CXX executable tests/unit/linux_perf_pmc_smoke
[2365/2515] Linking CXX executable tests/unit/test_dgenus_dll
[2366/2515] Linking CXX executable tests/unit/test_buildvariant_dll
[2367/2515] Linking CXX executable tests/unit/test_kf3_cacheline_subaxis
[2368/2515] Linking CXX executable tests/unit/test_adhoc_buildvariant_dll
[2369/2515] Linking CXX executable tests/unit/test_d4b_container_dll
[2370/2515] Linking CXX executable tests/unit/test_ap5_simd_extension_coherence
[2371/2515] Linking CXX executable tests/unit/test_fb_alloc_hw_subaxis
[2372/2515] Linking CXX executable tests/unit/test_load_profile_writer
[2373/2515] Linking CXX executable tests/unit/test_w3_mess_interface_testate_dock
[2374/2515] Linking CXX executable tests/unit/test_t1_system_achsen_eine_entscheidung
[2375/2515] Linking CXX executable tests/unit/test_a9b_active_deklaration_inert
[2376/2515] Linking CXX executable tests/unit/test_w3_mess_interface_testate_biss
[2377/2515] Linking CXX executable tests/unit/test_hybrid_spline_selector_scaffold
[2378/2515] Linking CXX executable tests/unit/test_e4_contract_xml_to_axislevels
[2379/2515] Linking CXX executable tests/unit/test_best_binary_selector_parse_rank
[2380/2515] Linking CXX executable tests/unit/test_ff2_node_width_subaxis
[2381/2515] Linking CXX executable tests/unit/test_p2_ram_probe_chain
[2382/2515] Linking CXX executable tests/unit/test_e2_contract_abi_vertrag
[2383/2515] Linking CXX executable tests/unit/test_p2_ram_identity_verdict
[2384/2515] Linking CXX executable tests/unit/test_e3_contract_binary_id_bijektion
[2385/2515] Linking CXX executable tests/unit/test_e3_contract_conformance_gate_wirksam
[2386/2515] Linking CXX executable tests/unit/test_m_contract_system_axis_wurzel
[2387/2515] Linking CXX executable tests/unit/test_p3_boot_cache_dmi
[2388/2515] Linking CXX executable tests/unit/test_p1_spd_ddr5_parser
[2389/2515] Linking CXX executable tests/unit/test_m_simd_feature_flag_catalog
[2390/2515] Linking CXX executable tests/unit/test_o4_machine_identity
[2391/2515] Linking CXX executable tests/unit/test_d4_ceb_schluessel_wahl
[2392/2515] Linking CXX executable tests/unit/test_os_u3_probe
[2393/2515] Linking CXX executable tests/unit/test_lagz1_lager_schluessel_simd
[2394/2515] Linking CXX executable tests/unit/test_od10_numa_page_probe
[2395/2515] Linking CXX executable tests/unit/test_od11_numa_cpu_pin_process_probe
[2396/2515] Linking CXX executable tests/unit/test_g1_binary_version_stamp
[2397/2515] Linking CXX executable tests/unit/test_b3_wallclock_erbe_ct
[2398/2515] Linking CXX executable tests/unit/test_c3a_gate_scharfschaltung
[2399/2515] Linking CXX executable tests/unit/test_c3b_kanal_merge_beleg
[2400/2515] Linking CXX executable tests/unit/test_d2_mess_konsistenz_gate
[2401/2515] Linking CXX executable tests/unit/test_m_w12_stamp_bausteine
[2402/2515] Linking CXX executable tests/unit/test_w10_system_cell_values
[2403/2515] Linking CXX executable tests/unit/test_progress_heartbeat
[2404/2515] Linking CXX executable tests/unit/test_b2_mess_gate_trennung
[2405/2515] Linking CXX executable tests/unit/test_w2_combo_ct_stamp
[2406/2515] Linking CXX executable tests/unit/test_simd_field_sum_dispatch
[2407/2515] Linking CXX executable tests/unit/test_b5_pmc_ehrlichkeit_alle_sieben
[2408/2515] Linking CXX executable tests/unit/test_simd_field_sum_dispatch_avx2
[2409/2515] Linking CXX executable tests/unit/test_m1_mess_achsen_wirkung
[2410/2515] Linking CXX executable tests/unit/test_simd_add_u64_carry_avx2
[2411/2515] Linking CXX executable tests/unit/test_b2_gate_zustand_g2an_g3aus
[2412/2515] Linking CXX executable tests/unit/test_parser_konsolidierung
[2413/2515] Linking CXX executable tests/unit/test_r3_mess_gates_spiegel
[2414/2515] Linking CXX executable tests/unit/test_m1h_stufen_und_pmc_wache
[2415/2515] Linking CXX executable tests/unit/test_r3_mess_gate_fingerprint_biss
[2416/2515] Linking CXX executable tests/unit/test_phase6_vorbau
[2417/2515] Linking CXX executable tests/unit/test_simd_add_u64_carry_avx512
[2418/2515] Linking CXX executable tests/unit/test_reflect_versions_all17
[2419/2515] Linking CXX executable tests/unit/test_a1_algo_version_pin_alloc_axis
[2420/2515] Linking CXX executable tests/unit/test_simd_field_sum_dispatch_avx512
[2421/2515] Linking CXX executable tests/unit/test_g3_bestandslog_document
[2422/2515] Linking CXX executable tests/unit/test_simd_add_u64_carry
[2423/2515] Linking CXX executable tests/unit/test_a5_eta_kalibrierung
[2424/2515] Linking CXX executable tests/unit/test_g3_writer_backend_io_uring
[2425/2515] Linking CXX executable tests/unit/test_reflect_versions_all_registered
[2426/2515] Linking CXX executable tests/unit/test_bvset_teilmenge
[2427/2515] Linking CXX executable tests/unit/test_planner_version_flag_grammatik
[2428/2515] Linking CXX executable tests/unit/test_g3_builder_registration
[2429/2515] Linking CXX executable tests/unit/test_g3_reservation_lifecycle
[2430/2515] Linking CXX executable tests/unit/test_g3_takeover_sweep
[2431/2515] Linking CXX executable tests/unit/test_g3_eta_estimator
[2432/2515] Linking CXX executable tests/unit/test_g3_ram_spool_writer
[2433/2515] Linking CXX executable tests/unit/test_g3_bestandslog_lock
[2434/2515] Linking CXX executable tests/unit/test_g3_batch_planner
[2435/2515] Linking CXX executable tests/unit/test_g2_variant_sidecar
[2436/2515] Linking CXX executable tests/unit/test_g3_lager_presence
[2437/2515] Linking CXX executable tests/unit/test_lb0_lager_pfad_grammatik
[2438/2515] Linking CXX executable tests/unit/test_g3_artifact_cache_transport
[2439/2515] Linking CXX executable tests/unit/test_a2_sha512_skip_gate
[2440/2515] Linking CXX executable tests/unit/test_a8s3_csv_klasse_c
[2441/2515] Linking CXX executable tests/unit/test_ge3_messwert_genus_und_ziel
[2442/2515] Linking CXX executable tests/unit/test_g3_prune
[2443/2515] Linking CXX executable tests/unit/test_lb1_knoten_heuristik_log
[2444/2515] Linking CXX executable tests/unit/test_g3_sha512_index
[2445/2515] Linking CXX executable tests/unit/test_fk1_nicht_gebaut_marker
[2446/2515] Linking CXX executable tests/unit/test_m1hb_observer_zellen_ehrlich
[2447/2515] Linking CXX executable tests/unit/test_p_cacheline_store_line_source
[2448/2515] Linking CXX executable tests/unit/test_ge1_claim_check_und_sidecar
[2449/2515] Linking CXX executable tests/unit/test_b14_abi_adapter_line_subaxis_paths
[2450/2515] Linking CXX executable tests/unit/test_g3_planer_driven
[2451/2515] Linking CXX executable tests/unit/test_a9s3_ergebnis_mappe_csv
[2452/2515] Linking CXX executable tests/unit/test_rf2_admission_marker_inert
[2453/2515] Linking CXX executable tests/unit/test_a9_xlsx_vendor_rauchtest
[2454/2515] Linking CXX executable tests/unit/test_e04_slice_marker
[2455/2515] Linking CXX executable tests/unit/test_b14_layout_scan_line_subaxis
[2456/2515] Linking CXX executable tests/unit/test_a9s3_mess_ebene_blattsorte
[2457/2515] Linking CXX executable tests/unit/test_d2_abdeckungs_wache_nenner
[2458/2515] Linking CXX executable tests/unit/test_d3_6_realm_selektor_produktionsablage
[2459/2515] Linking CXX executable tests/unit/test_a9s3_writeback_method_xlsx
[2460/2515] Linking CXX executable tests/unit/test_a9s4_dynamic_axis_filter
[2461/2515] Linking CXX executable tests/unit/test_a9s4_skip_manifest
[2462/2515] Linking CXX executable tests/unit/test_ms1_arenen_kein_alloc_im_fenster
[2463/2515] Linking CXX executable tests/unit/test_ms2_pre_touch_seitenfehler
[2464/2515] Linking CXX executable tests/unit/test_mt_l4_registrierungs_wache_isa
[2465/2515] Linking CXX executable tests/unit/test_check_size_mengenrechnung
[2466/2515] Linking CXX executable tests/unit/test_a9s3_xlsx_ergebnis_writer
[2467/2515] Linking CXX executable tests/unit/test_check_size_cli_deckel
[2468/2515] Linking CXX executable tests/unit/test_hyg_kumulativer_bereich
[2469/2515] Linking CXX executable tests/unit/test_a9s4_realm_scan_stale
[2470/2515] Linking CXX executable tests/unit/test_a9s4_mess_report_render
[2471/2515] Linking CXX executable tests/unit/test_d55_hdr_verdrahtung
[2472/2515] Linking CXX executable tests/unit/test_naht1_mess_visitor_biss
[2473/2515] Linking CXX executable tests/unit/test_flaeche3_deckung_ceb_aus_tier_an
[2474/2515] Linking CXX executable tests/unit/test_lg_xlsx_alt_nie_vernichten
[2475/2515] Linking CXX executable tests/unit/test_warn1_d2_fingerprint_koeder
[2476/2515] Linking CXX executable tests/unit/test_ck1_messkette_koeder
[2477/2515] Linking CXX executable tests/unit/test_t6_wachen_inventar
[2478/2515] Linking CXX executable tests/unit/test_a9s5_ergebnis_mappe_naht
[2479/2515] Linking CXX executable tests/unit/test_lizenz_konsistenz
[2480/2515] Linking CXX executable tests/unit/test_warn2a_block_id_bidirektional
[2481/2515] Linking CXX executable tests/unit/test_t6_biss_registrierungs_wache
[2482/2515] Linking CXX executable tests/unit/test_vs_taxonomie_klassen_grep
[2483/2515] Linking CXX executable tests/unit/test_pa1_tote_ausnahme
[2484/2515] Linking CXX executable tests/unit/test_s3_ordnung_relation
[2485/2515] Linking CXX executable tests/unit/test_t6_biss_sichtbarkeits_wache
[2486/2515] Linking CXX executable tests/unit/test_s3_ordnung_freigabe
[2487/2515] Linking CXX executable tests/unit/test_d2g1_ctest_registrierung
[2488/2515] Linking CXX executable tests/unit/test_t6_biss_achsen_roundtrip_wache
[2489/2515] Linking CXX executable tests/unit/test_k2_stufen_neutraler_loader
[2490/2515] Linking CXX executable tests/unit/test_anker_marke_statt_ledgerzeile
[2491/2515] Linking CXX executable tests/unit/test_vl3_debug_flag_sperre
[2492/2515] Linking CXX executable tests/unit/test_g2_semantik_duplikatverbot
[2493/2515] Building CXX object tests/unit/CMakeFiles/test_experiment_plan_director.dir/thesis_tiere/test_experiment_plan_director.cpp.o
[2494/2515] Building CXX object tests/unit/CMakeFiles/test_s1_stempel_basis_vertrag.dir/test_s1_stempel_basis_vertrag.cpp.o
[2495/2515] Linking CXX executable tests/unit/test_experiment_plan_director
[2496/2515] Linking CXX executable tests/unit/test_s1_stempel_basis_vertrag
[2497/2515] Building CXX object tests/unit/CMakeFiles/test_s6c_kategorien_ordnung_zwei_welten.dir/test_s6c_kategorien_ordnung_zwei_welten.cpp.o
[2498/2515] Linking CXX executable tests/unit/test_s6c_kategorien_ordnung_zwei_welten
[2499/2515] Building CXX object tests/unit/CMakeFiles/test_stempel_zulassung_bruecke.dir/test_stempel_zulassung_bruecke.cpp.o
[2500/2515] Linking CXX executable tests/unit/test_stempel_zulassung_bruecke
[2501/2515] Building CXX object tests/unit/CMakeFiles/test_w0b_durchstich_kette.dir/test_w0b_durchstich_kette.cpp.o
[2502/2515] Linking CXX executable tests/unit/test_w0b_durchstich_kette
[2503/2515] Building CXX object tests/unit/CMakeFiles/test_stempel_vollbestand_registry.dir/test_stempel_vollbestand_registry.cpp.o
[2504/2515] Linking CXX executable tests/unit/test_stempel_vollbestand_registry
[2505/2515] Building CXX object tests/unit/CMakeFiles/test_ph89_paper_prueflinge.dir/test_ph89_paper_prueflinge.cpp.o
[2506/2515] Linking CXX executable tests/unit/test_ph89_paper_prueflinge
[2507/2515] Building CXX object tests/unit/CMakeFiles/test_limits_entkopplung_vorstufe.dir/test_limits_entkopplung_vorstufe.cpp.o
[2508/2515] Linking CXX executable tests/unit/test_limits_entkopplung_vorstufe
[2509/2515] Building CXX object tests/unit/CMakeFiles/test_lazy_adhoc_source_gen.dir/test_lazy_adhoc_source_gen.cpp.o
[2510/2515] Linking CXX executable tests/unit/test_lazy_adhoc_source_gen
[2511/2515] Building CXX object tests/unit/CMakeFiles/test_t2a_f4_facade_plan_durchreichung.dir/test_t2a_f4_facade_plan_durchreichung.cpp.o
[2512/2515] Linking CXX executable tests/unit/test_t2a_f4_facade_plan_durchreichung
[2513/2515] Building CXX object tests/unit/CMakeFiles/test_d37b_modus_riegel.dir/test_d37b_modus_riegel.cpp.o
[2514/2515] Linking CXX executable tests/unit/test_d37b_modus_riegel
ALL-RC=0
