[0/2] Re-checking globbed directories...
[1/2444] Generating CXX dyndep file tools/overlay_source_hash_gen/CMakeFiles/comdare_overlay_source_hash_gen.dir/CXX.dd
[2/2442] comdare E-E: Overlay-Quell-Hash (Glied [7] des Tier-Fingerprints)
[overlay_source_hash_gen] 712 Dateien, 3420405 Bytes, sha512=9c3a0bb29a31a523... (unveraendert)
[3/2422] Generating CXX dyndep file libs/cache_engine/builder/anatomy_module_loader/CMakeFiles/comdare_anatomy_module_loader.dir/CXX.dd
[4/2420] Generating CXX dyndep file apps/is_original_validator/CMakeFiles/is_original_validator.dir/CXX.dd
[5/2331] Generating CXX dyndep file libs/common/serialization/xml_config_parser/CMakeFiles/comdare_builder_xml_config_parser.dir/CXX.dd
[6/2329] Generating CXX dyndep file libs/cache_engine/builder/workload_driver/CMakeFiles/comdare_workload_driver.dir/CXX.dd
[7/2327] Generating CXX dyndep file libs/test_infra/workload_generator/CMakeFiles/comdare_workload_generator.dir/CXX.dd
[8/2325] Generating CXX dyndep file libs/cache_engine/builder/permutation_loop/CMakeFiles/comdare_builder_permutation_loop.dir/CXX.dd
[9/2323] Generating CXX dyndep file libs/cache_engine/builder/module_loader/CMakeFiles/comdare_module_loader.dir/CXX.dd
[10/2321] Generating CXX dyndep file libs/cache_engine/builder/lager_ablage/CMakeFiles/comdare_lager_ablage.dir/CXX.dd
[11/2319] Generating CXX dyndep file libs/cache_engine/builder/codegen/CMakeFiles/comdare_builder_codegen.dir/CXX.dd
[12/2317] Generating CXX dyndep file libs/execution_engine/CMakeFiles/comdare_experiment.dir/CXX.dd
[13/2315] Generating CXX dyndep file libs/cache_engine/builder/experiment_runner/CMakeFiles/comdare_builder_experiment_runner.dir/CXX.dd
[14/2313] Generating CXX dyndep file libs/cache_engine/builder/experiment_driver/CMakeFiles/comdare_builder_experiment_driver.dir/CXX.dd
[15/2311] Generating CXX dyndep file tools/ycsb_cli/CMakeFiles/comdare_ycsb_cli_lib.dir/CXX.dd
[16/2309] Generating CXX dyndep file tools/latex_anhang/CMakeFiles/comdare_latex_anhang_lib.dir/CXX.dd
[17/2307] Generating CXX dyndep file tests/unit/CMakeFiles/comdare_perm_mock_test.dir/CXX.dd
[18/2305] Generating CXX dyndep file tests/unit/CMakeFiles/perm_buildvariant_real_avx512.dir/CXX.dd
[19/2303] Generating CXX dyndep file tests/unit/CMakeFiles/perm_buildvariant_real_avx2.dir/CXX.dd
[20/2301] Generating CXX dyndep file tools/ycsb_cli/CMakeFiles/comdare_ycsb_cli.dir/CXX.dd
[21/2299] Generating CXX dyndep file tools/latex_anhang/CMakeFiles/comdare_latex_anhang.dir/CXX.dd
[22/2297] Generating CXX dyndep file tools/p27_bundle_finder/CMakeFiles/p27_bundle_finder.dir/CXX.dd
[23/2295] Generating CXX dyndep file tools/best_binary_selector/CMakeFiles/comdare_best_binary_selector.dir/CXX.dd
[24/2292] Generating CXX dyndep file tools/mess_report/CMakeFiles/comdare_mess_report.dir/CXX.dd
[25/2290] Generating CXX dyndep file apps/catalog_codegen_tool/CMakeFiles/comdare_catalog_codegen_cli.dir/CXX.dd
[26/2282] Generating CXX dyndep file tools/axis_registry_gen/CMakeFiles/comdare_axis_registry_gen.dir/CXX.dd
[27/2280] Generating CXX dyndep file tools/measurement_axis_registry_gen/CMakeFiles/comdare_measurement_axis_registry_gen.dir/CXX.dd
[28/2278] Generating CXX dyndep file tools/axis_version_lock/CMakeFiles/comdare_axis_version_lock.dir/CXX.dd
[29/2276] Generating CXX dyndep file tools/system_axis_registry_gen/CMakeFiles/comdare_system_axis_registry_gen.dir/CXX.dd
[30/2274] Generating CXX dyndep file apps/experiment_planner/CMakeFiles/comdare_experiment_planner.dir/CXX.dd
[31/2273] Scanning /home/comdare/Projekte/Research/probst-diplomarbeit-cache-engine/Code/external/comdare-cache-engine/build-dbg-clang/generated/anatomy_modules_multi/anatomy_perm_anatomy_multi_pilot_3.cpp for CXX dependencies
[32/2273] Scanning /home/comdare/Projekte/Research/probst-diplomarbeit-cache-engine/Code/external/comdare-cache-engine/build-dbg-clang/generated/anatomy_modules_multi/anatomy_perm_anatomy_multi_pilot_4.cpp for CXX dependencies
[33/2273] Scanning /home/comdare/Projekte/Research/probst-diplomarbeit-cache-engine/Code/external/comdare-cache-engine/build-dbg-clang/generated/anatomy_modules_multi/anatomy_perm_anatomy_multi_pilot_0.cpp for CXX dependencies
[34/2273] Scanning /home/comdare/Projekte/Research/probst-diplomarbeit-cache-engine/Code/external/comdare-cache-engine/build-dbg-clang/generated/anatomy_modules_multi/anatomy_perm_anatomy_multi_pilot_5.cpp for CXX dependencies
[35/2273] Scanning /home/comdare/Projekte/Research/probst-diplomarbeit-cache-engine/Code/external/comdare-cache-engine/build-dbg-clang/generated/anatomy_modules_multi/anatomy_perm_anatomy_multi_pilot_1.cpp for CXX dependencies
[36/2273] Scanning /home/comdare/Projekte/Research/probst-diplomarbeit-cache-engine/Code/external/comdare-cache-engine/build-dbg-clang/generated/r5i_anatomy_modules/anatomy_perm_r5i_configure_pilot_2.cpp for CXX dependencies
[37/2273] Scanning /home/comdare/Projekte/Research/probst-diplomarbeit-cache-engine/Code/external/comdare-cache-engine/build-dbg-clang/generated/f15_measurement_modules/anatomy_perm_f15_measurement_pilot_0.cpp for CXX dependencies
[38/2273] Scanning /home/comdare/Projekte/Research/probst-diplomarbeit-cache-engine/Code/external/comdare-cache-engine/build-dbg-clang/generated/r5i_anatomy_modules/anatomy_perm_r5i_configure_pilot_0.cpp for CXX dependencies
[39/2273] Scanning /home/comdare/Projekte/Research/probst-diplomarbeit-cache-engine/Code/external/comdare-cache-engine/build-dbg-clang/generated/anatomy_modules/anatomy_perm_hot_pilot.cpp for CXX dependencies
[40/2273] Scanning /home/comdare/Projekte/Research/probst-diplomarbeit-cache-engine/Code/external/comdare-cache-engine/build-dbg-clang/generated/anatomy_modules/anatomy_perm_wormhole_pilot.cpp for CXX dependencies
[41/2273] Scanning /home/comdare/Projekte/Research/probst-diplomarbeit-cache-engine/Code/external/comdare-cache-engine/build-dbg-clang/generated/r5i_anatomy_modules/anatomy_perm_r5i_configure_pilot_1.cpp for CXX dependencies
[42/2273] Scanning /home/comdare/Projekte/Research/probst-diplomarbeit-cache-engine/Code/external/comdare-cache-engine/build-dbg-clang/generated/f15_measurement_modules/anatomy_perm_f15_measurement_pilot_1.cpp for CXX dependencies
[43/2273] Scanning /home/comdare/Projekte/Research/probst-diplomarbeit-cache-engine/Code/external/comdare-cache-engine/build-dbg-clang/generated/r5g_autobuilt_modules/comdare_anatomy_perm_auto_11.cpp for CXX dependencies
[44/2273] Scanning /home/comdare/Projekte/Research/probst-diplomarbeit-cache-engine/Code/external/comdare-cache-engine/build-dbg-clang/generated/r5g_autobuilt_modules/comdare_anatomy_perm_auto_0.cpp for CXX dependencies
[45/2273] Scanning /home/comdare/Projekte/Research/probst-diplomarbeit-cache-engine/Code/external/comdare-cache-engine/build-dbg-clang/generated/anatomy_modules_multi/anatomy_perm_anatomy_multi_pilot_2.cpp for CXX dependencies
[46/2273] Scanning /home/comdare/Projekte/Research/probst-diplomarbeit-cache-engine/Code/external/comdare-cache-engine/build-dbg-clang/generated/r5g_autobuilt_modules/comdare_anatomy_perm_auto_13.cpp for CXX dependencies
[47/2273] Scanning /home/comdare/Projekte/Research/probst-diplomarbeit-cache-engine/Code/external/comdare-cache-engine/build-dbg-clang/generated/r5g_autobuilt_modules/comdare_anatomy_perm_auto_1.cpp for CXX dependencies
[48/2273] Scanning /home/comdare/Projekte/Research/probst-diplomarbeit-cache-engine/Code/external/comdare-cache-engine/build-dbg-clang/generated/r5g_autobuilt_modules/comdare_anatomy_perm_auto_12.cpp for CXX dependencies
[49/2273] Scanning /home/comdare/Projekte/Research/probst-diplomarbeit-cache-engine/Code/external/comdare-cache-engine/build-dbg-clang/generated/r5g_autobuilt_modules/comdare_anatomy_perm_auto_10.cpp for CXX dependencies
[50/2273] Scanning /home/comdare/Projekte/Research/probst-diplomarbeit-cache-engine/Code/external/comdare-cache-engine/build-dbg-clang/generated/r5g_autobuilt_modules/comdare_anatomy_perm_auto_14.cpp for CXX dependencies
[51/2273] Scanning /home/comdare/Projekte/Research/probst-diplomarbeit-cache-engine/Code/external/comdare-cache-engine/libs/cache_engine/profile_facade/profile_run_facade.cpp for CXX dependencies
[52/2273] Generating CXX dyndep file libs/cache_engine/profile_facade/CMakeFiles/comdare_profile_run_facade.dir/CXX.dd
[53/2273] Scanning /home/comdare/Projekte/Research/probst-diplomarbeit-cache-engine/Code/external/comdare-cache-engine/build-dbg-clang/generated/r5g_autobuilt_modules/comdare_anatomy_perm_auto_15.cpp for CXX dependencies
[54/2273] Scanning /home/comdare/Projekte/Research/probst-diplomarbeit-cache-engine/Code/external/comdare-cache-engine/build-dbg-clang/generated/r5g_autobuilt_modules/comdare_anatomy_perm_auto_16.cpp for CXX dependencies
[55/2273] Scanning /home/comdare/Projekte/Research/probst-diplomarbeit-cache-engine/Code/external/comdare-cache-engine/build-dbg-clang/generated/r5g_autobuilt_modules/comdare_anatomy_perm_auto_25.cpp for CXX dependencies
[56/2273] Scanning /home/comdare/Projekte/Research/probst-diplomarbeit-cache-engine/Code/external/comdare-cache-engine/build-dbg-clang/generated/r5g_autobuilt_modules/comdare_anatomy_perm_auto_17.cpp for CXX dependencies
[57/2273] Scanning /home/comdare/Projekte/Research/probst-diplomarbeit-cache-engine/Code/external/comdare-cache-engine/build-dbg-clang/generated/r5g_autobuilt_modules/comdare_anatomy_perm_auto_18.cpp for CXX dependencies
[58/2273] Scanning /home/comdare/Projekte/Research/probst-diplomarbeit-cache-engine/Code/external/comdare-cache-engine/build-dbg-clang/generated/r5g_autobuilt_modules/comdare_anatomy_perm_auto_19.cpp for CXX dependencies
[59/2273] Scanning /home/comdare/Projekte/Research/probst-diplomarbeit-cache-engine/Code/external/comdare-cache-engine/build-dbg-clang/generated/r5g_autobuilt_modules/comdare_anatomy_perm_auto_2.cpp for CXX dependencies
[60/2273] Scanning /home/comdare/Projekte/Research/probst-diplomarbeit-cache-engine/Code/external/comdare-cache-engine/build-dbg-clang/generated/r5g_autobuilt_modules/comdare_anatomy_perm_auto_20.cpp for CXX dependencies
[61/2273] Scanning /home/comdare/Projekte/Research/probst-diplomarbeit-cache-engine/Code/external/comdare-cache-engine/build-dbg-clang/generated/r5g_autobuilt_modules/comdare_anatomy_perm_auto_26.cpp for CXX dependencies
[62/2273] Scanning /home/comdare/Projekte/Research/probst-diplomarbeit-cache-engine/Code/external/comdare-cache-engine/build-dbg-clang/generated/r5g_autobuilt_modules/comdare_anatomy_perm_auto_31.cpp for CXX dependencies
[63/2273] Scanning /home/comdare/Projekte/Research/probst-diplomarbeit-cache-engine/Code/external/comdare-cache-engine/build-dbg-clang/generated/r5g_autobuilt_modules/comdare_anatomy_perm_auto_27.cpp for CXX dependencies
[64/2273] Scanning /home/comdare/Projekte/Research/probst-diplomarbeit-cache-engine/Code/external/comdare-cache-engine/build-dbg-clang/generated/r5g_autobuilt_modules/comdare_anatomy_perm_auto_23.cpp for CXX dependencies
[65/2273] Scanning /home/comdare/Projekte/Research/probst-diplomarbeit-cache-engine/Code/external/comdare-cache-engine/build-dbg-clang/generated/r5g_autobuilt_modules/comdare_anatomy_perm_auto_22.cpp for CXX dependencies
[66/2273] Scanning /home/comdare/Projekte/Research/probst-diplomarbeit-cache-engine/Code/external/comdare-cache-engine/build-dbg-clang/generated/r5g_autobuilt_modules/comdare_anatomy_perm_auto_24.cpp for CXX dependencies
[67/2273] Scanning /home/comdare/Projekte/Research/probst-diplomarbeit-cache-engine/Code/external/comdare-cache-engine/build-dbg-clang/generated/r5g_autobuilt_modules/comdare_anatomy_perm_auto_30.cpp for CXX dependencies
[68/2273] Scanning /home/comdare/Projekte/Research/probst-diplomarbeit-cache-engine/Code/external/comdare-cache-engine/build-dbg-clang/generated/r5g_autobuilt_modules/comdare_anatomy_perm_auto_21.cpp for CXX dependencies
[69/2273] Scanning /home/comdare/Projekte/Research/probst-diplomarbeit-cache-engine/Code/external/comdare-cache-engine/build-dbg-clang/generated/r5g_autobuilt_modules/comdare_anatomy_perm_auto_29.cpp for CXX dependencies
[70/2273] Scanning /home/comdare/Projekte/Research/probst-diplomarbeit-cache-engine/Code/external/comdare-cache-engine/build-dbg-clang/generated/r5g_autobuilt_modules/comdare_anatomy_perm_auto_3.cpp for CXX dependencies
[71/2273] Scanning /home/comdare/Projekte/Research/probst-diplomarbeit-cache-engine/Code/external/comdare-cache-engine/build-dbg-clang/generated/r5g_autobuilt_modules/comdare_anatomy_perm_auto_28.cpp for CXX dependencies
[72/2273] Scanning /home/comdare/Projekte/Research/probst-diplomarbeit-cache-engine/Code/external/comdare-cache-engine/build-dbg-clang/generated/r5g_autobuilt_modules/comdare_anatomy_perm_auto_32.cpp for CXX dependencies
[73/2273] Scanning /home/comdare/Projekte/Research/probst-diplomarbeit-cache-engine/Code/external/comdare-cache-engine/build-dbg-clang/generated/r5g_autobuilt_modules/comdare_anatomy_perm_auto_35.cpp for CXX dependencies
[74/2273] Scanning /home/comdare/Projekte/Research/probst-diplomarbeit-cache-engine/Code/external/comdare-cache-engine/build-dbg-clang/generated/r5g_autobuilt_modules/comdare_anatomy_perm_auto_38.cpp for CXX dependencies
[75/2273] Scanning /home/comdare/Projekte/Research/probst-diplomarbeit-cache-engine/Code/external/comdare-cache-engine/build-dbg-clang/generated/r5g_autobuilt_modules/comdare_anatomy_perm_auto_44.cpp for CXX dependencies
[76/2273] Scanning /home/comdare/Projekte/Research/probst-diplomarbeit-cache-engine/Code/external/comdare-cache-engine/build-dbg-clang/generated/r5g_autobuilt_modules/comdare_anatomy_perm_auto_33.cpp for CXX dependencies
[77/2273] Scanning /home/comdare/Projekte/Research/probst-diplomarbeit-cache-engine/Code/external/comdare-cache-engine/build-dbg-clang/generated/r5g_autobuilt_modules/comdare_anatomy_perm_auto_34.cpp for CXX dependencies
[78/2273] Scanning /home/comdare/Projekte/Research/probst-diplomarbeit-cache-engine/Code/external/comdare-cache-engine/build-dbg-clang/generated/r5g_autobuilt_modules/comdare_anatomy_perm_auto_41.cpp for CXX dependencies
[79/2273] Scanning /home/comdare/Projekte/Research/probst-diplomarbeit-cache-engine/Code/external/comdare-cache-engine/build-dbg-clang/generated/r5g_autobuilt_modules/comdare_anatomy_perm_auto_42.cpp for CXX dependencies
[80/2273] Generating CXX dyndep file libs/cache_engine/builder/anatomy_codegen_tool/CMakeFiles/comdare_anatomy_codegen_tool.dir/CXX.dd
[81/2271] Scanning /home/comdare/Projekte/Research/probst-diplomarbeit-cache-engine/Code/external/comdare-cache-engine/build-dbg-clang/generated/r5g_autobuilt_modules/comdare_anatomy_perm_auto_40.cpp for CXX dependencies
[82/2271] Scanning /home/comdare/Projekte/Research/probst-diplomarbeit-cache-engine/Code/external/comdare-cache-engine/build-dbg-clang/generated/r5g_autobuilt_modules/comdare_anatomy_perm_auto_37.cpp for CXX dependencies
[83/2271] Scanning /home/comdare/Projekte/Research/probst-diplomarbeit-cache-engine/Code/external/comdare-cache-engine/build-dbg-clang/generated/r5g_autobuilt_modules/comdare_anatomy_perm_auto_4.cpp for CXX dependencies
[84/2271] Scanning /home/comdare/Projekte/Research/probst-diplomarbeit-cache-engine/Code/external/comdare-cache-engine/build-dbg-clang/generated/r5g_autobuilt_modules/comdare_anatomy_perm_auto_39.cpp for CXX dependencies
[85/2271] Scanning /home/comdare/Projekte/Research/probst-diplomarbeit-cache-engine/Code/external/comdare-cache-engine/build-dbg-clang/generated/r5g_autobuilt_modules/comdare_anatomy_perm_auto_36.cpp for CXX dependencies
[86/2271] Scanning /home/comdare/Projekte/Research/probst-diplomarbeit-cache-engine/Code/external/comdare-cache-engine/build-dbg-clang/generated/r5g_autobuilt_modules/comdare_anatomy_perm_auto_5.cpp for CXX dependencies
[87/2271] Scanning /home/comdare/Projekte/Research/probst-diplomarbeit-cache-engine/Code/external/comdare-cache-engine/build-dbg-clang/generated/r5g_autobuilt_modules/comdare_anatomy_perm_auto_46.cpp for CXX dependencies
[88/2271] Scanning /home/comdare/Projekte/Research/probst-diplomarbeit-cache-engine/Code/external/comdare-cache-engine/build-dbg-clang/generated/r5g_autobuilt_modules/comdare_anatomy_perm_auto_43.cpp for CXX dependencies
[89/2271] Scanning /home/comdare/Projekte/Research/probst-diplomarbeit-cache-engine/Code/external/comdare-cache-engine/build-dbg-clang/generated/r5g_autobuilt_modules/comdare_anatomy_perm_auto_47.cpp for CXX dependencies
[90/2271] Scanning /home/comdare/Projekte/Research/probst-diplomarbeit-cache-engine/Code/external/comdare-cache-engine/build-dbg-clang/generated/r5g_autobuilt_modules/comdare_anatomy_perm_auto_45.cpp for CXX dependencies
[91/2271] Scanning /home/comdare/Projekte/Research/probst-diplomarbeit-cache-engine/Code/external/comdare-cache-engine/libs/cache_engine/builder/commands/tests/test_commands.cpp for CXX dependencies
[92/2271] Scanning /home/comdare/Projekte/Research/probst-diplomarbeit-cache-engine/Code/external/comdare-cache-engine/build-dbg-clang/generated/r5g_autobuilt_modules/comdare_anatomy_perm_auto_7.cpp for CXX dependencies
[93/2271] Scanning /home/comdare/Projekte/Research/probst-diplomarbeit-cache-engine/Code/external/comdare-cache-engine/build-dbg-clang/generated/r5g_autobuilt_modules/comdare_anatomy_perm_auto_8.cpp for CXX dependencies
[94/2271] Scanning /home/comdare/Projekte/Research/probst-diplomarbeit-cache-engine/Code/external/comdare-cache-engine/build-dbg-clang/generated/r5g_autobuilt_modules/comdare_anatomy_perm_auto_6.cpp for CXX dependencies
[95/2271] Scanning /home/comdare/Projekte/Research/probst-diplomarbeit-cache-engine/Code/external/comdare-cache-engine/build-dbg-clang/generated/r5g_autobuilt_modules/comdare_anatomy_perm_auto_9.cpp for CXX dependencies
[96/2271] Scanning /home/comdare/Projekte/Research/probst-diplomarbeit-cache-engine/Code/external/comdare-cache-engine/libs/cache_engine/builder/commands/tests/test_engine_adapters.cpp for CXX dependencies
[97/2271] Scanning /home/comdare/Projekte/Research/probst-diplomarbeit-cache-engine/Code/external/comdare-cache-engine/tests/unit/test_decision_lambda_registry.cpp for CXX dependencies
[98/2271] Scanning /home/comdare/Projekte/Research/probst-diplomarbeit-cache-engine/Code/external/comdare-cache-engine/tests/unit/test_permutation_flags.cpp for CXX dependencies
[99/2271] Scanning /home/comdare/Projekte/Research/probst-diplomarbeit-cache-engine/Code/external/comdare-cache-engine/tests/unit/test_cpuid_probe.cpp for CXX dependencies
[100/2271] Scanning /home/comdare/Projekte/Research/probst-diplomarbeit-cache-engine/Code/external/comdare-cache-engine/tests/unit/test_pressure_state.cpp for CXX dependencies
[101/2271] Scanning /home/comdare/Projekte/Research/probst-diplomarbeit-cache-engine/Code/external/comdare-cache-engine/tests/unit/test_event_hierarchy.cpp for CXX dependencies
[102/2271] Scanning /home/comdare/Projekte/Research/probst-diplomarbeit-cache-engine/Code/external/comdare-cache-engine/tests/unit/test_observer_registry.cpp for CXX dependencies
[103/2271] Scanning /home/comdare/Projekte/Research/probst-diplomarbeit-cache-engine/Code/external/comdare-cache-engine/tests/unit/test_cache_recommendation.cpp for CXX dependencies
[104/2271] Scanning /home/comdare/Projekte/Research/probst-diplomarbeit-cache-engine/Code/external/comdare-cache-engine/tests/unit/test_decision_trees.cpp for CXX dependencies
[105/2271] Scanning /home/comdare/Projekte/Research/probst-diplomarbeit-cache-engine/Code/external/comdare-cache-engine/apps/f15_compare/main.cpp for CXX dependencies
[106/2271] Scanning /home/comdare/Projekte/Research/probst-diplomarbeit-cache-engine/Code/external/comdare-cache-engine/tests/unit/test_concurrency_disciplines.cpp for CXX dependencies
[107/2271] Scanning /home/comdare/Projekte/Research/probst-diplomarbeit-cache-engine/Code/external/comdare-cache-engine/tests/unit/test_allocator_concepts.cpp for CXX dependencies
[108/2271] Scanning /home/comdare/Projekte/Research/probst-diplomarbeit-cache-engine/Code/external/comdare-cache-engine/tests/unit/test_sub_engines.cpp for CXX dependencies
[109/2271] Scanning /home/comdare/Projekte/Research/probst-diplomarbeit-cache-engine/Code/external/comdare-cache-engine/tests/unit/test_measurement_buffer.cpp for CXX dependencies
[110/2271] Scanning /home/comdare/Projekte/Research/probst-diplomarbeit-cache-engine/Code/external/comdare-cache-engine/tests/unit/test_telemetry_strategies.cpp for CXX dependencies
[111/2271] Scanning /home/comdare/Projekte/Research/probst-diplomarbeit-cache-engine/Code/external/comdare-cache-engine/tests/unit/test_platform_concepts.cpp for CXX dependencies
[112/2271] Scanning /home/comdare/Projekte/Research/probst-diplomarbeit-cache-engine/Code/external/comdare-cache-engine/tests/unit/test_config_durability.cpp for CXX dependencies
[113/2271] Scanning /home/comdare/Projekte/Research/probst-diplomarbeit-cache-engine/Code/external/comdare-cache-engine/tests/unit/test_cache_hierarchy_and_mode.cpp for CXX dependencies
[114/2271] Scanning /home/comdare/Projekte/Research/probst-diplomarbeit-cache-engine/Code/external/comdare-cache-engine/tests/unit/test_ycsb_cli.cpp for CXX dependencies
[115/2271] Scanning /home/comdare/Projekte/Research/probst-diplomarbeit-cache-engine/Code/external/comdare-cache-engine/tests/unit/test_abi_interface.cpp for CXX dependencies
[116/2271] Scanning /home/comdare/Projekte/Research/probst-diplomarbeit-cache-engine/Code/external/comdare-cache-engine/tests/unit/test_chaos_drift_gate.cpp for CXX dependencies
[117/2271] Scanning /home/comdare/Projekte/Research/probst-diplomarbeit-cache-engine/Code/external/comdare-cache-engine/tests/unit/test_test_data_accumulation.cpp for CXX dependencies
[118/2271] Scanning /home/comdare/Projekte/Research/probst-diplomarbeit-cache-engine/Code/external/comdare-cache-engine/tests/unit/test_allocator_full_matrix.cpp for CXX dependencies
[119/2271] Scanning /home/comdare/Projekte/Research/probst-diplomarbeit-cache-engine/Code/external/comdare-cache-engine/tests/unit/test_workload_and_experiment.cpp for CXX dependencies
[120/2271] Scanning /home/comdare/Projekte/Research/probst-diplomarbeit-cache-engine/Code/external/comdare-cache-engine/tests/unit/test_benchmark_suite.cpp for CXX dependencies
[121/2271] Scanning /home/comdare/Projekte/Research/probst-diplomarbeit-cache-engine/Code/external/comdare-cache-engine/tests/unit/test_latex_anhang.cpp for CXX dependencies
[122/2271] Scanning /home/comdare/Projekte/Research/probst-diplomarbeit-cache-engine/Code/external/comdare-cache-engine/tests/unit/test_permutation_sampling.cpp for CXX dependencies
[123/2271] Scanning /home/comdare/Projekte/Research/probst-diplomarbeit-cache-engine/Code/external/comdare-cache-engine/tests/unit/test_builder_codegen.cpp for CXX dependencies
[124/2271] Scanning /home/comdare/Projekte/Research/probst-diplomarbeit-cache-engine/Code/external/comdare-cache-engine/tests/unit/test_succinct.cpp for CXX dependencies
[125/2271] Scanning /home/comdare/Projekte/Research/probst-diplomarbeit-cache-engine/Code/external/comdare-cache-engine/tests/unit/test_codegen_from_profile.cpp for CXX dependencies
[126/2271] Scanning /home/comdare/Projekte/Research/probst-diplomarbeit-cache-engine/Code/external/comdare-cache-engine/tests/unit/test_v31_adapters.cpp for CXX dependencies
[127/2271] Scanning /home/comdare/Projekte/Research/probst-diplomarbeit-cache-engine/Code/external/comdare-cache-engine/tests/unit/test_experiment_driver_v13.cpp for CXX dependencies
[128/2271] Scanning /home/comdare/Projekte/Research/probst-diplomarbeit-cache-engine/Code/external/comdare-cache-engine/tests/unit/test_v41_indexes.cpp for CXX dependencies
[129/2271] Scanning /home/comdare/Projekte/Research/probst-diplomarbeit-cache-engine/Code/external/comdare-cache-engine/tests/unit/test_rcu.cpp for CXX dependencies
[130/2271] Scanning /home/comdare/Projekte/Research/probst-diplomarbeit-cache-engine/Code/external/comdare-cache-engine/tests/unit/test_hbm_hierarchy.cpp for CXX dependencies
[131/2271] Scanning /home/comdare/Projekte/Research/probst-diplomarbeit-cache-engine/Code/external/comdare-cache-engine/tests/unit/test_rcu_concurrency.cpp for CXX dependencies
[132/2271] Scanning /home/comdare/Projekte/Research/probst-diplomarbeit-cache-engine/Code/external/comdare-cache-engine/tests/unit/test_module_loader.cpp for CXX dependencies
[133/2271] Scanning /home/comdare/Projekte/Research/probst-diplomarbeit-cache-engine/Code/external/comdare-cache-engine/tests/unit/test_ctsha512.cpp for CXX dependencies
[134/2271] Scanning /home/comdare/Projekte/Research/probst-diplomarbeit-cache-engine/Code/external/comdare-cache-engine/tests/unit/test_v41_topic_allocator_axis_06.cpp for CXX dependencies
[135/2271] Scanning /home/comdare/Projekte/Research/probst-diplomarbeit-cache-engine/Code/external/comdare-cache-engine/tests/unit/test_v41_paper_legacy_code.cpp for CXX dependencies
[136/2271] Scanning /home/comdare/Projekte/Research/probst-diplomarbeit-cache-engine/Code/external/comdare-cache-engine/tests/unit/test_v41_topic_queuing.cpp for CXX dependencies
[137/2271] Scanning /home/comdare/Projekte/Research/probst-diplomarbeit-cache-engine/Code/external/comdare-cache-engine/tests/unit/test_v41_anatomy_r4_driver.cpp for CXX dependencies
[138/2271] Generating CXX dyndep file tests/unit/CMakeFiles/anatomy_codegen_pilot_hot.dir/CXX.dd
[139/2271] Scanning /home/comdare/Projekte/Research/probst-diplomarbeit-cache-engine/Code/external/comdare-cache-engine/tests/unit/test_v41_compositions.cpp for CXX dependencies
[140/2271] Generating CXX dyndep file tests/unit/CMakeFiles/anatomy_codegen_pilot_wormhole_shared.dir/CXX.dd
[141/2271] Scanning /home/comdare/Projekte/Research/probst-diplomarbeit-cache-engine/Code/external/comdare-cache-engine/tests/unit/test_v41_topics_fundament.cpp for CXX dependencies
[142/2271] Generating CXX dyndep file tests/unit/CMakeFiles/anatomy_multi_pilot_0.dir/CXX.dd
[143/2271] Generating CXX dyndep file tests/unit/CMakeFiles/anatomy_multi_pilot_2.dir/CXX.dd
[144/2271] Generating CXX dyndep file tests/unit/CMakeFiles/anatomy_multi_pilot_1.dir/CXX.dd
[145/2271] Scanning /home/comdare/Projekte/Research/probst-diplomarbeit-cache-engine/Code/external/comdare-cache-engine/tests/unit/test_ap8_hdr_histogram.cpp for CXX dependencies
[146/2271] Generating CXX dyndep file tests/unit/CMakeFiles/anatomy_multi_pilot_3.dir/CXX.dd
[147/2271] Scanning /home/comdare/Projekte/Research/probst-diplomarbeit-cache-engine/Code/external/comdare-cache-engine/tests/unit/test_v41_topic_traversal.cpp for CXX dependencies
[148/2271] Generating CXX dyndep file tests/unit/CMakeFiles/anatomy_multi_pilot_5.dir/CXX.dd
[149/2271] Scanning /home/comdare/Projekte/Research/probst-diplomarbeit-cache-engine/Code/external/comdare-cache-engine/tests/unit/test_v41_tier_observe_trace.cpp for CXX dependencies
[150/2271] Generating CXX dyndep file tests/unit/CMakeFiles/anatomy_multi_pilot_4.dir/CXX.dd
[151/2271] Scanning /home/comdare/Projekte/Research/probst-diplomarbeit-cache-engine/Code/external/comdare-cache-engine/tests/unit/test_ap7b_swiss_organ.cpp for CXX dependencies
[152/2271] Scanning /home/comdare/Projekte/Research/probst-diplomarbeit-cache-engine/Code/external/comdare-cache-engine/tests/unit/test_v41_anatomy.cpp for CXX dependencies
[153/2271] Scanning /home/comdare/Projekte/Research/probst-diplomarbeit-cache-engine/Code/external/comdare-cache-engine/tests/unit/test_v41_anatomy_observer.cpp for CXX dependencies
[154/2271] Scanning /home/comdare/Projekte/Research/probst-diplomarbeit-cache-engine/Code/external/comdare-cache-engine/tests/unit/test_v41_axis_03a_cross_variant_equivalence.cpp for CXX dependencies
[155/2271] Scanning /home/comdare/Projekte/Research/probst-diplomarbeit-cache-engine/Code/external/comdare-cache-engine/tests/unit/test_v41_anatomy_pruefling_merge.cpp for CXX dependencies
[156/2271] Scanning /home/comdare/Projekte/Research/probst-diplomarbeit-cache-engine/Code/external/comdare-cache-engine/tests/unit/test_ap7_swisstable.cpp for CXX dependencies
[157/2271] Scanning /home/comdare/Projekte/Research/probst-diplomarbeit-cache-engine/Code/external/comdare-cache-engine/tests/unit/thesis_tiere/test_vampir_nfp_allocator.cpp for CXX dependencies
[158/2271] Scanning /home/comdare/Projekte/Research/probst-diplomarbeit-cache-engine/Code/external/comdare-cache-engine/tests/unit/test_v41_axis_03a_tier_organ_equivalence.cpp for CXX dependencies
[159/2271] Scanning /home/comdare/Projekte/Research/probst-diplomarbeit-cache-engine/Code/external/comdare-cache-engine/tests/unit/test_ap7b3_swiss_isa_group_match.cpp for CXX dependencies
[160/2271] Scanning /home/comdare/Projekte/Research/probst-diplomarbeit-cache-engine/Code/external/comdare-cache-engine/tests/unit/test_v41_anatomy_base.cpp for CXX dependencies
[161/2271] Scanning /home/comdare/Projekte/Research/probst-diplomarbeit-cache-engine/Code/external/comdare-cache-engine/tests/unit/test_v41_search_algorithm_permutation_engine.cpp for CXX dependencies
[162/2271] Scanning /home/comdare/Projekte/Research/probst-diplomarbeit-cache-engine/Code/external/comdare-cache-engine/tests/unit/test_v41_anatomy_codegen_tool.cpp for CXX dependencies
[163/2271] Scanning /home/comdare/Projekte/Research/probst-diplomarbeit-cache-engine/Code/external/comdare-cache-engine/tests/unit/test_v41_axis_11_telemetry.cpp for CXX dependencies
[164/2271] Scanning /home/comdare/Projekte/Research/probst-diplomarbeit-cache-engine/Code/external/comdare-cache-engine/tests/unit/test_v41_anatomy_module_abi.cpp for CXX dependencies
[165/2271] Scanning /home/comdare/Projekte/Research/probst-diplomarbeit-cache-engine/Code/external/comdare-cache-engine/tests/unit/test_v41_workload_generator.cpp for CXX dependencies
[166/2271] Scanning /home/comdare/Projekte/Research/probst-diplomarbeit-cache-engine/Code/external/comdare-cache-engine/tests/unit/test_v41_execution_engine.cpp for CXX dependencies
[167/2271] Scanning /home/comdare/Projekte/Research/probst-diplomarbeit-cache-engine/Code/external/comdare-cache-engine/tests/unit/test_v41_axis_10_serialization.cpp for CXX dependencies
[168/2271] Scanning /home/comdare/Projekte/Research/probst-diplomarbeit-cache-engine/Code/external/comdare-cache-engine/tests/unit/test_v41_anatomy_multi_codegen.cpp for CXX dependencies
[169/2271] Scanning /home/comdare/Projekte/Research/probst-diplomarbeit-cache-engine/Code/external/comdare-cache-engine/tests/unit/test_v41_axis_12_general_hardware.cpp for CXX dependencies
[170/2271] Scanning /home/comdare/Projekte/Research/probst-diplomarbeit-cache-engine/Code/external/comdare-cache-engine/tests/unit/test_v41_axis_07_prefetch.cpp for CXX dependencies
[171/2271] Scanning /home/comdare/Projekte/Research/probst-diplomarbeit-cache-engine/Code/external/comdare-cache-engine/tests/unit/test_v41_anatomy_codegen.cpp for CXX dependencies
[172/2271] Scanning /home/comdare/Projekte/Research/probst-diplomarbeit-cache-engine/Code/external/comdare-cache-engine/tests/unit/test_v41_anatomy_module_loader.cpp for CXX dependencies
[173/2271] Scanning /home/comdare/Projekte/Research/probst-diplomarbeit-cache-engine/Code/external/comdare-cache-engine/tests/unit/test_v41_status_code.cpp for CXX dependencies
[174/2271] Scanning /home/comdare/Projekte/Research/probst-diplomarbeit-cache-engine/Code/external/comdare-cache-engine/tests/unit/test_v41_anatomy_codegen_tool_mp_list.cpp for CXX dependencies
[175/2271] Scanning /home/comdare/Projekte/Research/probst-diplomarbeit-cache-engine/Code/external/comdare-cache-engine/tests/unit/test_v41_axis_05_memory_layout.cpp for CXX dependencies
[176/2271] Generating CXX dyndep file tests/unit/CMakeFiles/r5i_configure_pilot_0.dir/CXX.dd
[177/2271] Scanning /home/comdare/Projekte/Research/probst-diplomarbeit-cache-engine/Code/external/comdare-cache-engine/tests/unit/test_v41_axis_02_axis_04_nodes.cpp for CXX dependencies
[178/2271] Generating CXX dyndep file tests/unit/CMakeFiles/r5i_configure_pilot_1.dir/CXX.dd
[179/2271] Generating CXX dyndep file tests/unit/CMakeFiles/r5i_configure_pilot_2.dir/CXX.dd
[180/2271] Scanning /home/comdare/Projekte/Research/probst-diplomarbeit-cache-engine/Code/external/comdare-cache-engine/tests/unit/test_v41_axis_14_value_handle.cpp for CXX dependencies
[181/2271] Generating CXX dyndep file tests/unit/CMakeFiles/f15_measurement_pilot_0.dir/CXX.dd
[182/2271] Generating CXX dyndep file tests/unit/CMakeFiles/f15_measurement_pilot_1.dir/CXX.dd
[183/2271] Scanning /home/comdare/Projekte/Research/probst-diplomarbeit-cache-engine/Code/external/comdare-cache-engine/tests/unit/test_v41_anatomy_codegen_tool_traits.cpp for CXX dependencies
[184/2271] Scanning /home/comdare/Projekte/Research/probst-diplomarbeit-cache-engine/Code/external/comdare-cache-engine/tests/unit/test_v41_axis_08_concurrency.cpp for CXX dependencies
[185/2271] Scanning /home/comdare/Projekte/Research/probst-diplomarbeit-cache-engine/Code/external/comdare-cache-engine/tests/unit/test_v41_pruefling_registry.cpp for CXX dependencies
[186/2271] Scanning /home/comdare/Projekte/Research/probst-diplomarbeit-cache-engine/Code/external/comdare-cache-engine/tests/pruefling_fixture/test_pruefling_fixture_ladung.cpp for CXX dependencies
[187/2271] Scanning /home/comdare/Projekte/Research/probst-diplomarbeit-cache-engine/Code/external/comdare-cache-engine/tests/unit/test_v41_axis_01_index_organization.cpp for CXX dependencies
[188/2271] Scanning /home/comdare/Projekte/Research/probst-diplomarbeit-cache-engine/Code/external/comdare-cache-engine/tests/unit/test_v41_axis_filter.cpp for CXX dependencies
[189/2271] Scanning /home/comdare/Projekte/Research/probst-diplomarbeit-cache-engine/Code/external/comdare-cache-engine/tests/unit/test_v41_axis_filter_surf_organ.cpp for CXX dependencies
[190/2271] Scanning /home/comdare/Projekte/Research/probst-diplomarbeit-cache-engine/Code/external/comdare-cache-engine/tests/unit/test_v41_serialization_primitives.cpp for CXX dependencies
[191/2271] Scanning /home/comdare/Projekte/Research/probst-diplomarbeit-cache-engine/Code/external/comdare-cache-engine/tests/unit/test_v41_axis_io.cpp for CXX dependencies
[192/2271] Scanning /home/comdare/Projekte/Research/probst-diplomarbeit-cache-engine/Code/external/comdare-cache-engine/tests/unit/test_v41_axis_migration.cpp for CXX dependencies
[193/2271] Scanning /home/comdare/Projekte/Research/probst-diplomarbeit-cache-engine/Code/external/comdare-cache-engine/tests/unit/test_v41_axis_01_page_type.cpp for CXX dependencies
[194/2271] Scanning /home/comdare/Projekte/Research/probst-diplomarbeit-cache-engine/Code/external/comdare-cache-engine/tests/unit/test_v41_r5c3_isa_simd_cross_constraint.cpp for CXX dependencies
[195/2271] Scanning /home/comdare/Projekte/Research/probst-diplomarbeit-cache-engine/Code/external/comdare-cache-engine/tests/unit/test_v41_axis_09_isa.cpp for CXX dependencies
[196/2271] Scanning /home/comdare/Projekte/Research/probst-diplomarbeit-cache-engine/Code/external/comdare-cache-engine/tests/unit/test_v5_conformance_gate.cpp for CXX dependencies
[197/2271] Scanning /home/comdare/Projekte/Research/probst-diplomarbeit-cache-engine/Code/external/comdare-cache-engine/tests/unit/test_v41_axis_09b_simd_extension.cpp for CXX dependencies
[198/2271] Scanning /home/comdare/Projekte/Research/probst-diplomarbeit-cache-engine/Code/external/comdare-cache-engine/tests/unit/test_v41_axis_filter_surf_louds_organ.cpp for CXX dependencies
[199/2271] Scanning /home/comdare/Projekte/Research/probst-diplomarbeit-cache-engine/Code/external/comdare-cache-engine/tests/unit/test_v5_two_phase_driver.cpp for CXX dependencies
[200/2271] Scanning /home/comdare/Projekte/Research/probst-diplomarbeit-cache-engine/Code/external/comdare-cache-engine/tests/unit/test_v5_memento_axis.cpp for CXX dependencies
[201/2271] Scanning /home/comdare/Projekte/Research/probst-diplomarbeit-cache-engine/Code/external/comdare-cache-engine/tests/unit/test_v41_anatomy_r5i_configure_codegen.cpp for CXX dependencies
[202/2271] Scanning /home/comdare/Projekte/Research/probst-diplomarbeit-cache-engine/Code/external/comdare-cache-engine/tests/unit/test_d54_trace_schema.cpp for CXX dependencies
[203/2271] Scanning /home/comdare/Projekte/Research/probst-diplomarbeit-cache-engine/Code/external/comdare-cache-engine/tests/unit/test_v41_anatomy_f15_measurement.cpp for CXX dependencies
[204/2271] Scanning /home/comdare/Projekte/Research/probst-diplomarbeit-cache-engine/Code/external/comdare-cache-engine/tests/unit/test_heuristik_workload_cluster.cpp for CXX dependencies
[205/2271] Scanning /home/comdare/Projekte/Research/probst-diplomarbeit-cache-engine/Code/external/comdare-cache-engine/tests/unit/test_v5_workload_orchestrator.cpp for CXX dependencies
[206/2271] Scanning /home/comdare/Projekte/Research/probst-diplomarbeit-cache-engine/Code/external/comdare-cache-engine/tests/unit/test_v5_measurement_snapshot.cpp for CXX dependencies
[207/2271] Scanning /home/comdare/Projekte/Research/probst-diplomarbeit-cache-engine/Code/external/comdare-cache-engine/tests/unit/test_heuristik_spline_break_even.cpp for CXX dependencies
[208/2271] Generating CXX dyndep file tests/unit/CMakeFiles/comdare_r5g_adhoc_perm.dir/CXX.dd
[209/2269] Scanning /home/comdare/Projekte/Research/probst-diplomarbeit-cache-engine/Code/external/comdare-cache-engine/tests/unit/test_v41_pruef_dock_search_algorithm.cpp for CXX dependencies
[210/2269] Scanning /home/comdare/Projekte/Research/probst-diplomarbeit-cache-engine/Code/external/comdare-cache-engine/tests/unit/test_v5_disk_memento.cpp for CXX dependencies
[211/2269] Scanning /home/comdare/Projekte/Research/probst-diplomarbeit-cache-engine/Code/external/comdare-cache-engine/tests/unit/test_ap10_dataset_akte.cpp for CXX dependencies
[212/2269] Generating CXX dyndep file tests/unit/CMakeFiles/comdare_r5g_autobuilt_perm_0.dir/CXX.dd
[213/2269] Generating CXX dyndep file tests/unit/CMakeFiles/comdare_r5g_autobuilt_perm_1.dir/CXX.dd
[214/2269] Scanning /home/comdare/Projekte/Research/probst-diplomarbeit-cache-engine/Code/external/comdare-cache-engine/tests/unit/test_v5_ycsb_distribution.cpp for CXX dependencies
[215/2269] Generating CXX dyndep file tests/unit/CMakeFiles/comdare_r5g_autobuilt_perm_2.dir/CXX.dd
[216/2269] Scanning /home/comdare/Projekte/Research/probst-diplomarbeit-cache-engine/Code/external/comdare-cache-engine/tests/unit/test_v41_anatomy_adhoc_codegen_macro.cpp for CXX dependencies
[217/2269] Generating CXX dyndep file tests/unit/CMakeFiles/comdare_r5g_autobuilt_perm_3.dir/CXX.dd
[218/2269] Scanning /home/comdare/Projekte/Research/probst-diplomarbeit-cache-engine/Code/external/comdare-cache-engine/tests/unit/test_d51_perzentil_kanon.cpp for CXX dependencies
[219/2269] Generating CXX dyndep file tests/unit/CMakeFiles/comdare_r5g_autobuilt_perm_5.dir/CXX.dd
[220/2269] Generating CXX dyndep file tests/unit/CMakeFiles/comdare_r5g_autobuilt_perm_7.dir/CXX.dd
[221/2269] Generating CXX dyndep file tests/unit/CMakeFiles/comdare_r5g_autobuilt_perm_4.dir/CXX.dd
[222/2269] Generating CXX dyndep file tests/unit/CMakeFiles/comdare_r5g_autobuilt_perm_6.dir/CXX.dd
[223/2269] Generating CXX dyndep file tests/unit/CMakeFiles/comdare_r5g_autobuilt_perm_8.dir/CXX.dd
[224/2269] Generating CXX dyndep file tests/unit/CMakeFiles/comdare_r5g_autobuilt_perm_9.dir/CXX.dd
[225/2269] Scanning /home/comdare/Projekte/Research/probst-diplomarbeit-cache-engine/Code/external/comdare-cache-engine/tests/unit/test_25_kanon_dataset_akten.cpp for CXX dependencies
[226/2269] Generating CXX dyndep file tests/unit/CMakeFiles/comdare_r5g_autobuilt_perm_10.dir/CXX.dd
[227/2269] Generating CXX dyndep file tests/unit/CMakeFiles/comdare_r5g_autobuilt_perm_12.dir/CXX.dd
[228/2269] Generating CXX dyndep file tests/unit/CMakeFiles/comdare_r5g_autobuilt_perm_11.dir/CXX.dd
[229/2269] Generating CXX dyndep file tests/unit/CMakeFiles/comdare_r5g_autobuilt_perm_14.dir/CXX.dd
[230/2269] Generating CXX dyndep file tests/unit/CMakeFiles/comdare_r5g_autobuilt_perm_13.dir/CXX.dd
[231/2269] Generating CXX dyndep file tests/unit/CMakeFiles/comdare_r5g_autobuilt_perm_15.dir/CXX.dd
[232/2269] Generating CXX dyndep file tests/unit/CMakeFiles/comdare_r5g_autobuilt_perm_16.dir/CXX.dd
[233/2269] Generating CXX dyndep file tests/unit/CMakeFiles/comdare_r5g_autobuilt_perm_17.dir/CXX.dd
[234/2269] Generating CXX dyndep file tests/unit/CMakeFiles/comdare_r5g_autobuilt_perm_19.dir/CXX.dd
[235/2269] Generating CXX dyndep file tests/unit/CMakeFiles/comdare_r5g_autobuilt_perm_20.dir/CXX.dd
[236/2269] Generating CXX dyndep file tests/unit/CMakeFiles/comdare_r5g_autobuilt_perm_18.dir/CXX.dd
[237/2269] Generating CXX dyndep file tests/unit/CMakeFiles/comdare_r5g_autobuilt_perm_21.dir/CXX.dd
[238/2269] Generating CXX dyndep file tests/unit/CMakeFiles/comdare_r5g_autobuilt_perm_22.dir/CXX.dd
[239/2269] Scanning /home/comdare/Projekte/Research/probst-diplomarbeit-cache-engine/Code/external/comdare-cache-engine/tests/unit/test_184_dataset_loader_wiring.cpp for CXX dependencies
[240/2269] Generating CXX dyndep file tests/unit/CMakeFiles/comdare_r5g_autobuilt_perm_23.dir/CXX.dd
[241/2269] Generating CXX dyndep file tests/unit/CMakeFiles/comdare_r5g_autobuilt_perm_24.dir/CXX.dd
[242/2269] Generating CXX dyndep file tests/unit/CMakeFiles/comdare_r5g_autobuilt_perm_25.dir/CXX.dd
[243/2269] Generating CXX dyndep file tests/unit/CMakeFiles/comdare_r5g_autobuilt_perm_26.dir/CXX.dd
[244/2269] Generating CXX dyndep file tests/unit/CMakeFiles/comdare_r5g_autobuilt_perm_27.dir/CXX.dd
[245/2269] Generating CXX dyndep file tests/unit/CMakeFiles/comdare_r5g_autobuilt_perm_29.dir/CXX.dd
[246/2269] Generating CXX dyndep file tests/unit/CMakeFiles/comdare_r5g_autobuilt_perm_28.dir/CXX.dd
[247/2269] Scanning /home/comdare/Projekte/Research/probst-diplomarbeit-cache-engine/Code/external/comdare-cache-engine/tests/unit/test_ap13_thread_pinning.cpp for CXX dependencies
[248/2269] Scanning /home/comdare/Projekte/Research/probst-diplomarbeit-cache-engine/Code/external/comdare-cache-engine/tests/unit/test_ap9_provenance_manifest.cpp for CXX dependencies
[249/2269] Generating CXX dyndep file tests/unit/CMakeFiles/comdare_r5g_autobuilt_perm_30.dir/CXX.dd
[250/2269] Generating CXX dyndep file tests/unit/CMakeFiles/comdare_r5g_autobuilt_perm_31.dir/CXX.dd
[251/2269] Generating CXX dyndep file tests/unit/CMakeFiles/comdare_r5g_autobuilt_perm_32.dir/CXX.dd
[252/2269] Generating CXX dyndep file tests/unit/CMakeFiles/comdare_r5g_autobuilt_perm_33.dir/CXX.dd
[253/2269] Generating CXX dyndep file tests/unit/CMakeFiles/comdare_r5g_autobuilt_perm_35.dir/CXX.dd
[254/2269] Generating CXX dyndep file tests/unit/CMakeFiles/comdare_r5g_autobuilt_perm_34.dir/CXX.dd
[255/2269] Generating CXX dyndep file tests/unit/CMakeFiles/comdare_r5g_autobuilt_perm_36.dir/CXX.dd
[256/2269] Generating CXX dyndep file tests/unit/CMakeFiles/comdare_r5g_autobuilt_perm_37.dir/CXX.dd
[257/2269] Generating CXX dyndep file tests/unit/CMakeFiles/comdare_r5g_autobuilt_perm_40.dir/CXX.dd
[258/2269] Generating CXX dyndep file tests/unit/CMakeFiles/comdare_r5g_autobuilt_perm_38.dir/CXX.dd
[259/2269] Generating CXX dyndep file tests/unit/CMakeFiles/comdare_r5g_autobuilt_perm_39.dir/CXX.dd
[260/2269] Generating CXX dyndep file tests/unit/CMakeFiles/comdare_r5g_autobuilt_perm_41.dir/CXX.dd
[261/2269] Generating CXX dyndep file tests/unit/CMakeFiles/comdare_r5g_autobuilt_perm_42.dir/CXX.dd
[262/2269] Generating CXX dyndep file tests/unit/CMakeFiles/comdare_r5g_autobuilt_perm_44.dir/CXX.dd
[263/2269] Generating CXX dyndep file tests/unit/CMakeFiles/comdare_r5g_autobuilt_perm_45.dir/CXX.dd
[264/2269] Generating CXX dyndep file tests/unit/CMakeFiles/comdare_r5g_autobuilt_perm_43.dir/CXX.dd
[265/2269] Generating CXX dyndep file tests/unit/CMakeFiles/comdare_r5g_autobuilt_perm_46.dir/CXX.dd
[266/2269] Scanning /home/comdare/Projekte/Research/probst-diplomarbeit-cache-engine/Code/external/comdare-cache-engine/tests/unit/test_v5_ycsb_op_set.cpp for CXX dependencies
[267/2269] Generating CXX dyndep file tests/unit/CMakeFiles/comdare_r5g_autobuilt_perm_47.dir/CXX.dd
[268/2269] Scanning /home/comdare/Projekte/Research/probst-diplomarbeit-cache-engine/Code/external/comdare-cache-engine/tests/unit/test_v41_cache_engine_tools_facade.cpp for CXX dependencies
[269/2269] Scanning /home/comdare/Projekte/Research/probst-diplomarbeit-cache-engine/Code/external/comdare-cache-engine/tests/unit/test_45_sosd_uint64_loader.cpp for CXX dependencies
[270/2269] Scanning /home/comdare/Projekte/Research/probst-diplomarbeit-cache-engine/Code/external/comdare-cache-engine/tests/unit/test_v41_scan_range_organ.cpp for CXX dependencies
[271/2269] Scanning /home/comdare/Projekte/Research/probst-diplomarbeit-cache-engine/Code/external/comdare-cache-engine/tests/unit/test_v41_cache_engine_facade.cpp for CXX dependencies
[272/2269] Scanning /home/comdare/Projekte/Research/probst-diplomarbeit-cache-engine/Code/external/comdare-cache-engine/tests/unit/test_v41_anatomy_adhoc_dll_load.cpp for CXX dependencies
[273/2269] Scanning /home/comdare/Projekte/Research/probst-diplomarbeit-cache-engine/Code/external/comdare-cache-engine/tests/unit/test_v5_organ_memento.cpp for CXX dependencies
[274/2269] Scanning /home/comdare/Projekte/Research/probst-diplomarbeit-cache-engine/Code/external/comdare-cache-engine/tests/unit/test_ap15_3_driveable_map_contract.cpp for CXX dependencies
[275/2269] Scanning /home/comdare/Projekte/Research/probst-diplomarbeit-cache-engine/Code/external/comdare-cache-engine/tests/unit/test_v41_codegen_type_name.cpp for CXX dependencies
[276/2269] Scanning /home/comdare/Projekte/Research/probst-diplomarbeit-cache-engine/Code/external/comdare-cache-engine/tests/unit/test_pruef_only_gate.cpp for CXX dependencies
[277/2269] Scanning /home/comdare/Projekte/Research/probst-diplomarbeit-cache-engine/Code/external/comdare-cache-engine/tests/unit/test_hy_a1_attach_nur_array_include.cpp for CXX dependencies
[278/2269] Scanning /home/comdare/Projekte/Research/probst-diplomarbeit-cache-engine/Code/external/comdare-cache-engine/tests/unit/test_hy_a3_hybrid_config_parser.cpp for CXX dependencies
[279/2269] Scanning /home/comdare/Projekte/Research/probst-diplomarbeit-cache-engine/Code/external/comdare-cache-engine/tests/unit/test_hy_a1_heuristik_adapter_gattung.cpp for CXX dependencies
[280/2269] Scanning /home/comdare/Projekte/Research/probst-diplomarbeit-cache-engine/Code/external/comdare-cache-engine/tests/unit/test_striktheit_axis_dach_guard.cpp for CXX dependencies
[281/2269] Scanning /home/comdare/Projekte/Research/probst-diplomarbeit-cache-engine/Code/external/comdare-cache-engine/tests/unit/test_q2_identitaets_riegel.cpp for CXX dependencies
[282/2269] Scanning /home/comdare/Projekte/Research/probst-diplomarbeit-cache-engine/Code/external/comdare-cache-engine/tests/unit/test_hy_a1_dock_contract.cpp for CXX dependencies
[283/2269] Scanning /home/comdare/Projekte/Research/probst-diplomarbeit-cache-engine/Code/external/comdare-cache-engine/tests/unit/test_v41_anatomy_adhoc_autobuilt_load.cpp for CXX dependencies
[284/2269] Scanning /home/comdare/Projekte/Research/probst-diplomarbeit-cache-engine/Code/external/comdare-cache-engine/tests/unit/test_v41_codegen_all_axes_umbrella.cpp for CXX dependencies
[285/2269] Scanning /home/comdare/Projekte/Research/probst-diplomarbeit-cache-engine/Code/external/comdare-cache-engine/tests/unit/test_188_4bb0_pool_organ_wide_key_conformance.cpp for CXX dependencies
[286/2269] Scanning /home/comdare/Projekte/Research/probst-diplomarbeit-cache-engine/Code/external/comdare-cache-engine/tests/unit/test_hy_a2_stempel_kette.cpp for CXX dependencies
[287/2269] Scanning /home/comdare/Projekte/Research/probst-diplomarbeit-cache-engine/Code/external/comdare-cache-engine/tests/unit/test_a14_os_sub_axes_guard.cpp for CXX dependencies
[288/2269] Scanning /home/comdare/Projekte/Research/probst-diplomarbeit-cache-engine/Code/external/comdare-cache-engine/tests/unit/test_hy_f8_reroute.cpp for CXX dependencies
[289/2269] Scanning /home/comdare/Projekte/Research/probst-diplomarbeit-cache-engine/Code/external/comdare-cache-engine/tests/unit/test_29_container_framework.cpp for CXX dependencies
[290/2269] Scanning /home/comdare/Projekte/Research/probst-diplomarbeit-cache-engine/Code/external/comdare-cache-engine/tests/unit/test_ap15_2_get_allocator_proxy.cpp for CXX dependencies
[291/2269] Scanning /home/comdare/Projekte/Research/probst-diplomarbeit-cache-engine/Code/external/comdare-cache-engine/tests/unit/test_s7_1_bst_pool_allocator_deg.cpp for CXX dependencies
[292/2269] Scanning /home/comdare/Projekte/Research/probst-diplomarbeit-cache-engine/Code/external/comdare-cache-engine/tests/unit/test_striktheit_abi_pod_guard.cpp for CXX dependencies
[293/2269] Scanning /home/comdare/Projekte/Research/probst-diplomarbeit-cache-engine/Code/external/comdare-cache-engine/tests/unit/test_axis_error_taxonomy.cpp for CXX dependencies
[294/2269] Scanning /home/comdare/Projekte/Research/probst-diplomarbeit-cache-engine/Code/external/comdare-cache-engine/tests/unit/test_meta_meta_halbordnung.cpp for CXX dependencies
[295/2269] Scanning /home/comdare/Projekte/Research/probst-diplomarbeit-cache-engine/Code/external/comdare-cache-engine/tests/unit/test_s7_2_btree_pool_allocator_deg.cpp for CXX dependencies
[296/2269] Scanning /home/comdare/Projekte/Research/probst-diplomarbeit-cache-engine/Code/external/comdare-cache-engine/tests/unit/test_234_va_shaped_adapter.cpp for CXX dependencies
[297/2269] Scanning /home/comdare/Projekte/Research/probst-diplomarbeit-cache-engine/Code/external/comdare-cache-engine/tests/unit/test_striktheit_scan_kernel_purity.cpp for CXX dependencies
[298/2269] Scanning /home/comdare/Projekte/Research/probst-diplomarbeit-cache-engine/Code/external/comdare-cache-engine/tests/unit/test_striktheit_metaprog_guard.cpp for CXX dependencies
[299/2269] Scanning /home/comdare/Projekte/Research/probst-diplomarbeit-cache-engine/Code/external/comdare-cache-engine/tests/unit/test_s7_4_hash_pool_allocator_deg.cpp for CXX dependencies
[300/2269] Scanning /home/comdare/Projekte/Research/probst-diplomarbeit-cache-engine/Code/external/comdare-cache-engine/tests/unit/test_striktheit_axes_guard.cpp for CXX dependencies
[301/2269] Scanning /home/comdare/Projekte/Research/probst-diplomarbeit-cache-engine/Code/external/comdare-cache-engine/tests/unit/test_s7_9_surf_pool_allocator_deg.cpp for CXX dependencies
[302/2269] Scanning /home/comdare/Projekte/Research/probst-diplomarbeit-cache-engine/Code/external/comdare-cache-engine/tests/unit/test_cmd1_a_axis_command_base.cpp for CXX dependencies
[303/2269] Scanning /home/comdare/Projekte/Research/probst-diplomarbeit-cache-engine/Code/external/comdare-cache-engine/tests/unit/test_234_f3_bst_shape.cpp for CXX dependencies
[304/2269] Scanning /home/comdare/Projekte/Research/probst-diplomarbeit-cache-engine/Code/external/comdare-cache-engine/tests/unit/test_234_f4_hash_probe_shape.cpp for CXX dependencies
[305/2269] Scanning /home/comdare/Projekte/Research/probst-diplomarbeit-cache-engine/Code/external/comdare-cache-engine/tests/unit/test_234_vb_rest_families_shaped.cpp for CXX dependencies
[306/2269] Scanning /home/comdare/Projekte/Research/probst-diplomarbeit-cache-engine/Code/external/comdare-cache-engine/tests/unit/test_s7_3_skip_list_pool_allocator_deg.cpp for CXX dependencies
[307/2269] Scanning /home/comdare/Projekte/Research/probst-diplomarbeit-cache-engine/Code/external/comdare-cache-engine/tests/unit/test_234_f1_btree_order_shape.cpp for CXX dependencies
[308/2269] Scanning /home/comdare/Projekte/Research/probst-diplomarbeit-cache-engine/Code/external/comdare-cache-engine/tests/unit/test_234_f2_skip_list_shape.cpp for CXX dependencies
[309/2269] Scanning /home/comdare/Projekte/Research/probst-diplomarbeit-cache-engine/Code/external/comdare-cache-engine/tests/unit/test_s7_10_swiss_pool_allocator_deg.cpp for CXX dependencies
[310/2269] Scanning /home/comdare/Projekte/Research/probst-diplomarbeit-cache-engine/Code/external/comdare-cache-engine/tests/unit/test_s7_5_art_pool_allocator_deg.cpp for CXX dependencies
[311/2269] Scanning /home/comdare/Projekte/Research/probst-diplomarbeit-cache-engine/Code/external/comdare-cache-engine/tests/unit/test_s7_6_hot_pool_allocator_deg.cpp for CXX dependencies
[312/2269] Scanning /home/comdare/Projekte/Research/probst-diplomarbeit-cache-engine/Code/external/comdare-cache-engine/tests/unit/test_abi_adapter_g3_batch2.cpp for CXX dependencies
[313/2269] Scanning /home/comdare/Projekte/Research/probst-diplomarbeit-cache-engine/Code/external/comdare-cache-engine/tests/unit/test_s7_7_start_pool_allocator_deg.cpp for CXX dependencies
[314/2269] Scanning /home/comdare/Projekte/Research/probst-diplomarbeit-cache-engine/Code/external/comdare-cache-engine/tests/unit/test_s7_8_wormhole_pool_allocator_deg.cpp for CXX dependencies
[315/2269] Scanning /home/comdare/Projekte/Research/probst-diplomarbeit-cache-engine/Code/external/comdare-cache-engine/tests/unit/test_188_4a_eytzinger_organ.cpp for CXX dependencies
[316/2269] Scanning /home/comdare/Projekte/Research/probst-diplomarbeit-cache-engine/Code/external/comdare-cache-engine/tests/unit/test_vor_push_gate.cpp for CXX dependencies
[317/2269] Scanning /home/comdare/Projekte/Research/probst-diplomarbeit-cache-engine/Code/external/comdare-cache-engine/tests/unit/test_216h2_stat_reset_after_load.cpp for CXX dependencies
[318/2269] Scanning /home/comdare/Projekte/Research/probst-diplomarbeit-cache-engine/Code/external/comdare-cache-engine/tests/unit/test_221_rc_prefetch_distance.cpp for CXX dependencies
[319/2269] Scanning /home/comdare/Projekte/Research/probst-diplomarbeit-cache-engine/Code/external/comdare-cache-engine/tests/unit/test_axis_kind_wire_totalitaet.cpp for CXX dependencies
[320/2269] Scanning /home/comdare/Projekte/Research/probst-diplomarbeit-cache-engine/Code/external/comdare-cache-engine/tests/unit/thesis_tiere/test_profile_coverage.cpp for CXX dependencies
[321/2269] Scanning /home/comdare/Projekte/Research/probst-diplomarbeit-cache-engine/Code/external/comdare-cache-engine/tests/unit/test_188_4c0_known_compositions_conformance.cpp for CXX dependencies
[322/2269] Scanning /home/comdare/Projekte/Research/probst-diplomarbeit-cache-engine/Code/external/comdare-cache-engine/tests/unit/test_e1_contract_rc_konsum.cpp for CXX dependencies
[323/2269] Scanning /home/comdare/Projekte/Research/probst-diplomarbeit-cache-engine/Code/external/comdare-cache-engine/tests/unit/test_axis_kind_kategorien_zuordnung.cpp for CXX dependencies
[324/2269] Generating CXX dyndep file tests/unit/CMakeFiles/perm_sequence_d10.dir/CXX.dd
[325/2267] Generating CXX dyndep file tests/unit/CMakeFiles/perm_set_d9.dir/CXX.dd
[326/2265] Scanning /home/comdare/Projekte/Research/probst-diplomarbeit-cache-engine/Code/external/comdare-cache-engine/tests/unit/test_217_2a_capacity_guard.cpp for CXX dependencies
[327/2265] Generating CXX dyndep file tests/unit/CMakeFiles/perm_view_d11.dir/CXX.dd
[328/2263] Generating CXX dyndep file tests/unit/CMakeFiles/perm_buildvariant_avx512.dir/CXX.dd
[329/2261] Generating CXX dyndep file tests/unit/CMakeFiles/perm_set_defekt_d13.dir/CXX.dd
[330/2259] Generating CXX dyndep file tests/unit/CMakeFiles/perm_adapter_d12.dir/CXX.dd
[331/2257] Generating CXX dyndep file tests/unit/CMakeFiles/perm_buildvariant_avx2.dir/CXX.dd
[332/2255] Generating CXX dyndep file tests/unit/CMakeFiles/perm_q2_luegner.dir/CXX.dd
[333/2253] Generating CXX dyndep file tests/unit/CMakeFiles/perm_alt_major7.dir/CXX.dd
[334/2251] Generating CXX dyndep file tests/unit/CMakeFiles/perm_major7_neue_magic.dir/CXX.dd
[335/2249] Generating CXX dyndep file tests/unit/CMakeFiles/perm_alt_magic_ohne_symbole.dir/CXX.dd
[336/2247] Generating CXX dyndep file tests/unit/CMakeFiles/perm_q2_ohne_gattung.dir/CXX.dd
[337/2245] Generating CXX dyndep file tests/unit/CMakeFiles/perm_q2_ohne_genus.dir/CXX.dd
[338/2243] Generating CXX dyndep file tests/unit/CMakeFiles/hybrid_reroute_set.dir/CXX.dd
[339/2241] Generating CXX dyndep file tests/unit/CMakeFiles/hybrid_reroute_searchalgorithm.dir/CXX.dd
[340/2239] Generating CXX dyndep file tests/unit/CMakeFiles/perm_a11_ohne_stempel.dir/CXX.dd
[341/2237] Scanning /home/comdare/Projekte/Research/probst-diplomarbeit-cache-engine/Code/external/comdare-cache-engine/tests/unit/thesis_tiere/test_experiment_kern_seam.cpp for CXX dependencies
[342/2237] Generating CXX dyndep file tests/unit/CMakeFiles/perm_adhoc_buildvariant.dir/CXX.dd
[343/2235] Scanning /home/comdare/Projekte/Research/probst-diplomarbeit-cache-engine/Code/external/comdare-cache-engine/tests/unit/thesis_tiere/test_experiment_parser.cpp for CXX dependencies
[344/2235] Scanning /home/comdare/Projekte/Research/probst-diplomarbeit-cache-engine/Code/external/comdare-cache-engine/tests/unit/test_188_4cii_flat_wrapper_traversal.cpp for CXX dependencies
[345/2235] Scanning /home/comdare/Projekte/Research/probst-diplomarbeit-cache-engine/Code/external/comdare-cache-engine/tests/unit/test_mt_l3_wide_schema_orakel.cpp for CXX dependencies
[346/2235] Scanning /home/comdare/Projekte/Research/probst-diplomarbeit-cache-engine/Code/external/comdare-cache-engine/tests/unit/thesis_tiere/test_axis_sweep_coverage.cpp for CXX dependencies
[347/2235] Scanning /home/comdare/Projekte/Research/probst-diplomarbeit-cache-engine/Code/external/comdare-cache-engine/tests/unit/thesis_tiere/test_ap2_katalog_pfad_stubfrei.cpp for CXX dependencies
[348/2235] Scanning /home/comdare/Projekte/Research/probst-diplomarbeit-cache-engine/Code/external/comdare-cache-engine/tests/unit/test_d37b_modus_riegel.cpp for CXX dependencies
[349/2235] Scanning /home/comdare/Projekte/Research/probst-diplomarbeit-cache-engine/Code/external/comdare-cache-engine/tests/unit/thesis_tiere/test_smoke_coverage_profile.cpp for CXX dependencies
[350/2235] Scanning /home/comdare/Projekte/Research/probst-diplomarbeit-cache-engine/Code/external/comdare-cache-engine/tests/unit/thesis_tiere/test_wdk_datasets_fairness.cpp for CXX dependencies
[351/2235] Scanning /home/comdare/Projekte/Research/probst-diplomarbeit-cache-engine/Code/external/comdare-cache-engine/tests/unit/test_org18_persistence_target.cpp for CXX dependencies
[352/2235] Scanning /home/comdare/Projekte/Research/probst-diplomarbeit-cache-engine/Code/external/comdare-cache-engine/tests/unit/test_p2_ram_probe_chain.cpp for CXX dependencies
[353/2235] Scanning /home/comdare/Projekte/Research/probst-diplomarbeit-cache-engine/Code/external/comdare-cache-engine/tests/unit/test_p1_spd_ddr5_parser.cpp for CXX dependencies
[354/2235] Scanning /home/comdare/Projekte/Research/probst-diplomarbeit-cache-engine/Code/external/comdare-cache-engine/tests/unit/thesis_tiere/test_measurement_categories.cpp for CXX dependencies
[355/2235] Scanning /home/comdare/Projekte/Research/probst-diplomarbeit-cache-engine/Code/external/comdare-cache-engine/tests/unit/test_os_u3_probe.cpp for CXX dependencies
[356/2235] Scanning /home/comdare/Projekte/Research/probst-diplomarbeit-cache-engine/Code/external/comdare-cache-engine/tests/unit/thesis_tiere/test_sota_st2_dedup.cpp for CXX dependencies
[357/2235] Scanning /home/comdare/Projekte/Research/probst-diplomarbeit-cache-engine/Code/external/comdare-cache-engine/tests/unit/thesis_tiere/test_validate_profile.cpp for CXX dependencies
[358/2235] Scanning /home/comdare/Projekte/Research/probst-diplomarbeit-cache-engine/Code/external/comdare-cache-engine/tests/unit/test_p2_ram_identity_verdict.cpp for CXX dependencies
[359/2235] Scanning /home/comdare/Projekte/Research/probst-diplomarbeit-cache-engine/Code/external/comdare-cache-engine/tests/unit/thesis_tiere/test_merge_plan_directive.cpp for CXX dependencies
[360/2235] Generating CXX dyndep file tests/unit/CMakeFiles/r3_biss_modul_gates_an.dir/CXX.dd
[361/2233] Scanning /home/comdare/Projekte/Research/probst-diplomarbeit-cache-engine/Code/external/comdare-cache-engine/tests/unit/test_m_simd_feature_flag_catalog.cpp for CXX dependencies
[362/2233] Scanning /home/comdare/Projekte/Research/probst-diplomarbeit-cache-engine/Code/external/comdare-cache-engine/tests/unit/test_od11_numa_cpu_pin_process_probe.cpp for CXX dependencies
[363/2233] Generating CXX dyndep file tests/unit/CMakeFiles/r3_biss_modul_gates_aus.dir/CXX.dd
[364/2231] Scanning /home/comdare/Projekte/Research/probst-diplomarbeit-cache-engine/Code/external/comdare-cache-engine/tests/unit/test_od10_numa_page_probe.cpp for CXX dependencies
[365/2231] Scanning /home/comdare/Projekte/Research/probst-diplomarbeit-cache-engine/Code/external/comdare-cache-engine/tests/unit/thesis_tiere/test_h2_score_akte.cpp for CXX dependencies
[366/2231] Scanning /home/comdare/Projekte/Research/probst-diplomarbeit-cache-engine/Code/external/comdare-cache-engine/tests/unit/thesis_tiere/test_experiment_projection.cpp for CXX dependencies
[367/2231] Scanning /home/comdare/Projekte/Research/probst-diplomarbeit-cache-engine/Code/external/comdare-cache-engine/tests/unit/test_m_contract_system_axis_wurzel.cpp for CXX dependencies
[368/2231] Scanning /home/comdare/Projekte/Research/probst-diplomarbeit-cache-engine/Code/external/comdare-cache-engine/tests/unit/test_c3a_gate_scharfschaltung.cpp for CXX dependencies
[369/2231] Scanning /home/comdare/Projekte/Research/probst-diplomarbeit-cache-engine/Code/external/comdare-cache-engine/tests/unit/test_p3_boot_cache_dmi.cpp for CXX dependencies
[370/2231] Scanning /home/comdare/Projekte/Research/probst-diplomarbeit-cache-engine/Code/external/comdare-cache-engine/tests/unit/test_o4_machine_identity.cpp for CXX dependencies
[371/2231] Scanning /home/comdare/Projekte/Research/probst-diplomarbeit-cache-engine/Code/external/comdare-cache-engine/tests/unit/test_c3b_kanal_merge_beleg.cpp for CXX dependencies
[372/2231] Scanning /home/comdare/Projekte/Research/probst-diplomarbeit-cache-engine/Code/external/comdare-cache-engine/tests/unit/thesis_tiere/test_experiment_plan_director.cpp for CXX dependencies
[373/2231] Scanning /home/comdare/Projekte/Research/probst-diplomarbeit-cache-engine/Code/external/comdare-cache-engine/tests/unit/test_progress_heartbeat.cpp for CXX dependencies
[374/2231] Scanning /home/comdare/Projekte/Research/probst-diplomarbeit-cache-engine/Code/external/comdare-cache-engine/tests/unit/test_simd_add_u64_carry.cpp for CXX dependencies
[375/2231] Scanning /home/comdare/Projekte/Research/probst-diplomarbeit-cache-engine/Code/external/comdare-cache-engine/tests/unit/test_g1_binary_version_stamp.cpp for CXX dependencies
[376/2231] Scanning /home/comdare/Projekte/Research/probst-diplomarbeit-cache-engine/Code/external/comdare-cache-engine/tests/unit/test_d4_ceb_schluessel_wahl.cpp for CXX dependencies
[377/2231] Scanning /home/comdare/Projekte/Research/probst-diplomarbeit-cache-engine/Code/external/comdare-cache-engine/tests/unit/test_g3_bestandslog_document.cpp for CXX dependencies
[378/2231] Scanning /home/comdare/Projekte/Research/probst-diplomarbeit-cache-engine/Code/external/comdare-cache-engine/tests/unit/test_g3_eta_estimator.cpp for CXX dependencies
[379/2231] Scanning /home/comdare/Projekte/Research/probst-diplomarbeit-cache-engine/Code/external/comdare-cache-engine/tests/unit/test_simd_add_u64_carry.cpp for CXX dependencies
[380/2231] Scanning /home/comdare/Projekte/Research/probst-diplomarbeit-cache-engine/Code/external/comdare-cache-engine/tests/unit/test_planner_version_flag_grammatik.cpp for CXX dependencies
[381/2231] Scanning /home/comdare/Projekte/Research/probst-diplomarbeit-cache-engine/Code/external/comdare-cache-engine/tests/unit/test_simd_add_u64_carry.cpp for CXX dependencies
[382/2231] Scanning /home/comdare/Projekte/Research/probst-diplomarbeit-cache-engine/Code/external/comdare-cache-engine/tests/unit/test_g3_bestandslog_lock.cpp for CXX dependencies
[383/2231] Scanning /home/comdare/Projekte/Research/probst-diplomarbeit-cache-engine/Code/external/comdare-cache-engine/tests/unit/test_m_w12_stamp_bausteine.cpp for CXX dependencies
[384/2231] Scanning /home/comdare/Projekte/Research/probst-diplomarbeit-cache-engine/Code/external/comdare-cache-engine/tests/unit/test_a5_eta_kalibrierung.cpp for CXX dependencies
[385/2231] Scanning /home/comdare/Projekte/Research/probst-diplomarbeit-cache-engine/Code/external/comdare-cache-engine/tests/unit/test_g3_reservation_lifecycle.cpp for CXX dependencies
[386/2231] Scanning /home/comdare/Projekte/Research/probst-diplomarbeit-cache-engine/Code/external/comdare-cache-engine/tests/unit/test_g3_batch_planner.cpp for CXX dependencies
[387/2231] Scanning /home/comdare/Projekte/Research/probst-diplomarbeit-cache-engine/Code/external/comdare-cache-engine/tests/unit/test_w10_system_cell_values.cpp for CXX dependencies
[388/2231] Scanning /home/comdare/Projekte/Research/probst-diplomarbeit-cache-engine/Code/external/comdare-cache-engine/tests/unit/test_reflect_versions_all_registered.cpp for CXX dependencies
[389/2231] Scanning /home/comdare/Projekte/Research/probst-diplomarbeit-cache-engine/Code/external/comdare-cache-engine/tests/unit/test_g3_ram_spool_writer.cpp for CXX dependencies
[390/2231] Scanning /home/comdare/Projekte/Research/probst-diplomarbeit-cache-engine/Code/external/comdare-cache-engine/tests/unit/test_d2_mess_konsistenz_gate.cpp for CXX dependencies
[391/2231] Scanning /home/comdare/Projekte/Research/probst-diplomarbeit-cache-engine/Code/external/comdare-cache-engine/tests/unit/test_g3_writer_backend_io_uring.cpp for CXX dependencies
[392/2231] Scanning /home/comdare/Projekte/Research/probst-diplomarbeit-cache-engine/Code/external/comdare-cache-engine/tests/unit/test_reflect_versions_all17.cpp for CXX dependencies
[393/2231] Scanning /home/comdare/Projekte/Research/probst-diplomarbeit-cache-engine/Code/external/comdare-cache-engine/tests/unit/test_a1_algo_version_pin_alloc_axis.cpp for CXX dependencies
[394/2231] Scanning /home/comdare/Projekte/Research/probst-diplomarbeit-cache-engine/Code/external/comdare-cache-engine/tests/unit/test_a2_sha512_skip_gate.cpp for CXX dependencies
[395/2231] Scanning /home/comdare/Projekte/Research/probst-diplomarbeit-cache-engine/Code/external/comdare-cache-engine/tests/unit/test_g3_sha512_index.cpp for CXX dependencies
[396/2231] Scanning /home/comdare/Projekte/Research/probst-diplomarbeit-cache-engine/Code/external/comdare-cache-engine/tests/unit/test_g3_planer_driven.cpp for CXX dependencies
[397/2231] Scanning /home/comdare/Projekte/Research/probst-diplomarbeit-cache-engine/Code/external/comdare-cache-engine/tests/unit/test_lb1_knoten_heuristik_log.cpp for CXX dependencies
[398/2231] Scanning /home/comdare/Projekte/Research/probst-diplomarbeit-cache-engine/Code/external/comdare-cache-engine/tests/unit/test_a9_xlsx_vendor_rauchtest.cpp for CXX dependencies
[399/2231] Scanning /home/comdare/Projekte/Research/probst-diplomarbeit-cache-engine/Code/external/comdare-cache-engine/tests/unit/test_lb0_lager_pfad_grammatik.cpp for CXX dependencies
[400/2231] Scanning /home/comdare/Projekte/Research/probst-diplomarbeit-cache-engine/Code/external/comdare-cache-engine/tests/unit/test_bvset_teilmenge.cpp for CXX dependencies
[401/2231] Scanning /home/comdare/Projekte/Research/probst-diplomarbeit-cache-engine/Code/external/comdare-cache-engine/tests/unit/test_g3_prune.cpp for CXX dependencies
[402/2231] Scanning /home/comdare/Projekte/Research/probst-diplomarbeit-cache-engine/Code/external/comdare-cache-engine/tests/unit/test_g2_variant_sidecar.cpp for CXX dependencies
[403/2231] Scanning /home/comdare/Projekte/Research/probst-diplomarbeit-cache-engine/Code/external/comdare-cache-engine/tests/unit/test_a9s3_writeback_method_xlsx.cpp for CXX dependencies
[404/2231] Scanning /home/comdare/Projekte/Research/probst-diplomarbeit-cache-engine/Code/external/comdare-cache-engine/tests/unit/test_a9s3_ergebnis_mappe_csv.cpp for CXX dependencies
[405/2231] Scanning /home/comdare/Projekte/Research/probst-diplomarbeit-cache-engine/Code/external/comdare-cache-engine/tests/unit/test_g3_builder_registration.cpp for CXX dependencies
[406/2231] Scanning /home/comdare/Projekte/Research/probst-diplomarbeit-cache-engine/Code/external/comdare-cache-engine/tests/unit/test_d2_abdeckungs_wache_nenner.cpp for CXX dependencies
[407/2231] Scanning /home/comdare/Projekte/Research/probst-diplomarbeit-cache-engine/Code/external/comdare-cache-engine/tests/unit/test_a9s3_mess_ebene_blattsorte.cpp for CXX dependencies
[408/2231] Scanning /home/comdare/Projekte/Research/probst-diplomarbeit-cache-engine/Code/external/comdare-cache-engine/tests/unit/test_g3_takeover_sweep.cpp for CXX dependencies
[409/2231] Generating CXX dyndep file tests/unit/CMakeFiles/naht1_modul_mess_aus.dir/CXX.dd
[410/2229] Scanning /home/comdare/Projekte/Research/probst-diplomarbeit-cache-engine/Code/external/comdare-cache-engine/tests/unit/test_ge3_messwert_genus_und_ziel.cpp for CXX dependencies
[411/2229] Generating CXX dyndep file tests/unit/CMakeFiles/naht1_modul_mess_an.dir/CXX.dd
[412/2227] Scanning /home/comdare/Projekte/Research/probst-diplomarbeit-cache-engine/Code/external/comdare-cache-engine/tests/unit/test_a9s3_xlsx_ergebnis_writer.cpp for CXX dependencies
[413/2227] Scanning /home/comdare/Projekte/Research/probst-diplomarbeit-cache-engine/Code/external/comdare-cache-engine/tests/unit/test_g3_lager_presence.cpp for CXX dependencies
[414/2227] Scanning /home/comdare/Projekte/Research/probst-diplomarbeit-cache-engine/Code/external/comdare-cache-engine/tests/unit/test_ge1_claim_check_und_sidecar.cpp for CXX dependencies
[415/2227] Scanning /home/comdare/Projekte/Research/probst-diplomarbeit-cache-engine/Code/external/comdare-cache-engine/tests/unit/test_g3_artifact_cache_transport.cpp for CXX dependencies
[416/2227] Scanning /home/comdare/Projekte/Research/probst-diplomarbeit-cache-engine/Code/external/comdare-cache-engine/tests/unit/test_mt_l4_registrierungs_wache_isa.cpp for CXX dependencies
[417/2227] Scanning /home/comdare/Projekte/Research/probst-diplomarbeit-cache-engine/Code/external/comdare-cache-engine/tests/unit/test_hyg_kumulativer_bereich.cpp for CXX dependencies
[418/2227] Scanning /home/comdare/Projekte/Research/probst-diplomarbeit-cache-engine/Code/external/comdare-cache-engine/tests/unit/test_d3_6_realm_selektor_produktionsablage.cpp for CXX dependencies
[419/2227] Scanning /home/comdare/Projekte/Research/probst-diplomarbeit-cache-engine/Code/external/comdare-cache-engine/tests/unit/test_a9s4_realm_scan_stale.cpp for CXX dependencies
[420/2227] Scanning /home/comdare/Projekte/Research/probst-diplomarbeit-cache-engine/Code/external/comdare-cache-engine/tests/unit/test_b14_abi_adapter_line_subaxis_paths.cpp for CXX dependencies
[421/2227] Scanning /home/comdare/Projekte/Research/probst-diplomarbeit-cache-engine/Code/external/comdare-cache-engine/tests/unit/test_a9s4_dynamic_axis_filter.cpp for CXX dependencies
[422/2227] Scanning /home/comdare/Projekte/Research/probst-diplomarbeit-cache-engine/Code/external/comdare-cache-engine/tests/unit/test_a9s5_ergebnis_mappe_naht.cpp for CXX dependencies
[423/2227] Scanning /home/comdare/Projekte/Research/probst-diplomarbeit-cache-engine/Code/external/comdare-cache-engine/tests/unit/test_a9s4_skip_manifest.cpp for CXX dependencies
[424/2227] Scanning /home/comdare/Projekte/Research/probst-diplomarbeit-cache-engine/Code/external/comdare-cache-engine/tests/unit/test_warn1_d2_fingerprint_koeder.cpp for CXX dependencies
[425/2227] Scanning /home/comdare/Projekte/Research/probst-diplomarbeit-cache-engine/Code/external/comdare-cache-engine/tests/unit/test_a9s4_mess_report_render.cpp for CXX dependencies
[426/2227] Scanning /home/comdare/Projekte/Research/probst-diplomarbeit-cache-engine/Code/external/comdare-cache-engine/tests/unit/test_lg_xlsx_alt_nie_vernichten.cpp for CXX dependencies
[427/2227] Scanning /home/comdare/Projekte/Research/probst-diplomarbeit-cache-engine/Code/external/comdare-cache-engine/tests/unit/test_t6_biss_sichtbarkeits_wache.cpp for CXX dependencies
[428/2227] Scanning /home/comdare/Projekte/Research/probst-diplomarbeit-cache-engine/Code/external/comdare-cache-engine/tests/unit/test_d55_hdr_verdrahtung.cpp for CXX dependencies
[429/2227] Scanning /home/comdare/Projekte/Research/probst-diplomarbeit-cache-engine/Code/external/comdare-cache-engine/tests/unit/test_naht1_mess_visitor_biss.cpp for CXX dependencies
[430/2227] Scanning /home/comdare/Projekte/Research/probst-diplomarbeit-cache-engine/Code/external/comdare-cache-engine/tests/unit/test_t6_biss_achsen_roundtrip_wache.cpp for CXX dependencies
[431/2227] Scanning /home/comdare/Projekte/Research/probst-diplomarbeit-cache-engine/Code/external/comdare-cache-engine/tests/unit/test_t6_wachen_inventar.cpp for CXX dependencies
[432/2227] Scanning /home/comdare/Projekte/Research/probst-diplomarbeit-cache-engine/Code/external/comdare-cache-engine/tests/unit/test_warn2a_block_id_bidirektional.cpp for CXX dependencies
[433/2227] Scanning /home/comdare/Projekte/Research/probst-diplomarbeit-cache-engine/Code/external/comdare-cache-engine/tests/unit/test_d2g1_ctest_registrierung.cpp for CXX dependencies
[434/2227] Scanning /home/comdare/Projekte/Research/probst-diplomarbeit-cache-engine/Code/external/comdare-cache-engine/tests/unit/test_flaeche3_deckung_ceb_aus_tier_an.cpp for CXX dependencies
[435/2227] Scanning /home/comdare/Projekte/Research/probst-diplomarbeit-cache-engine/Code/external/comdare-cache-engine/tests/unit/test_ck1_messkette_koeder.cpp for CXX dependencies
[436/2227] Scanning /home/comdare/Projekte/Research/probst-diplomarbeit-cache-engine/Code/external/comdare-cache-engine/tests/unit/test_t6_biss_registrierungs_wache.cpp for CXX dependencies
[437/2227] Scanning /home/comdare/Projekte/Research/probst-diplomarbeit-cache-engine/Code/external/comdare-cache-engine/tests/unit/test_lizenz_konsistenz.cpp for CXX dependencies
[438/2227] Scanning /home/comdare/Projekte/Research/probst-diplomarbeit-cache-engine/Code/external/comdare-cache-engine/tests/unit/test_anker_marke_statt_ledgerzeile.cpp for CXX dependencies
[439/2227] Scanning /home/comdare/Projekte/Research/probst-diplomarbeit-cache-engine/Code/external/comdare-cache-engine/tests/unit/test_pa1_tote_ausnahme.cpp for CXX dependencies
[440/2227] Scanning /home/comdare/Projekte/Research/probst-diplomarbeit-cache-engine/Code/external/comdare-cache-engine/tests/unit/test_s3_ordnung_relation.cpp for CXX dependencies
[441/2227] Scanning /home/comdare/Projekte/Research/probst-diplomarbeit-cache-engine/Code/external/comdare-cache-engine/tests/unit/test_vs_taxonomie_klassen_grep.cpp for CXX dependencies
[442/2227] Scanning /home/comdare/Projekte/Research/probst-diplomarbeit-cache-engine/Code/external/comdare-cache-engine/tests/unit/test_s3_ordnung_freigabe.cpp for CXX dependencies
[443/2227] Scanning /home/comdare/Projekte/Research/probst-diplomarbeit-cache-engine/Code/external/comdare-cache-engine/tests/unit/test_s6c_kategorien_ordnung_zwei_welten.cpp for CXX dependencies
[444/2227] Scanning /home/comdare/Projekte/Research/probst-diplomarbeit-cache-engine/Code/external/comdare-cache-engine/tests/unit/test_g2_semantik_duplikatverbot.cpp for CXX dependencies
[445/2227] Scanning /home/comdare/Projekte/Research/probst-diplomarbeit-cache-engine/Code/external/comdare-cache-engine/tests/unit/test_pk_klemm_json.cpp for CXX dependencies
[446/2227] Scanning /home/comdare/Projekte/Research/probst-diplomarbeit-cache-engine/Code/external/comdare-cache-engine/tests/unit/test_simd_organ_achsen_deckung.cpp for CXX dependencies
[447/2227] Scanning /home/comdare/Projekte/Research/probst-diplomarbeit-cache-engine/Code/external/comdare-cache-engine/tests/unit/test_lg_host_binder.cpp for CXX dependencies
[448/2227] Scanning /home/comdare/Projekte/Research/probst-diplomarbeit-cache-engine/Code/external/comdare-cache-engine/tests/unit/test_genus_ct_komposition.cpp for CXX dependencies
[449/2227] Scanning /home/comdare/Projekte/Research/probst-diplomarbeit-cache-engine/Code/external/comdare-cache-engine/tests/unit/test_ci_coverage_guard_strikt.cpp for CXX dependencies
[450/2227] Scanning /home/comdare/Projekte/Research/probst-diplomarbeit-cache-engine/Code/external/comdare-cache-engine/tests/unit/test_registry_gen_out_pflicht.cpp for CXX dependencies
[451/2227] Scanning /home/comdare/Projekte/Research/probst-diplomarbeit-cache-engine/Code/external/comdare-cache-engine/tests/unit/test_s1_stempel_basis_vertrag.cpp for CXX dependencies
[452/2227] Scanning /home/comdare/Projekte/Research/probst-diplomarbeit-cache-engine/Code/external/comdare-cache-engine/tests/unit/test_k2_stufen_neutraler_loader.cpp for CXX dependencies
[453/2227] Scanning /home/comdare/Projekte/Research/probst-diplomarbeit-cache-engine/Code/external/comdare-cache-engine/tests/unit/test_xl_l4_na_konkurrenz.cpp for CXX dependencies
[454/2227] Scanning /home/comdare/Projekte/Research/probst-diplomarbeit-cache-engine/Code/external/comdare-cache-engine/tests/unit/test_lg_idempotenz_beide_wdh.cpp for CXX dependencies
[455/2227] Scanning /home/comdare/Projekte/Research/probst-diplomarbeit-cache-engine/Code/external/comdare-cache-engine/tests/unit/test_configure_enable_gnu.cpp for CXX dependencies
[456/2227] Scanning /home/comdare/Projekte/Research/probst-diplomarbeit-cache-engine/Code/external/comdare-cache-engine/tests/unit/test_w0b_durchstich_kette.cpp for CXX dependencies
[457/2227] Scanning /home/comdare/Projekte/Research/probst-diplomarbeit-cache-engine/Code/external/comdare-cache-engine/tests/unit/test_s8_traeger_grenzwache.cpp for CXX dependencies
[458/2227] Scanning /home/comdare/Projekte/Research/probst-diplomarbeit-cache-engine/Code/external/comdare-cache-engine/tests/unit/test_variant_hauswache.cpp for CXX dependencies
[459/2227] Generating CXX dyndep file libs/cache_engine/builder/commands/tests/CMakeFiles/test_commands.dir/CXX.dd
[460/2227] Generating CXX dyndep file libs/cache_engine/builder/commands/tests/CMakeFiles/test_engine_adapters.dir/CXX.dd
[461/2227] Scanning /home/comdare/Projekte/Research/probst-diplomarbeit-cache-engine/Code/external/comdare-cache-engine/tests/unit/test_stempel_zulassung_bruecke.cpp for CXX dependencies
[462/2227] Scanning /home/comdare/Projekte/Research/probst-diplomarbeit-cache-engine/Code/external/comdare-cache-engine/tests/unit/test_s13_01_csv_kind_projektion.cpp for CXX dependencies
[463/2227] Scanning /home/comdare/Projekte/Research/probst-diplomarbeit-cache-engine/Code/external/comdare-cache-engine/tests/unit/test_bestand_schluessel_schema.cpp for CXX dependencies
[464/2227] Generating CXX dyndep file apps/cache_engine_builder/CMakeFiles/cache_engine_builder.dir/CXX.dd
[465/2225] Generating CXX dyndep file apps/anatomy_codegen_tool/CMakeFiles/comdare_anatomy_codegen_cli.dir/CXX.dd
[466/2223] Generating CXX dyndep file apps/adhoc_emitter/CMakeFiles/comdare_adhoc_emitter_cli.dir/CXX.dd
[467/2221] Scanning /home/comdare/Projekte/Research/probst-diplomarbeit-cache-engine/Code/external/comdare-cache-engine/tests/unit/test_begriffs_alias_registry.cpp for CXX dependencies
[468/2221] Generating CXX dyndep file apps/perm_runner/CMakeFiles/comdare_perm_runner.dir/CXX.dd
[469/2219] Generating CXX dyndep file apps/f15_compare/CMakeFiles/comdare_f15_compare_cli.dir/CXX.dd
[470/2219] Scanning /home/comdare/Projekte/Research/probst-diplomarbeit-cache-engine/Code/external/comdare-cache-engine/tests/unit/test_pmc_raw_event_katalog.cpp for CXX dependencies
[471/2219] Generating CXX dyndep file tests/unit/CMakeFiles/test_cache_recommendation.dir/CXX.dd
[472/2219] Scanning /home/comdare/Projekte/Research/probst-diplomarbeit-cache-engine/Code/external/comdare-cache-engine/tests/unit/test_kanal_id_schema.cpp for CXX dependencies
[473/2219] Generating CXX dyndep file apps/h2_score_akte_tool/CMakeFiles/comdare_h2_score_akte_cli.dir/CXX.dd
[474/2217] Generating CXX dyndep file tests/unit/CMakeFiles/test_pressure_state.dir/CXX.dd
[475/2217] Scanning /home/comdare/Projekte/Research/probst-diplomarbeit-cache-engine/Code/external/comdare-cache-engine/tests/unit/test_stempel_vollbestand_registry.cpp for CXX dependencies
[476/2217] Scanning /home/comdare/Projekte/Research/probst-diplomarbeit-cache-engine/Code/external/comdare-cache-engine/tests/unit/test_pmc_startup_pruefung.cpp for CXX dependencies
[477/2217] Generating CXX dyndep file tests/unit/CMakeFiles/test_cpuid_probe.dir/CXX.dd
[478/2217] Generating CXX dyndep file tests/unit/CMakeFiles/test_permutation_flags.dir/CXX.dd
[479/2217] Generating CXX dyndep file tests/unit/CMakeFiles/test_event_hierarchy.dir/CXX.dd
[480/2217] Generating CXX dyndep file tests/unit/CMakeFiles/test_decision_trees.dir/CXX.dd
[481/2217] Generating CXX dyndep file tests/unit/CMakeFiles/test_observer_registry.dir/CXX.dd
[482/2217] Generating CXX dyndep file tests/unit/CMakeFiles/test_decision_lambda_registry.dir/CXX.dd
[483/2217] Generating CXX dyndep file tests/unit/CMakeFiles/test_concurrency_disciplines.dir/CXX.dd
[484/2217] Generating CXX dyndep file tests/unit/CMakeFiles/test_telemetry_strategies.dir/CXX.dd
[485/2217] Generating CXX dyndep file tests/unit/CMakeFiles/test_platform_concepts.dir/CXX.dd
[486/2217] Generating CXX dyndep file tests/unit/CMakeFiles/test_cache_hierarchy_and_mode.dir/CXX.dd
[487/2217] Generating CXX dyndep file tests/unit/CMakeFiles/test_measurement_buffer.dir/CXX.dd
[488/2217] Generating CXX dyndep file tests/unit/CMakeFiles/test_allocator_concepts.dir/CXX.dd
[489/2217] Generating CXX dyndep file tests/unit/CMakeFiles/test_sub_engines.dir/CXX.dd
[490/2217] Generating CXX dyndep file tests/unit/CMakeFiles/test_abi_interface.dir/CXX.dd
[491/2217] Generating CXX dyndep file tests/unit/CMakeFiles/test_t15_drift_gate_messschleife.dir/CXX.dd
[492/2215] Generating CXX dyndep file tests/unit/CMakeFiles/test_config_durability.dir/CXX.dd
[493/2215] Generating CXX dyndep file tests/unit/CMakeFiles/test_chaos_drift_gate.dir/CXX.dd
[494/2215] Generating CXX dyndep file tests/unit/CMakeFiles/test_test_data_accumulation.dir/CXX.dd
[495/2215] Generating CXX dyndep file tests/unit/CMakeFiles/test_benchmark_suite.dir/CXX.dd
[496/2215] Scanning /home/comdare/Projekte/Research/probst-diplomarbeit-cache-engine/Code/external/comdare-cache-engine/tests/unit/test_parameter_filter_registry_skelett.cpp for CXX dependencies
[497/2215] Generating CXX dyndep file tests/unit/CMakeFiles/test_workload_and_experiment.dir/CXX.dd
[498/2215] Generating CXX dyndep file tests/unit/CMakeFiles/test_allocator_full_matrix.dir/CXX.dd
[499/2215] Generating CXX dyndep file tests/unit/CMakeFiles/test_ycsb_cli.dir/CXX.dd
[500/2215] Generating CXX dyndep file tests/unit/CMakeFiles/test_builder_codegen.dir/CXX.dd
[501/2215] Generating CXX dyndep file tests/unit/CMakeFiles/test_codegen_from_profile.dir/CXX.dd
[502/2215] Generating CXX dyndep file tests/unit/CMakeFiles/test_experiment_driver_v13.dir/CXX.dd
[503/2215] Scanning /home/comdare/Projekte/Research/probst-diplomarbeit-cache-engine/Code/external/comdare-cache-engine/tests/unit/test_lg_e2e_xlsx_facade.cpp for CXX dependencies
[504/2215] Scanning /home/comdare/Projekte/Research/probst-diplomarbeit-cache-engine/Code/external/comdare-cache-engine/tests/unit/test_e07_gate_kriterien.cpp for CXX dependencies
[505/2215] Generating CXX dyndep file tests/unit/CMakeFiles/test_permutation_sampling.dir/CXX.dd
[506/2215] Generating CXX dyndep file tests/unit/CMakeFiles/test_latex_anhang.dir/CXX.dd
[507/2215] Generating CXX dyndep file tests/unit/CMakeFiles/test_rcu.dir/CXX.dd
[508/2215] Generating CXX dyndep file tests/unit/CMakeFiles/test_hbm_hierarchy.dir/CXX.dd
[509/2215] Generating CXX dyndep file tests/unit/CMakeFiles/test_rcu_concurrency.dir/CXX.dd
[510/2215] Generating CXX dyndep file tests/unit/CMakeFiles/test_succinct.dir/CXX.dd
[511/2215] Generating CXX dyndep file tests/unit/CMakeFiles/test_module_loader.dir/CXX.dd
[512/2215] Generating CXX dyndep file tests/unit/CMakeFiles/test_v31_adapters.dir/CXX.dd
[513/2215] Generating CXX dyndep file tests/unit/CMakeFiles/test_v41_topic_allocator_axis_06.dir/CXX.dd
[514/2215] Generating CXX dyndep file tests/unit/CMakeFiles/test_v41_indexes.dir/CXX.dd
[515/2215] Generating CXX dyndep file tests/unit/CMakeFiles/test_v41_topic_queuing.dir/CXX.dd
[516/2215] Generating CXX dyndep file tests/unit/CMakeFiles/test_ctsha512.dir/CXX.dd
[517/2215] Generating CXX dyndep file tests/unit/CMakeFiles/test_v41_topic_traversal.dir/CXX.dd
[518/2215] Generating CXX dyndep file tests/unit/CMakeFiles/test_v41_paper_legacy_code.dir/CXX.dd
[519/2215] Generating CXX dyndep file tests/unit/CMakeFiles/test_v41_compositions.dir/CXX.dd
[520/2215] Generating CXX dyndep file tests/unit/CMakeFiles/test_v41_topics_fundament.dir/CXX.dd
[521/2215] Generating CXX dyndep file tests/unit/CMakeFiles/test_v41_anatomy.dir/CXX.dd
[522/2215] Generating CXX dyndep file tests/unit/CMakeFiles/test_v41_anatomy_r4_driver.dir/CXX.dd
[523/2215] Generating CXX dyndep file tests/unit/CMakeFiles/test_v41_tier_observe_trace.dir/CXX.dd
[524/2215] Generating CXX dyndep file tests/unit/CMakeFiles/test_ap7_swisstable.dir/CXX.dd
[525/2215] Generating CXX dyndep file tests/unit/CMakeFiles/test_v41_anatomy_observer.dir/CXX.dd
[526/2215] Generating CXX dyndep file tests/unit/CMakeFiles/test_v41_axis_03a_cross_variant_equivalence.dir/CXX.dd
[527/2215] Generating CXX dyndep file tests/unit/CMakeFiles/test_ap8_hdr_histogram.dir/CXX.dd
[528/2215] Generating CXX dyndep file tests/unit/CMakeFiles/test_ap7b_swiss_organ.dir/CXX.dd
[529/2215] Generating CXX dyndep file tests/unit/CMakeFiles/test_ap7b3_swiss_isa_group_match.dir/CXX.dd
[530/2215] Generating CXX dyndep file tests/unit/CMakeFiles/test_vampir_nfp_allocator.dir/CXX.dd
[531/2215] Generating CXX dyndep file tests/unit/CMakeFiles/test_v41_anatomy_base.dir/CXX.dd
[532/2215] Generating CXX dyndep file tests/unit/CMakeFiles/test_v41_axis_03a_tier_organ_equivalence.dir/CXX.dd
[533/2215] Generating CXX dyndep file tests/unit/CMakeFiles/test_v41_anatomy_pruefling_merge.dir/CXX.dd
[534/2215] Generating CXX dyndep file tests/unit/CMakeFiles/test_v41_execution_engine.dir/CXX.dd
[535/2215] Generating CXX dyndep file tests/unit/CMakeFiles/test_v41_search_algorithm_permutation_engine.dir/CXX.dd
[536/2215] Generating CXX dyndep file tests/unit/CMakeFiles/test_v41_anatomy_module_abi.dir/CXX.dd
[537/2215] Scanning /home/comdare/Projekte/Research/probst-diplomarbeit-cache-engine/Code/external/comdare-cache-engine/tests/unit/test_e8_bytes_in_use_peak_demo.cpp for CXX dependencies
[538/2215] Generating CXX dyndep file tests/unit/CMakeFiles/test_v41_anatomy_module_loader.dir/CXX.dd
[539/2215] Generating CXX dyndep file tests/unit/CMakeFiles/test_v41_anatomy_codegen.dir/CXX.dd
[540/2215] Generating CXX dyndep file tests/unit/CMakeFiles/test_v41_anatomy_codegen_tool.dir/CXX.dd
[541/2215] Generating CXX dyndep file tests/unit/CMakeFiles/test_v41_anatomy_codegen_tool_traits.dir/CXX.dd
[542/2215] Generating CXX dyndep file tests/unit/CMakeFiles/test_v41_anatomy_codegen_tool_mp_list.dir/CXX.dd
[543/2215] Generating CXX dyndep file tests/unit/CMakeFiles/test_v41_workload_generator.dir/CXX.dd
[544/2215] Generating CXX dyndep file tests/unit/CMakeFiles/test_v41_anatomy_multi_codegen.dir/CXX.dd
[545/2215] Scanning /home/comdare/Projekte/Research/probst-diplomarbeit-cache-engine/Code/external/comdare-cache-engine/tests/unit/test_c13_selektiver_rebuild.cpp for CXX dependencies
[546/2215] Scanning /home/comdare/Projekte/Research/probst-diplomarbeit-cache-engine/Code/external/comdare-cache-engine/tests/unit/test_s8kopf_planner_kopf.cpp for CXX dependencies
[547/2215] Scanning /home/comdare/Projekte/Research/probst-diplomarbeit-cache-engine/Code/external/comdare-cache-engine/tests/unit/test_s13_02_zielfilter_vier_faelle.cpp for CXX dependencies
[548/2215] Generating CXX dyndep file tests/unit/CMakeFiles/test_v41_axis_12_general_hardware.dir/CXX.dd
[549/2215] Generating CXX dyndep file tests/unit/CMakeFiles/test_v41_axis_05_memory_layout.dir/CXX.dd
[550/2215] Generating CXX dyndep file tests/unit/CMakeFiles/test_v41_axis_07_prefetch.dir/CXX.dd
[551/2215] Generating CXX dyndep file tests/unit/CMakeFiles/test_v41_axis_11_telemetry.dir/CXX.dd
[552/2215] Generating CXX dyndep file tests/unit/CMakeFiles/test_v41_axis_02_axis_04_nodes.dir/CXX.dd
[553/2215] Generating CXX dyndep file tests/unit/CMakeFiles/test_v41_axis_10_serialization.dir/CXX.dd
[554/2215] Generating CXX dyndep file tests/unit/CMakeFiles/test_v41_axis_14_value_handle.dir/CXX.dd
[555/2215] Scanning /home/comdare/Projekte/Research/probst-diplomarbeit-cache-engine/Code/external/comdare-cache-engine/tests/unit/test_s13_03_per_binary_mappe.cpp for CXX dependencies
[556/2215] Generating CXX dyndep file tests/unit/CMakeFiles/test_v41_axis_08_concurrency.dir/CXX.dd
[557/2215] Generating CXX dyndep file tests/unit/CMakeFiles/test_v41_status_code.dir/CXX.dd
[558/2215] Generating CXX dyndep file tests/unit/CMakeFiles/test_v41_serialization_primitives.dir/CXX.dd
[559/2215] Generating CXX dyndep file tests/unit/CMakeFiles/test_v41_axis_01_page_type.dir/CXX.dd
[560/2215] Generating CXX dyndep file tests/unit/CMakeFiles/test_v41_pruefling_registry.dir/CXX.dd
[561/2215] Scanning /home/comdare/Projekte/Research/probst-diplomarbeit-cache-engine/Code/external/comdare-cache-engine/tests/unit/test_c14_messwert_presence_wache.cpp for CXX dependencies
[562/2215] Generating CXX dyndep file tests/unit/CMakeFiles/test_v41_axis_filter_surf_louds_organ.dir/CXX.dd
[563/2215] Generating CXX dyndep file tests/unit/CMakeFiles/test_pruefling_fixture_ladung.dir/CXX.dd
[564/2215] Generating CXX dyndep file tests/unit/CMakeFiles/test_v41_axis_filter.dir/CXX.dd
[565/2215] Generating CXX dyndep file tests/unit/CMakeFiles/test_v41_axis_filter_surf_organ.dir/CXX.dd
[566/2215] Generating CXX dyndep file tests/unit/CMakeFiles/test_v41_axis_io.dir/CXX.dd
[567/2215] Generating CXX dyndep file tests/unit/CMakeFiles/test_v41_axis_09b_simd_extension.dir/CXX.dd
[568/2215] Generating CXX dyndep file tests/unit/CMakeFiles/test_v41_axis_migration.dir/CXX.dd
[569/2215] Generating CXX dyndep file tests/unit/CMakeFiles/test_v41_axis_01_index_organization.dir/CXX.dd
[570/2215] Generating CXX dyndep file tests/unit/CMakeFiles/test_v41_axis_09_isa.dir/CXX.dd
[571/2215] Generating CXX dyndep file tests/unit/CMakeFiles/test_v41_r5c3_isa_simd_cross_constraint.dir/CXX.dd
[572/2215] Generating CXX dyndep file tests/unit/CMakeFiles/test_v41_anatomy_r5i_configure_codegen.dir/CXX.dd
[573/2215] Scanning /home/comdare/Projekte/Research/probst-diplomarbeit-cache-engine/Code/external/comdare-cache-engine/tests/unit/test_c14_lager_presence_wache.cpp for CXX dependencies
[574/2215] Generating CXX dyndep file tests/unit/CMakeFiles/test_v41_anatomy_f15_measurement.dir/CXX.dd
[575/2215] Generating CXX dyndep file tests/unit/CMakeFiles/test_v41_anatomy_adhoc_codegen_macro.dir/CXX.dd
[576/2215] Generating CXX dyndep file tests/unit/CMakeFiles/test_v5_conformance_gate.dir/CXX.dd
[577/2215] Generating CXX dyndep file tests/unit/CMakeFiles/test_v41_pruef_dock_search_algorithm.dir/CXX.dd
[578/2215] Generating CXX dyndep file tests/unit/CMakeFiles/test_v5_memento_axis.dir/CXX.dd
[579/2215] Generating CXX dyndep file tests/unit/CMakeFiles/test_v5_two_phase_driver.dir/CXX.dd
[580/2215] Building CXX object _deps/googletest-build/googletest/CMakeFiles/gtest_main.dir/src/gtest_main.cc.o
[581/2215] Generating CXX dyndep file tests/unit/CMakeFiles/test_d51_perzentil_kanon.dir/CXX.dd
[582/2215] Generating CXX dyndep file tests/unit/CMakeFiles/test_v5_workload_orchestrator.dir/CXX.dd
[583/2215] Generating CXX dyndep file tests/unit/CMakeFiles/test_v5_measurement_snapshot.dir/CXX.dd
[584/2215] Generating CXX dyndep file tests/unit/CMakeFiles/test_heuristik_spline_break_even.dir/CXX.dd
[585/2215] Generating CXX dyndep file tests/unit/CMakeFiles/test_d54_trace_schema.dir/CXX.dd
[586/2215] Generating CXX dyndep file tests/unit/CMakeFiles/test_heuristik_workload_cluster.dir/CXX.dd
[587/2215] Generating CXX dyndep file tests/unit/CMakeFiles/test_ap13_thread_pinning.dir/CXX.dd
[588/2215] Generating CXX dyndep file tests/unit/CMakeFiles/test_ap9_provenance_manifest.dir/CXX.dd
[589/2215] Generating CXX dyndep file tests/unit/CMakeFiles/test_ap10_dataset_akte.dir/CXX.dd
[590/2215] Generating CXX dyndep file tests/unit/CMakeFiles/test_184_dataset_loader_wiring.dir/CXX.dd
[591/2215] Generating CXX dyndep file tests/unit/CMakeFiles/test_25_kanon_dataset_akten.dir/CXX.dd
[592/2215] Generating CXX dyndep file tests/unit/CMakeFiles/test_45_sosd_uint64_loader.dir/CXX.dd
[593/2215] Generating CXX dyndep file tests/unit/CMakeFiles/test_v5_disk_memento.dir/CXX.dd
[594/2215] Scanning /home/comdare/Projekte/Research/probst-diplomarbeit-cache-engine/Code/external/comdare-cache-engine/tests/unit/test_ph89_paper_prueflinge.cpp for CXX dependencies
[595/2215] Generating CXX dyndep file tests/unit/CMakeFiles/test_v5_ycsb_distribution.dir/CXX.dd
[596/2215] Generating CXX dyndep file tests/unit/CMakeFiles/test_v5_ycsb_op_set.dir/CXX.dd
[597/2215] Generating CXX dyndep file tests/unit/CMakeFiles/test_v41_scan_range_organ.dir/CXX.dd
[598/2215] Generating CXX dyndep file tests/unit/CMakeFiles/test_v5_organ_memento.dir/CXX.dd
[599/2215] Generating CXX dyndep file tests/unit/CMakeFiles/test_v41_codegen_type_name.dir/CXX.dd
[600/2215] Generating CXX dyndep file tests/unit/CMakeFiles/test_v41_cache_engine_tools_facade.dir/CXX.dd
[601/2215] Generating CXX dyndep file tests/unit/CMakeFiles/test_v41_cache_engine_facade.dir/CXX.dd
[602/2215] Generating CXX dyndep file tests/unit/CMakeFiles/test_v41_codegen_all_axes_umbrella.dir/CXX.dd
[603/2215] Generating CXX dyndep file tests/unit/CMakeFiles/test_v41_anatomy_adhoc_dll_load.dir/CXX.dd
[604/2215] Generating CXX dyndep file tests/unit/CMakeFiles/test_pruef_only_gate.dir/CXX.dd
[605/2215] Building CXX object _deps/googletest-build/googlemock/CMakeFiles/gmock.dir/src/gmock-all.cc.o
[606/2215] Building CXX object _deps/googletest-build/googletest/CMakeFiles/gtest.dir/src/gtest-all.cc.o
In file included from /home/comdare/Projekte/Research/probst-diplomarbeit-cache-engine/Code/external/comdare-cache-engine/build-dbg-clang/_deps/googletest-src/googletest/src/gtest-all.cc:38:
In file included from /home/comdare/Projekte/Research/probst-diplomarbeit-cache-engine/Code/external/comdare-cache-engine/build-dbg-clang/_deps/googletest-src/googletest/include/gtest/gtest.h:64:
In file included from /home/comdare/Projekte/Research/probst-diplomarbeit-cache-engine/Code/external/comdare-cache-engine/build-dbg-clang/_deps/googletest-src/googletest/include/gtest/gtest-death-test.h:43:
In file included from /home/comdare/Projekte/Research/probst-diplomarbeit-cache-engine/Code/external/comdare-cache-engine/build-dbg-clang/_deps/googletest-src/googletest/include/gtest/internal/gtest-death-test-internal.h:47:
In file included from /home/comdare/Projekte/Research/probst-diplomarbeit-cache-engine/Code/external/comdare-cache-engine/build-dbg-clang/_deps/googletest-src/googletest/include/gtest/gtest-matchers.h:49:
/home/comdare/Projekte/Research/probst-diplomarbeit-cache-engine/Code/external/comdare-cache-engine/build-dbg-clang/_deps/googletest-src/googletest/include/gtest/gtest-printers.h:524:35: warning: implicit conversion from 'char8_t' to 'char32_t' may change the meaning of the represented code unit [-Wcharacter-conversion]
  524 |   PrintTo(ImplicitCast_<char32_t>(c), os);
      |           ~~~~~~~~~~~~~           ^
1 warning generated.
[607/2215] Linking CXX static library lib/libgtest.a
[608/2215] Building CXX object tests/unit/CMakeFiles/anatomy_multi_pilot_4.dir/__/__/generated/anatomy_modules_multi/anatomy_perm_anatomy_multi_pilot_4.cpp.o
[609/2215] Building CXX object tests/unit/CMakeFiles/anatomy_multi_pilot_3.dir/__/__/generated/anatomy_modules_multi/anatomy_perm_anatomy_multi_pilot_3.cpp.o
[610/2215] Building CXX object tests/unit/CMakeFiles/f15_measurement_pilot_0.dir/__/__/generated/f15_measurement_modules/anatomy_perm_f15_measurement_pilot_0.cpp.o
[611/2215] Building CXX object tests/unit/CMakeFiles/comdare_r5g_autobuilt_perm_3.dir/__/__/generated/r5g_autobuilt_modules/comdare_anatomy_perm_auto_11.cpp.o
[612/2215] Building CXX object tests/unit/CMakeFiles/comdare_r5g_autobuilt_perm_0.dir/__/__/generated/r5g_autobuilt_modules/comdare_anatomy_perm_auto_0.cpp.o
[613/2215] Building CXX object tests/unit/CMakeFiles/r5i_configure_pilot_2.dir/__/__/generated/r5i_anatomy_modules/anatomy_perm_r5i_configure_pilot_2.cpp.o
[614/2215] Building CXX object tests/unit/CMakeFiles/comdare_r5g_autobuilt_perm_1.dir/__/__/generated/r5g_autobuilt_modules/comdare_anatomy_perm_auto_1.cpp.o
[615/2215] Building CXX object tests/unit/CMakeFiles/comdare_r5g_autobuilt_perm_7.dir/__/__/generated/r5g_autobuilt_modules/comdare_anatomy_perm_auto_15.cpp.o
[616/2215] Building CXX object tests/unit/CMakeFiles/anatomy_multi_pilot_1.dir/__/__/generated/anatomy_modules_multi/anatomy_perm_anatomy_multi_pilot_1.cpp.o
[617/2215] Building CXX object tests/unit/CMakeFiles/f15_measurement_pilot_1.dir/__/__/generated/f15_measurement_modules/anatomy_perm_f15_measurement_pilot_1.cpp.o
[618/2215] Building CXX object tests/unit/CMakeFiles/r5i_configure_pilot_1.dir/__/__/generated/r5i_anatomy_modules/anatomy_perm_r5i_configure_pilot_1.cpp.o
[619/2215] Building CXX object tests/unit/CMakeFiles/anatomy_multi_pilot_2.dir/__/__/generated/anatomy_modules_multi/anatomy_perm_anatomy_multi_pilot_2.cpp.o
[620/2215] Building CXX object tests/unit/CMakeFiles/anatomy_codegen_pilot_hot.dir/__/__/generated/anatomy_modules/anatomy_perm_hot_pilot.cpp.o
[621/2215] Building CXX object tests/unit/CMakeFiles/anatomy_multi_pilot_5.dir/__/__/generated/anatomy_modules_multi/anatomy_perm_anatomy_multi_pilot_5.cpp.o
[622/2215] Building CXX object tests/unit/CMakeFiles/anatomy_codegen_pilot_wormhole_shared.dir/__/__/generated/anatomy_modules/anatomy_perm_wormhole_pilot.cpp.o
[623/2215] Building CXX object tests/unit/CMakeFiles/anatomy_multi_pilot_0.dir/__/__/generated/anatomy_modules_multi/anatomy_perm_anatomy_multi_pilot_0.cpp.o
[624/2215] Building CXX object tests/unit/CMakeFiles/r5i_configure_pilot_0.dir/__/__/generated/r5i_anatomy_modules/anatomy_perm_r5i_configure_pilot_0.cpp.o
[625/2215] Building CXX object tests/unit/CMakeFiles/comdare_r5g_autobuilt_perm_5.dir/__/__/generated/r5g_autobuilt_modules/comdare_anatomy_perm_auto_13.cpp.o
[626/2215] Building CXX object tests/unit/CMakeFiles/comdare_r5g_autobuilt_perm_8.dir/__/__/generated/r5g_autobuilt_modules/comdare_anatomy_perm_auto_16.cpp.o
[627/2215] Building CXX object tests/unit/CMakeFiles/comdare_r5g_autobuilt_perm_6.dir/__/__/generated/r5g_autobuilt_modules/comdare_anatomy_perm_auto_14.cpp.o
[628/2215] Building CXX object tests/unit/CMakeFiles/comdare_r5g_autobuilt_perm_4.dir/__/__/generated/r5g_autobuilt_modules/comdare_anatomy_perm_auto_12.cpp.o
[629/2215] Building CXX object tests/unit/CMakeFiles/comdare_r5g_autobuilt_perm_2.dir/__/__/generated/r5g_autobuilt_modules/comdare_anatomy_perm_auto_10.cpp.o
[630/2215] Building CXX object tests/unit/CMakeFiles/comdare_r5g_autobuilt_perm_9.dir/__/__/generated/r5g_autobuilt_modules/comdare_anatomy_perm_auto_17.cpp.o
[631/2215] Building CXX object tests/unit/CMakeFiles/comdare_r5g_autobuilt_perm_12.dir/__/__/generated/r5g_autobuilt_modules/comdare_anatomy_perm_auto_2.cpp.o
[632/2215] Building CXX object tests/unit/CMakeFiles/comdare_r5g_autobuilt_perm_11.dir/__/__/generated/r5g_autobuilt_modules/comdare_anatomy_perm_auto_19.cpp.o
[633/2215] Building CXX object tests/unit/CMakeFiles/comdare_r5g_autobuilt_perm_15.dir/__/__/generated/r5g_autobuilt_modules/comdare_anatomy_perm_auto_22.cpp.o
[634/2215] Building CXX object tests/unit/CMakeFiles/comdare_r5g_autobuilt_perm_10.dir/__/__/generated/r5g_autobuilt_modules/comdare_anatomy_perm_auto_18.cpp.o
[635/2215] Building CXX object tests/unit/CMakeFiles/comdare_r5g_autobuilt_perm_25.dir/__/__/generated/r5g_autobuilt_modules/comdare_anatomy_perm_auto_31.cpp.o
[636/2215] Building CXX object tests/unit/CMakeFiles/comdare_r5g_autobuilt_perm_14.dir/__/__/generated/r5g_autobuilt_modules/comdare_anatomy_perm_auto_21.cpp.o
[637/2215] Building CXX object tests/unit/CMakeFiles/comdare_r5g_autobuilt_perm_13.dir/__/__/generated/r5g_autobuilt_modules/comdare_anatomy_perm_auto_20.cpp.o
[638/2215] Building CXX object tests/unit/CMakeFiles/comdare_r5g_autobuilt_perm_17.dir/__/__/generated/r5g_autobuilt_modules/comdare_anatomy_perm_auto_24.cpp.o
[639/2215] Building CXX object tests/unit/CMakeFiles/comdare_r5g_autobuilt_perm_16.dir/__/__/generated/r5g_autobuilt_modules/comdare_anatomy_perm_auto_23.cpp.o
[640/2215] Building CXX object tests/unit/CMakeFiles/comdare_r5g_autobuilt_perm_27.dir/__/__/generated/r5g_autobuilt_modules/comdare_anatomy_perm_auto_33.cpp.o
[641/2215] Building CXX object tests/unit/CMakeFiles/comdare_r5g_autobuilt_perm_18.dir/__/__/generated/r5g_autobuilt_modules/comdare_anatomy_perm_auto_25.cpp.o
[642/2215] Building CXX object tests/unit/CMakeFiles/comdare_r5g_autobuilt_perm_21.dir/__/__/generated/r5g_autobuilt_modules/comdare_anatomy_perm_auto_28.cpp.o
[643/2215] Building CXX object tests/unit/CMakeFiles/comdare_r5g_autobuilt_perm_20.dir/__/__/generated/r5g_autobuilt_modules/comdare_anatomy_perm_auto_27.cpp.o
[644/2215] Building CXX object tests/unit/CMakeFiles/comdare_r5g_autobuilt_perm_19.dir/__/__/generated/r5g_autobuilt_modules/comdare_anatomy_perm_auto_26.cpp.o
[645/2215] Building CXX object tests/unit/CMakeFiles/comdare_r5g_autobuilt_perm_22.dir/__/__/generated/r5g_autobuilt_modules/comdare_anatomy_perm_auto_29.cpp.o
[646/2215] Building CXX object tests/unit/CMakeFiles/comdare_r5g_autobuilt_perm_23.dir/__/__/generated/r5g_autobuilt_modules/comdare_anatomy_perm_auto_3.cpp.o
[647/2215] Generating CXX dyndep file tests/unit/CMakeFiles/test_v41_anatomy_adhoc_autobuilt_load.dir/CXX.dd
[648/2215] Generating CXX dyndep file tests/unit/CMakeFiles/test_d1_d2_selection.dir/CXX.dd
[649/2213] Generating CXX dyndep file tests/unit/CMakeFiles/test_d3_ceb_generator.dir/CXX.dd
[650/2211] Generating CXX dyndep file tests/unit/CMakeFiles/test_d7_build_variant.dir/CXX.dd
[651/2209] Generating CXX dyndep file tests/unit/CMakeFiles/test_d7a_build_inspection.dir/CXX.dd
[652/2207] Generating CXX dyndep file tests/unit/CMakeFiles/test_d7b_definition_per_node.dir/CXX.dd
[653/2205] Generating CXX dyndep file tests/unit/CMakeFiles/test_d8_operability.dir/CXX.dd
[654/2203] Building CXX object tests/unit/CMakeFiles/comdare_r5g_autobuilt_perm_24.dir/__/__/generated/r5g_autobuilt_modules/comdare_anatomy_perm_auto_30.cpp.o
[655/2203] Generating CXX dyndep file tests/unit/CMakeFiles/test_d9_set.dir/CXX.dd
[656/2201] Generating CXX dyndep file tests/unit/CMakeFiles/test_d9_set_adapter.dir/CXX.dd
[657/2199] Generating CXX dyndep file tests/unit/CMakeFiles/test_d10_sequence.dir/CXX.dd
[658/2197] Building CXX object tests/unit/CMakeFiles/comdare_r5g_autobuilt_perm_26.dir/__/__/generated/r5g_autobuilt_modules/comdare_anatomy_perm_auto_32.cpp.o
[659/2197] Generating CXX dyndep file tests/unit/CMakeFiles/test_d11_view.dir/CXX.dd
[660/2195] Generating CXX dyndep file tests/unit/CMakeFiles/test_genus_docks.dir/CXX.dd
[661/2193] Generating CXX dyndep file tests/unit/CMakeFiles/test_d12_virus.dir/CXX.dd
[662/2191] Generating CXX dyndep file tests/unit/CMakeFiles/test_d13_runtime_measure.dir/CXX.dd
[663/2189] Generating CXX dyndep file tests/unit/CMakeFiles/test_d14_result_ingest.dir/CXX.dd
[664/2187] Generating CXX dyndep file tests/unit/CMakeFiles/test_d14b_perm_runner.dir/CXX.dd
[665/2185] Generating CXX dyndep file tests/unit/CMakeFiles/test_a1_load_profile_opmix.dir/CXX.dd
[666/2183] Generating CXX dyndep file tests/unit/CMakeFiles/test_d14c_e2e_pipeline.dir/CXX.dd
[667/2181] Generating CXX dyndep file tests/unit/CMakeFiles/test_d15_selection_filter_chain.dir/CXX.dd
[668/2179] Generating CXX dyndep file tests/unit/CMakeFiles/test_cmd2_container_attribution.dir/CXX.dd
[669/2177] Generating CXX dyndep file tests/unit/CMakeFiles/test_allocator_profile_bestand.dir/CXX.dd
[670/2175] Generating CXX dyndep file tests/unit/CMakeFiles/test_container_genus.dir/CXX.dd
[671/2173] Generating CXX dyndep file tests/unit/CMakeFiles/test_container_dock.dir/CXX.dd
[672/2171] Generating CXX dyndep file tests/unit/CMakeFiles/test_d_v42_probe.dir/CXX.dd
[673/2169] Generating CXX dyndep file tests/unit/CMakeFiles/test_d_v42_probe2.dir/CXX.dd
[674/2167] Generating CXX dyndep file tests/unit/CMakeFiles/test_d_v42_telemetry_observable.dir/CXX.dd
[675/2165] Generating CXX dyndep file tests/unit/CMakeFiles/test_d_v42_memory_layout_observable.dir/CXX.dd
[676/2163] Generating CXX dyndep file tests/unit/CMakeFiles/test_d_v42_serialization_observable.dir/CXX.dd
[677/2161] Generating CXX dyndep file tests/unit/CMakeFiles/test_d_v42_node_type_observable.dir/CXX.dd
[678/2159] Generating CXX dyndep file tests/unit/CMakeFiles/test_genus_permutation_engines.dir/CXX.dd
[679/2157] Generating CXX dyndep file tests/unit/CMakeFiles/test_d_v42_telemetry_registry_observable.dir/CXX.dd
[680/2155] Generating CXX dyndep file tests/unit/CMakeFiles/test_axis_growth_policies.dir/CXX.dd
[681/2153] Generating CXX dyndep file tests/unit/CMakeFiles/test_axis_view_policies.dir/CXX.dd
[682/2151] Generating CXX dyndep file tests/unit/CMakeFiles/test_e24_c0_organ_concept.dir/CXX.dd
[683/2149] Generating CXX dyndep file tests/unit/CMakeFiles/test_e24_c1_organ_concept.dir/CXX.dd
[684/2147] Generating CXX dyndep file tests/unit/CMakeFiles/test_e24_c2_set_permutation_engine.dir/CXX.dd
[685/2145] Generating CXX dyndep file tests/unit/CMakeFiles/test_e24_c2_view_permutation_engine.dir/CXX.dd
[686/2143] Generating CXX dyndep file tests/unit/CMakeFiles/test_e24_c2_sequence_permutation_engine.dir/CXX.dd
[687/2141] Generating CXX dyndep file tests/unit/CMakeFiles/test_e24_c2_adapter_permutation_engine.dir/CXX.dd
[688/2139] Generating CXX dyndep file tests/unit/CMakeFiles/test_e24_c3_set_anatomy.dir/CXX.dd
[689/2137] Generating CXX dyndep file tests/unit/CMakeFiles/test_e24_c3_view_anatomy.dir/CXX.dd
[690/2135] Generating CXX dyndep file tests/unit/CMakeFiles/test_e24_c3_sequence_anatomy.dir/CXX.dd
[691/2133] Generating CXX dyndep file tests/unit/CMakeFiles/test_e24_c3_adapter_anatomy.dir/CXX.dd
[692/2131] Generating CXX dyndep file tests/unit/CMakeFiles/test_e24_c3_cross_genus.dir/CXX.dd
[693/2129] Generating CXX dyndep file tests/unit/CMakeFiles/test_e24_c4_genus_conformance_gates.dir/CXX.dd
[694/2127] Generating CXX dyndep file tests/unit/CMakeFiles/test_e24_c5_fk8_genus_baupfad_d1.dir/CXX.dd
[695/2125] Generating CXX dyndep file tests/unit/CMakeFiles/test_a8s3_sa_organ_member_vollstaendigkeit.dir/CXX.dd
[696/2123] Generating CXX dyndep file tests/unit/CMakeFiles/test_s14_axis_version_lock_tripwire.dir/CXX.dd
[697/2121] Generating CXX dyndep file tests/unit/CMakeFiles/test_e24_c6v_view_statistics.dir/CXX.dd
[698/2119] Generating CXX dyndep file tests/unit/CMakeFiles/test_e24_c6v_growth_statistics.dir/CXX.dd
[699/2117] Generating CXX dyndep file tests/unit/CMakeFiles/test_e24_c6v_inner_container_statistics.dir/CXX.dd
[700/2115] Generating CXX dyndep file tests/unit/CMakeFiles/test_e24_c6_genus_observer_aggregate.dir/CXX.dd
[701/2113] Generating CXX dyndep file tests/unit/CMakeFiles/test_e24_c6_axis_row_writer.dir/CXX.dd
[702/2111] Generating CXX dyndep file tests/unit/CMakeFiles/test_e24_c6v_set_ehrlichkeit.dir/CXX.dd
[703/2109] Generating CXX dyndep file tests/unit/CMakeFiles/test_e24_c6_set_wire_aggregate.dir/CXX.dd
[704/2107] Generating CXX dyndep file tests/unit/CMakeFiles/test_e24_c6_sequence_wire_aggregate.dir/CXX.dd
[705/2105] Generating CXX dyndep file tests/unit/CMakeFiles/test_e24_c6_view_wire_aggregate.dir/CXX.dd
[706/2103] Generating CXX dyndep file tests/unit/CMakeFiles/test_e24_c6_adapter_wire_aggregate.dir/CXX.dd
[707/2101] Generating CXX dyndep file tests/unit/CMakeFiles/test_e24_c6_set_algebra_abi.dir/CXX.dd
[708/2099] Generating CXX dyndep file tests/unit/CMakeFiles/test_e24_c7_gattung_map_umbenennung.dir/CXX.dd
[709/2097] Generating CXX dyndep file tests/unit/CMakeFiles/test_e24_c7_container_gattungs_kern.dir/CXX.dd
[710/2095] Generating CXX dyndep file tests/unit/CMakeFiles/test_e24_c7_element_type_vertrag.dir/CXX.dd
[711/2093] Generating CXX dyndep file tests/unit/CMakeFiles/test_e24_c7_gattung_abi_sichtbar.dir/CXX.dd
[712/2091] Generating CXX dyndep file tests/unit/CMakeFiles/test_hy_a1_heuristik_adapter_gattung.dir/CXX.dd
[713/2091] Generating CXX dyndep file tests/unit/CMakeFiles/test_hy_f8_reroute.dir/CXX.dd
[714/2091] Generating CXX dyndep file tests/unit/CMakeFiles/test_e24_c7_symmetrie_und_benennung.dir/CXX.dd
[715/2089] Generating CXX dyndep file tests/unit/CMakeFiles/test_q2_identitaets_riegel.dir/CXX.dd
[716/2089] Generating CXX dyndep file tests/unit/CMakeFiles/test_hy_a1_dock_contract.dir/CXX.dd
[717/2089] Generating CXX dyndep file tests/unit/CMakeFiles/test_hy_a1_attach_nur_array_include.dir/CXX.dd
[718/2089] Generating CXX dyndep file tests/unit/CMakeFiles/test_hy_a3_hybrid_config_parser.dir/CXX.dd
[719/2089] Generating CXX dyndep file tests/unit/CMakeFiles/test_hy_a2_stempel_kette.dir/CXX.dd
[720/2089] Generating CXX dyndep file tests/unit/CMakeFiles/test_e24_c4_genus_pruef_docks.dir/CXX.dd
[721/2087] Generating CXX dyndep file tests/unit/CMakeFiles/test_seg_coverage.dir/CXX.dd
[722/2085] Generating CXX dyndep file tests/unit/CMakeFiles/test_e24_c5_fk7_dock_fehlerklassen.dir/CXX.dd
[723/2083] Generating CXX dyndep file tests/unit/CMakeFiles/test_migration_two_tier.dir/CXX.dd
[724/2081] Generating CXX dyndep file tests/unit/CMakeFiles/test_filter_real_from_keys.dir/CXX.dd
[725/2079] Generating CXX dyndep file tests/unit/CMakeFiles/test_patricia_real.dir/CXX.dd
[726/2077] Generating CXX dyndep file tests/unit/CMakeFiles/test_value_handle_real.dir/CXX.dd
[727/2075] Generating CXX dyndep file tests/unit/CMakeFiles/test_prefetch_adversarial_verify.dir/CXX.dd
[728/2073] Generating CXX dyndep file tests/unit/CMakeFiles/test_prefetch_real.dir/CXX.dd
[729/2071] Generating CXX dyndep file tests/unit/CMakeFiles/test_prefetch_patha_t7.dir/CXX.dd
[730/2069] Generating CXX dyndep file tests/unit/CMakeFiles/test_a8s3_t17_stats_lesezeitpunkt.dir/CXX.dd
[731/2067] Generating CXX dyndep file tests/unit/CMakeFiles/test_s5_04_execution_alloc_conformance.dir/CXX.dd
[732/2065] Generating CXX dyndep file tests/unit/CMakeFiles/test_a8s1_t17_vollzaehligkeit.dir/CXX.dd
[733/2063] Generating CXX dyndep file tests/unit/CMakeFiles/test_s5_03_placement_alloc_conformance.dir/CXX.dd
[734/2061] Generating CXX dyndep file tests/unit/CMakeFiles/test_s5_04_execution_perf_sanity.dir/CXX.dd
[735/2059] Generating CXX dyndep file tests/unit/CMakeFiles/test_s5_03_placement_perf_sanity.dir/CXX.dd
[736/2057] Generating CXX dyndep file tests/unit/CMakeFiles/test_s5_01d_traversal_perf_sanity.dir/CXX.dd
[737/2055] Generating CXX dyndep file tests/unit/CMakeFiles/test_s5_01d_traversal_alloc_conformance.dir/CXX.dd
[738/2053] Generating CXX dyndep file tests/unit/CMakeFiles/test_s5_02a_layout_alloc_conformance.dir/CXX.dd
[739/2051] Generating CXX dyndep file tests/unit/CMakeFiles/test_s5_02a_layout_perf_sanity.dir/CXX.dd
[740/2049] Generating CXX dyndep file tests/unit/CMakeFiles/test_s5_01a_pool_stores_alloc_conformance.dir/CXX.dd
[741/2047] Generating CXX dyndep file tests/unit/CMakeFiles/test_s5_01a_pool_stores_perf_sanity.dir/CXX.dd
[742/2045] Generating CXX dyndep file tests/unit/CMakeFiles/test_s5_02b_filter_alloc_conformance.dir/CXX.dd
[743/2043] Generating CXX dyndep file tests/unit/CMakeFiles/test_s5_02b_filter_perf_sanity.dir/CXX.dd
[744/2041] Generating CXX dyndep file tests/unit/CMakeFiles/test_s5_01b_composable_alloc_conformance.dir/CXX.dd
[745/2039] Generating CXX dyndep file tests/unit/CMakeFiles/test_s5_01b_composable_perf_sanity.dir/CXX.dd
[746/2037] Generating CXX dyndep file tests/unit/CMakeFiles/test_s5_01c_fassaden_conformance.dir/CXX.dd
[747/2035] Generating CXX dyndep file tests/unit/CMakeFiles/test_s5_05q_queuing_alloc_conformance.dir/CXX.dd
[748/2033] Generating CXX dyndep file tests/unit/CMakeFiles/test_h64_allocator_adapter_failure_contract.dir/CXX.dd
[749/2031] Generating CXX dyndep file tests/unit/CMakeFiles/test_s5_05q_queuing_perf_sanity.dir/CXX.dd
[750/2029] Generating CXX dyndep file tests/unit/CMakeFiles/test_h81_allocator_statistics_forwarder_recursion.dir/CXX.dd
[751/2027] Generating CXX dyndep file tests/unit/CMakeFiles/test_a1_wurf_vertrag_allokator_store.dir/CXX.dd
[752/2025] Generating CXX dyndep file tests/unit/CMakeFiles/test_cuckoo_eviction_correctness.dir/CXX.dd
[753/2023] Generating CXX dyndep file tests/unit/CMakeFiles/test_cow_memento.dir/CXX.dd
[754/2021] Generating CXX dyndep file tests/unit/CMakeFiles/test_hash_lookup_backward_shift.dir/CXX.dd
[755/2019] Generating CXX dyndep file tests/unit/CMakeFiles/test_scalloc_realloc_alignment.dir/CXX.dd
[756/2017] Generating CXX dyndep file tests/unit/CMakeFiles/test_br1_full22_count.dir/CXX.dd
[757/2015] Generating CXX dyndep file tests/unit/CMakeFiles/test_br1_subset.dir/CXX.dd
[758/2013] Generating CXX dyndep file tests/unit/CMakeFiles/test_br2_descriptor_foundation.dir/CXX.dd
[759/2011] Generating CXX dyndep file tests/unit/CMakeFiles/test_br2_roundtrip.dir/CXX.dd
[760/2009] Generating CXX dyndep file tests/unit/CMakeFiles/test_br3_obs22.dir/CXX.dd
[761/2007] Generating CXX dyndep file tests/unit/CMakeFiles/test_br_kf15_real.dir/CXX.dd
[762/2005] Generating CXX dyndep file tests/unit/CMakeFiles/test_clu_per_layout.dir/CXX.dd
[763/2003] Generating CXX dyndep file tests/unit/CMakeFiles/test_cow_capable_wrappers.dir/CXX.dd
[764/2001] Generating CXX dyndep file tests/unit/CMakeFiles/test_d4b_container_adapter.dir/CXX.dd
[765/1999] Generating CXX dyndep file tests/unit/CMakeFiles/test_genus_binding.dir/CXX.dd
[766/1997] Generating CXX dyndep file tests/unit/CMakeFiles/test_genus_organ_binding.dir/CXX.dd
[767/1995] Generating CXX dyndep file tests/unit/CMakeFiles/test_kf4_resource_control.dir/CXX.dd
[768/1993] Generating CXX dyndep file tests/unit/CMakeFiles/test_kf6_node_run_body.dir/CXX.dd
[769/1991] Generating CXX dyndep file tests/unit/CMakeFiles/test_kf5_cacheline_weave.dir/CXX.dd
[770/1989] Generating CXX dyndep file tests/unit/CMakeFiles/test_kf7_runtime_loop.dir/CXX.dd
[771/1987] Generating CXX dyndep file tests/unit/CMakeFiles/test_kf8_ceb_generator.dir/CXX.dd
[772/1985] Generating CXX dyndep file tests/unit/CMakeFiles/test_kf9_experiment_tree.dir/CXX.dd
[773/1983] Generating CXX dyndep file tests/unit/CMakeFiles/test_kf10_repetition_plan.dir/CXX.dd
[774/1981] Generating CXX dyndep file tests/unit/CMakeFiles/test_kf11_telemetry_silent.dir/CXX.dd
[775/1979] Generating CXX dyndep file tests/unit/CMakeFiles/test_kf12_kf13_slurm_prepare.dir/CXX.dd
[776/1977] Generating CXX dyndep file tests/unit/CMakeFiles/test_kf15_inverse_signature.dir/CXX.dd
[777/1975] Generating CXX dyndep file tests/unit/CMakeFiles/test_kf16_build_orchestrator.dir/CXX.dd
[778/1973] Generating CXX dyndep file tests/unit/CMakeFiles/test_kf16b_build_resilience.dir/CXX.dd
[779/1971] Generating CXX dyndep file tests/unit/CMakeFiles/test_w6_parallel_provision.dir/CXX.dd
[780/1969] Generating CXX dyndep file tests/unit/CMakeFiles/test_w11_async_push_pump.dir/CXX.dd
[781/1967] Generating CXX dyndep file tests/unit/CMakeFiles/test_s1_cache_key_prefix.dir/CXX.dd
[782/1965] Generating CXX dyndep file tests/unit/CMakeFiles/test_s5_artifact_cache_bounded.dir/CXX.dd
[783/1963] Generating CXX dyndep file tests/unit/CMakeFiles/test_e24_c10_g6_identitaets_bilanz.dir/CXX.dd
[784/1961] Generating CXX dyndep file tests/unit/CMakeFiles/test_s2_pull_tier_binary.dir/CXX.dd
[785/1959] Generating CXX dyndep file tests/unit/CMakeFiles/test_45_parallel_measure_loop.dir/CXX.dd
[786/1957] Generating CXX dyndep file tests/unit/CMakeFiles/test_cache_mc_timeout.dir/CXX.dd
[787/1955] Generating CXX dyndep file tests/unit/CMakeFiles/test_r2_suffix_wachen.dir/CXX.dd
[788/1953] Generating CXX dyndep file tests/unit/CMakeFiles/test_w10_c4_zellwert_naht.dir/CXX.dd
[789/1951] Generating CXX dyndep file tests/unit/CMakeFiles/test_e24_c9_fk5_fehlerraum.dir/CXX.dd
[790/1949] Generating CXX dyndep file tests/unit/CMakeFiles/test_a15_fk3_axis_error_traits.dir/CXX.dd
[791/1947] Generating CXX dyndep file tests/unit/CMakeFiles/test_a15_fk4_organ_slot_traits.dir/CXX.dd
[792/1945] Generating CXX dyndep file tests/unit/CMakeFiles/test_fk6_algo_error_classes.dir/CXX.dd
[793/1943] Generating CXX dyndep file tests/unit/CMakeFiles/test_resthygiene2_organ_fingerprint.dir/CXX.dd
[794/1941] Generating CXX dyndep file tests/unit/CMakeFiles/test_all19_segment_timer.dir/CXX.dd
[795/1939] Generating CXX dyndep file tests/unit/CMakeFiles/test_m8_storetrav_segment.dir/CXX.dd
[796/1937] Generating CXX dyndep file tests/unit/CMakeFiles/test_br3_observer.dir/CXX.dd
[797/1935] Generating CXX dyndep file tests/unit/CMakeFiles/test_obs_phaseB_t11_t12_iso.dir/CXX.dd
[798/1933] Generating CXX dyndep file tests/unit/CMakeFiles/test_obs_phaseB_t14_t16.dir/CXX.dd
[799/1931] Building CXX object tests/unit/CMakeFiles/comdare_r5g_autobuilt_perm_28.dir/__/__/generated/r5g_autobuilt_modules/comdare_anatomy_perm_auto_34.cpp.o
[800/1931] Generating CXX dyndep file tests/unit/CMakeFiles/test_pathb_segment_timer.dir/CXX.dd
[801/1929] Generating CXX dyndep file tests/unit/CMakeFiles/test_segment_timer_differentiation.dir/CXX.dd
[802/1927] Generating CXX dyndep file tests/unit/CMakeFiles/test_obs_phaseA.dir/CXX.dd
[803/1925] Generating CXX dyndep file tests/unit/CMakeFiles/test_obs_phaseB_t11_t12.dir/CXX.dd
[804/1923] Generating CXX dyndep file tests/unit/CMakeFiles/test_obs_phaseB_pilot.dir/CXX.dd
[805/1921] Generating CXX dyndep file tests/unit/CMakeFiles/test_d_v42_abi_telemetry_coupling.dir/CXX.dd
[806/1919] Generating CXX dyndep file tests/unit/CMakeFiles/test_a8s4_konstitutiv_kette.dir/CXX.dd
[807/1917] Generating CXX dyndep file tests/unit/CMakeFiles/test_a8s4_release_pfad_neutralitaet.dir/CXX.dd
[808/1915] Generating CXX dyndep file tests/unit/CMakeFiles/test_q1_lockfree_concurrency.dir/CXX.dd
[809/1913] Generating CXX dyndep file tests/unit/CMakeFiles/test_kf1_thesis_profile_parser.dir/CXX.dd
[810/1911] Generating CXX dyndep file tests/unit/CMakeFiles/test_v5_io_real_fixture.dir/CXX.dd
[811/1909] Generating CXX dyndep file tests/unit/CMakeFiles/test_188_4bb0_pool_organ_wide_key_conformance.dir/CXX.dd
[812/1909] Generating CXX dyndep file tests/unit/CMakeFiles/test_winsorized_mean.dir/CXX.dd
[813/1907] Generating CXX dyndep file tests/unit/CMakeFiles/test_conformance_gate.dir/CXX.dd
[814/1905] Generating CXX dyndep file tests/unit/CMakeFiles/test_188_4bbV_pool_adapter_flip_compile.dir/CXX.dd
[815/1903] Generating CXX dyndep file tests/unit/CMakeFiles/test_phase_b_effective_search_algo_contrast.dir/CXX.dd
[816/1901] Generating CXX dyndep file tests/unit/CMakeFiles/test_ap15_2_get_allocator_proxy.dir/CXX.dd
[817/1901] Generating CXX dyndep file tests/unit/CMakeFiles/test_s7_1_bst_pool_allocator_deg.dir/CXX.dd
[818/1901] Generating CXX dyndep file tests/unit/CMakeFiles/test_ap15_3_driveable_map_contract.dir/CXX.dd
[819/1901] Generating CXX dyndep file tests/unit/CMakeFiles/test_s7_2_btree_pool_allocator_deg.dir/CXX.dd
[820/1901] Generating CXX dyndep file tests/unit/CMakeFiles/test_234_va_shaped_adapter.dir/CXX.dd
[821/1901] Generating CXX dyndep file tests/unit/CMakeFiles/test_29_container_framework.dir/CXX.dd
[822/1901] Generating CXX dyndep file tests/unit/CMakeFiles/test_striktheit_axis_dach_guard.dir/CXX.dd
[823/1901] Generating CXX dyndep file tests/unit/CMakeFiles/test_a14_os_sub_axes_guard.dir/CXX.dd
[824/1901] Generating CXX dyndep file tests/unit/CMakeFiles/test_axis_error_taxonomy.dir/CXX.dd
[825/1901] Generating CXX dyndep file tests/unit/CMakeFiles/test_meta_meta_halbordnung.dir/CXX.dd
[826/1901] Generating CXX dyndep file tests/unit/CMakeFiles/test_striktheit_metaprog_guard.dir/CXX.dd
[827/1901] Generating CXX dyndep file tests/unit/CMakeFiles/test_rf3_betriebssystem_feature_fehlt.dir/CXX.dd
[828/1900] Generating CXX dyndep file tests/unit/CMakeFiles/test_striktheit_axes_guard.dir/CXX.dd
[829/1900] Generating CXX dyndep file tests/unit/CMakeFiles/test_striktheit_abi_pod_guard.dir/CXX.dd
[830/1900] Generating CXX dyndep file tests/unit/CMakeFiles/test_striktheit_scan_kernel_purity.dir/CXX.dd
[831/1900] Generating CXX dyndep file tests/unit/CMakeFiles/test_234_vb_rest_families_shaped.dir/CXX.dd
[832/1900] Generating CXX dyndep file tests/unit/CMakeFiles/test_cmd1_a_axis_command_base.dir/CXX.dd
[833/1900] Generating CXX dyndep file tests/unit/CMakeFiles/test_s7_3_skip_list_pool_allocator_deg.dir/CXX.dd
[834/1900] Generating CXX dyndep file tests/unit/CMakeFiles/test_s7_4_hash_pool_allocator_deg.dir/CXX.dd
[835/1900] Generating CXX dyndep file tests/unit/CMakeFiles/test_s7_5_art_pool_allocator_deg.dir/CXX.dd
[836/1900] Generating CXX dyndep file tests/unit/CMakeFiles/test_s7_6_hot_pool_allocator_deg.dir/CXX.dd
[837/1900] Generating CXX dyndep file tests/unit/CMakeFiles/test_s7_7_start_pool_allocator_deg.dir/CXX.dd
[838/1900] Generating CXX dyndep file tests/unit/CMakeFiles/test_s7_8_wormhole_pool_allocator_deg.dir/CXX.dd
[839/1900] Generating CXX dyndep file tests/unit/CMakeFiles/test_s7_10_swiss_pool_allocator_deg.dir/CXX.dd
[840/1900] Generating CXX dyndep file tests/unit/CMakeFiles/test_s7_9_surf_pool_allocator_deg.dir/CXX.dd
[841/1900] Generating CXX dyndep file tests/unit/CMakeFiles/test_234_f1_btree_order_shape.dir/CXX.dd
[842/1900] Generating CXX dyndep file tests/unit/CMakeFiles/test_234_f3_bst_shape.dir/CXX.dd
[843/1900] Generating CXX dyndep file tests/unit/CMakeFiles/test_234_f2_skip_list_shape.dir/CXX.dd
[844/1900] Generating CXX dyndep file tests/unit/CMakeFiles/test_234_f4_hash_probe_shape.dir/CXX.dd
[845/1900] Generating CXX dyndep file tests/unit/CMakeFiles/test_188_4a_eytzinger_organ.dir/CXX.dd
[846/1900] Generating CXX dyndep file tests/unit/CMakeFiles/test_188_4c0_known_compositions_conformance.dir/CXX.dd
[847/1900] Generating CXX dyndep file tests/unit/CMakeFiles/test_221_rc_prefetch_distance.dir/CXX.dd
[848/1900] Generating CXX dyndep file tests/unit/CMakeFiles/test_216h2_stat_reset_after_load.dir/CXX.dd
[849/1900] Generating CXX dyndep file tests/unit/CMakeFiles/test_abi_adapter_g3_batch2.dir/CXX.dd
[850/1900] Generating CXX dyndep file tests/unit/CMakeFiles/test_e1_contract_rc_konsum.dir/CXX.dd
[851/1900] Generating CXX dyndep file tests/unit/CMakeFiles/test_217_2a_capacity_guard.dir/CXX.dd
[852/1900] Generating CXX dyndep file tests/unit/CMakeFiles/test_188_4cii_flat_wrapper_traversal.dir/CXX.dd
[853/1900] Generating CXX dyndep file tests/unit/CMakeFiles/m3v2_pmc_smoke.dir/CXX.dd
[854/1898] Generating CXX dyndep file tests/unit/CMakeFiles/test_harness_compile.dir/CXX.dd
[855/1896] Generating CXX dyndep file tests/unit/CMakeFiles/test_tp1_planer_filter_iterator.dir/CXX.dd
[856/1894] Generating CXX dyndep file tests/unit/CMakeFiles/test_a5_eta_slice_verdrahtung.dir/CXX.dd
[857/1892] Generating CXX dyndep file tests/unit/CMakeFiles/test_t2a_f4_facade_plan_durchreichung.dir/CXX.dd
[858/1890] Generating CXX dyndep file tests/unit/CMakeFiles/test_d37b_modus_riegel.dir/CXX.dd
[859/1890] Generating CXX dyndep file tests/unit/CMakeFiles/test_f3_lager_key_provider_iterator.dir/CXX.dd
[860/1888] Generating CXX dyndep file tests/unit/CMakeFiles/test_lagp2_messwert_genus.dir/CXX.dd
[861/1886] Generating CXX dyndep file tests/unit/CMakeFiles/test_lg_skip_callback_null.dir/CXX.dd
[862/1884] Generating CXX dyndep file tests/unit/CMakeFiles/test_b3_schema_freeze_stufe1.dir/CXX.dd
[863/1882] Generating CXX dyndep file tests/unit/CMakeFiles/test_mt_l3_wide_schema_orakel.dir/CXX.dd
[864/1881] Generating CXX dyndep file tests/unit/CMakeFiles/test_vor_push_gate.dir/CXX.dd
[865/1881] Generating CXX dyndep file tests/unit/CMakeFiles/test_lazy_resume_binary.dir/CXX.dd
[866/1879] Generating CXX dyndep file tests/unit/CMakeFiles/test_w5_status_reader.dir/CXX.dd
[867/1877] Generating CXX dyndep file tests/unit/CMakeFiles/test_experiment_dock_payload.dir/CXX.dd
[868/1875] Generating CXX dyndep file tests/unit/CMakeFiles/test_axis_kind_wire_totalitaet.dir/CXX.dd
[869/1875] Generating CXX dyndep file tests/unit/CMakeFiles/test_axis_kind_kategorien_zuordnung.dir/CXX.dd
[870/1875] Generating CXX dyndep file tests/unit/CMakeFiles/test_progress_delta.dir/CXX.dd
[871/1873] Generating CXX dyndep file tests/unit/CMakeFiles/test_profile_coverage.dir/CXX.dd
[872/1873] Generating CXX dyndep file tests/unit/CMakeFiles/test_gn_cell_filter.dir/CXX.dd
[873/1871] Generating CXX dyndep file tests/unit/CMakeFiles/test_ap2_katalog_pfad_stubfrei.dir/CXX.dd
[874/1871] Generating CXX dyndep file tests/unit/CMakeFiles/test_axis_sweep_coverage.dir/CXX.dd
[875/1871] Generating CXX dyndep file tests/unit/CMakeFiles/test_org18_persistence_target.dir/CXX.dd
[876/1871] Generating CXX dyndep file tests/unit/CMakeFiles/test_smoke_coverage_profile.dir/CXX.dd
[877/1871] Generating CXX dyndep file tests/unit/CMakeFiles/test_wdk_datasets_fairness.dir/CXX.dd
[878/1871] Generating CXX dyndep file tests/unit/CMakeFiles/test_measurement_categories.dir/CXX.dd
[879/1871] Generating CXX dyndep file tests/unit/CMakeFiles/test_experiment_parser.dir/CXX.dd
[880/1871] Generating CXX dyndep file tests/unit/CMakeFiles/test_experiment_projection.dir/CXX.dd
[881/1871] Generating CXX dyndep file tests/unit/CMakeFiles/test_experiment_kern_seam.dir/CXX.dd
[882/1871] Generating CXX dyndep file tests/unit/CMakeFiles/test_merge_plan_directive.dir/CXX.dd
[883/1871] Generating CXX dyndep file tests/unit/CMakeFiles/test_experiment_plan_director.dir/CXX.dd
[884/1871] Generating CXX dyndep file tests/unit/CMakeFiles/test_sota_st2_dedup.dir/CXX.dd
[885/1871] Generating CXX dyndep file tests/unit/CMakeFiles/test_validate_profile.dir/CXX.dd
[886/1871] Generating CXX dyndep file tests/unit/CMakeFiles/test_h2_score_akte.dir/CXX.dd
[887/1871] Generating CXX dyndep file tests/unit/CMakeFiles/linux_perf_pmc_smoke.dir/CXX.dd
[888/1869] Generating CXX dyndep file tests/unit/CMakeFiles/test_dgenus_dll.dir/CXX.dd
[889/1867] Generating CXX dyndep file tests/unit/CMakeFiles/test_e24_c10_genus_dll_roundtrip.dir/CXX.dd
[890/1865] Generating CXX dyndep file tests/unit/CMakeFiles/test_e24_c10_g5_lade_wache.dir/CXX.dd
[891/1863] Generating CXX dyndep file tests/unit/CMakeFiles/test_buildvariant_dll.dir/CXX.dd
[892/1861] Generating CXX dyndep file tests/unit/CMakeFiles/test_ap5_simd_extension_coherence.dir/CXX.dd
[893/1859] Generating CXX dyndep file tests/unit/CMakeFiles/test_d4b_container_dll.dir/CXX.dd
[894/1857] Generating CXX dyndep file tests/unit/CMakeFiles/test_w3_mess_interface_testate_dock.dir/CXX.dd
[895/1855] Generating CXX dyndep file tests/unit/CMakeFiles/test_d13_dll_runtime_measure.dir/CXX.dd
[896/1853] Generating CXX dyndep file tests/unit/CMakeFiles/test_adhoc_buildvariant_dll.dir/CXX.dd
[897/1851] Generating CXX dyndep file tests/unit/CMakeFiles/test_w3_mess_interface_testate_biss.dir/CXX.dd
[898/1849] Generating CXX dyndep file tests/unit/CMakeFiles/test_load_profile_writer.dir/CXX.dd
[899/1847] Generating CXX dyndep file tests/unit/CMakeFiles/test_cacheline_policy_selector.dir/CXX.dd
[900/1845] Generating CXX dyndep file tests/unit/CMakeFiles/test_ff2_node_width_subaxis.dir/CXX.dd
[901/1843] Generating CXX dyndep file tests/unit/CMakeFiles/test_kf3_cacheline_subaxis.dir/CXX.dd
[902/1841] Generating CXX dyndep file tests/unit/CMakeFiles/test_fb_alloc_hw_subaxis.dir/CXX.dd
[903/1839] Generating CXX dyndep file tests/unit/CMakeFiles/test_hybrid_spline_selector_scaffold.dir/CXX.dd
[904/1836] Generating CXX dyndep file tests/unit/CMakeFiles/test_e4_contract_xml_to_axislevels.dir/CXX.dd
[905/1834] Generating CXX dyndep file tests/unit/CMakeFiles/test_best_binary_selector_parse_rank.dir/CXX.dd
[906/1831] Generating CXX dyndep file tests/unit/CMakeFiles/test_a9b_active_deklaration_inert.dir/CXX.dd
[907/1829] Generating CXX dyndep file tests/unit/CMakeFiles/test_t1_system_achsen_eine_entscheidung.dir/CXX.dd
[908/1827] Generating CXX dyndep file tests/unit/CMakeFiles/test_e3_contract_conformance_gate_wirksam.dir/CXX.dd
[909/1825] Generating CXX dyndep file tests/unit/CMakeFiles/test_e3_contract_binary_id_bijektion.dir/CXX.dd
[910/1823] Generating CXX dyndep file tests/unit/CMakeFiles/test_e2_contract_abi_vertrag.dir/CXX.dd
[911/1821] Generating CXX dyndep file tests/unit/CMakeFiles/test_m_contract_system_axis_wurzel.dir/CXX.dd
[912/1821] Generating CXX dyndep file tests/unit/CMakeFiles/test_m_simd_feature_flag_catalog.dir/CXX.dd
[913/1821] Generating CXX dyndep file tests/unit/CMakeFiles/test_p1_spd_ddr5_parser.dir/CXX.dd
[914/1821] Generating CXX dyndep file tests/unit/CMakeFiles/test_p2_ram_probe_chain.dir/CXX.dd
[915/1821] Generating CXX dyndep file tests/unit/CMakeFiles/test_p2_ram_identity_verdict.dir/CXX.dd
[916/1821] Generating CXX dyndep file tests/unit/CMakeFiles/test_od10_numa_page_probe.dir/CXX.dd
[917/1821] Generating CXX dyndep file tests/unit/CMakeFiles/test_os_u3_probe.dir/CXX.dd
[918/1821] Generating CXX dyndep file tests/unit/CMakeFiles/test_od11_numa_cpu_pin_process_probe.dir/CXX.dd
[919/1821] Generating CXX dyndep file tests/unit/CMakeFiles/test_o4_machine_identity.dir/CXX.dd
[920/1821] Generating CXX dyndep file tests/unit/CMakeFiles/test_p3_boot_cache_dmi.dir/CXX.dd
[921/1821] Generating CXX dyndep file tests/unit/CMakeFiles/test_c3a_gate_scharfschaltung.dir/CXX.dd
[922/1821] Generating CXX dyndep file tests/unit/CMakeFiles/test_m_w12_stamp_bausteine.dir/CXX.dd
[923/1821] Generating CXX dyndep file tests/unit/CMakeFiles/test_c3b_kanal_merge_beleg.dir/CXX.dd
[924/1821] Generating CXX dyndep file tests/unit/CMakeFiles/test_d4_ceb_schluessel_wahl.dir/CXX.dd
[925/1821] Generating CXX dyndep file tests/unit/CMakeFiles/test_d2_mess_konsistenz_gate.dir/CXX.dd
[926/1821] Generating CXX dyndep file tests/unit/CMakeFiles/test_w10_system_cell_values.dir/CXX.dd
[927/1821] Generating CXX dyndep file tests/unit/CMakeFiles/test_g1_binary_version_stamp.dir/CXX.dd
[928/1821] Generating CXX dyndep file tests/unit/CMakeFiles/test_progress_heartbeat.dir/CXX.dd
[929/1821] Generating CXX dyndep file tests/unit/CMakeFiles/test_limits_entkopplung_vorstufe.dir/CXX.dd
[930/1819] Generating CXX dyndep file tests/unit/CMakeFiles/test_lazy_adhoc_source_gen.dir/CXX.dd
[931/1817] Generating CXX dyndep file tests/unit/CMakeFiles/test_b3_wallclock_erbe_ct.dir/CXX.dd
[932/1815] Generating CXX dyndep file tests/unit/CMakeFiles/test_lagz1_lager_schluessel_simd.dir/CXX.dd
[933/1813] Generating CXX dyndep file tests/unit/CMakeFiles/test_w2_combo_ct_stamp.dir/CXX.dd
[934/1811] Generating CXX dyndep file tests/unit/CMakeFiles/test_m1_mess_achsen_wirkung.dir/CXX.dd
[935/1809] Generating CXX dyndep file tests/unit/CMakeFiles/test_r3_mess_gate_fingerprint_biss.dir/CXX.dd
[936/1807] Generating CXX dyndep file tests/unit/CMakeFiles/test_r3_mess_gates_spiegel.dir/CXX.dd
[937/1805] Generating CXX dyndep file tests/unit/CMakeFiles/test_b2_mess_gate_trennung.dir/CXX.dd
[938/1803] Generating CXX dyndep file tests/unit/CMakeFiles/test_b2_gate_zustand_g2an_g3aus.dir/CXX.dd
[939/1801] Generating CXX dyndep file tests/unit/CMakeFiles/test_b5_pmc_ehrlichkeit_alle_sieben.dir/CXX.dd
[940/1799] Generating CXX dyndep file tests/unit/CMakeFiles/test_m1h_stufen_und_pmc_wache.dir/CXX.dd
[941/1797] Generating CXX dyndep file tests/unit/CMakeFiles/test_parser_konsolidierung.dir/CXX.dd
[942/1795] Generating CXX dyndep file tests/unit/CMakeFiles/test_phase6_vorbau.dir/CXX.dd
[943/1793] Generating CXX dyndep file tests/unit/CMakeFiles/test_simd_field_sum_dispatch.dir/CXX.dd
[944/1791] Generating CXX dyndep file tests/unit/CMakeFiles/test_simd_field_sum_dispatch_avx2.dir/CXX.dd
[945/1789] Generating CXX dyndep file tests/unit/CMakeFiles/test_simd_field_sum_dispatch_avx512.dir/CXX.dd
[946/1787] Generating CXX dyndep file tests/unit/CMakeFiles/test_simd_add_u64_carry.dir/CXX.dd
[947/1787] Generating CXX dyndep file tests/unit/CMakeFiles/test_simd_add_u64_carry_avx2.dir/CXX.dd
[948/1787] Generating CXX dyndep file tests/unit/CMakeFiles/test_simd_add_u64_carry_avx512.dir/CXX.dd
[949/1787] Generating CXX dyndep file tests/unit/CMakeFiles/test_reflect_versions_all17.dir/CXX.dd
[950/1787] Generating CXX dyndep file tests/unit/CMakeFiles/test_a1_algo_version_pin_alloc_axis.dir/CXX.dd
[951/1787] Generating CXX dyndep file tests/unit/CMakeFiles/test_planner_version_flag_grammatik.dir/CXX.dd
[952/1787] Generating CXX dyndep file tests/unit/CMakeFiles/test_reflect_versions_all_registered.dir/CXX.dd
[953/1787] Generating CXX dyndep file tests/unit/CMakeFiles/test_g3_bestandslog_document.dir/CXX.dd
[954/1787] Generating CXX dyndep file tests/unit/CMakeFiles/test_g3_bestandslog_lock.dir/CXX.dd
[955/1787] Generating CXX dyndep file tests/unit/CMakeFiles/test_g3_eta_estimator.dir/CXX.dd
[956/1787] Generating CXX dyndep file tests/unit/CMakeFiles/test_g3_reservation_lifecycle.dir/CXX.dd
[957/1787] Generating CXX dyndep file tests/unit/CMakeFiles/test_a5_eta_kalibrierung.dir/CXX.dd
[958/1787] Generating CXX dyndep file tests/unit/CMakeFiles/test_g3_batch_planner.dir/CXX.dd
[959/1787] Generating CXX dyndep file tests/unit/CMakeFiles/test_g3_writer_backend_io_uring.dir/CXX.dd
[960/1787] Generating CXX dyndep file tests/unit/CMakeFiles/test_a2_sha512_skip_gate.dir/CXX.dd
[961/1787] Generating CXX dyndep file tests/unit/CMakeFiles/test_g3_ram_spool_writer.dir/CXX.dd
[962/1787] Generating CXX dyndep file tests/unit/CMakeFiles/test_g2_variant_sidecar.dir/CXX.dd
[963/1787] Generating CXX dyndep file tests/unit/CMakeFiles/test_bvset_teilmenge.dir/CXX.dd
[964/1787] Generating CXX dyndep file tests/unit/CMakeFiles/test_g3_sha512_index.dir/CXX.dd
[965/1787] Generating CXX dyndep file tests/unit/CMakeFiles/test_g3_builder_registration.dir/CXX.dd
[966/1787] Generating CXX dyndep file tests/unit/CMakeFiles/test_g3_takeover_sweep.dir/CXX.dd
[967/1787] Generating CXX dyndep file tests/unit/CMakeFiles/test_lb0_lager_pfad_grammatik.dir/CXX.dd
[968/1787] Generating CXX dyndep file tests/unit/CMakeFiles/test_lb1_knoten_heuristik_log.dir/CXX.dd
[969/1787] Generating CXX dyndep file tests/unit/CMakeFiles/test_ge3_messwert_genus_und_ziel.dir/CXX.dd
[970/1787] Generating CXX dyndep file tests/unit/CMakeFiles/test_ge1_claim_check_und_sidecar.dir/CXX.dd
[971/1787] Generating CXX dyndep file tests/unit/CMakeFiles/test_g3_planer_driven.dir/CXX.dd
[972/1787] Generating CXX dyndep file tests/unit/CMakeFiles/test_g3_prune.dir/CXX.dd
[973/1787] Generating CXX dyndep file tests/unit/CMakeFiles/test_g3_lager_presence.dir/CXX.dd
[974/1787] Generating CXX dyndep file tests/unit/CMakeFiles/test_g3_artifact_cache_transport.dir/CXX.dd
[975/1787] Generating CXX dyndep file tests/unit/CMakeFiles/test_a8s3_csv_klasse_c.dir/CXX.dd
[976/1785] Generating CXX dyndep file tests/unit/CMakeFiles/test_fk1_nicht_gebaut_marker.dir/CXX.dd
[977/1783] Generating CXX dyndep file tests/unit/CMakeFiles/test_e04_slice_marker.dir/CXX.dd
[978/1781] Generating CXX dyndep file tests/unit/CMakeFiles/test_rf2_admission_marker_inert.dir/CXX.dd
[979/1779] Generating CXX dyndep file tests/unit/CMakeFiles/test_p_cacheline_store_line_source.dir/CXX.dd
[980/1777] Generating CXX dyndep file tests/unit/CMakeFiles/test_m1hb_observer_zellen_ehrlich.dir/CXX.dd
[981/1775] Generating CXX dyndep file tests/unit/CMakeFiles/test_b14_layout_scan_line_subaxis.dir/CXX.dd
[982/1773] Generating CXX dyndep file tests/unit/CMakeFiles/test_a9s3_writeback_method_xlsx.dir/CXX.dd
[983/1773] Generating CXX dyndep file tests/unit/CMakeFiles/test_b14_abi_adapter_line_subaxis_paths.dir/CXX.dd
[984/1773] Generating CXX dyndep file tests/unit/CMakeFiles/test_a9_xlsx_vendor_rauchtest.dir/CXX.dd
[985/1773] Generating CXX dyndep file tests/unit/CMakeFiles/test_a9s3_ergebnis_mappe_csv.dir/CXX.dd
[986/1773] Generating CXX dyndep file tests/unit/CMakeFiles/test_a9s3_xlsx_ergebnis_writer.dir/CXX.dd
[987/1773] Generating CXX dyndep file tests/unit/CMakeFiles/test_a9s3_mess_ebene_blattsorte.dir/CXX.dd
[988/1773] Generating CXX dyndep file tests/unit/CMakeFiles/test_d2_abdeckungs_wache_nenner.dir/CXX.dd
[989/1773] Generating CXX dyndep file tests/unit/CMakeFiles/test_mt_l4_registrierungs_wache_isa.dir/CXX.dd
[990/1773] Generating CXX dyndep file tests/unit/CMakeFiles/test_hyg_kumulativer_bereich.dir/CXX.dd
[991/1773] Generating CXX dyndep file tests/unit/CMakeFiles/test_a9s4_realm_scan_stale.dir/CXX.dd
[992/1773] Generating CXX dyndep file tests/unit/CMakeFiles/test_d3_6_realm_selektor_produktionsablage.dir/CXX.dd
[993/1773] Generating CXX dyndep file tests/unit/CMakeFiles/test_a9s4_dynamic_axis_filter.dir/CXX.dd
[994/1773] Generating CXX dyndep file tests/unit/CMakeFiles/test_a9s4_mess_report_render.dir/CXX.dd
[995/1773] Generating CXX dyndep file tests/unit/CMakeFiles/test_a9s4_skip_manifest.dir/CXX.dd
[996/1773] Generating CXX dyndep file tests/unit/CMakeFiles/test_lg_xlsx_alt_nie_vernichten.dir/CXX.dd
[997/1773] Generating CXX dyndep file tests/unit/CMakeFiles/test_a9s5_ergebnis_mappe_naht.dir/CXX.dd
[998/1773] Generating CXX dyndep file tests/unit/CMakeFiles/test_ms1_arenen_kein_alloc_im_fenster.dir/CXX.dd
[999/1771] Generating CXX dyndep file tests/unit/CMakeFiles/test_ms2_pre_touch_seitenfehler.dir/CXX.dd
[1000/1769] Generating CXX dyndep file tests/unit/CMakeFiles/ck1_naht_voll.dir/CXX.dd
[1001/1768] Generating CXX dyndep file tests/unit/CMakeFiles/ck1_naht_leer.dir/CXX.dd
[1002/1767] Generating CXX dyndep file tests/unit/CMakeFiles/test_ck1_messkette_koeder.dir/CXX.dd
[1003/1767] Generating CXX dyndep file tests/unit/CMakeFiles/test_check_size_mengenrechnung.dir/CXX.dd
[1004/1765] Generating CXX dyndep file tests/unit/CMakeFiles/test_d55_hdr_verdrahtung.dir/CXX.dd
[1005/1765] Generating CXX dyndep file tests/unit/CMakeFiles/test_naht1_mess_visitor_biss.dir/CXX.dd
[1006/1765] Generating CXX dyndep file tests/unit/CMakeFiles/test_d2g1_ctest_registrierung.dir/CXX.dd
[1007/1765] Generating CXX dyndep file tests/unit/CMakeFiles/test_flaeche3_deckung_ceb_aus_tier_an.dir/CXX.dd
[1008/1765] Generating CXX dyndep file tests/unit/CMakeFiles/test_warn2a_block_id_bidirektional.dir/CXX.dd
[1009/1765] Generating CXX dyndep file tests/unit/CMakeFiles/test_warn1_d2_fingerprint_koeder.dir/CXX.dd
[1010/1765] Generating CXX dyndep file tests/unit/CMakeFiles/test_t6_wachen_inventar.dir/CXX.dd
[1011/1765] Generating CXX dyndep file tests/unit/CMakeFiles/test_t6_biss_achsen_roundtrip_wache.dir/CXX.dd
[1012/1765] Generating CXX dyndep file tests/unit/CMakeFiles/test_t6_biss_sichtbarkeits_wache.dir/CXX.dd
[1013/1765] Generating CXX dyndep file tests/unit/CMakeFiles/test_lizenz_konsistenz.dir/CXX.dd
[1014/1765] Generating CXX dyndep file tests/unit/CMakeFiles/test_w0b_durchstich_kette.dir/CXX.dd
[1015/1765] Generating CXX dyndep file tests/unit/CMakeFiles/test_t6_biss_registrierungs_wache.dir/CXX.dd
[1016/1765] Generating CXX dyndep file tests/unit/CMakeFiles/test_anker_marke_statt_ledgerzeile.dir/CXX.dd
[1017/1765] Generating CXX dyndep file tests/unit/CMakeFiles/test_pa1_tote_ausnahme.dir/CXX.dd
[1018/1765] Generating CXX dyndep file tests/unit/CMakeFiles/test_vs_taxonomie_klassen_grep.dir/CXX.dd
[1019/1765] Generating CXX dyndep file tests/unit/CMakeFiles/test_s1_stempel_basis_vertrag.dir/CXX.dd
[1020/1765] Generating CXX dyndep file tests/unit/CMakeFiles/test_s3_ordnung_relation.dir/CXX.dd
[1021/1765] Generating CXX dyndep file tests/unit/CMakeFiles/test_s3_ordnung_freigabe.dir/CXX.dd
[1022/1765] Generating CXX dyndep file tests/unit/CMakeFiles/test_stempel_vollbestand_registry.dir/CXX.dd
[1023/1765] Generating CXX dyndep file tests/unit/CMakeFiles/test_stempel_zulassung_bruecke.dir/CXX.dd
[1024/1765] Generating CXX dyndep file tests/unit/CMakeFiles/test_k2_stufen_neutraler_loader.dir/CXX.dd
[1025/1765] Generating CXX dyndep file tests/unit/CMakeFiles/test_g2_semantik_duplikatverbot.dir/CXX.dd
[1026/1765] Generating CXX dyndep file tests/unit/CMakeFiles/test_s6c_kategorien_ordnung_zwei_welten.dir/CXX.dd
[1027/1765] Generating CXX dyndep file tests/unit/CMakeFiles/test_simd_organ_achsen_deckung.dir/CXX.dd
[1028/1765] Generating CXX dyndep file tests/unit/CMakeFiles/test_genus_ct_komposition.dir/CXX.dd
[1029/1765] Generating CXX dyndep file tests/unit/CMakeFiles/test_lg_host_binder.dir/CXX.dd
[1030/1765] Generating CXX dyndep file tests/unit/CMakeFiles/test_lg_e2e_xlsx_facade.dir/CXX.dd
[1031/1765] Generating CXX dyndep file tests/unit/CMakeFiles/test_pk_klemm_json.dir/CXX.dd
[1032/1765] Generating CXX dyndep file tests/unit/CMakeFiles/test_xl_l4_na_konkurrenz.dir/CXX.dd
[1033/1765] Generating CXX dyndep file tests/unit/CMakeFiles/test_lg_load_wache_genus_kontrast.dir/CXX.dd
[1034/1763] Generating CXX dyndep file tests/unit/CMakeFiles/test_lg_idempotenz_beide_wdh.dir/CXX.dd
[1035/1763] Generating CXX dyndep file tests/unit/CMakeFiles/test_registry_gen_out_pflicht.dir/CXX.dd
[1036/1763] Generating CXX dyndep file tests/unit/CMakeFiles/test_ci_coverage_guard_strikt.dir/CXX.dd
[1037/1763] Generating CXX dyndep file tests/unit/CMakeFiles/test_configure_enable_gnu.dir/CXX.dd
[1038/1763] Generating CXX dyndep file tests/unit/CMakeFiles/test_variant_hauswache.dir/CXX.dd
[1039/1763] Generating CXX dyndep file tests/unit/CMakeFiles/test_t15b_retry_warmup_paar.dir/CXX.dd
[1040/1761] Generating CXX dyndep file tests/unit/CMakeFiles/test_s19_simulation_rechnung.dir/CXX.dd
[1041/1759] Generating CXX dyndep file tests/unit/CMakeFiles/test_s8_traeger_grenzwache.dir/CXX.dd
[1042/1759] Generating CXX dyndep file tests/unit/CMakeFiles/test_s8kopf_planner_kopf.dir/CXX.dd
[1043/1759] Generating CXX dyndep file tests/unit/CMakeFiles/test_s13_02_zielfilter_vier_faelle.dir/CXX.dd
[1044/1759] Generating CXX dyndep file tests/unit/CMakeFiles/test_s13_01_csv_kind_projektion.dir/CXX.dd
[1045/1759] Generating CXX dyndep file tests/unit/CMakeFiles/test_s13_03_per_binary_mappe.dir/CXX.dd
[1046/1759] Generating CXX dyndep file tests/unit/CMakeFiles/test_pmc_startup_pruefung.dir/CXX.dd
[1047/1759] Generating CXX dyndep file tests/unit/CMakeFiles/test_pmc_raw_event_katalog.dir/CXX.dd
[1048/1759] Generating CXX dyndep file tests/unit/CMakeFiles/test_bestand_schluessel_schema.dir/CXX.dd
[1049/1759] Generating CXX dyndep file tests/unit/CMakeFiles/test_kanal_id_schema.dir/CXX.dd
[1050/1759] Generating CXX dyndep file tests/unit/CMakeFiles/test_begriffs_alias_registry.dir/CXX.dd
[1051/1759] Generating CXX dyndep file tests/unit/CMakeFiles/test_ph89_paper_prueflinge.dir/CXX.dd
[1052/1759] Generating CXX dyndep file tests/unit/CMakeFiles/test_e8_bytes_in_use_peak_demo.dir/CXX.dd
[1053/1759] Generating CXX dyndep file tests/unit/CMakeFiles/test_e07_gate_kriterien.dir/CXX.dd
[1054/1759] Generating CXX dyndep file tests/unit/CMakeFiles/test_parameter_filter_registry_skelett.dir/CXX.dd
[1055/1759] Generating CXX dyndep file tests/unit/CMakeFiles/test_c14_lager_presence_wache.dir/CXX.dd
[1056/1759] Generating CXX dyndep file tests/unit/CMakeFiles/test_c14_messwert_presence_wache.dir/CXX.dd
[1057/1759] Generating CXX dyndep file tests/unit/CMakeFiles/test_c13_selektiver_rebuild.dir/CXX.dd
[1058/1759] Linking CXX static library lib/libgtest_main.a
[1059/1759] Linking CXX static library lib/libgmock.a
[1060/1759] Building CXX object tests/unit/CMakeFiles/comdare_r5g_autobuilt_perm_30.dir/__/__/generated/r5g_autobuilt_modules/comdare_anatomy_perm_auto_36.cpp.o
[1061/1759] Building CXX object tests/unit/CMakeFiles/comdare_r5g_autobuilt_perm_31.dir/__/__/generated/r5g_autobuilt_modules/comdare_anatomy_perm_auto_37.cpp.o
[1062/1759] Building CXX object tests/unit/CMakeFiles/comdare_r5g_autobuilt_perm_29.dir/__/__/generated/r5g_autobuilt_modules/comdare_anatomy_perm_auto_35.cpp.o
[1063/1759] Building CXX object tests/unit/CMakeFiles/comdare_r5g_autobuilt_perm_32.dir/__/__/generated/r5g_autobuilt_modules/comdare_anatomy_perm_auto_38.cpp.o
[1064/1759] Building CXX object tests/unit/CMakeFiles/comdare_r5g_autobuilt_perm_33.dir/__/__/generated/r5g_autobuilt_modules/comdare_anatomy_perm_auto_39.cpp.o
[1065/1759] Building CXX object _deps/googletest-build/googlemock/CMakeFiles/gmock_main.dir/src/gmock_main.cc.o
[1066/1759] Building CXX object tests/unit/CMakeFiles/comdare_r5g_autobuilt_perm_37.dir/__/__/generated/r5g_autobuilt_modules/comdare_anatomy_perm_auto_42.cpp.o
[1067/1759] Building CXX object tests/unit/CMakeFiles/test_pressure_state.dir/test_pressure_state.cpp.o
[1068/1759] Building CXX object tests/unit/CMakeFiles/comdare_r5g_autobuilt_perm_34.dir/__/__/generated/r5g_autobuilt_modules/comdare_anatomy_perm_auto_4.cpp.o
[1069/1759] Building CXX object tests/unit/CMakeFiles/test_cache_recommendation.dir/test_cache_recommendation.cpp.o
[1070/1759] Building CXX object libs/cache_engine/builder/commands/tests/CMakeFiles/test_engine_adapters.dir/test_engine_adapters.cpp.o
[1071/1759] Building CXX object tests/unit/CMakeFiles/test_cpuid_probe.dir/test_cpuid_probe.cpp.o
[1072/1759] Building CXX object tests/unit/CMakeFiles/comdare_r5g_autobuilt_perm_35.dir/__/__/generated/r5g_autobuilt_modules/comdare_anatomy_perm_auto_40.cpp.o
[1073/1759] Building CXX object tests/unit/CMakeFiles/comdare_r5g_autobuilt_perm_36.dir/__/__/generated/r5g_autobuilt_modules/comdare_anatomy_perm_auto_41.cpp.o
[1074/1759] Building CXX object libs/cache_engine/builder/commands/tests/CMakeFiles/test_commands.dir/test_commands.cpp.o
[1075/1759] Building CXX object tests/unit/CMakeFiles/test_permutation_flags.dir/test_permutation_flags.cpp.o
[1076/1759] Building CXX object tests/unit/CMakeFiles/test_event_hierarchy.dir/test_event_hierarchy.cpp.o
[1077/1759] Building CXX object tests/unit/CMakeFiles/comdare_r5g_autobuilt_perm_40.dir/__/__/generated/r5g_autobuilt_modules/comdare_anatomy_perm_auto_45.cpp.o
[1078/1759] Building CXX object tests/unit/CMakeFiles/comdare_r5g_autobuilt_perm_39.dir/__/__/generated/r5g_autobuilt_modules/comdare_anatomy_perm_auto_44.cpp.o
[1079/1759] Building CXX object tests/unit/CMakeFiles/comdare_r5g_autobuilt_perm_38.dir/__/__/generated/r5g_autobuilt_modules/comdare_anatomy_perm_auto_43.cpp.o
[1080/1759] Building CXX object tests/unit/CMakeFiles/comdare_r5g_autobuilt_perm_43.dir/__/__/generated/r5g_autobuilt_modules/comdare_anatomy_perm_auto_5.cpp.o
[1081/1759] Building CXX object tests/unit/CMakeFiles/test_observer_registry.dir/test_observer_registry.cpp.o
[1082/1759] Building CXX object tests/unit/CMakeFiles/comdare_r5g_autobuilt_perm_46.dir/__/__/generated/r5g_autobuilt_modules/comdare_anatomy_perm_auto_8.cpp.o
[1083/1759] Building CXX object tests/unit/CMakeFiles/comdare_r5g_autobuilt_perm_44.dir/__/__/generated/r5g_autobuilt_modules/comdare_anatomy_perm_auto_6.cpp.o
[1084/1759] Building CXX object tests/unit/CMakeFiles/comdare_r5g_autobuilt_perm_41.dir/__/__/generated/r5g_autobuilt_modules/comdare_anatomy_perm_auto_46.cpp.o
[1085/1759] Building CXX object tests/unit/CMakeFiles/comdare_r5g_autobuilt_perm_42.dir/__/__/generated/r5g_autobuilt_modules/comdare_anatomy_perm_auto_47.cpp.o
[1086/1759] Building CXX object tests/unit/CMakeFiles/comdare_r5g_autobuilt_perm_47.dir/__/__/generated/r5g_autobuilt_modules/comdare_anatomy_perm_auto_9.cpp.o
[1087/1759] Building CXX object tests/unit/CMakeFiles/test_decision_trees.dir/test_decision_trees.cpp.o
[1088/1759] Building CXX object tests/unit/CMakeFiles/test_telemetry_strategies.dir/test_telemetry_strategies.cpp.o
[1089/1759] Building CXX object tests/unit/CMakeFiles/test_concurrency_disciplines.dir/test_concurrency_disciplines.cpp.o
[1090/1759] Building CXX object tests/unit/CMakeFiles/test_decision_lambda_registry.dir/test_decision_lambda_registry.cpp.o
[1091/1759] Building CXX object tests/unit/CMakeFiles/comdare_r5g_autobuilt_perm_45.dir/__/__/generated/r5g_autobuilt_modules/comdare_anatomy_perm_auto_7.cpp.o
[1092/1759] Building CXX object tests/unit/CMakeFiles/test_platform_concepts.dir/test_platform_concepts.cpp.o
[1093/1759] Building CXX object apps/f15_compare/CMakeFiles/comdare_f15_compare_cli.dir/main.cpp.o
[1094/1759] Building CXX object tests/unit/CMakeFiles/test_sub_engines.dir/test_sub_engines.cpp.o
[1095/1759] Building CXX object tests/unit/CMakeFiles/test_measurement_buffer.dir/test_measurement_buffer.cpp.o
[1096/1759] Building CXX object tests/unit/CMakeFiles/test_cache_hierarchy_and_mode.dir/test_cache_hierarchy_and_mode.cpp.o
[1097/1759] Building CXX object tests/unit/CMakeFiles/test_abi_interface.dir/test_abi_interface.cpp.o
[1098/1759] Building CXX object tests/unit/CMakeFiles/test_allocator_concepts.dir/test_allocator_concepts.cpp.o
[1099/1759] Building CXX object tests/unit/CMakeFiles/test_test_data_accumulation.dir/test_test_data_accumulation.cpp.o
[1100/1759] Building CXX object tests/unit/CMakeFiles/test_config_durability.dir/test_config_durability.cpp.o
[1101/1759] Building CXX object tests/unit/CMakeFiles/test_chaos_drift_gate.dir/test_chaos_drift_gate.cpp.o
[1102/1759] Building CXX object tests/unit/CMakeFiles/test_builder_codegen.dir/test_builder_codegen.cpp.o
[1103/1759] Building CXX object tests/unit/CMakeFiles/test_permutation_sampling.dir/test_permutation_sampling.cpp.o
[1104/1759] Building CXX object tests/unit/CMakeFiles/test_v31_adapters.dir/test_v31_adapters.cpp.o
[1105/1759] Building CXX object tests/unit/CMakeFiles/test_rcu.dir/test_rcu.cpp.o
[1106/1759] Building CXX object tests/unit/CMakeFiles/test_codegen_from_profile.dir/test_codegen_from_profile.cpp.o
[1107/1759] Building CXX object tests/unit/CMakeFiles/test_succinct.dir/test_succinct.cpp.o
[1108/1759] Building CXX object tests/unit/CMakeFiles/test_benchmark_suite.dir/test_benchmark_suite.cpp.o
[1109/1759] Building CXX object tests/unit/CMakeFiles/test_experiment_driver_v13.dir/test_experiment_driver_v13.cpp.o
[1110/1759] Building CXX object tests/unit/CMakeFiles/test_latex_anhang.dir/test_latex_anhang.cpp.o
[1111/1759] Building CXX object tests/unit/CMakeFiles/test_ycsb_cli.dir/test_ycsb_cli.cpp.o
[1112/1759] Building CXX object tests/unit/CMakeFiles/test_workload_and_experiment.dir/test_workload_and_experiment.cpp.o
[1113/1759] Building CXX object tests/unit/CMakeFiles/test_hbm_hierarchy.dir/test_hbm_hierarchy.cpp.o
[1114/1759] Building CXX object tests/unit/CMakeFiles/test_module_loader.dir/test_module_loader.cpp.o
[1115/1759] Building CXX object tests/unit/CMakeFiles/test_rcu_concurrency.dir/test_rcu_concurrency.cpp.o
[1116/1759] Building CXX object tests/unit/CMakeFiles/test_v41_indexes.dir/test_v41_indexes.cpp.o
[1117/1759] Building CXX object tests/unit/CMakeFiles/test_ctsha512.dir/test_ctsha512.cpp.o
[1118/1759] Building CXX object tests/unit/CMakeFiles/test_allocator_full_matrix.dir/test_allocator_full_matrix.cpp.o
[1119/1759] Linking CXX static library tests/unit/comdare_anatomy_perm_hot_pilot.a
[1120/1759] Building CXX object tests/unit/CMakeFiles/test_v41_topics_fundament.dir/test_v41_topics_fundament.cpp.o
[1121/1759] Linking CXX shared library tests/unit/comdare_anatomy_perm_wormhole_pilot.so
[1122/1759] Building CXX object tests/unit/CMakeFiles/test_v41_anatomy.dir/test_v41_anatomy.cpp.o
[1123/1759] Linking CXX shared library generated/anatomy_modules_multi/comdare_anatomy_perm_anatomy_multi_pilot_0.so
[1124/1759] Building CXX object tests/unit/CMakeFiles/test_v41_compositions.dir/test_v41_compositions.cpp.o
[1125/1759] Building CXX object tests/unit/CMakeFiles/test_v41_anatomy_r4_driver.dir/test_v41_anatomy_r4_driver.cpp.o
[1126/1759] Linking CXX shared library generated/anatomy_modules_multi/comdare_anatomy_perm_anatomy_multi_pilot_1.so
[1127/1759] Building CXX object tests/unit/CMakeFiles/test_v41_anatomy_pruefling_merge.dir/test_v41_anatomy_pruefling_merge.cpp.o
[1128/1759] Linking CXX shared library generated/anatomy_modules_multi/comdare_anatomy_perm_anatomy_multi_pilot_3.so
[1129/1759] Linking CXX shared library generated/anatomy_modules_multi/comdare_anatomy_perm_anatomy_multi_pilot_4.so
[1130/1759] Linking CXX shared library generated/anatomy_modules_multi/comdare_anatomy_perm_anatomy_multi_pilot_2.so
[1131/1759] Linking CXX shared library generated/anatomy_modules_multi/comdare_anatomy_perm_anatomy_multi_pilot_5.so
[1132/1759] Building CXX object tests/unit/CMakeFiles/test_v41_axis_03a_cross_variant_equivalence.dir/test_v41_axis_03a_cross_variant_equivalence.cpp.o
[1133/1759] Building CXX object tests/unit/CMakeFiles/test_vampir_nfp_allocator.dir/thesis_tiere/test_vampir_nfp_allocator.cpp.o
[1134/1759] Building CXX object tests/unit/CMakeFiles/test_ap7_swisstable.dir/test_ap7_swisstable.cpp.o
[1135/1759] Building CXX object tests/unit/CMakeFiles/test_v41_paper_legacy_code.dir/test_v41_paper_legacy_code.cpp.o
[1136/1759] Building CXX object tests/unit/CMakeFiles/test_ap8_hdr_histogram.dir/test_ap8_hdr_histogram.cpp.o
[1137/1759] Building CXX object tests/unit/CMakeFiles/test_ap7b3_swiss_isa_group_match.dir/test_ap7b3_swiss_isa_group_match.cpp.o
[1138/1759] Building CXX object tests/unit/CMakeFiles/test_ap7b_swiss_organ.dir/test_ap7b_swiss_organ.cpp.o
[1139/1759] Building CXX object tests/unit/CMakeFiles/test_v41_tier_observe_trace.dir/test_v41_tier_observe_trace.cpp.o
[1140/1759] Building CXX object tests/unit/CMakeFiles/test_v41_anatomy_observer.dir/test_v41_anatomy_observer.cpp.o
[1141/1759] Building CXX object tests/unit/CMakeFiles/test_v41_anatomy_base.dir/test_v41_anatomy_base.cpp.o
[1142/1759] Building CXX object tests/unit/CMakeFiles/test_v41_topic_queuing.dir/test_v41_topic_queuing.cpp.o
[1143/1759] Building CXX object tests/unit/CMakeFiles/test_v41_topic_allocator_axis_06.dir/test_v41_topic_allocator_axis_06.cpp.o
[1144/1759] Building CXX object tests/unit/CMakeFiles/test_v41_anatomy_codegen_tool.dir/test_v41_anatomy_codegen_tool.cpp.o
[1145/1759] Building CXX object tests/unit/CMakeFiles/test_v41_anatomy_multi_codegen.dir/test_v41_anatomy_multi_codegen.cpp.o
[1146/1759] Building CXX object tests/unit/CMakeFiles/test_v41_axis_12_general_hardware.dir/test_v41_axis_12_general_hardware.cpp.o
[1147/1759] Building CXX object tests/unit/CMakeFiles/test_v41_workload_generator.dir/test_v41_workload_generator.cpp.o
[1148/1759] Building CXX object tests/unit/CMakeFiles/test_v41_execution_engine.dir/test_v41_execution_engine.cpp.o
[1149/1759] Building CXX object libs/cache_engine/profile_facade/CMakeFiles/comdare_profile_run_facade.dir/profile_run_facade.cpp.o
[1150/1759] Linking CXX static library libs/cache_engine/profile_facade/libcomdare_profile_run_facade.a
[1151/1759] Building CXX object tests/unit/CMakeFiles/test_v41_axis_07_prefetch.dir/test_v41_axis_07_prefetch.cpp.o
[1152/1759] Building CXX object tests/unit/CMakeFiles/test_v41_axis_03a_tier_organ_equivalence.dir/test_v41_axis_03a_tier_organ_equivalence.cpp.o
[1153/1759] Building CXX object tests/unit/CMakeFiles/test_v41_axis_05_memory_layout.dir/test_v41_axis_05_memory_layout.cpp.o
[1154/1759] Building CXX object tests/unit/CMakeFiles/test_v41_axis_11_telemetry.dir/test_v41_axis_11_telemetry.cpp.o
[1155/1759] Building CXX object tests/unit/CMakeFiles/test_v41_axis_10_serialization.dir/test_v41_axis_10_serialization.cpp.o
[1156/1759] Building CXX object tests/unit/CMakeFiles/test_v41_anatomy_codegen_tool_traits.dir/test_v41_anatomy_codegen_tool_traits.cpp.o
[1157/1759] Building CXX object tests/unit/CMakeFiles/test_v41_status_code.dir/test_v41_status_code.cpp.o
[1158/1759] Building CXX object tests/unit/CMakeFiles/test_v41_axis_14_value_handle.dir/test_v41_axis_14_value_handle.cpp.o
[1159/1759] Linking CXX shared library generated/r5i_anatomy_modules/comdare_anatomy_perm_r5i_configure_pilot_0.so
[1160/1759] Building CXX object tests/unit/CMakeFiles/test_v41_axis_08_concurrency.dir/test_v41_axis_08_concurrency.cpp.o
[1161/1759] Linking CXX shared library generated/r5i_anatomy_modules/comdare_anatomy_perm_r5i_configure_pilot_1.so
[1162/1759] Linking CXX shared library generated/r5i_anatomy_modules/comdare_anatomy_perm_r5i_configure_pilot_2.so
[1163/1759] Linking CXX shared library generated/f15_measurement_modules/comdare_anatomy_perm_f15_measurement_pilot_0.so
[1164/1759] Linking CXX shared library generated/f15_measurement_modules/comdare_anatomy_perm_f15_measurement_pilot_1.so
[1165/1759] Building CXX object tests/unit/CMakeFiles/test_v41_anatomy_codegen_tool_mp_list.dir/test_v41_anatomy_codegen_tool_mp_list.cpp.o
[1166/1759] Building CXX object tests/unit/CMakeFiles/test_v41_axis_02_axis_04_nodes.dir/test_v41_axis_02_axis_04_nodes.cpp.o
[1167/1759] Building CXX object tests/unit/CMakeFiles/test_v41_search_algorithm_permutation_engine.dir/test_v41_search_algorithm_permutation_engine.cpp.o
[1168/1759] Linking CXX executable apps/experiment_planner/comdare-experiment-planner
[1169/1759] Scanning /home/comdare/Projekte/Research/probst-diplomarbeit-cache-engine/Code/external/comdare-cache-engine/tests/unit/test_vl3_debug_stdout_bytegleich.cpp for CXX dependencies
[1170/1759] Generating CXX dyndep file tests/unit/CMakeFiles/test_check_size_cli_deckel.dir/CXX.dd
[1171/1757] Generating CXX dyndep file tests/unit/CMakeFiles/test_vl3_debug_flag_sperre.dir/CXX.dd
[1172/1755] Generating CXX dyndep file tests/unit/CMakeFiles/test_vl3_debug_stdout_bytegleich.dir/CXX.dd
[1173/1755] Generating CXX dyndep file tests/unit/CMakeFiles/test_s19_simulation_cli.dir/CXX.dd
[1174/1753] Building CXX object tests/unit/CMakeFiles/test_v41_pruefling_registry.dir/test_v41_pruefling_registry.cpp.o
[1175/1753] Building CXX object tests/unit/CMakeFiles/test_v41_anatomy_codegen.dir/test_v41_anatomy_codegen.cpp.o
[1176/1753] Building CXX object tests/unit/CMakeFiles/test_pruefling_fixture_ladung.dir/__/pruefling_fixture/test_pruefling_fixture_ladung.cpp.o
[1177/1753] Building CXX object tests/unit/CMakeFiles/test_v41_serialization_primitives.dir/test_v41_serialization_primitives.cpp.o
[1178/1753] Building CXX object tests/unit/CMakeFiles/test_v41_axis_01_page_type.dir/test_v41_axis_01_page_type.cpp.o
[1179/1753] Building CXX object tests/unit/CMakeFiles/test_v41_topic_traversal.dir/test_v41_topic_traversal.cpp.o
[1180/1753] Building CXX object tests/unit/CMakeFiles/test_v41_axis_filter.dir/test_v41_axis_filter.cpp.o
[1181/1753] Building CXX object tests/unit/CMakeFiles/test_v41_anatomy_module_loader.dir/test_v41_anatomy_module_loader.cpp.o
[1182/1753] Building CXX object tests/unit/CMakeFiles/test_v41_anatomy_module_abi.dir/test_v41_anatomy_module_abi.cpp.o
[1183/1753] Building CXX object tests/unit/CMakeFiles/test_v41_axis_migration.dir/test_v41_axis_migration.cpp.o
[1184/1753] Building CXX object tests/unit/CMakeFiles/test_v41_axis_filter_surf_louds_organ.dir/test_v41_axis_filter_surf_louds_organ.cpp.o
[1185/1753] Building CXX object tests/unit/CMakeFiles/test_v41_axis_io.dir/test_v41_axis_io.cpp.o
[1186/1753] Building CXX object tests/unit/CMakeFiles/test_v41_r5c3_isa_simd_cross_constraint.dir/test_v41_r5c3_isa_simd_cross_constraint.cpp.o
[1187/1753] Building CXX object tests/unit/CMakeFiles/test_v41_axis_09_isa.dir/test_v41_axis_09_isa.cpp.o
[1188/1753] Building CXX object tests/unit/CMakeFiles/test_v41_axis_01_index_organization.dir/test_v41_axis_01_index_organization.cpp.o
[1189/1753] Building CXX object tests/unit/CMakeFiles/test_v41_axis_filter_surf_organ.dir/test_v41_axis_filter_surf_organ.cpp.o
[1190/1753] Building CXX object tests/unit/CMakeFiles/test_v41_anatomy_r5i_configure_codegen.dir/test_v41_anatomy_r5i_configure_codegen.cpp.o
[1191/1753] Building CXX object tests/unit/CMakeFiles/test_v41_axis_09b_simd_extension.dir/test_v41_axis_09b_simd_extension.cpp.o
[1192/1753] Building CXX object tests/unit/CMakeFiles/test_v5_memento_axis.dir/test_v5_memento_axis.cpp.o
[1193/1753] Building CXX object tests/unit/CMakeFiles/test_v5_conformance_gate.dir/test_v5_conformance_gate.cpp.o
[1194/1753] Building CXX object tests/unit/CMakeFiles/test_v5_two_phase_driver.dir/test_v5_two_phase_driver.cpp.o
[1195/1753] Building CXX object tests/unit/CMakeFiles/test_v5_workload_orchestrator.dir/test_v5_workload_orchestrator.cpp.o
[1196/1753] Building CXX object tests/unit/CMakeFiles/test_heuristik_spline_break_even.dir/test_heuristik_spline_break_even.cpp.o
[1197/1753] Building CXX object tests/unit/CMakeFiles/test_ap13_thread_pinning.dir/test_ap13_thread_pinning.cpp.o
[1198/1753] Building CXX object tests/unit/CMakeFiles/test_ap9_provenance_manifest.dir/test_ap9_provenance_manifest.cpp.o
[1199/1753] Building CXX object tests/unit/CMakeFiles/test_v5_measurement_snapshot.dir/test_v5_measurement_snapshot.cpp.o
[1200/1753] Linking CXX shared library generated/r5g_autobuilt_modules/comdare_anatomy_perm_auto_0.so
[1201/1753] Building CXX object tests/unit/CMakeFiles/test_25_kanon_dataset_akten.dir/test_25_kanon_dataset_akten.cpp.o
[1202/1753] Linking CXX shared library generated/r5g_autobuilt_modules/comdare_anatomy_perm_auto_1.so
[1203/1753] Building CXX object tests/unit/CMakeFiles/test_v41_pruef_dock_search_algorithm.dir/test_v41_pruef_dock_search_algorithm.cpp.o
[1204/1753] Linking CXX shared library generated/r5g_autobuilt_modules/comdare_anatomy_perm_auto_2.so
[1205/1753] Linking CXX shared library generated/r5g_autobuilt_modules/comdare_anatomy_perm_auto_3.so
[1206/1753] Linking CXX shared library generated/r5g_autobuilt_modules/comdare_anatomy_perm_auto_4.so
[1207/1753] Linking CXX shared library generated/r5g_autobuilt_modules/comdare_anatomy_perm_auto_6.so
[1208/1753] Linking CXX shared library generated/r5g_autobuilt_modules/comdare_anatomy_perm_auto_5.so
[1209/1753] Linking CXX shared library generated/r5g_autobuilt_modules/comdare_anatomy_perm_auto_7.so
[1210/1753] Linking CXX shared library generated/r5g_autobuilt_modules/comdare_anatomy_perm_auto_9.so
[1211/1753] Linking CXX shared library generated/r5g_autobuilt_modules/comdare_anatomy_perm_auto_8.so
[1212/1753] Building CXX object tests/unit/CMakeFiles/test_d54_trace_schema.dir/test_d54_trace_schema.cpp.o
[1213/1753] Linking CXX shared library generated/r5g_autobuilt_modules/comdare_anatomy_perm_auto_10.so
[1214/1753] Linking CXX shared library generated/r5g_autobuilt_modules/comdare_anatomy_perm_auto_11.so
[1215/1753] Linking CXX shared library generated/r5g_autobuilt_modules/comdare_anatomy_perm_auto_12.so
[1216/1753] Linking CXX shared library generated/r5g_autobuilt_modules/comdare_anatomy_perm_auto_13.so
[1217/1753] Linking CXX shared library generated/r5g_autobuilt_modules/comdare_anatomy_perm_auto_16.so
[1218/1753] Linking CXX shared library generated/r5g_autobuilt_modules/comdare_anatomy_perm_auto_14.so
[1219/1753] Building CXX object tests/unit/CMakeFiles/test_184_dataset_loader_wiring.dir/test_184_dataset_loader_wiring.cpp.o
[1220/1753] Linking CXX shared library generated/r5g_autobuilt_modules/comdare_anatomy_perm_auto_15.so
[1221/1753] Building CXX object tests/unit/CMakeFiles/test_v5_disk_memento.dir/test_v5_disk_memento.cpp.o
[1222/1753] Linking CXX shared library generated/r5g_autobuilt_modules/comdare_anatomy_perm_auto_17.so
[1223/1753] Building CXX object tests/unit/CMakeFiles/test_45_sosd_uint64_loader.dir/test_45_sosd_uint64_loader.cpp.o
[1224/1753] Linking CXX shared library generated/r5g_autobuilt_modules/comdare_anatomy_perm_auto_20.so
[1225/1753] Building CXX object tests/unit/CMakeFiles/test_d51_perzentil_kanon.dir/test_d51_perzentil_kanon.cpp.o
[1226/1753] Linking CXX shared library generated/r5g_autobuilt_modules/comdare_anatomy_perm_auto_18.so
[1227/1753] Linking CXX shared library generated/r5g_autobuilt_modules/comdare_anatomy_perm_auto_19.so
[1228/1753] Linking CXX shared library generated/r5g_autobuilt_modules/comdare_anatomy_perm_auto_24.so
[1229/1753] Linking CXX shared library generated/r5g_autobuilt_modules/comdare_anatomy_perm_auto_26.so
[1230/1753] Linking CXX shared library generated/r5g_autobuilt_modules/comdare_anatomy_perm_auto_22.so
[1231/1753] Linking CXX shared library generated/r5g_autobuilt_modules/comdare_anatomy_perm_auto_21.so
[1232/1753] Linking CXX shared library generated/r5g_autobuilt_modules/comdare_anatomy_perm_auto_25.so
[1233/1753] Linking CXX shared library generated/r5g_autobuilt_modules/comdare_anatomy_perm_auto_27.so
[1234/1753] Linking CXX shared library generated/r5g_autobuilt_modules/comdare_anatomy_perm_auto_29.so
[1235/1753] Linking CXX shared library generated/r5g_autobuilt_modules/comdare_anatomy_perm_auto_28.so
[1236/1753] Linking CXX shared library generated/r5g_autobuilt_modules/comdare_anatomy_perm_auto_23.so
[1237/1753] Linking CXX shared library generated/r5g_autobuilt_modules/comdare_anatomy_perm_auto_31.so
[1238/1753] Linking CXX shared library generated/r5g_autobuilt_modules/comdare_anatomy_perm_auto_32.so
[1239/1753] Linking CXX shared library generated/r5g_autobuilt_modules/comdare_anatomy_perm_auto_35.so
[1240/1753] Linking CXX shared library generated/r5g_autobuilt_modules/comdare_anatomy_perm_auto_30.so
[1241/1753] Linking CXX shared library generated/r5g_autobuilt_modules/comdare_anatomy_perm_auto_36.so
[1242/1753] Linking CXX shared library generated/r5g_autobuilt_modules/comdare_anatomy_perm_auto_33.so
[1243/1753] Linking CXX shared library generated/r5g_autobuilt_modules/comdare_anatomy_perm_auto_37.so
[1244/1753] Linking CXX shared library generated/r5g_autobuilt_modules/comdare_anatomy_perm_auto_39.so
[1245/1753] Linking CXX shared library generated/r5g_autobuilt_modules/comdare_anatomy_perm_auto_34.so
[1246/1753] Linking CXX shared library generated/r5g_autobuilt_modules/comdare_anatomy_perm_auto_38.so
[1247/1753] Linking CXX shared library generated/r5g_autobuilt_modules/comdare_anatomy_perm_auto_41.so
[1248/1753] Linking CXX shared library generated/r5g_autobuilt_modules/comdare_anatomy_perm_auto_43.so
[1249/1753] Linking CXX shared library generated/r5g_autobuilt_modules/comdare_anatomy_perm_auto_44.so
[1250/1753] Linking CXX shared library generated/r5g_autobuilt_modules/comdare_anatomy_perm_auto_45.so
[1251/1753] Linking CXX shared library generated/r5g_autobuilt_modules/comdare_anatomy_perm_auto_46.so
[1252/1753] Building CXX object tests/unit/CMakeFiles/test_v5_ycsb_distribution.dir/test_v5_ycsb_distribution.cpp.o
[1253/1753] Linking CXX shared library generated/r5g_autobuilt_modules/comdare_anatomy_perm_auto_47.so
[1254/1753] Linking CXX shared library generated/r5g_autobuilt_modules/comdare_anatomy_perm_auto_40.so
[1255/1753] Linking CXX shared library generated/r5g_autobuilt_modules/comdare_anatomy_perm_auto_42.so
[1256/1753] Building CXX object tests/unit/CMakeFiles/test_heuristik_workload_cluster.dir/test_heuristik_workload_cluster.cpp.o
[1257/1753] Building CXX object tests/unit/CMakeFiles/test_ap10_dataset_akte.dir/test_ap10_dataset_akte.cpp.o
[1258/1753] Building CXX object tests/unit/CMakeFiles/test_v41_codegen_type_name.dir/test_v41_codegen_type_name.cpp.o
[1259/1753] Building CXX object tests/unit/CMakeFiles/test_v5_organ_memento.dir/test_v5_organ_memento.cpp.o
[1260/1753] Building CXX object tests/unit/CMakeFiles/test_v5_ycsb_op_set.dir/test_v5_ycsb_op_set.cpp.o
[1261/1753] Building CXX object tests/unit/CMakeFiles/test_v41_scan_range_organ.dir/test_v41_scan_range_organ.cpp.o
[1262/1753] Building CXX object tests/unit/CMakeFiles/test_hy_a1_attach_nur_array_include.dir/test_hy_a1_attach_nur_array_include.cpp.o
[1263/1753] Building CXX object tests/unit/CMakeFiles/test_v41_anatomy_adhoc_codegen_macro.dir/test_v41_anatomy_adhoc_codegen_macro.cpp.o
[1264/1753] Building CXX object tests/unit/CMakeFiles/test_v41_anatomy_f15_measurement.dir/test_v41_anatomy_f15_measurement.cpp.o
[1265/1753] Building CXX object tests/unit/CMakeFiles/test_q2_identitaets_riegel.dir/test_q2_identitaets_riegel.cpp.o
[1266/1753] Building CXX object tests/unit/CMakeFiles/test_v41_anatomy_adhoc_autobuilt_load.dir/test_v41_anatomy_adhoc_autobuilt_load.cpp.o
[1267/1753] Building CXX object tests/unit/CMakeFiles/test_v41_cache_engine_tools_facade.dir/test_v41_cache_engine_tools_facade.cpp.o
[1268/1753] Building CXX object tests/unit/CMakeFiles/test_hy_a1_heuristik_adapter_gattung.dir/test_hy_a1_heuristik_adapter_gattung.cpp.o
[1269/1753] Building CXX object tests/unit/CMakeFiles/test_v41_anatomy_adhoc_dll_load.dir/test_v41_anatomy_adhoc_dll_load.cpp.o
[1270/1753] Building CXX object tests/unit/CMakeFiles/test_v41_cache_engine_facade.dir/test_v41_cache_engine_facade.cpp.o
[1271/1753] Building CXX object tests/unit/CMakeFiles/test_hy_a3_hybrid_config_parser.dir/test_hy_a3_hybrid_config_parser.cpp.o
[1272/1753] Building CXX object tests/unit/CMakeFiles/test_hy_a2_stempel_kette.dir/test_hy_a2_stempel_kette.cpp.o
[1273/1753] Building CXX object tests/unit/CMakeFiles/test_hy_a1_dock_contract.dir/test_hy_a1_dock_contract.cpp.o
[1274/1753] Building CXX object tests/unit/CMakeFiles/test_striktheit_axis_dach_guard.dir/test_striktheit_axis_dach_guard.cpp.o
[1275/1753] Building CXX object tests/unit/CMakeFiles/test_29_container_framework.dir/test_29_container_framework.cpp.o
[1276/1753] Building CXX object tests/unit/CMakeFiles/test_ap15_3_driveable_map_contract.dir/test_ap15_3_driveable_map_contract.cpp.o
[1277/1753] Building CXX object tests/unit/CMakeFiles/test_pruef_only_gate.dir/test_pruef_only_gate.cpp.o
[1278/1753] Building CXX object tests/unit/CMakeFiles/test_hy_f8_reroute.dir/test_hy_f8_reroute.cpp.o
[1279/1753] Building CXX object tests/unit/CMakeFiles/test_188_4bb0_pool_organ_wide_key_conformance.dir/test_188_4bb0_pool_organ_wide_key_conformance.cpp.o
[1280/1753] Building CXX object tests/unit/CMakeFiles/test_axis_error_taxonomy.dir/test_axis_error_taxonomy.cpp.o
[1281/1753] Building CXX object tests/unit/CMakeFiles/test_a14_os_sub_axes_guard.dir/test_a14_os_sub_axes_guard.cpp.o
[1282/1753] Building CXX object tests/unit/CMakeFiles/test_v41_codegen_all_axes_umbrella.dir/test_v41_codegen_all_axes_umbrella.cpp.o
[1283/1753] Building CXX object tests/unit/CMakeFiles/test_striktheit_abi_pod_guard.dir/test_striktheit_abi_pod_guard.cpp.o
[1284/1753] Building CXX object tests/unit/CMakeFiles/test_striktheit_scan_kernel_purity.dir/test_striktheit_scan_kernel_purity.cpp.o
[1285/1753] Building CXX object tests/unit/CMakeFiles/test_striktheit_metaprog_guard.dir/test_striktheit_metaprog_guard.cpp.o
[1286/1753] Building CXX object tests/unit/CMakeFiles/test_cmd1_a_axis_command_base.dir/test_cmd1_a_axis_command_base.cpp.o
[1287/1753] Building CXX object tests/unit/CMakeFiles/test_meta_meta_halbordnung.dir/test_meta_meta_halbordnung.cpp.o
[1288/1753] Building CXX object tests/unit/CMakeFiles/test_188_4a_eytzinger_organ.dir/test_188_4a_eytzinger_organ.cpp.o
[1289/1753] Building CXX object tests/unit/CMakeFiles/test_striktheit_axes_guard.dir/test_striktheit_axes_guard.cpp.o
[1290/1753] Building CXX object tests/unit/CMakeFiles/test_234_f1_btree_order_shape.dir/test_234_f1_btree_order_shape.cpp.o
[1291/1753] Building CXX object tests/unit/CMakeFiles/test_s7_2_btree_pool_allocator_deg.dir/test_s7_2_btree_pool_allocator_deg.cpp.o
[1292/1753] Building CXX object tests/unit/CMakeFiles/test_234_f3_bst_shape.dir/test_234_f3_bst_shape.cpp.o
[1293/1753] Building CXX object tests/unit/CMakeFiles/test_ap15_2_get_allocator_proxy.dir/test_ap15_2_get_allocator_proxy.cpp.o
[1294/1753] Building CXX object tests/unit/CMakeFiles/test_234_f2_skip_list_shape.dir/test_234_f2_skip_list_shape.cpp.o
[1295/1753] Building CXX object tests/unit/CMakeFiles/test_s7_1_bst_pool_allocator_deg.dir/test_s7_1_bst_pool_allocator_deg.cpp.o
[1296/1753] Building CXX object tests/unit/CMakeFiles/test_234_f4_hash_probe_shape.dir/test_234_f4_hash_probe_shape.cpp.o
[1297/1753] Building CXX object tests/unit/CMakeFiles/test_234_va_shaped_adapter.dir/test_234_va_shaped_adapter.cpp.o
[1298/1753] Building CXX object tests/unit/CMakeFiles/test_216h2_stat_reset_after_load.dir/test_216h2_stat_reset_after_load.cpp.o
[1299/1753] Building CXX object tests/unit/CMakeFiles/test_abi_adapter_g3_batch2.dir/test_abi_adapter_g3_batch2.cpp.o
[1300/1753] Building CXX object tests/unit/CMakeFiles/test_221_rc_prefetch_distance.dir/test_221_rc_prefetch_distance.cpp.o
[1301/1753] Building CXX object tests/unit/CMakeFiles/test_s7_3_skip_list_pool_allocator_deg.dir/test_s7_3_skip_list_pool_allocator_deg.cpp.o
[1302/1753] Building CXX object tests/unit/CMakeFiles/test_s7_5_art_pool_allocator_deg.dir/test_s7_5_art_pool_allocator_deg.cpp.o
[1303/1753] Building CXX object tests/unit/CMakeFiles/test_axis_kind_wire_totalitaet.dir/test_axis_kind_wire_totalitaet.cpp.o
[1304/1753] Building CXX object tests/unit/CMakeFiles/test_s7_7_start_pool_allocator_deg.dir/test_s7_7_start_pool_allocator_deg.cpp.o
[1305/1753] Building CXX object tests/unit/CMakeFiles/test_s7_4_hash_pool_allocator_deg.dir/test_s7_4_hash_pool_allocator_deg.cpp.o
[1306/1753] Building CXX object tests/unit/CMakeFiles/test_s7_8_wormhole_pool_allocator_deg.dir/test_s7_8_wormhole_pool_allocator_deg.cpp.o
[1307/1753] Building CXX object tests/unit/CMakeFiles/test_s7_6_hot_pool_allocator_deg.dir/test_s7_6_hot_pool_allocator_deg.cpp.o
[1308/1753] Building CXX object tests/unit/CMakeFiles/test_s7_9_surf_pool_allocator_deg.dir/test_s7_9_surf_pool_allocator_deg.cpp.o
[1309/1753] Building CXX object tests/unit/CMakeFiles/test_188_4cii_flat_wrapper_traversal.dir/test_188_4cii_flat_wrapper_traversal.cpp.o
[1310/1753] Building CXX object tests/unit/CMakeFiles/test_vor_push_gate.dir/test_vor_push_gate.cpp.o
[1311/1753] Building CXX object tests/unit/CMakeFiles/test_217_2a_capacity_guard.dir/test_217_2a_capacity_guard.cpp.o
[1312/1753] Building CXX object tests/unit/CMakeFiles/test_s7_10_swiss_pool_allocator_deg.dir/test_s7_10_swiss_pool_allocator_deg.cpp.o
[1313/1753] Building CXX object tests/unit/CMakeFiles/test_axis_kind_kategorien_zuordnung.dir/test_axis_kind_kategorien_zuordnung.cpp.o
/home/comdare/Projekte/Research/probst-diplomarbeit-cache-engine/Code/external/comdare-cache-engine/tests/unit/test_axis_kind_kategorien_zuordnung.cpp:77:53: warning: unused variable 'axis_code_version' [-Wunused-const-variable]
   77 |     static constexpr std::string_view               axis_code_version = "1.0.0.c";
      |                                                     ^~~~~~~~~~~~~~~~~
1 warning generated.
[1314/1753] Building CXX object tests/unit/CMakeFiles/test_234_vb_rest_families_shaped.dir/test_234_vb_rest_families_shaped.cpp.o
[1315/1753] Building CXX object tests/unit/CMakeFiles/test_profile_coverage.dir/thesis_tiere/test_profile_coverage.cpp.o
[1316/1753] Building CXX object tests/unit/CMakeFiles/test_p1_spd_ddr5_parser.dir/test_p1_spd_ddr5_parser.cpp.o
[1317/1753] Building CXX object tests/unit/CMakeFiles/test_m_simd_feature_flag_catalog.dir/test_m_simd_feature_flag_catalog.cpp.o
[1318/1753] Building CXX object tests/unit/CMakeFiles/test_p2_ram_identity_verdict.dir/test_p2_ram_identity_verdict.cpp.o
[1319/1753] Building CXX object tests/unit/CMakeFiles/test_188_4c0_known_compositions_conformance.dir/test_188_4c0_known_compositions_conformance.cpp.o
[1320/1753] Building CXX object tests/unit/CMakeFiles/test_m_contract_system_axis_wurzel.dir/test_m_contract_system_axis_wurzel.cpp.o
[1321/1753] Building CXX object tests/unit/CMakeFiles/test_ap2_katalog_pfad_stubfrei.dir/thesis_tiere/test_ap2_katalog_pfad_stubfrei.cpp.o
[1322/1753] Building CXX object tests/unit/CMakeFiles/test_e1_contract_rc_konsum.dir/test_e1_contract_rc_konsum.cpp.o
[1323/1753] Building CXX object tests/unit/CMakeFiles/test_experiment_parser.dir/thesis_tiere/test_experiment_parser.cpp.o
[1324/1753] Building CXX object tests/unit/CMakeFiles/test_experiment_kern_seam.dir/thesis_tiere/test_experiment_kern_seam.cpp.o
[1325/1753] Building CXX object tests/unit/CMakeFiles/test_mt_l3_wide_schema_orakel.dir/test_mt_l3_wide_schema_orakel.cpp.o
[1326/1753] Building CXX object tests/unit/CMakeFiles/test_os_u3_probe.dir/test_os_u3_probe.cpp.o
[1327/1753] Building CXX object tests/unit/CMakeFiles/test_p2_ram_probe_chain.dir/test_p2_ram_probe_chain.cpp.o
[1328/1753] Building CXX object tests/unit/CMakeFiles/test_measurement_categories.dir/thesis_tiere/test_measurement_categories.cpp.o
[1329/1753] Building CXX object tests/unit/CMakeFiles/test_o4_machine_identity.dir/test_o4_machine_identity.cpp.o
[1330/1753] Building CXX object tests/unit/CMakeFiles/test_c3b_kanal_merge_beleg.dir/test_c3b_kanal_merge_beleg.cpp.o
[1331/1753] Building CXX object tests/unit/CMakeFiles/test_c3a_gate_scharfschaltung.dir/test_c3a_gate_scharfschaltung.cpp.o
[1332/1753] Building CXX object tests/unit/CMakeFiles/test_experiment_projection.dir/thesis_tiere/test_experiment_projection.cpp.o
[1333/1753] Building CXX object tests/unit/CMakeFiles/test_merge_plan_directive.dir/thesis_tiere/test_merge_plan_directive.cpp.o
[1334/1753] Building CXX object tests/unit/CMakeFiles/test_validate_profile.dir/thesis_tiere/test_validate_profile.cpp.o
[1335/1753] Building CXX object tests/unit/CMakeFiles/test_od10_numa_page_probe.dir/test_od10_numa_page_probe.cpp.o
[1336/1753] Building CXX object tests/unit/CMakeFiles/test_p3_boot_cache_dmi.dir/test_p3_boot_cache_dmi.cpp.o
[1337/1753] Building CXX object tests/unit/CMakeFiles/test_progress_heartbeat.dir/test_progress_heartbeat.cpp.o
[1338/1753] Building CXX object tests/unit/CMakeFiles/test_sota_st2_dedup.dir/thesis_tiere/test_sota_st2_dedup.cpp.o
[1339/1753] Building CXX object tests/unit/CMakeFiles/test_h2_score_akte.dir/thesis_tiere/test_h2_score_akte.cpp.o
[1340/1753] Building CXX object tests/unit/CMakeFiles/test_simd_add_u64_carry.dir/test_simd_add_u64_carry.cpp.o
[1341/1753] Building CXX object tests/unit/CMakeFiles/test_simd_add_u64_carry_avx512.dir/test_simd_add_u64_carry.cpp.o
[1342/1753] Building CXX object tests/unit/CMakeFiles/test_simd_add_u64_carry_avx2.dir/test_simd_add_u64_carry.cpp.o
[1343/1753] Building CXX object tests/unit/CMakeFiles/test_org18_persistence_target.dir/test_org18_persistence_target.cpp.o
[1344/1753] Building CXX object tests/unit/CMakeFiles/test_od11_numa_cpu_pin_process_probe.dir/test_od11_numa_cpu_pin_process_probe.cpp.o
[1345/1753] Building CXX object tests/unit/CMakeFiles/test_g1_binary_version_stamp.dir/test_g1_binary_version_stamp.cpp.o
[1346/1753] Building CXX object tests/unit/CMakeFiles/test_d4_ceb_schluessel_wahl.dir/test_d4_ceb_schluessel_wahl.cpp.o
[1347/1753] Building CXX object tests/unit/CMakeFiles/test_wdk_datasets_fairness.dir/thesis_tiere/test_wdk_datasets_fairness.cpp.o
[1348/1753] Building CXX object tests/unit/CMakeFiles/test_m_w12_stamp_bausteine.dir/test_m_w12_stamp_bausteine.cpp.o
[1349/1753] Building CXX object tests/unit/CMakeFiles/test_g3_bestandslog_document.dir/test_g3_bestandslog_document.cpp.o
[1350/1753] Building CXX object tests/unit/CMakeFiles/test_g3_eta_estimator.dir/test_g3_eta_estimator.cpp.o
[1351/1753] Building CXX object tests/unit/CMakeFiles/test_d2_mess_konsistenz_gate.dir/test_d2_mess_konsistenz_gate.cpp.o
[1352/1753] Building CXX object tests/unit/CMakeFiles/test_g3_reservation_lifecycle.dir/test_g3_reservation_lifecycle.cpp.o
[1353/1753] Building CXX object tests/unit/CMakeFiles/test_w10_system_cell_values.dir/test_w10_system_cell_values.cpp.o
[1354/1753] Building CXX object tests/unit/CMakeFiles/test_axis_sweep_coverage.dir/thesis_tiere/test_axis_sweep_coverage.cpp.o
[1355/1753] Building CXX object tests/unit/CMakeFiles/test_g3_ram_spool_writer.dir/test_g3_ram_spool_writer.cpp.o
[1356/1753] Building CXX object tests/unit/CMakeFiles/test_planner_version_flag_grammatik.dir/test_planner_version_flag_grammatik.cpp.o
[1357/1753] Building CXX object tests/unit/CMakeFiles/test_g3_writer_backend_io_uring.dir/test_g3_writer_backend_io_uring.cpp.o
[1358/1753] Building CXX object tests/unit/CMakeFiles/test_a5_eta_kalibrierung.dir/test_a5_eta_kalibrierung.cpp.o
[1359/1753] Building CXX object tests/unit/CMakeFiles/test_bvset_teilmenge.dir/test_bvset_teilmenge.cpp.o
[1360/1753] Building CXX object tests/unit/CMakeFiles/test_smoke_coverage_profile.dir/thesis_tiere/test_smoke_coverage_profile.cpp.o
[1361/1753] Building CXX object tests/unit/CMakeFiles/test_g3_bestandslog_lock.dir/test_g3_bestandslog_lock.cpp.o
[1362/1753] Building CXX object tests/unit/CMakeFiles/test_g3_batch_planner.dir/test_g3_batch_planner.cpp.o
[1363/1753] Building CXX object tests/unit/CMakeFiles/test_a1_algo_version_pin_alloc_axis.dir/test_a1_algo_version_pin_alloc_axis.cpp.o
[1364/1753] Building CXX object tests/unit/CMakeFiles/test_reflect_versions_all17.dir/test_reflect_versions_all17.cpp.o
[1365/1753] Building CXX object tests/unit/CMakeFiles/test_a9s3_writeback_method_xlsx.dir/test_a9s3_writeback_method_xlsx.cpp.o
[1366/1753] Building CXX object tests/unit/CMakeFiles/test_g3_sha512_index.dir/test_g3_sha512_index.cpp.o
[1367/1753] Building CXX object tests/unit/CMakeFiles/test_a9_xlsx_vendor_rauchtest.dir/test_a9_xlsx_vendor_rauchtest.cpp.o
[1368/1753] Building CXX object tests/unit/CMakeFiles/test_g3_prune.dir/test_g3_prune.cpp.o
[1369/1753] Building CXX object tests/unit/CMakeFiles/test_a9s3_xlsx_ergebnis_writer.dir/test_a9s3_xlsx_ergebnis_writer.cpp.o
[1370/1753] Building CXX object tests/unit/CMakeFiles/test_a9s3_ergebnis_mappe_csv.dir/test_a9s3_ergebnis_mappe_csv.cpp.o
[1371/1753] Building CXX object tests/unit/CMakeFiles/test_g3_planer_driven.dir/test_g3_planer_driven.cpp.o
[1372/1753] Building CXX object tests/unit/CMakeFiles/test_reflect_versions_all_registered.dir/test_reflect_versions_all_registered.cpp.o
[1373/1753] Building CXX object tests/unit/CMakeFiles/test_a2_sha512_skip_gate.dir/test_a2_sha512_skip_gate.cpp.o
[1374/1753] Building CXX object tests/unit/CMakeFiles/test_a9s3_mess_ebene_blattsorte.dir/test_a9s3_mess_ebene_blattsorte.cpp.o
[1375/1753] Building CXX object tests/unit/CMakeFiles/test_g2_variant_sidecar.dir/test_g2_variant_sidecar.cpp.o
[1376/1753] Building CXX object tests/unit/CMakeFiles/test_g3_builder_registration.dir/test_g3_builder_registration.cpp.o
[1377/1753] Building CXX object tests/unit/CMakeFiles/test_lb0_lager_pfad_grammatik.dir/test_lb0_lager_pfad_grammatik.cpp.o
[1378/1753] Building CXX object tests/unit/CMakeFiles/test_g3_takeover_sweep.dir/test_g3_takeover_sweep.cpp.o
[1379/1753] Building CXX object tests/unit/CMakeFiles/test_mt_l4_registrierungs_wache_isa.dir/test_mt_l4_registrierungs_wache_isa.cpp.o
[1380/1753] Building CXX object tests/unit/CMakeFiles/test_d2_abdeckungs_wache_nenner.dir/test_d2_abdeckungs_wache_nenner.cpp.o
[1381/1753] Building CXX object tests/unit/CMakeFiles/test_b14_abi_adapter_line_subaxis_paths.dir/test_b14_abi_adapter_line_subaxis_paths.cpp.o
[1382/1753] Building CXX object tests/unit/CMakeFiles/test_a9s4_dynamic_axis_filter.dir/test_a9s4_dynamic_axis_filter.cpp.o
[1383/1753] Building CXX object tests/unit/CMakeFiles/test_ge3_messwert_genus_und_ziel.dir/test_ge3_messwert_genus_und_ziel.cpp.o
[1384/1753] Building CXX object tests/unit/CMakeFiles/test_hyg_kumulativer_bereich.dir/test_hyg_kumulativer_bereich.cpp.o
[1385/1753] Building CXX object tests/unit/CMakeFiles/test_a9s4_realm_scan_stale.dir/test_a9s4_realm_scan_stale.cpp.o
[1386/1753] Building CXX object tests/unit/CMakeFiles/test_lb1_knoten_heuristik_log.dir/test_lb1_knoten_heuristik_log.cpp.o
[1387/1753] Building CXX object tests/unit/CMakeFiles/test_d3_6_realm_selektor_produktionsablage.dir/test_d3_6_realm_selektor_produktionsablage.cpp.o
[1388/1753] Building CXX object tests/unit/CMakeFiles/test_g3_artifact_cache_transport.dir/test_g3_artifact_cache_transport.cpp.o
[1389/1753] Building CXX object tests/unit/CMakeFiles/test_a9s4_skip_manifest.dir/test_a9s4_skip_manifest.cpp.o
[1390/1753] Building CXX object tests/unit/CMakeFiles/test_ge1_claim_check_und_sidecar.dir/test_ge1_claim_check_und_sidecar.cpp.o
[1391/1753] Building CXX object tests/unit/CMakeFiles/test_warn1_d2_fingerprint_koeder.dir/test_warn1_d2_fingerprint_koeder.cpp.o
[1392/1753] Building CXX object tests/unit/CMakeFiles/test_experiment_plan_director.dir/thesis_tiere/test_experiment_plan_director.cpp.o
[1393/1753] Building CXX object tests/unit/CMakeFiles/test_ck1_messkette_koeder.dir/test_ck1_messkette_koeder.cpp.o
[1394/1753] Building CXX object tests/unit/CMakeFiles/test_d55_hdr_verdrahtung.dir/test_d55_hdr_verdrahtung.cpp.o
[1395/1753] Building CXX object tests/unit/CMakeFiles/test_lg_xlsx_alt_nie_vernichten.dir/test_lg_xlsx_alt_nie_vernichten.cpp.o
[1396/1753] Building CXX object tests/unit/CMakeFiles/test_warn2a_block_id_bidirektional.dir/test_warn2a_block_id_bidirektional.cpp.o
[1397/1753] Building CXX object tests/unit/CMakeFiles/test_a9s4_mess_report_render.dir/test_a9s4_mess_report_render.cpp.o
[1398/1753] Building CXX object tests/unit/CMakeFiles/test_a9s5_ergebnis_mappe_naht.dir/test_a9s5_ergebnis_mappe_naht.cpp.o
[1399/1753] Building CXX object tests/unit/CMakeFiles/test_g3_lager_presence.dir/test_g3_lager_presence.cpp.o
[1400/1753] Building CXX object tests/unit/CMakeFiles/test_flaeche3_deckung_ceb_aus_tier_an.dir/test_flaeche3_deckung_ceb_aus_tier_an.cpp.o
[1401/1753] Building CXX object tests/unit/CMakeFiles/test_naht1_mess_visitor_biss.dir/test_naht1_mess_visitor_biss.cpp.o
[1402/1753] Building CXX object tests/unit/CMakeFiles/test_d2g1_ctest_registrierung.dir/test_d2g1_ctest_registrierung.cpp.o
[1403/1753] Building CXX object tests/unit/CMakeFiles/test_t6_wachen_inventar.dir/test_t6_wachen_inventar.cpp.o
[1404/1753] Building CXX object tests/unit/CMakeFiles/test_t6_biss_sichtbarkeits_wache.dir/test_t6_biss_sichtbarkeits_wache.cpp.o
[1405/1753] Building CXX object tests/unit/CMakeFiles/test_t6_biss_achsen_roundtrip_wache.dir/test_t6_biss_achsen_roundtrip_wache.cpp.o
[1406/1753] Building CXX object tests/unit/CMakeFiles/test_t6_biss_registrierungs_wache.dir/test_t6_biss_registrierungs_wache.cpp.o
[1407/1753] Building CXX object tests/unit/CMakeFiles/test_pa1_tote_ausnahme.dir/test_pa1_tote_ausnahme.cpp.o
[1408/1753] Building CXX object tests/unit/CMakeFiles/test_lizenz_konsistenz.dir/test_lizenz_konsistenz.cpp.o
[1409/1753] Building CXX object tests/unit/CMakeFiles/test_anker_marke_statt_ledgerzeile.dir/test_anker_marke_statt_ledgerzeile.cpp.o
[1410/1753] Building CXX object tests/unit/CMakeFiles/test_vl3_debug_stdout_bytegleich.dir/test_vl3_debug_stdout_bytegleich.cpp.o
[1411/1753] Building CXX object tests/unit/CMakeFiles/test_k2_stufen_neutraler_loader.dir/test_k2_stufen_neutraler_loader.cpp.o
[1412/1753] Building CXX object tests/unit/CMakeFiles/test_simd_organ_achsen_deckung.dir/test_simd_organ_achsen_deckung.cpp.o
[1413/1753] Building CXX object tests/unit/CMakeFiles/test_s3_ordnung_freigabe.dir/test_s3_ordnung_freigabe.cpp.o
[1414/1753] Building CXX object tests/unit/CMakeFiles/test_lg_host_binder.dir/test_lg_host_binder.cpp.o
[1415/1753] Building CXX object tests/unit/CMakeFiles/test_pk_klemm_json.dir/test_pk_klemm_json.cpp.o
[1416/1753] Building CXX object tests/unit/CMakeFiles/test_ci_coverage_guard_strikt.dir/test_ci_coverage_guard_strikt.cpp.o
[1417/1753] Building CXX object tests/unit/CMakeFiles/test_vs_taxonomie_klassen_grep.dir/test_vs_taxonomie_klassen_grep.cpp.o
[1418/1753] Building CXX object tests/unit/CMakeFiles/test_s3_ordnung_relation.dir/test_s3_ordnung_relation.cpp.o
[1419/1753] Building CXX object tests/unit/CMakeFiles/test_configure_enable_gnu.dir/test_configure_enable_gnu.cpp.o
[1420/1753] Building CXX object tests/unit/CMakeFiles/test_registry_gen_out_pflicht.dir/test_registry_gen_out_pflicht.cpp.o
[1421/1753] Building CXX object tests/unit/CMakeFiles/test_xl_l4_na_konkurrenz.dir/test_xl_l4_na_konkurrenz.cpp.o
[1422/1753] Building CXX object tests/unit/CMakeFiles/test_g2_semantik_duplikatverbot.dir/test_g2_semantik_duplikatverbot.cpp.o
[1423/1753] Building CXX object tests/unit/CMakeFiles/test_lg_idempotenz_beide_wdh.dir/test_lg_idempotenz_beide_wdh.cpp.o
[1424/1753] Building CXX object tests/unit/CMakeFiles/test_variant_hauswache.dir/test_variant_hauswache.cpp.o
[1425/1753] Building CXX object tests/unit/CMakeFiles/test_s8_traeger_grenzwache.dir/test_s8_traeger_grenzwache.cpp.o
[1426/1753] Building CXX object tests/unit/CMakeFiles/test_genus_ct_komposition.dir/test_genus_ct_komposition.cpp.o
[1427/1753] Linking CXX static library lib/libgmock_main.a
[1428/1753] Linking CXX executable libs/cache_engine/builder/commands/tests/test_commands
[1429/1753] Building CXX object tests/unit/CMakeFiles/test_pmc_raw_event_katalog.dir/test_pmc_raw_event_katalog.cpp.o
[1430/1753] Linking CXX executable libs/cache_engine/builder/commands/tests/test_engine_adapters
[1431/1753] Linking CXX executable apps/f15_compare/comdare-f15-compare
[1432/1753] Linking CXX executable tests/unit/test_pressure_state
[1433/1753] Linking CXX executable tests/unit/test_cache_recommendation
[1434/1753] Linking CXX executable tests/unit/test_cpuid_probe
[1435/1753] Linking CXX executable tests/unit/test_permutation_flags
[1436/1753] Building CXX object tests/unit/CMakeFiles/test_pmc_startup_pruefung.dir/test_pmc_startup_pruefung.cpp.o
[1437/1753] Linking CXX executable tests/unit/test_event_hierarchy
[1438/1753] Linking CXX executable tests/unit/test_observer_registry
[1439/1753] Building CXX object tests/unit/CMakeFiles/test_bestand_schluessel_schema.dir/test_bestand_schluessel_schema.cpp.o
[1440/1753] Building CXX object tests/unit/CMakeFiles/test_s1_stempel_basis_vertrag.dir/test_s1_stempel_basis_vertrag.cpp.o
[1441/1753] Linking CXX executable tests/unit/test_decision_lambda_registry
[1442/1753] Linking CXX executable tests/unit/test_telemetry_strategies
[1443/1753] Linking CXX executable tests/unit/test_decision_trees
[1444/1753] Linking CXX executable tests/unit/test_concurrency_disciplines
[1445/1753] Linking CXX executable tests/unit/test_platform_concepts
[1446/1753] Linking CXX executable tests/unit/test_cache_hierarchy_and_mode
[1447/1753] Building CXX object tests/unit/CMakeFiles/test_s13_01_csv_kind_projektion.dir/test_s13_01_csv_kind_projektion.cpp.o
[1448/1753] Building CXX object tests/unit/CMakeFiles/test_e07_gate_kriterien.dir/test_e07_gate_kriterien.cpp.o
[1449/1753] Linking CXX executable tests/unit/test_measurement_buffer
[1450/1753] Linking CXX executable tests/unit/test_sub_engines
[1451/1753] Building CXX object tests/unit/CMakeFiles/test_parameter_filter_registry_skelett.dir/test_parameter_filter_registry_skelett.cpp.o
[1452/1753] Linking CXX executable tests/unit/test_allocator_concepts
[1453/1753] Linking CXX executable tests/unit/test_abi_interface
[1454/1753] Linking CXX executable tests/unit/test_config_durability
[1455/1753] Linking CXX executable tests/unit/test_chaos_drift_gate
[1456/1753] Building CXX object tests/unit/CMakeFiles/test_s6c_kategorien_ordnung_zwei_welten.dir/test_s6c_kategorien_ordnung_zwei_welten.cpp.o
[1457/1753] Linking CXX executable tests/unit/test_benchmark_suite
[1458/1753] Linking CXX executable tests/unit/test_builder_codegen
[1459/1753] Linking CXX executable tests/unit/test_test_data_accumulation
[1460/1753] Linking CXX executable tests/unit/test_ycsb_cli
[1461/1753] Linking CXX executable tests/unit/test_codegen_from_profile
[1462/1753] Linking CXX executable tests/unit/test_workload_and_experiment
[1463/1753] Linking CXX executable tests/unit/test_experiment_driver_v13
[1464/1753] Linking CXX executable tests/unit/test_permutation_sampling
[1465/1753] Linking CXX executable tests/unit/test_allocator_full_matrix
[1466/1753] Linking CXX executable tests/unit/test_succinct
[1467/1753] Linking CXX executable tests/unit/test_rcu_concurrency
[1468/1753] Linking CXX executable tests/unit/test_latex_anhang
[1469/1753] Linking CXX executable tests/unit/test_rcu
[1470/1753] Linking CXX executable tests/unit/test_hbm_hierarchy
[1471/1753] Linking CXX executable tests/unit/test_v31_adapters
[1472/1753] Linking CXX executable tests/unit/test_module_loader
[1473/1753] Linking CXX executable tests/unit/test_v41_indexes
[1474/1753] Linking CXX executable tests/unit/test_ctsha512
[1475/1753] Linking CXX executable tests/unit/test_v41_topic_allocator_axis_06
[1476/1753] Linking CXX executable tests/unit/test_v41_topics_fundament
[1477/1753] Linking CXX executable tests/unit/test_v41_compositions
[1478/1753] Linking CXX executable tests/unit/test_v41_anatomy_r4_driver
[1479/1753] Linking CXX executable tests/unit/test_v41_paper_legacy_code
[1480/1753] Linking CXX executable tests/unit/test_v41_anatomy
[1481/1753] Building CXX object tests/unit/CMakeFiles/test_e8_bytes_in_use_peak_demo.dir/test_e8_bytes_in_use_peak_demo.cpp.o
[1482/1753] Linking CXX executable tests/unit/test_v41_tier_observe_trace
[1483/1753] Linking CXX executable tests/unit/test_v41_topic_queuing
[1484/1753] Linking CXX executable tests/unit/test_v41_anatomy_observer
[1485/1753] Linking CXX executable tests/unit/test_v41_axis_03a_cross_variant_equivalence
[1486/1753] Linking CXX executable tests/unit/test_ap7b_swiss_organ
[1487/1753] Linking CXX executable tests/unit/test_ap7_swisstable
[1488/1753] Linking CXX executable tests/unit/test_vampir_nfp_allocator
[1489/1753] Linking CXX executable tests/unit/test_v41_anatomy_pruefling_merge
[1490/1753] Linking CXX executable tests/unit/test_ap8_hdr_histogram
[1491/1753] Linking CXX executable tests/unit/test_v41_topic_traversal
[1492/1753] Linking CXX executable tests/unit/test_ap7b3_swiss_isa_group_match
[1493/1753] Linking CXX executable tests/unit/test_v41_anatomy_base
[1494/1753] Linking CXX executable tests/unit/test_v41_execution_engine
[1495/1753] Linking CXX executable tests/unit/test_v41_anatomy_module_loader
[1496/1753] Linking CXX executable tests/unit/test_v41_anatomy_codegen
[1497/1753] Linking CXX executable tests/unit/test_v41_axis_03a_tier_organ_equivalence
[1498/1753] Linking CXX executable tests/unit/test_v41_search_algorithm_permutation_engine
[1499/1753] Linking CXX executable tests/unit/test_v41_anatomy_codegen_tool_mp_list
[1500/1753] Linking CXX executable tests/unit/test_v41_anatomy_multi_codegen
[1501/1753] Linking CXX executable tests/unit/test_v41_workload_generator
[1502/1753] Linking CXX executable tests/unit/test_v41_anatomy_module_abi
[1503/1753] Linking CXX executable tests/unit/test_v41_anatomy_codegen_tool_traits
[1504/1753] Linking CXX executable tests/unit/test_v41_axis_05_memory_layout
[1505/1753] Linking CXX executable tests/unit/test_v41_anatomy_codegen_tool
[1506/1753] Linking CXX executable tests/unit/test_v41_axis_02_axis_04_nodes
[1507/1753] Linking CXX executable tests/unit/test_v41_axis_07_prefetch
[1508/1753] Linking CXX executable tests/unit/test_v41_axis_12_general_hardware
[1509/1753] Linking CXX executable tests/unit/test_v41_axis_11_telemetry
[1510/1753] Linking CXX executable tests/unit/test_v41_axis_14_value_handle
[1511/1753] Building CXX object tests/unit/CMakeFiles/test_w0b_durchstich_kette.dir/test_w0b_durchstich_kette.cpp.o
[1512/1753] Linking CXX executable tests/unit/test_v41_axis_08_concurrency
[1513/1753] Linking CXX executable tests/unit/test_pruefling_fixture_ladung
[1514/1753] Linking CXX executable tests/unit/test_v41_axis_10_serialization
[1515/1753] Linking CXX executable tests/unit/test_v41_status_code
[1516/1753] Linking CXX executable tests/unit/test_v41_serialization_primitives
[1517/1753] Linking CXX executable tests/unit/test_v41_axis_01_page_type
[1518/1753] Linking CXX executable tests/unit/test_v41_axis_filter
[1519/1753] Linking CXX executable tests/unit/test_v41_axis_filter_surf_organ
[1520/1753] Linking CXX executable tests/unit/test_v41_axis_io
[1521/1753] Linking CXX executable tests/unit/test_v41_pruefling_registry
[1522/1753] Linking CXX executable tests/unit/test_v41_axis_filter_surf_louds_organ
[1523/1753] Building CXX object tests/unit/CMakeFiles/test_d37b_modus_riegel.dir/test_d37b_modus_riegel.cpp.o
[1524/1753] Linking CXX executable tests/unit/test_v41_axis_migration
[1525/1753] Building CXX object tests/unit/CMakeFiles/test_kanal_id_schema.dir/test_kanal_id_schema.cpp.o
[1526/1753] Linking CXX executable tests/unit/test_v41_axis_01_index_organization
[1527/1753] Linking CXX executable tests/unit/test_v41_axis_09_isa
[1528/1753] Linking CXX executable tests/unit/test_v5_workload_orchestrator
[1529/1753] Linking CXX executable tests/unit/test_v41_r5c3_isa_simd_cross_constraint
[1530/1753] Linking CXX executable tests/unit/test_v5_memento_axis
[1531/1753] Linking CXX executable tests/unit/test_v41_axis_09b_simd_extension
[1532/1753] Linking CXX executable tests/unit/test_v5_two_phase_driver
[1533/1753] Linking CXX executable tests/unit/test_d51_perzentil_kanon
[1534/1753] Linking CXX executable tests/unit/test_v41_pruef_dock_search_algorithm
[1535/1753] Building CXX object tests/unit/CMakeFiles/test_stempel_vollbestand_registry.dir/test_stempel_vollbestand_registry.cpp.o
[1536/1753] Linking CXX executable tests/unit/test_v41_anatomy_r5i_configure_codegen
[1537/1753] Linking CXX executable tests/unit/test_v5_conformance_gate
[1538/1753] Linking CXX executable tests/unit/test_v5_measurement_snapshot
[1539/1753] Linking CXX executable tests/unit/test_v41_anatomy_adhoc_codegen_macro
[1540/1753] Linking CXX executable tests/unit/test_v41_anatomy_f15_measurement
[1541/1753] Building CXX object tests/unit/CMakeFiles/test_begriffs_alias_registry.dir/test_begriffs_alias_registry.cpp.o
[1542/1753] Linking CXX executable tests/unit/test_d54_trace_schema
[1543/1753] Linking CXX executable tests/unit/test_ap13_thread_pinning
[1544/1753] Linking CXX executable tests/unit/test_184_dataset_loader_wiring
[1545/1753] Linking CXX executable tests/unit/test_ap10_dataset_akte
[1546/1753] Linking CXX executable tests/unit/test_heuristik_spline_break_even
[1547/1753] Linking CXX executable tests/unit/test_45_sosd_uint64_loader
[1548/1753] Linking CXX executable tests/unit/test_v5_ycsb_op_set
[1549/1753] Linking CXX executable tests/unit/test_v5_disk_memento
[1550/1753] Linking CXX executable tests/unit/test_ap9_provenance_manifest
[1551/1753] Linking CXX executable tests/unit/test_v41_scan_range_organ
[1552/1753] Linking CXX executable tests/unit/test_v41_codegen_type_name
[1553/1753] Linking CXX executable tests/unit/test_heuristik_workload_cluster
[1554/1753] Linking CXX executable tests/unit/test_25_kanon_dataset_akten
[1555/1753] Linking CXX executable tests/unit/test_v5_ycsb_distribution
[1556/1753] Linking CXX executable tests/unit/test_v5_organ_memento
[1557/1753] Linking CXX executable tests/unit/test_v41_codegen_all_axes_umbrella
[1558/1753] Linking CXX executable tests/unit/test_v41_cache_engine_tools_facade
[1559/1753] Linking CXX executable tests/unit/test_v41_cache_engine_facade
[1560/1753] Linking CXX executable tests/unit/test_v41_anatomy_adhoc_dll_load
[1561/1753] Linking CXX executable tests/unit/test_pruef_only_gate
[1562/1753] Linking CXX executable tests/unit/test_v41_anatomy_adhoc_autobuilt_load
[1563/1753] Linking CXX executable tests/unit/test_hy_f8_reroute
[1564/1753] Linking CXX executable tests/unit/test_q2_identitaets_riegel
[1565/1753] Linking CXX executable tests/unit/test_hy_a2_stempel_kette
[1566/1753] Linking CXX executable tests/unit/test_hy_a1_heuristik_adapter_gattung
[1567/1753] Linking CXX executable tests/unit/test_hy_a3_hybrid_config_parser
[1568/1753] Linking CXX executable tests/unit/test_hy_a1_dock_contract
[1569/1753] Linking CXX executable tests/unit/test_hy_a1_attach_nur_array_include
[1570/1753] Linking CXX executable tests/unit/test_s7_1_bst_pool_allocator_deg
[1571/1753] Linking CXX executable tests/unit/test_a14_os_sub_axes_guard
[1572/1753] Linking CXX executable tests/unit/test_s7_2_btree_pool_allocator_deg
[1573/1753] Linking CXX executable tests/unit/test_meta_meta_halbordnung
[1574/1753] Linking CXX executable tests/unit/test_ap15_3_driveable_map_contract
[1575/1753] Linking CXX executable tests/unit/test_29_container_framework
[1576/1753] Linking CXX executable tests/unit/test_striktheit_axis_dach_guard
[1577/1753] Linking CXX executable tests/unit/test_rf3_betriebssystem_feature_fehlt
[1578/1753] Linking CXX executable tests/unit/test_188_4bb0_pool_organ_wide_key_conformance
[1579/1753] Linking CXX executable tests/unit/test_striktheit_metaprog_guard
[1580/1753] Linking CXX executable tests/unit/test_ap15_2_get_allocator_proxy
[1581/1753] Linking CXX executable tests/unit/test_234_va_shaped_adapter
[1582/1753] Linking CXX executable tests/unit/test_axis_error_taxonomy
[1583/1753] Linking CXX executable tests/unit/test_striktheit_scan_kernel_purity
[1584/1753] Linking CXX executable tests/unit/test_cmd1_a_axis_command_base
[1585/1753] Linking CXX executable tests/unit/test_striktheit_abi_pod_guard
[1586/1753] Linking CXX executable tests/unit/test_s7_6_hot_pool_allocator_deg
[1587/1753] Linking CXX executable tests/unit/test_s7_4_hash_pool_allocator_deg
[1588/1753] Linking CXX executable tests/unit/test_striktheit_axes_guard
[1589/1753] Linking CXX executable tests/unit/test_234_vb_rest_families_shaped
[1590/1753] Linking CXX executable tests/unit/test_s7_8_wormhole_pool_allocator_deg
[1591/1753] Linking CXX executable tests/unit/test_234_f1_btree_order_shape
[1592/1753] Linking CXX executable tests/unit/test_s7_9_surf_pool_allocator_deg
[1593/1753] Linking CXX executable tests/unit/test_234_f2_skip_list_shape
[1594/1753] Linking CXX executable tests/unit/test_s7_3_skip_list_pool_allocator_deg
[1595/1753] Linking CXX executable tests/unit/test_s7_10_swiss_pool_allocator_deg
[1596/1753] Linking CXX executable tests/unit/test_s7_7_start_pool_allocator_deg
[1597/1753] Linking CXX executable tests/unit/test_188_4a_eytzinger_organ
[1598/1753] Linking CXX executable tests/unit/test_s7_5_art_pool_allocator_deg
[1599/1753] Linking CXX executable tests/unit/test_abi_adapter_g3_batch2
[1600/1753] Linking CXX executable tests/unit/test_234_f3_bst_shape
[1601/1753] Linking CXX executable tests/unit/test_216h2_stat_reset_after_load
[1602/1753] Linking CXX executable tests/unit/test_221_rc_prefetch_distance
[1603/1753] Linking CXX executable tests/unit/test_234_f4_hash_probe_shape
[1604/1753] Linking CXX executable tests/unit/test_e1_contract_rc_konsum
[1605/1753] Linking CXX executable tests/unit/test_axis_kind_wire_totalitaet
[1606/1753] Linking CXX executable tests/unit/test_188_4c0_known_compositions_conformance
[1607/1753] Linking CXX executable tests/unit/test_profile_coverage
[1608/1753] Linking CXX executable tests/unit/test_ap2_katalog_pfad_stubfrei
[1609/1753] Linking CXX executable tests/unit/test_org18_persistence_target
[1610/1753] Linking CXX executable tests/unit/test_188_4cii_flat_wrapper_traversal
[1611/1753] Linking CXX executable tests/unit/test_217_2a_capacity_guard
[1612/1753] Linking CXX executable tests/unit/test_axis_kind_kategorien_zuordnung
[1613/1753] Linking CXX executable tests/unit/test_mt_l3_wide_schema_orakel
[1614/1753] Linking CXX executable tests/unit/test_vor_push_gate
[1615/1753] Linking CXX executable tests/unit/test_experiment_kern_seam
[1616/1753] Linking CXX executable tests/unit/test_wdk_datasets_fairness
[1617/1753] Linking CXX executable tests/unit/test_experiment_parser
[1618/1753] Linking CXX executable tests/unit/test_measurement_categories
[1619/1753] Linking CXX executable tests/unit/test_m_contract_system_axis_wurzel
[1620/1753] Linking CXX executable tests/unit/test_sota_st2_dedup
[1621/1753] Linking CXX executable tests/unit/test_h2_score_akte
[1622/1753] Linking CXX executable tests/unit/test_experiment_projection
[1623/1753] Linking CXX executable tests/unit/test_smoke_coverage_profile
[1624/1753] Linking CXX executable tests/unit/test_merge_plan_directive
[1625/1753] Linking CXX executable tests/unit/test_experiment_plan_director
[1626/1753] Linking CXX executable tests/unit/test_axis_sweep_coverage
[1627/1753] Linking CXX executable tests/unit/test_m_simd_feature_flag_catalog
[1628/1753] Linking CXX executable tests/unit/test_p2_ram_probe_chain
[1629/1753] Linking CXX executable tests/unit/test_p1_spd_ddr5_parser
[1630/1753] Linking CXX executable tests/unit/test_validate_profile
[1631/1753] Linking CXX executable tests/unit/test_o4_machine_identity
[1632/1753] Linking CXX executable tests/unit/test_p2_ram_identity_verdict
[1633/1753] Linking CXX executable tests/unit/test_od11_numa_cpu_pin_process_probe
[1634/1753] Linking CXX executable tests/unit/test_p3_boot_cache_dmi
[1635/1753] Linking CXX executable tests/unit/test_d4_ceb_schluessel_wahl
[1636/1753] Linking CXX executable tests/unit/test_c3a_gate_scharfschaltung
[1637/1753] Linking CXX executable tests/unit/test_os_u3_probe
[1638/1753] Linking CXX executable tests/unit/test_od10_numa_page_probe
[1639/1753] Linking CXX executable tests/unit/test_m_w12_stamp_bausteine
[1640/1753] Linking CXX executable tests/unit/test_w10_system_cell_values
[1641/1753] Linking CXX executable tests/unit/test_g1_binary_version_stamp
[1642/1753] Linking CXX executable tests/unit/test_c3b_kanal_merge_beleg
[1643/1753] Linking CXX executable tests/unit/test_progress_heartbeat
[1644/1753] Linking CXX executable tests/unit/test_d2_mess_konsistenz_gate
[1645/1753] Linking CXX executable tests/unit/test_simd_add_u64_carry
[1646/1753] Linking CXX executable tests/unit/test_reflect_versions_all17
[1647/1753] Linking CXX executable tests/unit/test_simd_add_u64_carry_avx2
[1648/1753] Linking CXX executable tests/unit/test_a1_algo_version_pin_alloc_axis
[1649/1753] Linking CXX executable tests/unit/test_reflect_versions_all_registered
[1650/1753] Linking CXX executable tests/unit/test_simd_add_u64_carry_avx512
[1651/1753] Linking CXX executable tests/unit/test_planner_version_flag_grammatik
[1652/1753] Linking CXX executable tests/unit/test_g3_eta_estimator
[1653/1753] Linking CXX executable tests/unit/test_g3_bestandslog_document
[1654/1753] Linking CXX executable tests/unit/test_g3_batch_planner
[1655/1753] Linking CXX executable tests/unit/test_g3_bestandslog_lock
[1656/1753] Linking CXX executable tests/unit/test_bvset_teilmenge
[1657/1753] Linking CXX executable tests/unit/test_a5_eta_kalibrierung
[1658/1753] Linking CXX executable tests/unit/test_a2_sha512_skip_gate
[1659/1753] Linking CXX executable tests/unit/test_g3_ram_spool_writer
[1660/1753] Linking CXX executable tests/unit/test_g3_reservation_lifecycle
[1661/1753] Linking CXX executable tests/unit/test_g3_writer_backend_io_uring
[1662/1753] Linking CXX executable tests/unit/test_g2_variant_sidecar
[1663/1753] Linking CXX executable tests/unit/test_g3_sha512_index
[1664/1753] Linking CXX executable tests/unit/test_g3_builder_registration
[1665/1753] Linking CXX executable tests/unit/test_g3_takeover_sweep
[1666/1753] Linking CXX executable tests/unit/test_lb1_knoten_heuristik_log
[1667/1753] Linking CXX executable tests/unit/test_lb0_lager_pfad_grammatik
[1668/1753] Linking CXX executable tests/unit/test_a9s3_writeback_method_xlsx
[1669/1753] Linking CXX executable tests/unit/test_ge1_claim_check_und_sidecar
[1670/1753] Linking CXX executable tests/unit/test_g3_planer_driven
[1671/1753] Linking CXX executable tests/unit/test_b14_abi_adapter_line_subaxis_paths
[1672/1753] Linking CXX executable tests/unit/test_a9s3_ergebnis_mappe_csv
[1673/1753] Linking CXX executable tests/unit/test_ge3_messwert_genus_und_ziel
[1674/1753] Linking CXX executable tests/unit/test_g3_prune
[1675/1753] Linking CXX executable tests/unit/test_a9s3_mess_ebene_blattsorte
[1676/1753] Linking CXX executable tests/unit/test_d37b_modus_riegel
[1677/1753] Linking CXX executable tests/unit/test_d2_abdeckungs_wache_nenner
[1678/1753] Linking CXX executable tests/unit/test_a9_xlsx_vendor_rauchtest
[1679/1753] Linking CXX executable tests/unit/test_a9s3_xlsx_ergebnis_writer
[1680/1753] Linking CXX executable tests/unit/test_mt_l4_registrierungs_wache_isa
[1681/1753] Linking CXX executable tests/unit/test_g3_artifact_cache_transport
[1682/1753] Building CXX object tests/unit/CMakeFiles/test_stempel_zulassung_bruecke.dir/test_stempel_zulassung_bruecke.cpp.o
[1683/1753] Linking CXX executable tests/unit/test_g3_lager_presence
[1684/1753] Linking CXX executable tests/unit/test_d3_6_realm_selektor_produktionsablage
[1685/1753] Linking CXX executable tests/unit/test_hyg_kumulativer_bereich
[1686/1753] Linking CXX executable tests/unit/test_a9s4_dynamic_axis_filter
[1687/1753] Linking CXX executable tests/unit/test_a9s4_skip_manifest
[1688/1753] Linking CXX executable tests/unit/test_ck1_messkette_koeder
[1689/1753] Linking CXX executable tests/unit/test_a9s4_realm_scan_stale
[1690/1753] Linking CXX executable tests/unit/test_d55_hdr_verdrahtung
[1691/1753] Linking CXX executable tests/unit/test_d2g1_ctest_registrierung
[1692/1753] Linking CXX executable tests/unit/test_t6_wachen_inventar
[1693/1753] Linking CXX executable tests/unit/test_naht1_mess_visitor_biss
[1694/1753] Linking CXX executable tests/unit/test_warn2a_block_id_bidirektional
[1695/1753] Linking CXX executable tests/unit/test_a9s5_ergebnis_mappe_naht
[1696/1753] Linking CXX executable tests/unit/test_t6_biss_achsen_roundtrip_wache
[1697/1753] Linking CXX executable tests/unit/test_warn1_d2_fingerprint_koeder
[1698/1753] Linking CXX executable tests/unit/test_a9s4_mess_report_render
[1699/1753] Linking CXX executable tests/unit/test_flaeche3_deckung_ceb_aus_tier_an
[1700/1753] Linking CXX executable tests/unit/test_t6_biss_registrierungs_wache
[1701/1753] Linking CXX executable tests/unit/test_lg_xlsx_alt_nie_vernichten
[1702/1753] Linking CXX executable tests/unit/test_lizenz_konsistenz
[1703/1753] Linking CXX executable tests/unit/test_t6_biss_sichtbarkeits_wache
[1704/1753] Linking CXX executable tests/unit/test_anker_marke_statt_ledgerzeile
[1705/1753] Linking CXX executable tests/unit/test_pa1_tote_ausnahme
[1706/1753] Linking CXX executable tests/unit/test_vs_taxonomie_klassen_grep
[1707/1753] Linking CXX executable tests/unit/test_s3_ordnung_relation
[1708/1753] Linking CXX executable tests/unit/test_s1_stempel_basis_vertrag
[1709/1753] Linking CXX executable tests/unit/test_stempel_vollbestand_registry
[1710/1753] Linking CXX executable tests/unit/test_k2_stufen_neutraler_loader
[1711/1753] Linking CXX executable tests/unit/test_genus_ct_komposition
[1712/1753] Linking CXX executable tests/unit/test_simd_organ_achsen_deckung
[1713/1753] Linking CXX executable tests/unit/test_pk_klemm_json
[1714/1753] Linking CXX executable tests/unit/test_w0b_durchstich_kette
[1715/1753] Linking CXX executable tests/unit/test_s3_ordnung_freigabe
[1716/1753] Linking CXX executable tests/unit/test_s6c_kategorien_ordnung_zwei_welten
[1717/1753] Linking CXX executable tests/unit/test_stempel_zulassung_bruecke
[1718/1753] Linking CXX executable tests/unit/test_configure_enable_gnu
[1719/1753] Linking CXX executable tests/unit/test_vl3_debug_stdout_bytegleich
[1720/1753] Linking CXX executable tests/unit/test_ci_coverage_guard_strikt
[1721/1753] Linking CXX executable tests/unit/test_xl_l4_na_konkurrenz
[1722/1753] Linking CXX executable tests/unit/test_g2_semantik_duplikatverbot
[1723/1753] Linking CXX executable tests/unit/test_lg_host_binder
[1724/1753] Linking CXX executable tests/unit/test_s8_traeger_grenzwache
[1725/1753] Linking CXX executable tests/unit/test_registry_gen_out_pflicht
[1726/1753] Linking CXX executable tests/unit/test_variant_hauswache
[1727/1753] Linking CXX executable tests/unit/test_lg_idempotenz_beide_wdh
[1728/1753] Linking CXX executable tests/unit/test_bestand_schluessel_schema
[1729/1753] Linking CXX executable tests/unit/test_kanal_id_schema
[1730/1753] Linking CXX executable tests/unit/test_pmc_raw_event_katalog
[1731/1753] Linking CXX executable tests/unit/test_pmc_startup_pruefung
[1732/1753] Linking CXX executable tests/unit/test_begriffs_alias_registry
[1733/1753] Linking CXX executable tests/unit/test_parameter_filter_registry_skelett
[1734/1753] Linking CXX executable tests/unit/test_e07_gate_kriterien
[1735/1753] Linking CXX executable tests/unit/test_e8_bytes_in_use_peak_demo
[1736/1753] Linking CXX executable tests/unit/test_s13_01_csv_kind_projektion
[1737/1753] Building CXX object tests/unit/CMakeFiles/test_c13_selektiver_rebuild.dir/test_c13_selektiver_rebuild.cpp.o
[1738/1753] Linking CXX executable tests/unit/test_c13_selektiver_rebuild
[1739/1753] Building CXX object tests/unit/CMakeFiles/test_c14_lager_presence_wache.dir/test_c14_lager_presence_wache.cpp.o
[1740/1753] Linking CXX executable tests/unit/test_c14_lager_presence_wache
[1741/1753] Building CXX object tests/unit/CMakeFiles/test_c14_messwert_presence_wache.dir/test_c14_messwert_presence_wache.cpp.o
[1742/1753] Linking CXX executable tests/unit/test_c14_messwert_presence_wache
[1743/1753] Building CXX object tests/unit/CMakeFiles/test_s13_03_per_binary_mappe.dir/test_s13_03_per_binary_mappe.cpp.o
[1744/1753] Linking CXX executable tests/unit/test_s13_03_per_binary_mappe
[1745/1753] Building CXX object tests/unit/CMakeFiles/test_ph89_paper_prueflinge.dir/test_ph89_paper_prueflinge.cpp.o
[1746/1753] Linking CXX executable tests/unit/test_ph89_paper_prueflinge
[1747/1753] Building CXX object tests/unit/CMakeFiles/test_s8kopf_planner_kopf.dir/test_s8kopf_planner_kopf.cpp.o
/home/comdare/Projekte/Research/probst-diplomarbeit-cache-engine/Code/external/comdare-cache-engine/tests/unit/test_s8kopf_planner_kopf.cpp:75:42: warning: unused variable 'traegt_mess_rohdaten' [-Wunused-const-variable]
   75 |     static constexpr bool                traegt_mess_rohdaten = true; // der Bruch
      |                                          ^~~~~~~~~~~~~~~~~~~~
/home/comdare/Projekte/Research/probst-diplomarbeit-cache-engine/Code/external/comdare-cache-engine/tests/unit/test_s8kopf_planner_kopf.cpp:76:42: warning: unused variable 'ausser_der_reihe' [-Wunused-const-variable]
   76 |     static constexpr bool                ausser_der_reihe     = false;
      |                                          ^~~~~~~~~~~~~~~~
/home/comdare/Projekte/Research/probst-diplomarbeit-cache-engine/Code/external/comdare-cache-engine/tests/unit/test_s8kopf_planner_kopf.cpp:77:42: warning: unused variable 'prioritaet' [-Wunused-const-variable]
   77 |     static constexpr trg::NahtPrioritaet prioritaet           = trg::NahtPrioritaet::Normal;
      |                                          ^~~~~~~~~~
/home/comdare/Projekte/Research/probst-diplomarbeit-cache-engine/Code/external/comdare-cache-engine/tests/unit/test_s8kopf_planner_kopf.cpp:86:42: warning: unused variable 'traegt_mess_rohdaten' [-Wunused-const-variable]
   86 |     static constexpr bool                traegt_mess_rohdaten = false;
      |                                          ^~~~~~~~~~~~~~~~~~~~
/home/comdare/Projekte/Research/probst-diplomarbeit-cache-engine/Code/external/comdare-cache-engine/tests/unit/test_s8kopf_planner_kopf.cpp:87:42: warning: unused variable 'ausser_der_reihe' [-Wunused-const-variable]
   87 |     static constexpr bool                ausser_der_reihe     = false;
      |                                          ^~~~~~~~~~~~~~~~
/home/comdare/Projekte/Research/probst-diplomarbeit-cache-engine/Code/external/comdare-cache-engine/tests/unit/test_s8kopf_planner_kopf.cpp:88:42: warning: unused variable 'prioritaet' [-Wunused-const-variable]
   88 |     static constexpr trg::NahtPrioritaet prioritaet           = trg::NahtPrioritaet::Normal;
      |                                          ^~~~~~~~~~
/home/comdare/Projekte/Research/probst-diplomarbeit-cache-engine/Code/external/comdare-cache-engine/tests/unit/test_s8kopf_planner_kopf.cpp:97:27: warning: unused variable 'traegt_mess_rohdaten' [-Wunused-const-variable]
   97 |     static constexpr bool traegt_mess_rohdaten = false;
      |                           ^~~~~~~~~~~~~~~~~~~~
/home/comdare/Projekte/Research/probst-diplomarbeit-cache-engine/Code/external/comdare-cache-engine/tests/unit/test_s8kopf_planner_kopf.cpp:98:27: warning: unused variable 'ausser_der_reihe' [-Wunused-const-variable]
   98 |     static constexpr bool ausser_der_reihe     = true;
      |                           ^~~~~~~~~~~~~~~~
8 warnings generated.
[1748/1753] Linking CXX executable tests/unit/test_s8kopf_planner_kopf
[1749/1753] Building CXX object tests/unit/CMakeFiles/test_lg_e2e_xlsx_facade.dir/test_lg_e2e_xlsx_facade.cpp.o
[1750/1753] Linking CXX executable tests/unit/test_lg_e2e_xlsx_facade
[1751/1753] Building CXX object tests/unit/CMakeFiles/test_s13_02_zielfilter_vier_faelle.dir/test_s13_02_zielfilter_vier_faelle.cpp.o
[1752/1753] Linking CXX executable tests/unit/test_s13_02_zielfilter_vier_faelle
