[0/2] Re-checking globbed directories...
[1/2479] Generating CXX dyndep file tools/overlay_source_hash_gen/CMakeFiles/comdare_overlay_source_hash_gen.dir/CXX.dd
[2/2477] comdare E-E: Overlay-Quell-Hash (Glied [7] des Tier-Fingerprints)
[overlay_source_hash_gen] 712 Dateien, 3420405 Bytes, sha512=9c3a0bb29a31a523... (unveraendert)
[3/2474] Generating CXX dyndep file libs/cache_engine/builder/lager_ablage/CMakeFiles/comdare_lager_ablage.dir/CXX.dd
[4/2472] Generating CXX dyndep file libs/cache_engine/builder/module_loader/CMakeFiles/comdare_module_loader.dir/CXX.dd
[5/2470] Generating CXX dyndep file libs/common/serialization/xml_config_parser/CMakeFiles/comdare_builder_xml_config_parser.dir/CXX.dd
[6/2468] Generating CXX dyndep file libs/cache_engine/builder/anatomy_module_loader/CMakeFiles/comdare_anatomy_module_loader.dir/CXX.dd
[7/2466] Generating CXX dyndep file libs/cache_engine/builder/workload_driver/CMakeFiles/comdare_workload_driver.dir/CXX.dd
[8/2464] Generating CXX dyndep file apps/is_original_validator/CMakeFiles/is_original_validator.dir/CXX.dd
[9/2386] Generating CXX dyndep file libs/test_infra/workload_generator/CMakeFiles/comdare_workload_generator.dir/CXX.dd
[10/2384] Generating CXX dyndep file libs/execution_engine/CMakeFiles/comdare_experiment.dir/CXX.dd
[11/2382] Generating CXX dyndep file tools/ycsb_cli/CMakeFiles/comdare_ycsb_cli_lib.dir/CXX.dd
[12/2380] Generating CXX dyndep file tools/latex_anhang/CMakeFiles/comdare_latex_anhang_lib.dir/CXX.dd
[13/2378] Generating CXX dyndep file tests/unit/CMakeFiles/comdare_perm_mock_test.dir/CXX.dd
[14/2376] Generating CXX dyndep file tests/unit/CMakeFiles/perm_buildvariant_real_avx512.dir/CXX.dd
[15/2374] Generating CXX dyndep file tests/unit/CMakeFiles/perm_buildvariant_real_avx2.dir/CXX.dd
[16/2372] Generating CXX dyndep file tools/ycsb_cli/CMakeFiles/comdare_ycsb_cli.dir/CXX.dd
[17/2370] Generating CXX dyndep file tools/latex_anhang/CMakeFiles/comdare_latex_anhang.dir/CXX.dd
[18/2368] Generating CXX dyndep file tools/p27_bundle_finder/CMakeFiles/p27_bundle_finder.dir/CXX.dd
[19/2366] Generating CXX dyndep file tools/best_binary_selector/CMakeFiles/comdare_best_binary_selector.dir/CXX.dd
[20/2363] Generating CXX dyndep file tools/mess_report/CMakeFiles/comdare_mess_report.dir/CXX.dd
[21/2361] Generating CXX dyndep file tools/system_axis_registry_gen/CMakeFiles/comdare_system_axis_registry_gen.dir/CXX.dd
[22/2359] Generating CXX dyndep file apps/catalog_codegen_tool/CMakeFiles/comdare_catalog_codegen_cli.dir/CXX.dd
[23/2357] Generating CXX dyndep file tools/axis_registry_gen/CMakeFiles/comdare_axis_registry_gen.dir/CXX.dd
[24/2355] Generating CXX dyndep file tools/axis_version_lock/CMakeFiles/comdare_axis_version_lock.dir/CXX.dd
[25/2353] Generating CXX dyndep file tools/measurement_axis_registry_gen/CMakeFiles/comdare_measurement_axis_registry_gen.dir/CXX.dd
[26/2351] Limits-Entkopplung: generated_source_catalog.hpp aus m3v2_study.profile.xml
catalog-codegen: wrote /home/comdare/Projekte/Research/probst-diplomarbeit-cache-engine/Code/external/comdare-cache-engine/build-l1-clang/generated/limits/generated_source_catalog.hpp from profile /home/comdare/Projekte/Research/probst-diplomarbeit-cache-engine/Code/external/comdare-cache-engine/libs/cache_engine/algorithm_profiles/thesis_profiles/m3v2_study.profile.xml (static permutations=320)
[27/2351] Scanning /home/comdare/Projekte/Research/probst-diplomarbeit-cache-engine/Code/external/comdare-cache-engine/libs/cache_engine/builder/permutation_loop/permutation_loop.cpp for CXX dependencies
[28/2351] Scanning /home/comdare/Projekte/Research/probst-diplomarbeit-cache-engine/Code/external/comdare-cache-engine/tests/unit/ck1_naht_voll.cpp for CXX dependencies
[29/2351] Scanning /home/comdare/Projekte/Research/probst-diplomarbeit-cache-engine/Code/external/comdare-cache-engine/libs/cache_engine/builder/codegen/codegen.cpp for CXX dependencies
[30/2351] Generating CXX dyndep file libs/cache_engine/builder/permutation_loop/CMakeFiles/comdare_builder_permutation_loop.dir/CXX.dd
[31/2351] Scanning /home/comdare/Projekte/Research/probst-diplomarbeit-cache-engine/Code/external/comdare-cache-engine/libs/cache_engine/builder/experiment_runner/experiment_runner.cpp for CXX dependencies
[32/2351] Generating CXX dyndep file libs/cache_engine/builder/codegen/CMakeFiles/comdare_builder_codegen.dir/CXX.dd
[33/2351] Scanning /home/comdare/Projekte/Research/probst-diplomarbeit-cache-engine/Code/external/comdare-cache-engine/libs/cache_engine/builder/experiment_driver/experiment_driver.cpp for CXX dependencies
[34/2351] Scanning /home/comdare/Projekte/Research/probst-diplomarbeit-cache-engine/Code/external/comdare-cache-engine/tests/unit/ck1_naht_leer.cpp for CXX dependencies
[35/2351] Scanning /home/comdare/Projekte/Research/probst-diplomarbeit-cache-engine/Code/external/comdare-cache-engine/apps/perm_runner/main.cpp for CXX dependencies
[36/2351] Scanning /home/comdare/Projekte/Research/probst-diplomarbeit-cache-engine/Code/external/comdare-cache-engine/apps/cache_engine_builder/main.cpp for CXX dependencies
[37/2351] Scanning /home/comdare/Projekte/Research/probst-diplomarbeit-cache-engine/Code/external/comdare-cache-engine/build-l1-clang/generated/r5i_anatomy_modules/anatomy_perm_r5i_configure_pilot_0.cpp for CXX dependencies
[38/2351] Scanning /home/comdare/Projekte/Research/probst-diplomarbeit-cache-engine/Code/external/comdare-cache-engine/build-l1-clang/generated/anatomy_modules/anatomy_perm_hot_pilot.cpp for CXX dependencies
[39/2351] Scanning /home/comdare/Projekte/Research/probst-diplomarbeit-cache-engine/Code/external/comdare-cache-engine/build-l1-clang/generated/anatomy_modules_multi/anatomy_perm_anatomy_multi_pilot_2.cpp for CXX dependencies
[40/2351] Scanning /home/comdare/Projekte/Research/probst-diplomarbeit-cache-engine/Code/external/comdare-cache-engine/build-l1-clang/generated/anatomy_modules_multi/anatomy_perm_anatomy_multi_pilot_0.cpp for CXX dependencies
[41/2351] Scanning /home/comdare/Projekte/Research/probst-diplomarbeit-cache-engine/Code/external/comdare-cache-engine/build-l1-clang/generated/anatomy_modules_multi/anatomy_perm_anatomy_multi_pilot_5.cpp for CXX dependencies
[42/2351] Scanning /home/comdare/Projekte/Research/probst-diplomarbeit-cache-engine/Code/external/comdare-cache-engine/build-l1-clang/generated/anatomy_modules_multi/anatomy_perm_anatomy_multi_pilot_1.cpp for CXX dependencies
[43/2351] Scanning /home/comdare/Projekte/Research/probst-diplomarbeit-cache-engine/Code/external/comdare-cache-engine/build-l1-clang/generated/anatomy_modules/anatomy_perm_wormhole_pilot.cpp for CXX dependencies
[44/2351] Scanning /home/comdare/Projekte/Research/probst-diplomarbeit-cache-engine/Code/external/comdare-cache-engine/apps/experiment_planner/main.cpp for CXX dependencies
[45/2351] Scanning /home/comdare/Projekte/Research/probst-diplomarbeit-cache-engine/Code/external/comdare-cache-engine/build-l1-clang/generated/anatomy_modules_multi/anatomy_perm_anatomy_multi_pilot_3.cpp for CXX dependencies
[46/2351] Scanning /home/comdare/Projekte/Research/probst-diplomarbeit-cache-engine/Code/external/comdare-cache-engine/build-l1-clang/generated/r5i_anatomy_modules/anatomy_perm_r5i_configure_pilot_1.cpp for CXX dependencies
[47/2351] Scanning /home/comdare/Projekte/Research/probst-diplomarbeit-cache-engine/Code/external/comdare-cache-engine/build-l1-clang/generated/f15_measurement_modules/anatomy_perm_f15_measurement_pilot_0.cpp for CXX dependencies
[48/2351] Generating CXX dyndep file apps/experiment_planner/CMakeFiles/comdare_experiment_planner.dir/CXX.dd
[49/2351] Scanning /home/comdare/Projekte/Research/probst-diplomarbeit-cache-engine/Code/external/comdare-cache-engine/build-l1-clang/generated/anatomy_modules_multi/anatomy_perm_anatomy_multi_pilot_4.cpp for CXX dependencies
[50/2351] Scanning /home/comdare/Projekte/Research/probst-diplomarbeit-cache-engine/Code/external/comdare-cache-engine/build-l1-clang/generated/r5i_anatomy_modules/anatomy_perm_r5i_configure_pilot_2.cpp for CXX dependencies
[51/2351] Scanning /home/comdare/Projekte/Research/probst-diplomarbeit-cache-engine/Code/external/comdare-cache-engine/build-l1-clang/generated/f15_measurement_modules/anatomy_perm_f15_measurement_pilot_1.cpp for CXX dependencies
[52/2351] Scanning /home/comdare/Projekte/Research/probst-diplomarbeit-cache-engine/Code/external/comdare-cache-engine/build-l1-clang/generated/r5g_autobuilt_modules/comdare_anatomy_perm_auto_10.cpp for CXX dependencies
[53/2351] Scanning /home/comdare/Projekte/Research/probst-diplomarbeit-cache-engine/Code/external/comdare-cache-engine/build-l1-clang/generated/r5g_autobuilt_modules/comdare_anatomy_perm_auto_15.cpp for CXX dependencies
[54/2351] Scanning /home/comdare/Projekte/Research/probst-diplomarbeit-cache-engine/Code/external/comdare-cache-engine/libs/cache_engine/profile_facade/profile_run_facade.cpp for CXX dependencies
[55/2351] Scanning /home/comdare/Projekte/Research/probst-diplomarbeit-cache-engine/Code/external/comdare-cache-engine/build-l1-clang/generated/r5g_autobuilt_modules/comdare_anatomy_perm_auto_14.cpp for CXX dependencies
[56/2351] Scanning /home/comdare/Projekte/Research/probst-diplomarbeit-cache-engine/Code/external/comdare-cache-engine/build-l1-clang/generated/r5g_autobuilt_modules/comdare_anatomy_perm_auto_12.cpp for CXX dependencies
[57/2351] Scanning /home/comdare/Projekte/Research/probst-diplomarbeit-cache-engine/Code/external/comdare-cache-engine/build-l1-clang/generated/r5g_autobuilt_modules/comdare_anatomy_perm_auto_13.cpp for CXX dependencies
[58/2351] Generating CXX dyndep file libs/cache_engine/profile_facade/CMakeFiles/comdare_profile_run_facade.dir/CXX.dd
[59/2351] Scanning /home/comdare/Projekte/Research/probst-diplomarbeit-cache-engine/Code/external/comdare-cache-engine/build-l1-clang/generated/r5g_autobuilt_modules/comdare_anatomy_perm_auto_11.cpp for CXX dependencies
[60/2351] Scanning /home/comdare/Projekte/Research/probst-diplomarbeit-cache-engine/Code/external/comdare-cache-engine/build-l1-clang/generated/r5g_autobuilt_modules/comdare_anatomy_perm_auto_0.cpp for CXX dependencies
[61/2351] Scanning /home/comdare/Projekte/Research/probst-diplomarbeit-cache-engine/Code/external/comdare-cache-engine/build-l1-clang/generated/r5g_autobuilt_modules/comdare_anatomy_perm_auto_1.cpp for CXX dependencies
[62/2351] Scanning /home/comdare/Projekte/Research/probst-diplomarbeit-cache-engine/Code/external/comdare-cache-engine/build-l1-clang/generated/r5g_autobuilt_modules/comdare_anatomy_perm_auto_16.cpp for CXX dependencies
[63/2351] Scanning /home/comdare/Projekte/Research/probst-diplomarbeit-cache-engine/Code/external/comdare-cache-engine/build-l1-clang/generated/r5g_autobuilt_modules/comdare_anatomy_perm_auto_17.cpp for CXX dependencies
[64/2351] Scanning /home/comdare/Projekte/Research/probst-diplomarbeit-cache-engine/Code/external/comdare-cache-engine/build-l1-clang/generated/r5g_autobuilt_modules/comdare_anatomy_perm_auto_24.cpp for CXX dependencies
[65/2351] Scanning /home/comdare/Projekte/Research/probst-diplomarbeit-cache-engine/Code/external/comdare-cache-engine/build-l1-clang/generated/r5g_autobuilt_modules/comdare_anatomy_perm_auto_19.cpp for CXX dependencies
[66/2351] Scanning /home/comdare/Projekte/Research/probst-diplomarbeit-cache-engine/Code/external/comdare-cache-engine/build-l1-clang/generated/r5g_autobuilt_modules/comdare_anatomy_perm_auto_21.cpp for CXX dependencies
[67/2351] Scanning /home/comdare/Projekte/Research/probst-diplomarbeit-cache-engine/Code/external/comdare-cache-engine/build-l1-clang/generated/r5g_autobuilt_modules/comdare_anatomy_perm_auto_22.cpp for CXX dependencies
[68/2351] Scanning /home/comdare/Projekte/Research/probst-diplomarbeit-cache-engine/Code/external/comdare-cache-engine/build-l1-clang/generated/r5g_autobuilt_modules/comdare_anatomy_perm_auto_20.cpp for CXX dependencies
[69/2351] Scanning /home/comdare/Projekte/Research/probst-diplomarbeit-cache-engine/Code/external/comdare-cache-engine/build-l1-clang/generated/r5g_autobuilt_modules/comdare_anatomy_perm_auto_18.cpp for CXX dependencies
[70/2351] Scanning /home/comdare/Projekte/Research/probst-diplomarbeit-cache-engine/Code/external/comdare-cache-engine/build-l1-clang/generated/r5g_autobuilt_modules/comdare_anatomy_perm_auto_2.cpp for CXX dependencies
[71/2351] Scanning /home/comdare/Projekte/Research/probst-diplomarbeit-cache-engine/Code/external/comdare-cache-engine/build-l1-clang/generated/r5g_autobuilt_modules/comdare_anatomy_perm_auto_23.cpp for CXX dependencies
[72/2351] Scanning /home/comdare/Projekte/Research/probst-diplomarbeit-cache-engine/Code/external/comdare-cache-engine/build-l1-clang/generated/r5g_autobuilt_modules/comdare_anatomy_perm_auto_26.cpp for CXX dependencies
[73/2351] Scanning /home/comdare/Projekte/Research/probst-diplomarbeit-cache-engine/Code/external/comdare-cache-engine/build-l1-clang/generated/r5g_autobuilt_modules/comdare_anatomy_perm_auto_3.cpp for CXX dependencies
[74/2351] Scanning /home/comdare/Projekte/Research/probst-diplomarbeit-cache-engine/Code/external/comdare-cache-engine/build-l1-clang/generated/r5g_autobuilt_modules/comdare_anatomy_perm_auto_25.cpp for CXX dependencies
[75/2351] Scanning /home/comdare/Projekte/Research/probst-diplomarbeit-cache-engine/Code/external/comdare-cache-engine/build-l1-clang/generated/r5g_autobuilt_modules/comdare_anatomy_perm_auto_27.cpp for CXX dependencies
[76/2351] Scanning /home/comdare/Projekte/Research/probst-diplomarbeit-cache-engine/Code/external/comdare-cache-engine/build-l1-clang/generated/r5g_autobuilt_modules/comdare_anatomy_perm_auto_28.cpp for CXX dependencies
[77/2351] Scanning /home/comdare/Projekte/Research/probst-diplomarbeit-cache-engine/Code/external/comdare-cache-engine/build-l1-clang/generated/r5g_autobuilt_modules/comdare_anatomy_perm_auto_33.cpp for CXX dependencies
[78/2351] Scanning /home/comdare/Projekte/Research/probst-diplomarbeit-cache-engine/Code/external/comdare-cache-engine/build-l1-clang/generated/r5g_autobuilt_modules/comdare_anatomy_perm_auto_29.cpp for CXX dependencies
[79/2351] Scanning /home/comdare/Projekte/Research/probst-diplomarbeit-cache-engine/Code/external/comdare-cache-engine/build-l1-clang/generated/r5g_autobuilt_modules/comdare_anatomy_perm_auto_31.cpp for CXX dependencies
[80/2351] Scanning /home/comdare/Projekte/Research/probst-diplomarbeit-cache-engine/Code/external/comdare-cache-engine/build-l1-clang/generated/r5g_autobuilt_modules/comdare_anatomy_perm_auto_32.cpp for CXX dependencies
[81/2351] Scanning /home/comdare/Projekte/Research/probst-diplomarbeit-cache-engine/Code/external/comdare-cache-engine/build-l1-clang/generated/r5g_autobuilt_modules/comdare_anatomy_perm_auto_30.cpp for CXX dependencies
[82/2351] Scanning /home/comdare/Projekte/Research/probst-diplomarbeit-cache-engine/Code/external/comdare-cache-engine/build-l1-clang/generated/r5g_autobuilt_modules/comdare_anatomy_perm_auto_36.cpp for CXX dependencies
[83/2351] Scanning /home/comdare/Projekte/Research/probst-diplomarbeit-cache-engine/Code/external/comdare-cache-engine/build-l1-clang/generated/r5g_autobuilt_modules/comdare_anatomy_perm_auto_37.cpp for CXX dependencies
[84/2351] Scanning /home/comdare/Projekte/Research/probst-diplomarbeit-cache-engine/Code/external/comdare-cache-engine/build-l1-clang/generated/r5g_autobuilt_modules/comdare_anatomy_perm_auto_34.cpp for CXX dependencies
[85/2351] Scanning /home/comdare/Projekte/Research/probst-diplomarbeit-cache-engine/Code/external/comdare-cache-engine/build-l1-clang/generated/r5g_autobuilt_modules/comdare_anatomy_perm_auto_41.cpp for CXX dependencies
[86/2351] Generating CXX dyndep file libs/cache_engine/builder/experiment_runner/CMakeFiles/comdare_builder_experiment_runner.dir/CXX.dd
[87/2351] Scanning /home/comdare/Projekte/Research/probst-diplomarbeit-cache-engine/Code/external/comdare-cache-engine/build-l1-clang/generated/r5g_autobuilt_modules/comdare_anatomy_perm_auto_35.cpp for CXX dependencies
[88/2351] Generating CXX dyndep file libs/cache_engine/builder/experiment_driver/CMakeFiles/comdare_builder_experiment_driver.dir/CXX.dd
[89/2351] Scanning /home/comdare/Projekte/Research/probst-diplomarbeit-cache-engine/Code/external/comdare-cache-engine/build-l1-clang/generated/r5g_autobuilt_modules/comdare_anatomy_perm_auto_39.cpp for CXX dependencies
[90/2351] Scanning /home/comdare/Projekte/Research/probst-diplomarbeit-cache-engine/Code/external/comdare-cache-engine/build-l1-clang/generated/r5g_autobuilt_modules/comdare_anatomy_perm_auto_4.cpp for CXX dependencies
[91/2351] Generating CXX dyndep file libs/cache_engine/builder/anatomy_codegen_tool/CMakeFiles/comdare_anatomy_codegen_tool.dir/CXX.dd
[92/2349] Scanning /home/comdare/Projekte/Research/probst-diplomarbeit-cache-engine/Code/external/comdare-cache-engine/build-l1-clang/generated/r5g_autobuilt_modules/comdare_anatomy_perm_auto_38.cpp for CXX dependencies
[93/2349] Scanning /home/comdare/Projekte/Research/probst-diplomarbeit-cache-engine/Code/external/comdare-cache-engine/build-l1-clang/generated/r5g_autobuilt_modules/comdare_anatomy_perm_auto_40.cpp for CXX dependencies
[94/2349] Scanning /home/comdare/Projekte/Research/probst-diplomarbeit-cache-engine/Code/external/comdare-cache-engine/build-l1-clang/generated/r5g_autobuilt_modules/comdare_anatomy_perm_auto_45.cpp for CXX dependencies
[95/2349] Scanning /home/comdare/Projekte/Research/probst-diplomarbeit-cache-engine/Code/external/comdare-cache-engine/build-l1-clang/generated/r5g_autobuilt_modules/comdare_anatomy_perm_auto_42.cpp for CXX dependencies
[96/2349] Scanning /home/comdare/Projekte/Research/probst-diplomarbeit-cache-engine/Code/external/comdare-cache-engine/build-l1-clang/generated/r5g_autobuilt_modules/comdare_anatomy_perm_auto_43.cpp for CXX dependencies
[97/2349] Scanning /home/comdare/Projekte/Research/probst-diplomarbeit-cache-engine/Code/external/comdare-cache-engine/libs/cache_engine/builder/commands/tests/test_engine_adapters.cpp for CXX dependencies
[98/2349] Scanning /home/comdare/Projekte/Research/probst-diplomarbeit-cache-engine/Code/external/comdare-cache-engine/libs/cache_engine/builder/commands/tests/test_commands.cpp for CXX dependencies
[99/2349] Scanning /home/comdare/Projekte/Research/probst-diplomarbeit-cache-engine/Code/external/comdare-cache-engine/build-l1-clang/generated/r5g_autobuilt_modules/comdare_anatomy_perm_auto_44.cpp for CXX dependencies
[100/2349] Scanning /home/comdare/Projekte/Research/probst-diplomarbeit-cache-engine/Code/external/comdare-cache-engine/build-l1-clang/generated/r5g_autobuilt_modules/comdare_anatomy_perm_auto_8.cpp for CXX dependencies
[101/2349] Scanning /home/comdare/Projekte/Research/probst-diplomarbeit-cache-engine/Code/external/comdare-cache-engine/build-l1-clang/generated/r5g_autobuilt_modules/comdare_anatomy_perm_auto_46.cpp for CXX dependencies
[102/2349] Scanning /home/comdare/Projekte/Research/probst-diplomarbeit-cache-engine/Code/external/comdare-cache-engine/tests/unit/test_permutation_flags.cpp for CXX dependencies
[103/2349] Scanning /home/comdare/Projekte/Research/probst-diplomarbeit-cache-engine/Code/external/comdare-cache-engine/build-l1-clang/generated/r5g_autobuilt_modules/comdare_anatomy_perm_auto_47.cpp for CXX dependencies
[104/2349] Scanning /home/comdare/Projekte/Research/probst-diplomarbeit-cache-engine/Code/external/comdare-cache-engine/build-l1-clang/generated/r5g_autobuilt_modules/comdare_anatomy_perm_auto_5.cpp for CXX dependencies
[105/2349] Scanning /home/comdare/Projekte/Research/probst-diplomarbeit-cache-engine/Code/external/comdare-cache-engine/tests/unit/test_cache_recommendation.cpp for CXX dependencies
[106/2349] Scanning /home/comdare/Projekte/Research/probst-diplomarbeit-cache-engine/Code/external/comdare-cache-engine/tests/unit/test_cpuid_probe.cpp for CXX dependencies
[107/2349] Scanning /home/comdare/Projekte/Research/probst-diplomarbeit-cache-engine/Code/external/comdare-cache-engine/tests/unit/test_pressure_state.cpp for CXX dependencies
[108/2349] Scanning /home/comdare/Projekte/Research/probst-diplomarbeit-cache-engine/Code/external/comdare-cache-engine/apps/f15_compare/main.cpp for CXX dependencies
[109/2349] Scanning /home/comdare/Projekte/Research/probst-diplomarbeit-cache-engine/Code/external/comdare-cache-engine/build-l1-clang/generated/r5g_autobuilt_modules/comdare_anatomy_perm_auto_6.cpp for CXX dependencies
[110/2349] Scanning /home/comdare/Projekte/Research/probst-diplomarbeit-cache-engine/Code/external/comdare-cache-engine/build-l1-clang/generated/r5g_autobuilt_modules/comdare_anatomy_perm_auto_7.cpp for CXX dependencies
[111/2349] Scanning /home/comdare/Projekte/Research/probst-diplomarbeit-cache-engine/Code/external/comdare-cache-engine/tests/unit/test_observer_registry.cpp for CXX dependencies
[112/2349] Scanning /home/comdare/Projekte/Research/probst-diplomarbeit-cache-engine/Code/external/comdare-cache-engine/build-l1-clang/generated/r5g_autobuilt_modules/comdare_anatomy_perm_auto_9.cpp for CXX dependencies
[113/2349] Scanning /home/comdare/Projekte/Research/probst-diplomarbeit-cache-engine/Code/external/comdare-cache-engine/tests/unit/test_event_hierarchy.cpp for CXX dependencies
[114/2349] Scanning /home/comdare/Projekte/Research/probst-diplomarbeit-cache-engine/Code/external/comdare-cache-engine/tests/unit/test_telemetry_strategies.cpp for CXX dependencies
[115/2349] Scanning /home/comdare/Projekte/Research/probst-diplomarbeit-cache-engine/Code/external/comdare-cache-engine/tests/unit/test_decision_trees.cpp for CXX dependencies
[116/2349] Scanning /home/comdare/Projekte/Research/probst-diplomarbeit-cache-engine/Code/external/comdare-cache-engine/tests/unit/test_cache_hierarchy_and_mode.cpp for CXX dependencies
[117/2349] Scanning /home/comdare/Projekte/Research/probst-diplomarbeit-cache-engine/Code/external/comdare-cache-engine/tests/unit/test_decision_lambda_registry.cpp for CXX dependencies
[118/2349] Scanning /home/comdare/Projekte/Research/probst-diplomarbeit-cache-engine/Code/external/comdare-cache-engine/tests/unit/test_concurrency_disciplines.cpp for CXX dependencies
[119/2349] Scanning /home/comdare/Projekte/Research/probst-diplomarbeit-cache-engine/Code/external/comdare-cache-engine/tests/unit/test_sub_engines.cpp for CXX dependencies
[120/2349] Scanning /home/comdare/Projekte/Research/probst-diplomarbeit-cache-engine/Code/external/comdare-cache-engine/tests/unit/test_allocator_concepts.cpp for CXX dependencies
[121/2349] Scanning /home/comdare/Projekte/Research/probst-diplomarbeit-cache-engine/Code/external/comdare-cache-engine/tests/unit/test_abi_interface.cpp for CXX dependencies
[122/2349] Scanning /home/comdare/Projekte/Research/probst-diplomarbeit-cache-engine/Code/external/comdare-cache-engine/tests/unit/test_platform_concepts.cpp for CXX dependencies
[123/2349] Scanning /home/comdare/Projekte/Research/probst-diplomarbeit-cache-engine/Code/external/comdare-cache-engine/tests/unit/test_measurement_buffer.cpp for CXX dependencies
[124/2349] Scanning /home/comdare/Projekte/Research/probst-diplomarbeit-cache-engine/Code/external/comdare-cache-engine/tests/unit/test_config_durability.cpp for CXX dependencies
[125/2349] Scanning /home/comdare/Projekte/Research/probst-diplomarbeit-cache-engine/Code/external/comdare-cache-engine/tests/unit/test_chaos_drift_gate.cpp for CXX dependencies
[126/2349] Scanning /home/comdare/Projekte/Research/probst-diplomarbeit-cache-engine/Code/external/comdare-cache-engine/tests/unit/test_test_data_accumulation.cpp for CXX dependencies
[127/2349] Scanning /home/comdare/Projekte/Research/probst-diplomarbeit-cache-engine/Code/external/comdare-cache-engine/tests/unit/test_benchmark_suite.cpp for CXX dependencies
[128/2349] Scanning /home/comdare/Projekte/Research/probst-diplomarbeit-cache-engine/Code/external/comdare-cache-engine/tests/unit/test_allocator_full_matrix.cpp for CXX dependencies
[129/2349] Scanning /home/comdare/Projekte/Research/probst-diplomarbeit-cache-engine/Code/external/comdare-cache-engine/tests/unit/test_workload_and_experiment.cpp for CXX dependencies
[130/2349] Scanning /home/comdare/Projekte/Research/probst-diplomarbeit-cache-engine/Code/external/comdare-cache-engine/tests/unit/test_builder_codegen.cpp for CXX dependencies
[131/2349] Scanning /home/comdare/Projekte/Research/probst-diplomarbeit-cache-engine/Code/external/comdare-cache-engine/tests/unit/test_permutation_sampling.cpp for CXX dependencies
[132/2349] Scanning /home/comdare/Projekte/Research/probst-diplomarbeit-cache-engine/Code/external/comdare-cache-engine/tests/unit/test_experiment_driver_v13.cpp for CXX dependencies
[133/2349] Scanning /home/comdare/Projekte/Research/probst-diplomarbeit-cache-engine/Code/external/comdare-cache-engine/tests/unit/test_rcu_concurrency.cpp for CXX dependencies
[134/2349] Scanning /home/comdare/Projekte/Research/probst-diplomarbeit-cache-engine/Code/external/comdare-cache-engine/tests/unit/test_ycsb_cli.cpp for CXX dependencies
[135/2349] Scanning /home/comdare/Projekte/Research/probst-diplomarbeit-cache-engine/Code/external/comdare-cache-engine/tests/unit/test_codegen_from_profile.cpp for CXX dependencies
[136/2349] Scanning /home/comdare/Projekte/Research/probst-diplomarbeit-cache-engine/Code/external/comdare-cache-engine/tests/unit/test_latex_anhang.cpp for CXX dependencies
[137/2349] Scanning /home/comdare/Projekte/Research/probst-diplomarbeit-cache-engine/Code/external/comdare-cache-engine/tests/unit/test_rcu.cpp for CXX dependencies
[138/2349] Scanning /home/comdare/Projekte/Research/probst-diplomarbeit-cache-engine/Code/external/comdare-cache-engine/tests/unit/test_succinct.cpp for CXX dependencies
[139/2349] Scanning /home/comdare/Projekte/Research/probst-diplomarbeit-cache-engine/Code/external/comdare-cache-engine/tests/unit/test_module_loader.cpp for CXX dependencies
[140/2349] Scanning /home/comdare/Projekte/Research/probst-diplomarbeit-cache-engine/Code/external/comdare-cache-engine/tests/unit/test_hbm_hierarchy.cpp for CXX dependencies
[141/2349] Scanning /home/comdare/Projekte/Research/probst-diplomarbeit-cache-engine/Code/external/comdare-cache-engine/tests/unit/test_t15_drift_gate_messschleife.cpp for CXX dependencies
[142/2349] Scanning /home/comdare/Projekte/Research/probst-diplomarbeit-cache-engine/Code/external/comdare-cache-engine/tests/unit/test_v31_adapters.cpp for CXX dependencies
[143/2349] Scanning /home/comdare/Projekte/Research/probst-diplomarbeit-cache-engine/Code/external/comdare-cache-engine/tests/unit/test_v41_indexes.cpp for CXX dependencies
[144/2349] Scanning /home/comdare/Projekte/Research/probst-diplomarbeit-cache-engine/Code/external/comdare-cache-engine/tests/unit/test_ctsha512.cpp for CXX dependencies
[145/2349] Scanning /home/comdare/Projekte/Research/probst-diplomarbeit-cache-engine/Code/external/comdare-cache-engine/tests/unit/test_v41_topic_queuing.cpp for CXX dependencies
[146/2349] Scanning /home/comdare/Projekte/Research/probst-diplomarbeit-cache-engine/Code/external/comdare-cache-engine/tests/unit/test_v41_compositions.cpp for CXX dependencies
[147/2349] Scanning /home/comdare/Projekte/Research/probst-diplomarbeit-cache-engine/Code/external/comdare-cache-engine/tests/unit/test_v41_topic_allocator_axis_06.cpp for CXX dependencies
[148/2349] Scanning /home/comdare/Projekte/Research/probst-diplomarbeit-cache-engine/Code/external/comdare-cache-engine/tests/unit/test_v41_paper_legacy_code.cpp for CXX dependencies
[149/2349] Scanning /home/comdare/Projekte/Research/probst-diplomarbeit-cache-engine/Code/external/comdare-cache-engine/tests/unit/test_v41_topic_traversal.cpp for CXX dependencies
[150/2349] Scanning /home/comdare/Projekte/Research/probst-diplomarbeit-cache-engine/Code/external/comdare-cache-engine/tests/unit/test_ap8_hdr_histogram.cpp for CXX dependencies
[151/2349] Generating CXX dyndep file tests/unit/CMakeFiles/anatomy_codegen_pilot_hot.dir/CXX.dd
[152/2349] Scanning /home/comdare/Projekte/Research/probst-diplomarbeit-cache-engine/Code/external/comdare-cache-engine/tests/unit/test_v41_topics_fundament.cpp for CXX dependencies
[153/2349] Generating CXX dyndep file tests/unit/CMakeFiles/anatomy_codegen_pilot_wormhole_shared.dir/CXX.dd
[154/2349] Scanning /home/comdare/Projekte/Research/probst-diplomarbeit-cache-engine/Code/external/comdare-cache-engine/tests/unit/test_v41_anatomy.cpp for CXX dependencies
[155/2349] Scanning /home/comdare/Projekte/Research/probst-diplomarbeit-cache-engine/Code/external/comdare-cache-engine/tests/unit/test_v41_anatomy_r4_driver.cpp for CXX dependencies
[156/2349] Scanning /home/comdare/Projekte/Research/probst-diplomarbeit-cache-engine/Code/external/comdare-cache-engine/tests/unit/test_ap7_swisstable.cpp for CXX dependencies
[157/2349] Scanning /home/comdare/Projekte/Research/probst-diplomarbeit-cache-engine/Code/external/comdare-cache-engine/tests/unit/test_v41_axis_03a_cross_variant_equivalence.cpp for CXX dependencies
[158/2349] Generating CXX dyndep file tests/unit/CMakeFiles/anatomy_multi_pilot_0.dir/CXX.dd
[159/2349] Generating CXX dyndep file tests/unit/CMakeFiles/anatomy_multi_pilot_1.dir/CXX.dd
[160/2349] Generating CXX dyndep file tests/unit/CMakeFiles/anatomy_multi_pilot_2.dir/CXX.dd
[161/2349] Generating CXX dyndep file tests/unit/CMakeFiles/anatomy_multi_pilot_3.dir/CXX.dd
[162/2349] Generating CXX dyndep file tests/unit/CMakeFiles/anatomy_multi_pilot_4.dir/CXX.dd
[163/2349] Generating CXX dyndep file tests/unit/CMakeFiles/anatomy_multi_pilot_5.dir/CXX.dd
[164/2349] Scanning /home/comdare/Projekte/Research/probst-diplomarbeit-cache-engine/Code/external/comdare-cache-engine/tests/unit/test_v41_anatomy_observer.cpp for CXX dependencies
[165/2349] Scanning /home/comdare/Projekte/Research/probst-diplomarbeit-cache-engine/Code/external/comdare-cache-engine/tests/unit/test_ap7b3_swiss_isa_group_match.cpp for CXX dependencies
[166/2349] Scanning /home/comdare/Projekte/Research/probst-diplomarbeit-cache-engine/Code/external/comdare-cache-engine/tests/unit/test_v41_tier_observe_trace.cpp for CXX dependencies
[167/2349] Scanning /home/comdare/Projekte/Research/probst-diplomarbeit-cache-engine/Code/external/comdare-cache-engine/tests/unit/thesis_tiere/test_vampir_nfp_allocator.cpp for CXX dependencies
[168/2349] Scanning /home/comdare/Projekte/Research/probst-diplomarbeit-cache-engine/Code/external/comdare-cache-engine/tests/unit/test_ap7b_swiss_organ.cpp for CXX dependencies
[169/2349] Scanning /home/comdare/Projekte/Research/probst-diplomarbeit-cache-engine/Code/external/comdare-cache-engine/tests/unit/test_v41_axis_03a_tier_organ_equivalence.cpp for CXX dependencies
[170/2349] Scanning /home/comdare/Projekte/Research/probst-diplomarbeit-cache-engine/Code/external/comdare-cache-engine/tests/unit/test_v41_anatomy_pruefling_merge.cpp for CXX dependencies
[171/2349] Scanning /home/comdare/Projekte/Research/probst-diplomarbeit-cache-engine/Code/external/comdare-cache-engine/tests/unit/test_v41_anatomy_codegen_tool.cpp for CXX dependencies
[172/2349] Scanning /home/comdare/Projekte/Research/probst-diplomarbeit-cache-engine/Code/external/comdare-cache-engine/tests/unit/test_v41_search_algorithm_permutation_engine.cpp for CXX dependencies
[173/2349] Scanning /home/comdare/Projekte/Research/probst-diplomarbeit-cache-engine/Code/external/comdare-cache-engine/tests/unit/test_v41_execution_engine.cpp for CXX dependencies
[174/2349] Scanning /home/comdare/Projekte/Research/probst-diplomarbeit-cache-engine/Code/external/comdare-cache-engine/tests/unit/test_v41_axis_10_serialization.cpp for CXX dependencies
[175/2349] Scanning /home/comdare/Projekte/Research/probst-diplomarbeit-cache-engine/Code/external/comdare-cache-engine/tests/unit/test_v41_anatomy_base.cpp for CXX dependencies
[176/2349] Scanning /home/comdare/Projekte/Research/probst-diplomarbeit-cache-engine/Code/external/comdare-cache-engine/tests/unit/test_v41_anatomy_codegen.cpp for CXX dependencies
[177/2349] Scanning /home/comdare/Projekte/Research/probst-diplomarbeit-cache-engine/Code/external/comdare-cache-engine/tests/unit/test_v41_anatomy_multi_codegen.cpp for CXX dependencies
[178/2349] Scanning /home/comdare/Projekte/Research/probst-diplomarbeit-cache-engine/Code/external/comdare-cache-engine/tests/unit/test_v41_workload_generator.cpp for CXX dependencies
[179/2349] Scanning /home/comdare/Projekte/Research/probst-diplomarbeit-cache-engine/Code/external/comdare-cache-engine/tests/unit/test_v41_anatomy_module_abi.cpp for CXX dependencies
[180/2349] Scanning /home/comdare/Projekte/Research/probst-diplomarbeit-cache-engine/Code/external/comdare-cache-engine/tests/unit/test_v41_axis_12_general_hardware.cpp for CXX dependencies
[181/2349] Scanning /home/comdare/Projekte/Research/probst-diplomarbeit-cache-engine/Code/external/comdare-cache-engine/tests/unit/test_v41_axis_07_prefetch.cpp for CXX dependencies
[182/2349] Scanning /home/comdare/Projekte/Research/probst-diplomarbeit-cache-engine/Code/external/comdare-cache-engine/tests/unit/test_v41_axis_11_telemetry.cpp for CXX dependencies
[183/2349] Scanning /home/comdare/Projekte/Research/probst-diplomarbeit-cache-engine/Code/external/comdare-cache-engine/tests/unit/test_v41_anatomy_module_loader.cpp for CXX dependencies
[184/2349] Scanning /home/comdare/Projekte/Research/probst-diplomarbeit-cache-engine/Code/external/comdare-cache-engine/tests/unit/test_v41_axis_14_value_handle.cpp for CXX dependencies
[185/2349] Scanning /home/comdare/Projekte/Research/probst-diplomarbeit-cache-engine/Code/external/comdare-cache-engine/tests/unit/test_v41_axis_02_axis_04_nodes.cpp for CXX dependencies
[186/2349] Scanning /home/comdare/Projekte/Research/probst-diplomarbeit-cache-engine/Code/external/comdare-cache-engine/tests/unit/test_v41_axis_05_memory_layout.cpp for CXX dependencies
[187/2349] Scanning /home/comdare/Projekte/Research/probst-diplomarbeit-cache-engine/Code/external/comdare-cache-engine/tests/unit/test_v41_axis_08_concurrency.cpp for CXX dependencies
[188/2349] Scanning /home/comdare/Projekte/Research/probst-diplomarbeit-cache-engine/Code/external/comdare-cache-engine/tests/unit/test_v41_anatomy_codegen_tool_mp_list.cpp for CXX dependencies
[189/2349] Generating CXX dyndep file tests/unit/CMakeFiles/r5i_configure_pilot_0.dir/CXX.dd
[190/2349] Generating CXX dyndep file tests/unit/CMakeFiles/r5i_configure_pilot_1.dir/CXX.dd
[191/2349] Generating CXX dyndep file tests/unit/CMakeFiles/r5i_configure_pilot_2.dir/CXX.dd
[192/2349] Generating CXX dyndep file tests/unit/CMakeFiles/f15_measurement_pilot_0.dir/CXX.dd
[193/2349] Scanning /home/comdare/Projekte/Research/probst-diplomarbeit-cache-engine/Code/external/comdare-cache-engine/tests/unit/test_v41_anatomy_codegen_tool_traits.cpp for CXX dependencies
[194/2349] Scanning /home/comdare/Projekte/Research/probst-diplomarbeit-cache-engine/Code/external/comdare-cache-engine/tests/unit/test_v41_status_code.cpp for CXX dependencies
[195/2349] Generating CXX dyndep file tests/unit/CMakeFiles/f15_measurement_pilot_1.dir/CXX.dd
[196/2349] Scanning /home/comdare/Projekte/Research/probst-diplomarbeit-cache-engine/Code/external/comdare-cache-engine/tests/unit/test_v41_pruefling_registry.cpp for CXX dependencies
[197/2349] Scanning /home/comdare/Projekte/Research/probst-diplomarbeit-cache-engine/Code/external/comdare-cache-engine/tests/unit/test_v41_axis_io.cpp for CXX dependencies
[198/2349] Scanning /home/comdare/Projekte/Research/probst-diplomarbeit-cache-engine/Code/external/comdare-cache-engine/tests/unit/test_v41_axis_01_page_type.cpp for CXX dependencies
[199/2349] Scanning /home/comdare/Projekte/Research/probst-diplomarbeit-cache-engine/Code/external/comdare-cache-engine/tests/unit/test_v41_axis_filter.cpp for CXX dependencies
[200/2349] Scanning /home/comdare/Projekte/Research/probst-diplomarbeit-cache-engine/Code/external/comdare-cache-engine/tests/pruefling_fixture/test_pruefling_fixture_ladung.cpp for CXX dependencies
[201/2349] Scanning /home/comdare/Projekte/Research/probst-diplomarbeit-cache-engine/Code/external/comdare-cache-engine/tests/unit/test_v41_axis_09b_simd_extension.cpp for CXX dependencies
[202/2349] Scanning /home/comdare/Projekte/Research/probst-diplomarbeit-cache-engine/Code/external/comdare-cache-engine/tests/unit/test_v41_axis_09_isa.cpp for CXX dependencies
[203/2349] Scanning /home/comdare/Projekte/Research/probst-diplomarbeit-cache-engine/Code/external/comdare-cache-engine/tests/unit/test_v41_r5c3_isa_simd_cross_constraint.cpp for CXX dependencies
[204/2349] Scanning /home/comdare/Projekte/Research/probst-diplomarbeit-cache-engine/Code/external/comdare-cache-engine/tests/unit/test_v41_serialization_primitives.cpp for CXX dependencies
[205/2349] Scanning /home/comdare/Projekte/Research/probst-diplomarbeit-cache-engine/Code/external/comdare-cache-engine/tests/unit/test_v41_axis_migration.cpp for CXX dependencies
[206/2349] Scanning /home/comdare/Projekte/Research/probst-diplomarbeit-cache-engine/Code/external/comdare-cache-engine/tests/unit/test_v41_axis_01_index_organization.cpp for CXX dependencies
[207/2349] Scanning /home/comdare/Projekte/Research/probst-diplomarbeit-cache-engine/Code/external/comdare-cache-engine/tests/unit/test_v41_axis_filter_surf_organ.cpp for CXX dependencies
[208/2349] Scanning /home/comdare/Projekte/Research/probst-diplomarbeit-cache-engine/Code/external/comdare-cache-engine/tests/unit/test_v41_axis_filter_surf_louds_organ.cpp for CXX dependencies
[209/2349] Scanning /home/comdare/Projekte/Research/probst-diplomarbeit-cache-engine/Code/external/comdare-cache-engine/tests/unit/test_v41_anatomy_r5i_configure_codegen.cpp for CXX dependencies
[210/2349] Scanning /home/comdare/Projekte/Research/probst-diplomarbeit-cache-engine/Code/external/comdare-cache-engine/tests/unit/test_v5_conformance_gate.cpp for CXX dependencies
[211/2349] Scanning /home/comdare/Projekte/Research/probst-diplomarbeit-cache-engine/Code/external/comdare-cache-engine/tests/unit/test_v5_two_phase_driver.cpp for CXX dependencies
[212/2349] Scanning /home/comdare/Projekte/Research/probst-diplomarbeit-cache-engine/Code/external/comdare-cache-engine/tests/unit/test_v5_memento_axis.cpp for CXX dependencies
[213/2349] Scanning /home/comdare/Projekte/Research/probst-diplomarbeit-cache-engine/Code/external/comdare-cache-engine/tests/unit/test_d54_trace_schema.cpp for CXX dependencies
[214/2349] Scanning /home/comdare/Projekte/Research/probst-diplomarbeit-cache-engine/Code/external/comdare-cache-engine/tests/unit/test_v41_anatomy_f15_measurement.cpp for CXX dependencies
[215/2349] Scanning /home/comdare/Projekte/Research/probst-diplomarbeit-cache-engine/Code/external/comdare-cache-engine/tests/unit/test_v5_workload_orchestrator.cpp for CXX dependencies
[216/2349] Scanning /home/comdare/Projekte/Research/probst-diplomarbeit-cache-engine/Code/external/comdare-cache-engine/tests/unit/test_v41_pruef_dock_search_algorithm.cpp for CXX dependencies
[217/2349] Scanning /home/comdare/Projekte/Research/probst-diplomarbeit-cache-engine/Code/external/comdare-cache-engine/tests/unit/test_d51_perzentil_kanon.cpp for CXX dependencies
[218/2349] Scanning /home/comdare/Projekte/Research/probst-diplomarbeit-cache-engine/Code/external/comdare-cache-engine/tests/unit/test_heuristik_spline_break_even.cpp for CXX dependencies
[219/2349] Scanning /home/comdare/Projekte/Research/probst-diplomarbeit-cache-engine/Code/external/comdare-cache-engine/tests/unit/test_heuristik_workload_cluster.cpp for CXX dependencies
[220/2349] Scanning /home/comdare/Projekte/Research/probst-diplomarbeit-cache-engine/Code/external/comdare-cache-engine/tests/unit/test_v5_measurement_snapshot.cpp for CXX dependencies
[221/2349] Scanning /home/comdare/Projekte/Research/probst-diplomarbeit-cache-engine/Code/external/comdare-cache-engine/tests/unit/test_v41_anatomy_adhoc_codegen_macro.cpp for CXX dependencies
[222/2349] Generating CXX dyndep file tests/unit/CMakeFiles/comdare_r5g_adhoc_perm.dir/CXX.dd
[223/2347] Scanning /home/comdare/Projekte/Research/probst-diplomarbeit-cache-engine/Code/external/comdare-cache-engine/tests/unit/test_ap9_provenance_manifest.cpp for CXX dependencies
[224/2347] Scanning /home/comdare/Projekte/Research/probst-diplomarbeit-cache-engine/Code/external/comdare-cache-engine/tests/unit/test_ap13_thread_pinning.cpp for CXX dependencies
[225/2347] Generating CXX dyndep file tests/unit/CMakeFiles/comdare_r5g_autobuilt_perm_1.dir/CXX.dd
[226/2347] Generating CXX dyndep file tests/unit/CMakeFiles/comdare_r5g_autobuilt_perm_0.dir/CXX.dd
[227/2347] Scanning /home/comdare/Projekte/Research/probst-diplomarbeit-cache-engine/Code/external/comdare-cache-engine/tests/unit/test_v5_disk_memento.cpp for CXX dependencies
[228/2347] Scanning /home/comdare/Projekte/Research/probst-diplomarbeit-cache-engine/Code/external/comdare-cache-engine/tests/unit/test_45_sosd_uint64_loader.cpp for CXX dependencies
[229/2347] Scanning /home/comdare/Projekte/Research/probst-diplomarbeit-cache-engine/Code/external/comdare-cache-engine/tests/unit/test_184_dataset_loader_wiring.cpp for CXX dependencies
[230/2347] Generating CXX dyndep file tests/unit/CMakeFiles/comdare_r5g_autobuilt_perm_3.dir/CXX.dd
[231/2347] Generating CXX dyndep file tests/unit/CMakeFiles/comdare_r5g_autobuilt_perm_2.dir/CXX.dd
[232/2347] Scanning /home/comdare/Projekte/Research/probst-diplomarbeit-cache-engine/Code/external/comdare-cache-engine/tests/unit/test_ap10_dataset_akte.cpp for CXX dependencies
[233/2347] Generating CXX dyndep file tests/unit/CMakeFiles/comdare_r5g_autobuilt_perm_4.dir/CXX.dd
[234/2347] Generating CXX dyndep file tests/unit/CMakeFiles/comdare_r5g_autobuilt_perm_7.dir/CXX.dd
[235/2347] Generating CXX dyndep file tests/unit/CMakeFiles/comdare_r5g_autobuilt_perm_6.dir/CXX.dd
[236/2347] Generating CXX dyndep file tests/unit/CMakeFiles/comdare_r5g_autobuilt_perm_5.dir/CXX.dd
[237/2347] Generating CXX dyndep file tests/unit/CMakeFiles/comdare_r5g_autobuilt_perm_8.dir/CXX.dd
[238/2347] Generating CXX dyndep file tests/unit/CMakeFiles/comdare_r5g_autobuilt_perm_9.dir/CXX.dd
[239/2347] Generating CXX dyndep file tests/unit/CMakeFiles/comdare_r5g_autobuilt_perm_11.dir/CXX.dd
[240/2347] Scanning /home/comdare/Projekte/Research/probst-diplomarbeit-cache-engine/Code/external/comdare-cache-engine/tests/unit/test_25_kanon_dataset_akten.cpp for CXX dependencies
[241/2347] Generating CXX dyndep file tests/unit/CMakeFiles/comdare_r5g_autobuilt_perm_10.dir/CXX.dd
[242/2347] Generating CXX dyndep file tests/unit/CMakeFiles/comdare_r5g_autobuilt_perm_12.dir/CXX.dd
[243/2347] Generating CXX dyndep file tests/unit/CMakeFiles/comdare_r5g_autobuilt_perm_13.dir/CXX.dd
[244/2347] Generating CXX dyndep file tests/unit/CMakeFiles/comdare_r5g_autobuilt_perm_14.dir/CXX.dd
[245/2347] Generating CXX dyndep file tests/unit/CMakeFiles/comdare_r5g_autobuilt_perm_15.dir/CXX.dd
[246/2347] Generating CXX dyndep file tests/unit/CMakeFiles/comdare_r5g_autobuilt_perm_17.dir/CXX.dd
[247/2347] Generating CXX dyndep file tests/unit/CMakeFiles/comdare_r5g_autobuilt_perm_16.dir/CXX.dd
[248/2347] Generating CXX dyndep file tests/unit/CMakeFiles/comdare_r5g_autobuilt_perm_19.dir/CXX.dd
[249/2347] Generating CXX dyndep file tests/unit/CMakeFiles/comdare_r5g_autobuilt_perm_18.dir/CXX.dd
[250/2347] Generating CXX dyndep file tests/unit/CMakeFiles/comdare_r5g_autobuilt_perm_20.dir/CXX.dd
[251/2347] Generating CXX dyndep file tests/unit/CMakeFiles/comdare_r5g_autobuilt_perm_24.dir/CXX.dd
[252/2347] Generating CXX dyndep file tests/unit/CMakeFiles/comdare_r5g_autobuilt_perm_21.dir/CXX.dd
[253/2347] Scanning /home/comdare/Projekte/Research/probst-diplomarbeit-cache-engine/Code/external/comdare-cache-engine/tests/unit/test_v5_ycsb_distribution.cpp for CXX dependencies
[254/2347] Generating CXX dyndep file tests/unit/CMakeFiles/comdare_r5g_autobuilt_perm_23.dir/CXX.dd
[255/2347] Generating CXX dyndep file tests/unit/CMakeFiles/comdare_r5g_autobuilt_perm_27.dir/CXX.dd
[256/2347] Generating CXX dyndep file tests/unit/CMakeFiles/comdare_r5g_autobuilt_perm_22.dir/CXX.dd
[257/2347] Generating CXX dyndep file tests/unit/CMakeFiles/comdare_r5g_autobuilt_perm_26.dir/CXX.dd
[258/2347] Generating CXX dyndep file tests/unit/CMakeFiles/comdare_r5g_autobuilt_perm_25.dir/CXX.dd
[259/2347] Generating CXX dyndep file tests/unit/CMakeFiles/comdare_r5g_autobuilt_perm_29.dir/CXX.dd
[260/2347] Generating CXX dyndep file tests/unit/CMakeFiles/comdare_r5g_autobuilt_perm_28.dir/CXX.dd
[261/2347] Generating CXX dyndep file tests/unit/CMakeFiles/comdare_r5g_autobuilt_perm_30.dir/CXX.dd
[262/2347] Generating CXX dyndep file tests/unit/CMakeFiles/comdare_r5g_autobuilt_perm_31.dir/CXX.dd
[263/2347] Generating CXX dyndep file tests/unit/CMakeFiles/comdare_r5g_autobuilt_perm_32.dir/CXX.dd
[264/2347] Generating CXX dyndep file tests/unit/CMakeFiles/comdare_r5g_autobuilt_perm_34.dir/CXX.dd
[265/2347] Generating CXX dyndep file tests/unit/CMakeFiles/comdare_r5g_autobuilt_perm_33.dir/CXX.dd
[266/2347] Generating CXX dyndep file tests/unit/CMakeFiles/comdare_r5g_autobuilt_perm_35.dir/CXX.dd
[267/2347] Generating CXX dyndep file tests/unit/CMakeFiles/comdare_r5g_autobuilt_perm_37.dir/CXX.dd
[268/2347] Generating CXX dyndep file tests/unit/CMakeFiles/comdare_r5g_autobuilt_perm_36.dir/CXX.dd
[269/2347] Generating CXX dyndep file tests/unit/CMakeFiles/comdare_r5g_autobuilt_perm_38.dir/CXX.dd
[270/2347] Generating CXX dyndep file tests/unit/CMakeFiles/comdare_r5g_autobuilt_perm_40.dir/CXX.dd
[271/2347] Generating CXX dyndep file tests/unit/CMakeFiles/comdare_r5g_autobuilt_perm_39.dir/CXX.dd
[272/2347] Generating CXX dyndep file tests/unit/CMakeFiles/comdare_r5g_autobuilt_perm_41.dir/CXX.dd
[273/2347] Generating CXX dyndep file tests/unit/CMakeFiles/comdare_r5g_autobuilt_perm_43.dir/CXX.dd
[274/2347] Generating CXX dyndep file tests/unit/CMakeFiles/comdare_r5g_autobuilt_perm_44.dir/CXX.dd
[275/2347] Generating CXX dyndep file tests/unit/CMakeFiles/comdare_r5g_autobuilt_perm_45.dir/CXX.dd
[276/2347] Generating CXX dyndep file tests/unit/CMakeFiles/comdare_r5g_autobuilt_perm_46.dir/CXX.dd
[277/2347] Generating CXX dyndep file tests/unit/CMakeFiles/comdare_r5g_autobuilt_perm_42.dir/CXX.dd
[278/2347] Generating CXX dyndep file tests/unit/CMakeFiles/comdare_r5g_autobuilt_perm_47.dir/CXX.dd
[279/2347] Scanning /home/comdare/Projekte/Research/probst-diplomarbeit-cache-engine/Code/external/comdare-cache-engine/tests/unit/test_v5_ycsb_op_set.cpp for CXX dependencies
[280/2347] Scanning /home/comdare/Projekte/Research/probst-diplomarbeit-cache-engine/Code/external/comdare-cache-engine/tests/unit/test_v41_cache_engine_tools_facade.cpp for CXX dependencies
[281/2347] Scanning /home/comdare/Projekte/Research/probst-diplomarbeit-cache-engine/Code/external/comdare-cache-engine/tests/unit/test_v41_scan_range_organ.cpp for CXX dependencies
[282/2347] Scanning /home/comdare/Projekte/Research/probst-diplomarbeit-cache-engine/Code/external/comdare-cache-engine/tests/unit/test_v41_cache_engine_facade.cpp for CXX dependencies
[283/2347] Scanning /home/comdare/Projekte/Research/probst-diplomarbeit-cache-engine/Code/external/comdare-cache-engine/tests/unit/test_v41_codegen_type_name.cpp for CXX dependencies
[284/2347] Scanning /home/comdare/Projekte/Research/probst-diplomarbeit-cache-engine/Code/external/comdare-cache-engine/tests/unit/test_pruef_only_gate.cpp for CXX dependencies
[285/2347] Scanning /home/comdare/Projekte/Research/probst-diplomarbeit-cache-engine/Code/external/comdare-cache-engine/tests/unit/test_d14b_perm_runner.cpp for CXX dependencies
[286/2347] Scanning /home/comdare/Projekte/Research/probst-diplomarbeit-cache-engine/Code/external/comdare-cache-engine/tests/unit/test_v41_anatomy_adhoc_dll_load.cpp for CXX dependencies
[287/2347] Scanning /home/comdare/Projekte/Research/probst-diplomarbeit-cache-engine/Code/external/comdare-cache-engine/tests/unit/test_v5_organ_memento.cpp for CXX dependencies
[288/2347] Scanning /home/comdare/Projekte/Research/probst-diplomarbeit-cache-engine/Code/external/comdare-cache-engine/tests/unit/test_d14c_e2e_pipeline.cpp for CXX dependencies
[289/2347] Scanning /home/comdare/Projekte/Research/probst-diplomarbeit-cache-engine/Code/external/comdare-cache-engine/tests/unit/test_d1_d2_selection.cpp for CXX dependencies
[290/2347] Scanning /home/comdare/Projekte/Research/probst-diplomarbeit-cache-engine/Code/external/comdare-cache-engine/tests/unit/test_v41_codegen_all_axes_umbrella.cpp for CXX dependencies
[291/2347] Scanning /home/comdare/Projekte/Research/probst-diplomarbeit-cache-engine/Code/external/comdare-cache-engine/tests/unit/test_q2_identitaets_riegel.cpp for CXX dependencies
[292/2347] Scanning /home/comdare/Projekte/Research/probst-diplomarbeit-cache-engine/Code/external/comdare-cache-engine/tests/unit/test_d14_result_ingest.cpp for CXX dependencies
[293/2347] Scanning /home/comdare/Projekte/Research/probst-diplomarbeit-cache-engine/Code/external/comdare-cache-engine/tests/unit/test_hy_a1_heuristik_adapter_gattung.cpp for CXX dependencies
[294/2347] Scanning /home/comdare/Projekte/Research/probst-diplomarbeit-cache-engine/Code/external/comdare-cache-engine/tests/unit/test_v41_anatomy_adhoc_autobuilt_load.cpp for CXX dependencies
[295/2347] Scanning /home/comdare/Projekte/Research/probst-diplomarbeit-cache-engine/Code/external/comdare-cache-engine/tests/unit/test_hy_a1_attach_nur_array_include.cpp for CXX dependencies
[296/2347] Scanning /home/comdare/Projekte/Research/probst-diplomarbeit-cache-engine/Code/external/comdare-cache-engine/tests/unit/test_hy_a1_dock_contract.cpp for CXX dependencies
[297/2347] Scanning /home/comdare/Projekte/Research/probst-diplomarbeit-cache-engine/Code/external/comdare-cache-engine/tests/unit/test_hy_a3_hybrid_config_parser.cpp for CXX dependencies
[298/2347] Scanning /home/comdare/Projekte/Research/probst-diplomarbeit-cache-engine/Code/external/comdare-cache-engine/tests/unit/test_hy_f8_reroute.cpp for CXX dependencies
[299/2347] Scanning /home/comdare/Projekte/Research/probst-diplomarbeit-cache-engine/Code/external/comdare-cache-engine/tests/unit/test_kf9_experiment_tree.cpp for CXX dependencies
[300/2347] Scanning /home/comdare/Projekte/Research/probst-diplomarbeit-cache-engine/Code/external/comdare-cache-engine/tests/unit/test_kf16_build_orchestrator.cpp for CXX dependencies
[301/2347] Scanning /home/comdare/Projekte/Research/probst-diplomarbeit-cache-engine/Code/external/comdare-cache-engine/tests/unit/test_w6_parallel_provision.cpp for CXX dependencies
[302/2347] Scanning /home/comdare/Projekte/Research/probst-diplomarbeit-cache-engine/Code/external/comdare-cache-engine/tests/unit/test_a15_fk3_axis_error_traits.cpp for CXX dependencies
[303/2347] Scanning /home/comdare/Projekte/Research/probst-diplomarbeit-cache-engine/Code/external/comdare-cache-engine/tests/unit/test_hy_a2_stempel_kette.cpp for CXX dependencies
[304/2347] Scanning /home/comdare/Projekte/Research/probst-diplomarbeit-cache-engine/Code/external/comdare-cache-engine/tests/unit/test_seg_coverage.cpp for CXX dependencies
[305/2347] Scanning /home/comdare/Projekte/Research/probst-diplomarbeit-cache-engine/Code/external/comdare-cache-engine/tests/unit/test_kf16b_build_resilience.cpp for CXX dependencies
[306/2347] Scanning /home/comdare/Projekte/Research/probst-diplomarbeit-cache-engine/Code/external/comdare-cache-engine/tests/unit/test_45_parallel_measure_loop.cpp for CXX dependencies
[307/2347] Scanning /home/comdare/Projekte/Research/probst-diplomarbeit-cache-engine/Code/external/comdare-cache-engine/tests/unit/test_s2_pull_tier_binary.cpp for CXX dependencies
[308/2347] Scanning /home/comdare/Projekte/Research/probst-diplomarbeit-cache-engine/Code/external/comdare-cache-engine/tests/unit/test_a8s1_t17_vollzaehligkeit.cpp for CXX dependencies
[309/2347] Scanning /home/comdare/Projekte/Research/probst-diplomarbeit-cache-engine/Code/external/comdare-cache-engine/tests/unit/test_kf1_thesis_profile_parser.cpp for CXX dependencies
[310/2347] Scanning /home/comdare/Projekte/Research/probst-diplomarbeit-cache-engine/Code/external/comdare-cache-engine/tests/unit/test_a15_fk4_organ_slot_traits.cpp for CXX dependencies
[311/2347] Scanning /home/comdare/Projekte/Research/probst-diplomarbeit-cache-engine/Code/external/comdare-cache-engine/tests/unit/test_a8s3_t17_stats_lesezeitpunkt.cpp for CXX dependencies
[312/2347] Scanning /home/comdare/Projekte/Research/probst-diplomarbeit-cache-engine/Code/external/comdare-cache-engine/tests/unit/test_a14_os_sub_axes_guard.cpp for CXX dependencies
[313/2347] Scanning /home/comdare/Projekte/Research/probst-diplomarbeit-cache-engine/Code/external/comdare-cache-engine/tests/unit/test_188_4bb0_pool_organ_wide_key_conformance.cpp for CXX dependencies
[314/2347] Scanning /home/comdare/Projekte/Research/probst-diplomarbeit-cache-engine/Code/external/comdare-cache-engine/tests/unit/test_e24_c10_g6_identitaets_bilanz.cpp for CXX dependencies
[315/2347] Scanning /home/comdare/Projekte/Research/probst-diplomarbeit-cache-engine/Code/external/comdare-cache-engine/tests/unit/test_axis_error_taxonomy.cpp for CXX dependencies
[316/2347] Scanning /home/comdare/Projekte/Research/probst-diplomarbeit-cache-engine/Code/external/comdare-cache-engine/tests/unit/test_striktheit_axis_dach_guard.cpp for CXX dependencies
[317/2347] Scanning /home/comdare/Projekte/Research/probst-diplomarbeit-cache-engine/Code/external/comdare-cache-engine/tests/unit/test_meta_meta_halbordnung.cpp for CXX dependencies
[318/2347] Scanning /home/comdare/Projekte/Research/probst-diplomarbeit-cache-engine/Code/external/comdare-cache-engine/tests/unit/test_ap15_3_driveable_map_contract.cpp for CXX dependencies
[319/2347] Scanning /home/comdare/Projekte/Research/probst-diplomarbeit-cache-engine/Code/external/comdare-cache-engine/tests/unit/test_29_container_framework.cpp for CXX dependencies
[320/2347] Scanning /home/comdare/Projekte/Research/probst-diplomarbeit-cache-engine/Code/external/comdare-cache-engine/tests/unit/test_all19_segment_timer.cpp for CXX dependencies
[321/2347] Scanning /home/comdare/Projekte/Research/probst-diplomarbeit-cache-engine/Code/external/comdare-cache-engine/tests/unit/test_obs_phaseA.cpp for CXX dependencies
[322/2347] Scanning /home/comdare/Projekte/Research/probst-diplomarbeit-cache-engine/Code/external/comdare-cache-engine/tests/unit/test_234_va_shaped_adapter.cpp for CXX dependencies
[323/2347] Scanning /home/comdare/Projekte/Research/probst-diplomarbeit-cache-engine/Code/external/comdare-cache-engine/tests/unit/test_striktheit_abi_pod_guard.cpp for CXX dependencies
[324/2347] Scanning /home/comdare/Projekte/Research/probst-diplomarbeit-cache-engine/Code/external/comdare-cache-engine/tests/unit/test_obs_phaseB_pilot.cpp for CXX dependencies
[325/2347] Scanning /home/comdare/Projekte/Research/probst-diplomarbeit-cache-engine/Code/external/comdare-cache-engine/tests/unit/test_s7_1_bst_pool_allocator_deg.cpp for CXX dependencies
[326/2347] Scanning /home/comdare/Projekte/Research/probst-diplomarbeit-cache-engine/Code/external/comdare-cache-engine/tests/unit/test_s7_2_btree_pool_allocator_deg.cpp for CXX dependencies
[327/2347] Scanning /home/comdare/Projekte/Research/probst-diplomarbeit-cache-engine/Code/external/comdare-cache-engine/tests/unit/test_ap15_2_get_allocator_proxy.cpp for CXX dependencies
[328/2347] Scanning /home/comdare/Projekte/Research/probst-diplomarbeit-cache-engine/Code/external/comdare-cache-engine/tests/unit/test_striktheit_metaprog_guard.cpp for CXX dependencies
[329/2347] Scanning /home/comdare/Projekte/Research/probst-diplomarbeit-cache-engine/Code/external/comdare-cache-engine/tests/unit/test_striktheit_axes_guard.cpp for CXX dependencies
[330/2347] Scanning /home/comdare/Projekte/Research/probst-diplomarbeit-cache-engine/Code/external/comdare-cache-engine/tests/unit/test_cmd1_a_axis_command_base.cpp for CXX dependencies
[331/2347] Scanning /home/comdare/Projekte/Research/probst-diplomarbeit-cache-engine/Code/external/comdare-cache-engine/tests/unit/test_striktheit_scan_kernel_purity.cpp for CXX dependencies
[332/2347] Scanning /home/comdare/Projekte/Research/probst-diplomarbeit-cache-engine/Code/external/comdare-cache-engine/tests/unit/test_s7_5_art_pool_allocator_deg.cpp for CXX dependencies
[333/2347] Scanning /home/comdare/Projekte/Research/probst-diplomarbeit-cache-engine/Code/external/comdare-cache-engine/tests/unit/test_234_vb_rest_families_shaped.cpp for CXX dependencies
[334/2347] Scanning /home/comdare/Projekte/Research/probst-diplomarbeit-cache-engine/Code/external/comdare-cache-engine/tests/unit/test_s7_8_wormhole_pool_allocator_deg.cpp for CXX dependencies
[335/2347] Scanning /home/comdare/Projekte/Research/probst-diplomarbeit-cache-engine/Code/external/comdare-cache-engine/tests/unit/test_s7_3_skip_list_pool_allocator_deg.cpp for CXX dependencies
[336/2347] Scanning /home/comdare/Projekte/Research/probst-diplomarbeit-cache-engine/Code/external/comdare-cache-engine/tests/unit/test_234_f2_skip_list_shape.cpp for CXX dependencies
[337/2347] Scanning /home/comdare/Projekte/Research/probst-diplomarbeit-cache-engine/Code/external/comdare-cache-engine/tests/unit/test_s7_9_surf_pool_allocator_deg.cpp for CXX dependencies
[338/2347] Scanning /home/comdare/Projekte/Research/probst-diplomarbeit-cache-engine/Code/external/comdare-cache-engine/tests/unit/test_s7_4_hash_pool_allocator_deg.cpp for CXX dependencies
[339/2347] Scanning /home/comdare/Projekte/Research/probst-diplomarbeit-cache-engine/Code/external/comdare-cache-engine/tests/unit/test_s7_10_swiss_pool_allocator_deg.cpp for CXX dependencies
[340/2347] Scanning /home/comdare/Projekte/Research/probst-diplomarbeit-cache-engine/Code/external/comdare-cache-engine/tests/unit/test_s7_6_hot_pool_allocator_deg.cpp for CXX dependencies
[341/2347] Scanning /home/comdare/Projekte/Research/probst-diplomarbeit-cache-engine/Code/external/comdare-cache-engine/tests/unit/test_s7_7_start_pool_allocator_deg.cpp for CXX dependencies
[342/2347] Scanning /home/comdare/Projekte/Research/probst-diplomarbeit-cache-engine/Code/external/comdare-cache-engine/tests/unit/test_234_f1_btree_order_shape.cpp for CXX dependencies
[343/2347] Scanning /home/comdare/Projekte/Research/probst-diplomarbeit-cache-engine/Code/external/comdare-cache-engine/tests/unit/test_234_f3_bst_shape.cpp for CXX dependencies
[344/2347] Scanning /home/comdare/Projekte/Research/probst-diplomarbeit-cache-engine/Code/external/comdare-cache-engine/tests/unit/test_188_4a_eytzinger_organ.cpp for CXX dependencies
[345/2347] Scanning /home/comdare/Projekte/Research/probst-diplomarbeit-cache-engine/Code/external/comdare-cache-engine/tests/unit/test_234_f4_hash_probe_shape.cpp for CXX dependencies
[346/2347] Scanning /home/comdare/Projekte/Research/probst-diplomarbeit-cache-engine/Code/external/comdare-cache-engine/tests/unit/test_221_rc_prefetch_distance.cpp for CXX dependencies
[347/2347] Scanning /home/comdare/Projekte/Research/probst-diplomarbeit-cache-engine/Code/external/comdare-cache-engine/tests/unit/test_217_2a_capacity_guard.cpp for CXX dependencies
[348/2347] Scanning /home/comdare/Projekte/Research/probst-diplomarbeit-cache-engine/Code/external/comdare-cache-engine/tests/unit/test_abi_adapter_g3_batch2.cpp for CXX dependencies
[349/2347] Scanning /home/comdare/Projekte/Research/probst-diplomarbeit-cache-engine/Code/external/comdare-cache-engine/tests/unit/test_188_4c0_known_compositions_conformance.cpp for CXX dependencies
[350/2347] Scanning /home/comdare/Projekte/Research/probst-diplomarbeit-cache-engine/Code/external/comdare-cache-engine/tests/unit/test_216h2_stat_reset_after_load.cpp for CXX dependencies
[351/2347] Scanning /home/comdare/Projekte/Research/probst-diplomarbeit-cache-engine/Code/external/comdare-cache-engine/tests/unit/test_a5_eta_slice_verdrahtung.cpp for CXX dependencies
[352/2347] Scanning /home/comdare/Projekte/Research/probst-diplomarbeit-cache-engine/Code/external/comdare-cache-engine/tests/unit/test_188_4cii_flat_wrapper_traversal.cpp for CXX dependencies
[353/2347] Scanning /home/comdare/Projekte/Research/probst-diplomarbeit-cache-engine/Code/external/comdare-cache-engine/tests/unit/test_f3_lager_key_provider_iterator.cpp for CXX dependencies
[354/2347] Scanning /home/comdare/Projekte/Research/probst-diplomarbeit-cache-engine/Code/external/comdare-cache-engine/tests/unit/test_tp1_planer_filter_iterator.cpp for CXX dependencies
[355/2347] Scanning /home/comdare/Projekte/Research/probst-diplomarbeit-cache-engine/Code/external/comdare-cache-engine/tests/unit/test_harness_compile.cpp for CXX dependencies
[356/2347] Scanning /home/comdare/Projekte/Research/probst-diplomarbeit-cache-engine/Code/external/comdare-cache-engine/tests/unit/thesis_tiere/m3v2_pmc_smoke.cpp for CXX dependencies
[357/2347] Scanning /home/comdare/Projekte/Research/probst-diplomarbeit-cache-engine/Code/external/comdare-cache-engine/tests/unit/test_lg_skip_callback_null.cpp for CXX dependencies
[358/2347] Scanning /home/comdare/Projekte/Research/probst-diplomarbeit-cache-engine/Code/external/comdare-cache-engine/tests/unit/test_e1_contract_rc_konsum.cpp for CXX dependencies
[359/2347] Scanning /home/comdare/Projekte/Research/probst-diplomarbeit-cache-engine/Code/external/comdare-cache-engine/tests/unit/test_t2a_f4_facade_plan_durchreichung.cpp for CXX dependencies
[360/2347] Scanning /home/comdare/Projekte/Research/probst-diplomarbeit-cache-engine/Code/external/comdare-cache-engine/tests/unit/test_lagp2_messwert_genus.cpp for CXX dependencies
[361/2347] Scanning /home/comdare/Projekte/Research/probst-diplomarbeit-cache-engine/Code/external/comdare-cache-engine/tests/unit/test_d37b_modus_riegel.cpp for CXX dependencies
[362/2347] Scanning /home/comdare/Projekte/Research/probst-diplomarbeit-cache-engine/Code/external/comdare-cache-engine/tests/unit/test_vor_push_gate.cpp for CXX dependencies
[363/2347] Scanning /home/comdare/Projekte/Research/probst-diplomarbeit-cache-engine/Code/external/comdare-cache-engine/tests/unit/test_axis_kind_kategorien_zuordnung.cpp for CXX dependencies
[364/2347] Scanning /home/comdare/Projekte/Research/probst-diplomarbeit-cache-engine/Code/external/comdare-cache-engine/tests/unit/test_b3_schema_freeze_stufe1.cpp for CXX dependencies
[365/2347] Scanning /home/comdare/Projekte/Research/probst-diplomarbeit-cache-engine/Code/external/comdare-cache-engine/tests/unit/test_axis_kind_wire_totalitaet.cpp for CXX dependencies
[366/2347] Scanning /home/comdare/Projekte/Research/probst-diplomarbeit-cache-engine/Code/external/comdare-cache-engine/tests/unit/test_mt_l3_wide_schema_orakel.cpp for CXX dependencies
[367/2347] Scanning /home/comdare/Projekte/Research/probst-diplomarbeit-cache-engine/Code/external/comdare-cache-engine/tests/unit/thesis_tiere/test_profile_coverage.cpp for CXX dependencies
[368/2347] Scanning /home/comdare/Projekte/Research/probst-diplomarbeit-cache-engine/Code/external/comdare-cache-engine/tests/unit/test_w5_status_reader.cpp for CXX dependencies
[369/2347] Scanning /home/comdare/Projekte/Research/probst-diplomarbeit-cache-engine/Code/external/comdare-cache-engine/tests/unit/thesis_tiere/test_experiment_parser.cpp for CXX dependencies
[370/2347] Generating CXX dyndep file tests/unit/CMakeFiles/perm_set_d9.dir/CXX.dd
[371/2345] Generating CXX dyndep file tests/unit/CMakeFiles/perm_sequence_d10.dir/CXX.dd
[372/2343] Generating CXX dyndep file tests/unit/CMakeFiles/perm_view_d11.dir/CXX.dd
[373/2341] Scanning /home/comdare/Projekte/Research/probst-diplomarbeit-cache-engine/Code/external/comdare-cache-engine/tests/unit/thesis_tiere/test_ap2_katalog_pfad_stubfrei.cpp for CXX dependencies
[374/2341] Scanning /home/comdare/Projekte/Research/probst-diplomarbeit-cache-engine/Code/external/comdare-cache-engine/tests/unit/test_lazy_resume_binary.cpp for CXX dependencies
[375/2341] Generating CXX dyndep file tests/unit/CMakeFiles/perm_buildvariant_avx2.dir/CXX.dd
[376/2339] Generating CXX dyndep file tests/unit/CMakeFiles/perm_adapter_d12.dir/CXX.dd
[377/2337] Generating CXX dyndep file tests/unit/CMakeFiles/perm_buildvariant_avx512.dir/CXX.dd
[378/2335] Generating CXX dyndep file tests/unit/CMakeFiles/perm_set_defekt_d13.dir/CXX.dd
[379/2333] Generating CXX dyndep file tests/unit/CMakeFiles/perm_q2_luegner.dir/CXX.dd
[380/2331] Generating CXX dyndep file tests/unit/CMakeFiles/perm_alt_major7.dir/CXX.dd
[381/2329] Generating CXX dyndep file tests/unit/CMakeFiles/perm_major7_neue_magic.dir/CXX.dd
[382/2327] Generating CXX dyndep file tests/unit/CMakeFiles/perm_q2_ohne_gattung.dir/CXX.dd
[383/2325] Generating CXX dyndep file tests/unit/CMakeFiles/perm_alt_magic_ohne_symbole.dir/CXX.dd
[384/2323] Generating CXX dyndep file tests/unit/CMakeFiles/perm_q2_ohne_genus.dir/CXX.dd
[385/2321] Generating CXX dyndep file tests/unit/CMakeFiles/perm_a11_ohne_stempel.dir/CXX.dd
[386/2319] Generating CXX dyndep file tests/unit/CMakeFiles/hybrid_reroute_searchalgorithm.dir/CXX.dd
[387/2317] Generating CXX dyndep file tests/unit/CMakeFiles/perm_adhoc_buildvariant.dir/CXX.dd
[388/2315] Generating CXX dyndep file tests/unit/CMakeFiles/hybrid_reroute_set.dir/CXX.dd
[389/2313] Scanning /home/comdare/Projekte/Research/probst-diplomarbeit-cache-engine/Code/external/comdare-cache-engine/tests/unit/thesis_tiere/linux_perf_pmc_smoke.cpp for CXX dependencies
[390/2313] Scanning /home/comdare/Projekte/Research/probst-diplomarbeit-cache-engine/Code/external/comdare-cache-engine/tests/unit/thesis_tiere/test_axis_sweep_coverage.cpp for CXX dependencies
[391/2313] Scanning /home/comdare/Projekte/Research/probst-diplomarbeit-cache-engine/Code/external/comdare-cache-engine/tests/unit/thesis_tiere/test_experiment_kern_seam.cpp for CXX dependencies
[392/2313] Scanning /home/comdare/Projekte/Research/probst-diplomarbeit-cache-engine/Code/external/comdare-cache-engine/tests/unit/thesis_tiere/test_measurement_categories.cpp for CXX dependencies
[393/2313] Scanning /home/comdare/Projekte/Research/probst-diplomarbeit-cache-engine/Code/external/comdare-cache-engine/tests/unit/thesis_tiere/test_experiment_projection.cpp for CXX dependencies
[394/2313] Scanning /home/comdare/Projekte/Research/probst-diplomarbeit-cache-engine/Code/external/comdare-cache-engine/tests/unit/test_org18_persistence_target.cpp for CXX dependencies
[395/2313] Scanning /home/comdare/Projekte/Research/probst-diplomarbeit-cache-engine/Code/external/comdare-cache-engine/tests/unit/thesis_tiere/test_smoke_coverage_profile.cpp for CXX dependencies
[396/2313] Scanning /home/comdare/Projekte/Research/probst-diplomarbeit-cache-engine/Code/external/comdare-cache-engine/tests/unit/test_a9b_active_deklaration_inert.cpp for CXX dependencies
[397/2313] Scanning /home/comdare/Projekte/Research/probst-diplomarbeit-cache-engine/Code/external/comdare-cache-engine/tests/unit/test_e4_contract_xml_to_axislevels.cpp for CXX dependencies
[398/2313] Scanning /home/comdare/Projekte/Research/probst-diplomarbeit-cache-engine/Code/external/comdare-cache-engine/tests/unit/thesis_tiere/test_merge_plan_directive.cpp for CXX dependencies
[399/2313] Scanning /home/comdare/Projekte/Research/probst-diplomarbeit-cache-engine/Code/external/comdare-cache-engine/tests/unit/test_t1_system_achsen_eine_entscheidung.cpp for CXX dependencies
[400/2313] Scanning /home/comdare/Projekte/Research/probst-diplomarbeit-cache-engine/Code/external/comdare-cache-engine/tests/unit/thesis_tiere/test_wdk_datasets_fairness.cpp for CXX dependencies
[401/2313] Scanning /home/comdare/Projekte/Research/probst-diplomarbeit-cache-engine/Code/external/comdare-cache-engine/tests/unit/thesis_tiere/test_experiment_plan_director.cpp for CXX dependencies
[402/2313] Scanning /home/comdare/Projekte/Research/probst-diplomarbeit-cache-engine/Code/external/comdare-cache-engine/tests/unit/thesis_tiere/test_h2_score_akte.cpp for CXX dependencies
[403/2313] Scanning /home/comdare/Projekte/Research/probst-diplomarbeit-cache-engine/Code/external/comdare-cache-engine/tests/unit/thesis_tiere/test_sota_st2_dedup.cpp for CXX dependencies
[404/2313] Scanning /home/comdare/Projekte/Research/probst-diplomarbeit-cache-engine/Code/external/comdare-cache-engine/tests/unit/test_p1_spd_ddr5_parser.cpp for CXX dependencies
[405/2313] Scanning /home/comdare/Projekte/Research/probst-diplomarbeit-cache-engine/Code/external/comdare-cache-engine/tests/unit/test_e3_contract_conformance_gate_wirksam.cpp for CXX dependencies
[406/2313] Scanning /home/comdare/Projekte/Research/probst-diplomarbeit-cache-engine/Code/external/comdare-cache-engine/tests/unit/test_fb_alloc_hw_subaxis.cpp for CXX dependencies
[407/2313] Scanning /home/comdare/Projekte/Research/probst-diplomarbeit-cache-engine/Code/external/comdare-cache-engine/tests/unit/thesis_tiere/test_validate_profile.cpp for CXX dependencies
[408/2313] Scanning /home/comdare/Projekte/Research/probst-diplomarbeit-cache-engine/Code/external/comdare-cache-engine/tests/unit/test_p2_ram_identity_verdict.cpp for CXX dependencies
[409/2313] Scanning /home/comdare/Projekte/Research/probst-diplomarbeit-cache-engine/Code/external/comdare-cache-engine/tests/unit/test_p3_boot_cache_dmi.cpp for CXX dependencies
[410/2313] Scanning /home/comdare/Projekte/Research/probst-diplomarbeit-cache-engine/Code/external/comdare-cache-engine/tests/unit/test_o4_machine_identity.cpp for CXX dependencies
[411/2313] Scanning /home/comdare/Projekte/Research/probst-diplomarbeit-cache-engine/Code/external/comdare-cache-engine/tests/unit/test_ff2_node_width_subaxis.cpp for CXX dependencies
[412/2313] Scanning /home/comdare/Projekte/Research/probst-diplomarbeit-cache-engine/Code/external/comdare-cache-engine/tests/unit/test_od11_numa_cpu_pin_process_probe.cpp for CXX dependencies
[413/2313] Scanning /home/comdare/Projekte/Research/probst-diplomarbeit-cache-engine/Code/external/comdare-cache-engine/tests/unit/test_p2_ram_probe_chain.cpp for CXX dependencies
[414/2313] Scanning /home/comdare/Projekte/Research/probst-diplomarbeit-cache-engine/Code/external/comdare-cache-engine/tests/unit/test_m_simd_feature_flag_catalog.cpp for CXX dependencies
[415/2313] Scanning /home/comdare/Projekte/Research/probst-diplomarbeit-cache-engine/Code/external/comdare-cache-engine/tests/unit/test_od10_numa_page_probe.cpp for CXX dependencies
[416/2313] Scanning /home/comdare/Projekte/Research/probst-diplomarbeit-cache-engine/Code/external/comdare-cache-engine/tests/unit/test_c3b_kanal_merge_beleg.cpp for CXX dependencies
[417/2313] Generating CXX dyndep file tests/unit/CMakeFiles/r3_biss_modul_gates_an.dir/CXX.dd
[418/2311] Generating CXX dyndep file tests/unit/CMakeFiles/r3_biss_modul_gates_aus.dir/CXX.dd
[419/2309] Scanning /home/comdare/Projekte/Research/probst-diplomarbeit-cache-engine/Code/external/comdare-cache-engine/tests/unit/test_c3a_gate_scharfschaltung.cpp for CXX dependencies
[420/2309] Scanning /home/comdare/Projekte/Research/probst-diplomarbeit-cache-engine/Code/external/comdare-cache-engine/tests/unit/test_os_u3_probe.cpp for CXX dependencies
[421/2309] Scanning /home/comdare/Projekte/Research/probst-diplomarbeit-cache-engine/Code/external/comdare-cache-engine/tests/unit/test_m_contract_system_axis_wurzel.cpp for CXX dependencies
[422/2309] Building CXX object _deps/googletest-build/googletest/CMakeFiles/gtest_main.dir/src/gtest_main.cc.o
[423/2309] Scanning /home/comdare/Projekte/Research/probst-diplomarbeit-cache-engine/Code/external/comdare-cache-engine/tests/unit/test_progress_heartbeat.cpp for CXX dependencies
[424/2309] Scanning /home/comdare/Projekte/Research/probst-diplomarbeit-cache-engine/Code/external/comdare-cache-engine/tests/unit/test_d4_ceb_schluessel_wahl.cpp for CXX dependencies
[425/2309] Scanning /home/comdare/Projekte/Research/probst-diplomarbeit-cache-engine/Code/external/comdare-cache-engine/tests/unit/test_parser_konsolidierung.cpp for CXX dependencies
[426/2309] Scanning /home/comdare/Projekte/Research/probst-diplomarbeit-cache-engine/Code/external/comdare-cache-engine/tests/unit/test_simd_add_u64_carry.cpp for CXX dependencies
[427/2309] Scanning /home/comdare/Projekte/Research/probst-diplomarbeit-cache-engine/Code/external/comdare-cache-engine/tests/unit/test_phase6_vorbau.cpp for CXX dependencies
[428/2309] Scanning /home/comdare/Projekte/Research/probst-diplomarbeit-cache-engine/Code/external/comdare-cache-engine/tests/unit/test_g1_binary_version_stamp.cpp for CXX dependencies
[429/2309] Scanning /home/comdare/Projekte/Research/probst-diplomarbeit-cache-engine/Code/external/comdare-cache-engine/tests/unit/test_m_w12_stamp_bausteine.cpp for CXX dependencies
[430/2309] Scanning /home/comdare/Projekte/Research/probst-diplomarbeit-cache-engine/Code/external/comdare-cache-engine/tests/unit/test_simd_add_u64_carry.cpp for CXX dependencies
[431/2309] Scanning /home/comdare/Projekte/Research/probst-diplomarbeit-cache-engine/Code/external/comdare-cache-engine/tests/unit/test_d2_mess_konsistenz_gate.cpp for CXX dependencies
[432/2309] Scanning /home/comdare/Projekte/Research/probst-diplomarbeit-cache-engine/Code/external/comdare-cache-engine/tests/unit/test_w10_system_cell_values.cpp for CXX dependencies
[433/2309] Scanning /home/comdare/Projekte/Research/probst-diplomarbeit-cache-engine/Code/external/comdare-cache-engine/tests/unit/test_w2_combo_ct_stamp.cpp for CXX dependencies
[434/2309] Scanning /home/comdare/Projekte/Research/probst-diplomarbeit-cache-engine/Code/external/comdare-cache-engine/tests/unit/test_b2_gate_zustand_g2an_g3aus.cpp for CXX dependencies
[435/2309] Scanning /home/comdare/Projekte/Research/probst-diplomarbeit-cache-engine/Code/external/comdare-cache-engine/tests/unit/test_planner_version_flag_grammatik.cpp for CXX dependencies
[436/2309] Scanning /home/comdare/Projekte/Research/probst-diplomarbeit-cache-engine/Code/external/comdare-cache-engine/tests/unit/test_b5_pmc_ehrlichkeit_alle_sieben.cpp for CXX dependencies
[437/2309] Scanning /home/comdare/Projekte/Research/probst-diplomarbeit-cache-engine/Code/external/comdare-cache-engine/tests/unit/test_simd_add_u64_carry.cpp for CXX dependencies
[438/2309] Scanning /home/comdare/Projekte/Research/probst-diplomarbeit-cache-engine/Code/external/comdare-cache-engine/tests/unit/test_g3_eta_estimator.cpp for CXX dependencies
[439/2309] Scanning /home/comdare/Projekte/Research/probst-diplomarbeit-cache-engine/Code/external/comdare-cache-engine/tests/unit/test_b3_wallclock_erbe_ct.cpp for CXX dependencies
[440/2309] Scanning /home/comdare/Projekte/Research/probst-diplomarbeit-cache-engine/Code/external/comdare-cache-engine/tests/unit/test_g3_bestandslog_document.cpp for CXX dependencies
[441/2309] Scanning /home/comdare/Projekte/Research/probst-diplomarbeit-cache-engine/Code/external/comdare-cache-engine/tests/unit/test_g3_reservation_lifecycle.cpp for CXX dependencies
[442/2309] Scanning /home/comdare/Projekte/Research/probst-diplomarbeit-cache-engine/Code/external/comdare-cache-engine/tests/unit/test_lagz1_lager_schluessel_simd.cpp for CXX dependencies
[443/2309] Scanning /home/comdare/Projekte/Research/probst-diplomarbeit-cache-engine/Code/external/comdare-cache-engine/tests/unit/test_limits_entkopplung_vorstufe.cpp for CXX dependencies
[444/2309] Scanning /home/comdare/Projekte/Research/probst-diplomarbeit-cache-engine/Code/external/comdare-cache-engine/tests/unit/test_g3_bestandslog_lock.cpp for CXX dependencies
[445/2309] Scanning /home/comdare/Projekte/Research/probst-diplomarbeit-cache-engine/Code/external/comdare-cache-engine/tests/unit/test_a5_eta_kalibrierung.cpp for CXX dependencies
[446/2309] Scanning /home/comdare/Projekte/Research/probst-diplomarbeit-cache-engine/Code/external/comdare-cache-engine/tests/unit/test_lazy_adhoc_source_gen.cpp for CXX dependencies
[447/2309] Scanning /home/comdare/Projekte/Research/probst-diplomarbeit-cache-engine/Code/external/comdare-cache-engine/tests/unit/test_a1_algo_version_pin_alloc_axis.cpp for CXX dependencies
[448/2309] Scanning /home/comdare/Projekte/Research/probst-diplomarbeit-cache-engine/Code/external/comdare-cache-engine/tests/unit/test_g3_ram_spool_writer.cpp for CXX dependencies
[449/2309] Scanning /home/comdare/Projekte/Research/probst-diplomarbeit-cache-engine/Code/external/comdare-cache-engine/tests/unit/test_g3_batch_planner.cpp for CXX dependencies
[450/2309] Scanning /home/comdare/Projekte/Research/probst-diplomarbeit-cache-engine/Code/external/comdare-cache-engine/tests/unit/test_reflect_versions_all_registered.cpp for CXX dependencies
[451/2309] Scanning /home/comdare/Projekte/Research/probst-diplomarbeit-cache-engine/Code/external/comdare-cache-engine/tests/unit/test_reflect_versions_all17.cpp for CXX dependencies
[452/2309] Scanning /home/comdare/Projekte/Research/probst-diplomarbeit-cache-engine/Code/external/comdare-cache-engine/tests/unit/test_g3_writer_backend_io_uring.cpp for CXX dependencies
[453/2309] Scanning /home/comdare/Projekte/Research/probst-diplomarbeit-cache-engine/Code/external/comdare-cache-engine/tests/unit/test_lb0_lager_pfad_grammatik.cpp for CXX dependencies
[454/2309] Scanning /home/comdare/Projekte/Research/probst-diplomarbeit-cache-engine/Code/external/comdare-cache-engine/tests/unit/test_g3_sha512_index.cpp for CXX dependencies
[455/2309] Scanning /home/comdare/Projekte/Research/probst-diplomarbeit-cache-engine/Code/external/comdare-cache-engine/tests/unit/test_g3_prune.cpp for CXX dependencies
[456/2309] Scanning /home/comdare/Projekte/Research/probst-diplomarbeit-cache-engine/Code/external/comdare-cache-engine/tests/unit/test_a2_sha512_skip_gate.cpp for CXX dependencies
[457/2309] Scanning /home/comdare/Projekte/Research/probst-diplomarbeit-cache-engine/Code/external/comdare-cache-engine/tests/unit/test_g3_planer_driven.cpp for CXX dependencies
[458/2309] Scanning /home/comdare/Projekte/Research/probst-diplomarbeit-cache-engine/Code/external/comdare-cache-engine/tests/unit/test_ge3_messwert_genus_und_ziel.cpp for CXX dependencies
[459/2309] Scanning /home/comdare/Projekte/Research/probst-diplomarbeit-cache-engine/Code/external/comdare-cache-engine/tests/unit/test_g2_variant_sidecar.cpp for CXX dependencies
[460/2309] Scanning /home/comdare/Projekte/Research/probst-diplomarbeit-cache-engine/Code/external/comdare-cache-engine/tests/unit/test_g3_lager_presence.cpp for CXX dependencies
[461/2309] Scanning /home/comdare/Projekte/Research/probst-diplomarbeit-cache-engine/Code/external/comdare-cache-engine/tests/unit/test_g3_takeover_sweep.cpp for CXX dependencies
[462/2309] Scanning /home/comdare/Projekte/Research/probst-diplomarbeit-cache-engine/Code/external/comdare-cache-engine/tests/unit/test_g3_builder_registration.cpp for CXX dependencies
[463/2309] Scanning /home/comdare/Projekte/Research/probst-diplomarbeit-cache-engine/Code/external/comdare-cache-engine/tests/unit/test_lb1_knoten_heuristik_log.cpp for CXX dependencies
[464/2309] Scanning /home/comdare/Projekte/Research/probst-diplomarbeit-cache-engine/Code/external/comdare-cache-engine/tests/unit/test_bvset_teilmenge.cpp for CXX dependencies
[465/2309] Scanning /home/comdare/Projekte/Research/probst-diplomarbeit-cache-engine/Code/external/comdare-cache-engine/tests/unit/test_ge1_claim_check_und_sidecar.cpp for CXX dependencies
[466/2309] Scanning /home/comdare/Projekte/Research/probst-diplomarbeit-cache-engine/Code/external/comdare-cache-engine/tests/unit/test_g3_artifact_cache_transport.cpp for CXX dependencies
[467/2309] Scanning /home/comdare/Projekte/Research/probst-diplomarbeit-cache-engine/Code/external/comdare-cache-engine/tests/unit/test_a9s3_writeback_method_xlsx.cpp for CXX dependencies
[468/2309] Scanning /home/comdare/Projekte/Research/probst-diplomarbeit-cache-engine/Code/external/comdare-cache-engine/tests/unit/test_b14_layout_scan_line_subaxis.cpp for CXX dependencies
[469/2309] Scanning /home/comdare/Projekte/Research/probst-diplomarbeit-cache-engine/Code/external/comdare-cache-engine/tests/unit/test_a9_xlsx_vendor_rauchtest.cpp for CXX dependencies
[470/2309] Scanning /home/comdare/Projekte/Research/probst-diplomarbeit-cache-engine/Code/external/comdare-cache-engine/tests/unit/test_hyg_kumulativer_bereich.cpp for CXX dependencies
[471/2309] Scanning /home/comdare/Projekte/Research/probst-diplomarbeit-cache-engine/Code/external/comdare-cache-engine/tests/unit/test_fk1_nicht_gebaut_marker.cpp for CXX dependencies
[472/2309] Scanning /home/comdare/Projekte/Research/probst-diplomarbeit-cache-engine/Code/external/comdare-cache-engine/tests/unit/test_rf2_admission_marker_inert.cpp for CXX dependencies
[473/2309] Scanning /home/comdare/Projekte/Research/probst-diplomarbeit-cache-engine/Code/external/comdare-cache-engine/tests/unit/test_a9s3_ergebnis_mappe_csv.cpp for CXX dependencies
[474/2309] Scanning /home/comdare/Projekte/Research/probst-diplomarbeit-cache-engine/Code/external/comdare-cache-engine/tests/unit/test_d3_6_realm_selektor_produktionsablage.cpp for CXX dependencies
[475/2309] Scanning /home/comdare/Projekte/Research/probst-diplomarbeit-cache-engine/Code/external/comdare-cache-engine/tests/unit/test_a9s3_xlsx_ergebnis_writer.cpp for CXX dependencies
[476/2309] Scanning /home/comdare/Projekte/Research/probst-diplomarbeit-cache-engine/Code/external/comdare-cache-engine/tests/unit/test_a9s3_mess_ebene_blattsorte.cpp for CXX dependencies
[477/2309] Generating CXX dyndep file tests/unit/CMakeFiles/naht1_modul_mess_an.dir/CXX.dd
[478/2307] Scanning /home/comdare/Projekte/Research/probst-diplomarbeit-cache-engine/Code/external/comdare-cache-engine/tests/unit/test_m1hb_observer_zellen_ehrlich.cpp for CXX dependencies
[479/2307] Scanning /home/comdare/Projekte/Research/probst-diplomarbeit-cache-engine/Code/external/comdare-cache-engine/tests/unit/test_mt_l4_registrierungs_wache_isa.cpp for CXX dependencies
[480/2307] Scanning /home/comdare/Projekte/Research/probst-diplomarbeit-cache-engine/Code/external/comdare-cache-engine/tests/unit/test_a9s4_dynamic_axis_filter.cpp for CXX dependencies
[481/2307] Generating CXX dyndep file tests/unit/CMakeFiles/naht1_modul_mess_aus.dir/CXX.dd
[482/2305] Scanning /home/comdare/Projekte/Research/probst-diplomarbeit-cache-engine/Code/external/comdare-cache-engine/tests/unit/test_a8s3_csv_klasse_c.cpp for CXX dependencies
[483/2305] Scanning /home/comdare/Projekte/Research/probst-diplomarbeit-cache-engine/Code/external/comdare-cache-engine/tests/unit/test_a9s4_realm_scan_stale.cpp for CXX dependencies
[484/2305] Scanning /home/comdare/Projekte/Research/probst-diplomarbeit-cache-engine/Code/external/comdare-cache-engine/tests/unit/test_d2_abdeckungs_wache_nenner.cpp for CXX dependencies
[485/2305] Scanning /home/comdare/Projekte/Research/probst-diplomarbeit-cache-engine/Code/external/comdare-cache-engine/tests/unit/test_b14_abi_adapter_line_subaxis_paths.cpp for CXX dependencies
[486/2305] Scanning /home/comdare/Projekte/Research/probst-diplomarbeit-cache-engine/Code/external/comdare-cache-engine/tests/unit/test_ms2_pre_touch_seitenfehler.cpp for CXX dependencies
[487/2305] Scanning /home/comdare/Projekte/Research/probst-diplomarbeit-cache-engine/Code/external/comdare-cache-engine/tests/unit/test_a9s4_mess_report_render.cpp for CXX dependencies
[488/2305] Scanning /home/comdare/Projekte/Research/probst-diplomarbeit-cache-engine/Code/external/comdare-cache-engine/tests/unit/test_check_size_mengenrechnung.cpp for CXX dependencies
[489/2305] Scanning /home/comdare/Projekte/Research/probst-diplomarbeit-cache-engine/Code/external/comdare-cache-engine/tests/unit/test_a9s4_skip_manifest.cpp for CXX dependencies
[490/2305] Scanning /home/comdare/Projekte/Research/probst-diplomarbeit-cache-engine/Code/external/comdare-cache-engine/tests/unit/test_ms1_arenen_kein_alloc_im_fenster.cpp for CXX dependencies
[491/2305] Scanning /home/comdare/Projekte/Research/probst-diplomarbeit-cache-engine/Code/external/comdare-cache-engine/tests/unit/test_a9s5_ergebnis_mappe_naht.cpp for CXX dependencies
[492/2305] Scanning /home/comdare/Projekte/Research/probst-diplomarbeit-cache-engine/Code/external/comdare-cache-engine/tests/unit/test_t6_wachen_inventar.cpp for CXX dependencies
[493/2305] Scanning /home/comdare/Projekte/Research/probst-diplomarbeit-cache-engine/Code/external/comdare-cache-engine/tests/unit/test_lg_xlsx_alt_nie_vernichten.cpp for CXX dependencies
[494/2305] Scanning /home/comdare/Projekte/Research/probst-diplomarbeit-cache-engine/Code/external/comdare-cache-engine/tests/unit/test_t6_biss_achsen_roundtrip_wache.cpp for CXX dependencies
[495/2305] Scanning /home/comdare/Projekte/Research/probst-diplomarbeit-cache-engine/Code/external/comdare-cache-engine/tests/unit/test_d55_hdr_verdrahtung.cpp for CXX dependencies
[496/2305] Scanning /home/comdare/Projekte/Research/probst-diplomarbeit-cache-engine/Code/external/comdare-cache-engine/tests/unit/test_t6_biss_registrierungs_wache.cpp for CXX dependencies
[497/2305] Scanning /home/comdare/Projekte/Research/probst-diplomarbeit-cache-engine/Code/external/comdare-cache-engine/tests/unit/test_d2g1_ctest_registrierung.cpp for CXX dependencies
[498/2305] Scanning /home/comdare/Projekte/Research/probst-diplomarbeit-cache-engine/Code/external/comdare-cache-engine/tests/unit/test_warn2a_block_id_bidirektional.cpp for CXX dependencies
[499/2305] Scanning /home/comdare/Projekte/Research/probst-diplomarbeit-cache-engine/Code/external/comdare-cache-engine/tests/unit/test_pa1_tote_ausnahme.cpp for CXX dependencies
[500/2305] Scanning /home/comdare/Projekte/Research/probst-diplomarbeit-cache-engine/Code/external/comdare-cache-engine/tests/unit/test_t6_biss_sichtbarkeits_wache.cpp for CXX dependencies
[501/2305] Scanning /home/comdare/Projekte/Research/probst-diplomarbeit-cache-engine/Code/external/comdare-cache-engine/tests/unit/test_flaeche3_deckung_ceb_aus_tier_an.cpp for CXX dependencies
[502/2305] Scanning /home/comdare/Projekte/Research/probst-diplomarbeit-cache-engine/Code/external/comdare-cache-engine/tests/unit/test_ck1_messkette_koeder.cpp for CXX dependencies
[503/2305] Scanning /home/comdare/Projekte/Research/probst-diplomarbeit-cache-engine/Code/external/comdare-cache-engine/tests/unit/test_warn1_d2_fingerprint_koeder.cpp for CXX dependencies
[504/2305] Scanning /home/comdare/Projekte/Research/probst-diplomarbeit-cache-engine/Code/external/comdare-cache-engine/tests/unit/test_lizenz_konsistenz.cpp for CXX dependencies
[505/2305] Scanning /home/comdare/Projekte/Research/probst-diplomarbeit-cache-engine/Code/external/comdare-cache-engine/tests/unit/test_naht1_mess_visitor_biss.cpp for CXX dependencies
[506/2305] Scanning /home/comdare/Projekte/Research/probst-diplomarbeit-cache-engine/Code/external/comdare-cache-engine/tests/unit/test_anker_marke_statt_ledgerzeile.cpp for CXX dependencies
[507/2305] Scanning /home/comdare/Projekte/Research/probst-diplomarbeit-cache-engine/Code/external/comdare-cache-engine/tests/unit/test_vs_taxonomie_klassen_grep.cpp for CXX dependencies
[508/2305] Building CXX object libs/cache_engine/builder/codegen/CMakeFiles/comdare_builder_codegen.dir/codegen.cpp.o
[509/2305] Scanning /home/comdare/Projekte/Research/probst-diplomarbeit-cache-engine/Code/external/comdare-cache-engine/tests/unit/test_g2_semantik_duplikatverbot.cpp for CXX dependencies
[510/2305] Scanning /home/comdare/Projekte/Research/probst-diplomarbeit-cache-engine/Code/external/comdare-cache-engine/tests/unit/test_s3_ordnung_relation.cpp for CXX dependencies
[511/2305] Scanning /home/comdare/Projekte/Research/probst-diplomarbeit-cache-engine/Code/external/comdare-cache-engine/tests/unit/test_s3_ordnung_freigabe.cpp for CXX dependencies
[512/2305] Scanning /home/comdare/Projekte/Research/probst-diplomarbeit-cache-engine/Code/external/comdare-cache-engine/tests/unit/test_simd_organ_achsen_deckung.cpp for CXX dependencies
[513/2305] Scanning /home/comdare/Projekte/Research/probst-diplomarbeit-cache-engine/Code/external/comdare-cache-engine/tests/unit/test_lg_idempotenz_beide_wdh.cpp for CXX dependencies
[514/2305] Scanning /home/comdare/Projekte/Research/probst-diplomarbeit-cache-engine/Code/external/comdare-cache-engine/tests/unit/test_genus_ct_komposition.cpp for CXX dependencies
[515/2305] Scanning /home/comdare/Projekte/Research/probst-diplomarbeit-cache-engine/Code/external/comdare-cache-engine/tests/unit/test_registry_gen_out_pflicht.cpp for CXX dependencies
[516/2305] Scanning /home/comdare/Projekte/Research/probst-diplomarbeit-cache-engine/Code/external/comdare-cache-engine/tests/unit/test_pk_klemm_json.cpp for CXX dependencies
[517/2305] Scanning /home/comdare/Projekte/Research/probst-diplomarbeit-cache-engine/Code/external/comdare-cache-engine/tests/unit/test_lg_host_binder.cpp for CXX dependencies
[518/2305] Scanning /home/comdare/Projekte/Research/probst-diplomarbeit-cache-engine/Code/external/comdare-cache-engine/tests/unit/test_configure_enable_gnu.cpp for CXX dependencies
[519/2305] Scanning /home/comdare/Projekte/Research/probst-diplomarbeit-cache-engine/Code/external/comdare-cache-engine/tests/unit/test_k2_stufen_neutraler_loader.cpp for CXX dependencies
[520/2305] Scanning /home/comdare/Projekte/Research/probst-diplomarbeit-cache-engine/Code/external/comdare-cache-engine/tests/unit/test_xl_l4_na_konkurrenz.cpp for CXX dependencies
[521/2305] Scanning /home/comdare/Projekte/Research/probst-diplomarbeit-cache-engine/Code/external/comdare-cache-engine/tests/unit/test_s6c_kategorien_ordnung_zwei_welten.cpp for CXX dependencies
[522/2305] Scanning /home/comdare/Projekte/Research/probst-diplomarbeit-cache-engine/Code/external/comdare-cache-engine/tests/unit/test_s1_stempel_basis_vertrag.cpp for CXX dependencies
[523/2305] Scanning /home/comdare/Projekte/Research/probst-diplomarbeit-cache-engine/Code/external/comdare-cache-engine/tests/unit/test_w0b_durchstich_kette.cpp for CXX dependencies
[524/2305] Scanning /home/comdare/Projekte/Research/probst-diplomarbeit-cache-engine/Code/external/comdare-cache-engine/tests/unit/test_variant_hauswache.cpp for CXX dependencies
[525/2305] Scanning /home/comdare/Projekte/Research/probst-diplomarbeit-cache-engine/Code/external/comdare-cache-engine/tests/unit/test_ci_coverage_guard_strikt.cpp for CXX dependencies
[526/2305] Scanning /home/comdare/Projekte/Research/probst-diplomarbeit-cache-engine/Code/external/comdare-cache-engine/tests/unit/test_s19_simulation_rechnung.cpp for CXX dependencies
[527/2305] Scanning /home/comdare/Projekte/Research/probst-diplomarbeit-cache-engine/Code/external/comdare-cache-engine/tests/unit/test_stempel_vollbestand_registry.cpp for CXX dependencies
[528/2305] Scanning /home/comdare/Projekte/Research/probst-diplomarbeit-cache-engine/Code/external/comdare-cache-engine/tests/unit/test_s8_traeger_grenzwache.cpp for CXX dependencies
[529/2305] Scanning /home/comdare/Projekte/Research/probst-diplomarbeit-cache-engine/Code/external/comdare-cache-engine/tests/unit/test_stempel_zulassung_bruecke.cpp for CXX dependencies
[530/2305] Scanning /home/comdare/Projekte/Research/probst-diplomarbeit-cache-engine/Code/external/comdare-cache-engine/tests/unit/test_bestand_schluessel_schema.cpp for CXX dependencies
[531/2305] Scanning /home/comdare/Projekte/Research/probst-diplomarbeit-cache-engine/Code/external/comdare-cache-engine/tests/unit/test_s13_01_csv_kind_projektion.cpp for CXX dependencies
[532/2305] Scanning /home/comdare/Projekte/Research/probst-diplomarbeit-cache-engine/Code/external/comdare-cache-engine/tests/unit/test_pmc_raw_event_katalog.cpp for CXX dependencies
[533/2305] Scanning /home/comdare/Projekte/Research/probst-diplomarbeit-cache-engine/Code/external/comdare-cache-engine/tests/unit/test_pmc_startup_pruefung.cpp for CXX dependencies
[534/2305] Scanning /home/comdare/Projekte/Research/probst-diplomarbeit-cache-engine/Code/external/comdare-cache-engine/tests/unit/test_lg_e2e_xlsx_facade.cpp for CXX dependencies
[535/2305] Scanning /home/comdare/Projekte/Research/probst-diplomarbeit-cache-engine/Code/external/comdare-cache-engine/tests/unit/test_kanal_id_schema.cpp for CXX dependencies
[536/2305] Generating CXX dyndep file libs/cache_engine/builder/commands/tests/CMakeFiles/test_commands.dir/CXX.dd
[537/2305] Linking CXX static library libs/cache_engine/builder/codegen/libcomdare_builder_codegen.a
[538/2305] Generating CXX dyndep file apps/cache_engine_builder/CMakeFiles/cache_engine_builder.dir/CXX.dd
[539/2305] Scanning /home/comdare/Projekte/Research/probst-diplomarbeit-cache-engine/Code/external/comdare-cache-engine/tests/unit/test_parameter_filter_registry_skelett.cpp for CXX dependencies
[540/2305] Generating CXX dyndep file libs/cache_engine/builder/commands/tests/CMakeFiles/test_engine_adapters.dir/CXX.dd
[541/2305] Generating CXX dyndep file apps/adhoc_emitter/CMakeFiles/comdare_adhoc_emitter_cli.dir/CXX.dd
[542/2303] Generating CXX dyndep file apps/anatomy_codegen_tool/CMakeFiles/comdare_anatomy_codegen_cli.dir/CXX.dd
[543/2301] Generating CXX dyndep file apps/f15_compare/CMakeFiles/comdare_f15_compare_cli.dir/CXX.dd
[544/2301] Generating CXX dyndep file apps/perm_runner/CMakeFiles/comdare_perm_runner.dir/CXX.dd
[545/2301] Scanning /home/comdare/Projekte/Research/probst-diplomarbeit-cache-engine/Code/external/comdare-cache-engine/tests/unit/test_begriffs_alias_registry.cpp for CXX dependencies
[546/2301] Generating CXX dyndep file apps/h2_score_akte_tool/CMakeFiles/comdare_h2_score_akte_cli.dir/CXX.dd
[547/2299] Generating CXX dyndep file tests/unit/CMakeFiles/test_pressure_state.dir/CXX.dd
[548/2299] Generating CXX dyndep file tests/unit/CMakeFiles/test_cache_recommendation.dir/CXX.dd
[549/2299] Generating CXX dyndep file tests/unit/CMakeFiles/test_permutation_flags.dir/CXX.dd
[550/2299] Generating CXX dyndep file tests/unit/CMakeFiles/test_cpuid_probe.dir/CXX.dd
[551/2299] Generating CXX dyndep file tests/unit/CMakeFiles/test_observer_registry.dir/CXX.dd
[552/2299] Generating CXX dyndep file tests/unit/CMakeFiles/test_event_hierarchy.dir/CXX.dd
[553/2299] Generating CXX dyndep file tests/unit/CMakeFiles/test_decision_trees.dir/CXX.dd
[554/2299] Generating CXX dyndep file tests/unit/CMakeFiles/test_concurrency_disciplines.dir/CXX.dd
[555/2299] Generating CXX dyndep file tests/unit/CMakeFiles/test_decision_lambda_registry.dir/CXX.dd
[556/2299] Generating CXX dyndep file tests/unit/CMakeFiles/test_telemetry_strategies.dir/CXX.dd
[557/2299] Generating CXX dyndep file tests/unit/CMakeFiles/test_platform_concepts.dir/CXX.dd
[558/2299] Generating CXX dyndep file tests/unit/CMakeFiles/test_measurement_buffer.dir/CXX.dd
[559/2299] Generating CXX dyndep file tests/unit/CMakeFiles/test_cache_hierarchy_and_mode.dir/CXX.dd
[560/2299] Generating CXX dyndep file tests/unit/CMakeFiles/test_sub_engines.dir/CXX.dd
[561/2299] Scanning /home/comdare/Projekte/Research/probst-diplomarbeit-cache-engine/Code/external/comdare-cache-engine/tests/unit/test_s13_03_per_binary_mappe.cpp for CXX dependencies
[562/2299] Generating CXX dyndep file tests/unit/CMakeFiles/test_allocator_concepts.dir/CXX.dd
[563/2299] Generating CXX dyndep file tests/unit/CMakeFiles/test_abi_interface.dir/CXX.dd
[564/2299] Generating CXX dyndep file tests/unit/CMakeFiles/test_config_durability.dir/CXX.dd
[565/2299] Generating CXX dyndep file tests/unit/CMakeFiles/test_chaos_drift_gate.dir/CXX.dd
[566/2299] Generating CXX dyndep file tests/unit/CMakeFiles/test_t15_drift_gate_messschleife.dir/CXX.dd
[567/2299] Scanning /home/comdare/Projekte/Research/probst-diplomarbeit-cache-engine/Code/external/comdare-cache-engine/tests/unit/test_e07_gate_kriterien.cpp for CXX dependencies
[568/2299] Generating CXX dyndep file tests/unit/CMakeFiles/test_test_data_accumulation.dir/CXX.dd
[569/2299] Generating CXX dyndep file tests/unit/CMakeFiles/test_benchmark_suite.dir/CXX.dd
[570/2299] Generating CXX dyndep file tests/unit/CMakeFiles/test_allocator_full_matrix.dir/CXX.dd
[571/2299] Generating CXX dyndep file tests/unit/CMakeFiles/test_workload_and_experiment.dir/CXX.dd
[572/2299] Generating CXX dyndep file tests/unit/CMakeFiles/test_ycsb_cli.dir/CXX.dd
[573/2299] Generating CXX dyndep file tests/unit/CMakeFiles/test_codegen_from_profile.dir/CXX.dd
[574/2299] Generating CXX dyndep file tests/unit/CMakeFiles/test_builder_codegen.dir/CXX.dd
[575/2299] Scanning /home/comdare/Projekte/Research/probst-diplomarbeit-cache-engine/Code/external/comdare-cache-engine/tests/unit/test_t15b_retry_warmup_paar.cpp for CXX dependencies
[576/2299] Generating CXX dyndep file tests/unit/CMakeFiles/test_permutation_sampling.dir/CXX.dd
[577/2299] Generating CXX dyndep file tests/unit/CMakeFiles/test_experiment_driver_v13.dir/CXX.dd
[578/2299] Generating CXX dyndep file tests/unit/CMakeFiles/test_latex_anhang.dir/CXX.dd
[579/2299] Generating CXX dyndep file tests/unit/CMakeFiles/test_rcu_concurrency.dir/CXX.dd
[580/2299] Generating CXX dyndep file tests/unit/CMakeFiles/test_rcu.dir/CXX.dd
[581/2299] Generating CXX dyndep file tests/unit/CMakeFiles/test_hbm_hierarchy.dir/CXX.dd
[582/2299] Scanning /home/comdare/Projekte/Research/probst-diplomarbeit-cache-engine/Code/external/comdare-cache-engine/tests/unit/test_e8_bytes_in_use_peak_demo.cpp for CXX dependencies
[583/2299] Generating CXX dyndep file tests/unit/CMakeFiles/test_succinct.dir/CXX.dd
[584/2299] Building CXX object libs/cache_engine/builder/permutation_loop/CMakeFiles/comdare_builder_permutation_loop.dir/permutation_loop.cpp.o
[585/2299] Generating CXX dyndep file tests/unit/CMakeFiles/test_v31_adapters.dir/CXX.dd
[586/2299] Generating CXX dyndep file tests/unit/CMakeFiles/test_v41_indexes.dir/CXX.dd
[587/2299] Generating CXX dyndep file tests/unit/CMakeFiles/test_module_loader.dir/CXX.dd
[588/2299] Generating CXX dyndep file tests/unit/CMakeFiles/test_v41_topic_queuing.dir/CXX.dd
[589/2299] Generating CXX dyndep file tests/unit/CMakeFiles/test_v41_topic_allocator_axis_06.dir/CXX.dd
[590/2299] Generating CXX dyndep file tests/unit/CMakeFiles/test_v41_topic_traversal.dir/CXX.dd
[591/2299] Generating CXX dyndep file tests/unit/CMakeFiles/test_ctsha512.dir/CXX.dd
[592/2299] Generating CXX dyndep file tests/unit/CMakeFiles/test_v41_paper_legacy_code.dir/CXX.dd
[593/2299] Generating CXX dyndep file tests/unit/CMakeFiles/test_v41_compositions.dir/CXX.dd
[594/2299] Generating CXX dyndep file tests/unit/CMakeFiles/test_v41_topics_fundament.dir/CXX.dd
[595/2299] Generating CXX dyndep file tests/unit/CMakeFiles/test_v41_anatomy.dir/CXX.dd
[596/2299] Generating CXX dyndep file tests/unit/CMakeFiles/test_v41_anatomy_r4_driver.dir/CXX.dd
[597/2299] Generating CXX dyndep file tests/unit/CMakeFiles/test_v41_tier_observe_trace.dir/CXX.dd
[598/2299] Generating CXX dyndep file tests/unit/CMakeFiles/test_v41_anatomy_observer.dir/CXX.dd
[599/2299] Generating CXX dyndep file tests/unit/CMakeFiles/test_ap7_swisstable.dir/CXX.dd
[600/2299] Generating CXX dyndep file tests/unit/CMakeFiles/test_v41_axis_03a_cross_variant_equivalence.dir/CXX.dd
[601/2299] Generating CXX dyndep file tests/unit/CMakeFiles/test_ap7b_swiss_organ.dir/CXX.dd
[602/2299] Generating CXX dyndep file tests/unit/CMakeFiles/test_ap7b3_swiss_isa_group_match.dir/CXX.dd
[603/2299] Generating CXX dyndep file tests/unit/CMakeFiles/test_vampir_nfp_allocator.dir/CXX.dd
[604/2299] Generating CXX dyndep file tests/unit/CMakeFiles/test_ap8_hdr_histogram.dir/CXX.dd
[605/2299] Generating CXX dyndep file tests/unit/CMakeFiles/test_v41_anatomy_pruefling_merge.dir/CXX.dd
[606/2299] Generating CXX dyndep file tests/unit/CMakeFiles/test_v41_axis_03a_tier_organ_equivalence.dir/CXX.dd
[607/2299] Generating CXX dyndep file tests/unit/CMakeFiles/test_v41_anatomy_base.dir/CXX.dd
[608/2299] Generating CXX dyndep file tests/unit/CMakeFiles/test_v41_execution_engine.dir/CXX.dd
[609/2299] Generating CXX dyndep file tests/unit/CMakeFiles/test_v41_search_algorithm_permutation_engine.dir/CXX.dd
[610/2299] Generating CXX dyndep file tests/unit/CMakeFiles/test_v41_anatomy_module_abi.dir/CXX.dd
[611/2299] Generating CXX dyndep file tests/unit/CMakeFiles/test_v41_anatomy_codegen.dir/CXX.dd
[612/2299] Generating CXX dyndep file tests/unit/CMakeFiles/test_v41_anatomy_module_loader.dir/CXX.dd
[613/2299] Scanning /home/comdare/Projekte/Research/probst-diplomarbeit-cache-engine/Code/external/comdare-cache-engine/tests/unit/test_c13_selektiver_rebuild.cpp for CXX dependencies
[614/2299] Generating CXX dyndep file tests/unit/CMakeFiles/test_v41_anatomy_codegen_tool.dir/CXX.dd
[615/2299] Generating CXX dyndep file tests/unit/CMakeFiles/test_v41_anatomy_multi_codegen.dir/CXX.dd
[616/2299] Generating CXX dyndep file tests/unit/CMakeFiles/test_v41_anatomy_codegen_tool_traits.dir/CXX.dd
[617/2299] Generating CXX dyndep file tests/unit/CMakeFiles/test_v41_anatomy_codegen_tool_mp_list.dir/CXX.dd
[618/2299] Scanning /home/comdare/Projekte/Research/probst-diplomarbeit-cache-engine/Code/external/comdare-cache-engine/tests/unit/test_c14_messwert_presence_wache.cpp for CXX dependencies
[619/2299] Generating CXX dyndep file tests/unit/CMakeFiles/test_v41_axis_12_general_hardware.dir/CXX.dd
[620/2299] Generating CXX dyndep file tests/unit/CMakeFiles/test_v41_workload_generator.dir/CXX.dd
[621/2299] Linking CXX static library libs/cache_engine/builder/permutation_loop/libcomdare_builder_permutation_loop.a
[622/2299] Generating CXX dyndep file tests/unit/CMakeFiles/test_v41_axis_05_memory_layout.dir/CXX.dd
[623/2299] Generating CXX dyndep file tests/unit/CMakeFiles/test_v41_axis_02_axis_04_nodes.dir/CXX.dd
[624/2299] Generating CXX dyndep file tests/unit/CMakeFiles/test_v41_axis_07_prefetch.dir/CXX.dd
[625/2299] Generating CXX dyndep file tests/unit/CMakeFiles/test_v41_axis_14_value_handle.dir/CXX.dd
[626/2299] Generating CXX dyndep file tests/unit/CMakeFiles/test_v41_axis_11_telemetry.dir/CXX.dd
[627/2299] Scanning /home/comdare/Projekte/Research/probst-diplomarbeit-cache-engine/Code/external/comdare-cache-engine/tests/unit/test_c14_lager_presence_wache.cpp for CXX dependencies
[628/2299] Generating CXX dyndep file tests/unit/CMakeFiles/test_v41_axis_10_serialization.dir/CXX.dd
[629/2299] Generating CXX dyndep file tests/unit/CMakeFiles/test_v41_axis_08_concurrency.dir/CXX.dd
[630/2299] Scanning /home/comdare/Projekte/Research/probst-diplomarbeit-cache-engine/Code/external/comdare-cache-engine/tests/unit/test_s13_02_zielfilter_vier_faelle.cpp for CXX dependencies
[631/2299] Generating CXX dyndep file tests/unit/CMakeFiles/test_v41_status_code.dir/CXX.dd
[632/2299] Generating CXX dyndep file tests/unit/CMakeFiles/test_v41_axis_01_page_type.dir/CXX.dd
[633/2299] Generating CXX dyndep file tests/unit/CMakeFiles/test_v41_serialization_primitives.dir/CXX.dd
[634/2299] Generating CXX dyndep file tests/unit/CMakeFiles/test_v41_pruefling_registry.dir/CXX.dd
[635/2299] Generating CXX dyndep file tests/unit/CMakeFiles/test_v41_axis_filter.dir/CXX.dd
[636/2299] Generating CXX dyndep file tests/unit/CMakeFiles/test_v41_axis_filter_surf_organ.dir/CXX.dd
[637/2299] Generating CXX dyndep file tests/unit/CMakeFiles/test_pruefling_fixture_ladung.dir/CXX.dd
[638/2299] Generating CXX dyndep file tests/unit/CMakeFiles/test_v41_axis_filter_surf_louds_organ.dir/CXX.dd
[639/2299] Generating CXX dyndep file tests/unit/CMakeFiles/test_v41_axis_io.dir/CXX.dd
[640/2299] Generating CXX dyndep file tests/unit/CMakeFiles/test_v41_axis_migration.dir/CXX.dd
[641/2299] Generating CXX dyndep file tests/unit/CMakeFiles/test_v41_axis_09b_simd_extension.dir/CXX.dd
[642/2299] Generating CXX dyndep file tests/unit/CMakeFiles/test_v41_axis_01_index_organization.dir/CXX.dd
[643/2299] Generating CXX dyndep file tests/unit/CMakeFiles/test_v41_axis_09_isa.dir/CXX.dd
[644/2299] Generating CXX dyndep file tests/unit/CMakeFiles/test_v41_r5c3_isa_simd_cross_constraint.dir/CXX.dd
[645/2299] Generating CXX dyndep file tests/unit/CMakeFiles/test_v41_anatomy_f15_measurement.dir/CXX.dd
[646/2299] Generating CXX dyndep file tests/unit/CMakeFiles/test_v41_anatomy_r5i_configure_codegen.dir/CXX.dd
[647/2299] Generating CXX dyndep file tests/unit/CMakeFiles/test_v41_pruef_dock_search_algorithm.dir/CXX.dd
[648/2299] Generating CXX dyndep file tests/unit/CMakeFiles/test_v41_anatomy_adhoc_codegen_macro.dir/CXX.dd
[649/2299] Scanning /home/comdare/Projekte/Research/probst-diplomarbeit-cache-engine/Code/external/comdare-cache-engine/tests/unit/test_s8kopf_planner_kopf.cpp for CXX dependencies
[650/2299] Generating CXX dyndep file tests/unit/CMakeFiles/test_v5_conformance_gate.dir/CXX.dd
[651/2299] Generating CXX dyndep file tests/unit/CMakeFiles/test_v5_memento_axis.dir/CXX.dd
[652/2299] Generating CXX dyndep file tests/unit/CMakeFiles/test_v5_measurement_snapshot.dir/CXX.dd
[653/2299] Generating CXX dyndep file tests/unit/CMakeFiles/test_v5_workload_orchestrator.dir/CXX.dd
[654/2299] Generating CXX dyndep file tests/unit/CMakeFiles/test_d51_perzentil_kanon.dir/CXX.dd
[655/2299] Generating CXX dyndep file tests/unit/CMakeFiles/test_v5_two_phase_driver.dir/CXX.dd
[656/2299] Generating CXX dyndep file tests/unit/CMakeFiles/test_d54_trace_schema.dir/CXX.dd
[657/2299] Generating CXX dyndep file tests/unit/CMakeFiles/test_heuristik_workload_cluster.dir/CXX.dd
[658/2299] Generating CXX dyndep file tests/unit/CMakeFiles/test_ap13_thread_pinning.dir/CXX.dd
[659/2299] Generating CXX dyndep file tests/unit/CMakeFiles/test_heuristik_spline_break_even.dir/CXX.dd
[660/2299] Generating CXX dyndep file tests/unit/CMakeFiles/test_ap9_provenance_manifest.dir/CXX.dd
[661/2299] Generating CXX dyndep file tests/unit/CMakeFiles/test_ap10_dataset_akte.dir/CXX.dd
[662/2299] Generating CXX dyndep file tests/unit/CMakeFiles/test_184_dataset_loader_wiring.dir/CXX.dd
[663/2299] Generating CXX dyndep file tests/unit/CMakeFiles/test_25_kanon_dataset_akten.dir/CXX.dd
[664/2299] Generating CXX dyndep file tests/unit/CMakeFiles/test_45_sosd_uint64_loader.dir/CXX.dd
[665/2299] Generating CXX dyndep file tests/unit/CMakeFiles/test_v5_disk_memento.dir/CXX.dd
[666/2299] Generating CXX dyndep file tests/unit/CMakeFiles/test_v5_ycsb_op_set.dir/CXX.dd
[667/2299] Generating CXX dyndep file tests/unit/CMakeFiles/test_v5_ycsb_distribution.dir/CXX.dd
[668/2299] Generating CXX dyndep file tests/unit/CMakeFiles/test_v41_scan_range_organ.dir/CXX.dd
[669/2299] Generating CXX dyndep file tests/unit/CMakeFiles/test_v5_organ_memento.dir/CXX.dd
[670/2299] Generating CXX dyndep file tests/unit/CMakeFiles/test_v41_codegen_type_name.dir/CXX.dd
[671/2299] Generating CXX dyndep file tests/unit/CMakeFiles/test_v41_cache_engine_tools_facade.dir/CXX.dd
[672/2299] Scanning /home/comdare/Projekte/Research/probst-diplomarbeit-cache-engine/Code/external/comdare-cache-engine/tests/unit/test_ph89_paper_prueflinge.cpp for CXX dependencies
[673/2299] Generating CXX dyndep file tests/unit/CMakeFiles/test_v41_codegen_all_axes_umbrella.dir/CXX.dd
[674/2299] Generating CXX dyndep file tests/unit/CMakeFiles/test_v41_anatomy_adhoc_dll_load.dir/CXX.dd
[675/2299] Generating CXX dyndep file tests/unit/CMakeFiles/test_v41_cache_engine_facade.dir/CXX.dd
[676/2299] Generating CXX dyndep file tests/unit/CMakeFiles/test_pruef_only_gate.dir/CXX.dd
[677/2299] Building CXX object _deps/googletest-build/googlemock/CMakeFiles/gmock.dir/src/gmock-all.cc.o
[678/2299] Building CXX object libs/cache_engine/builder/experiment_runner/CMakeFiles/comdare_builder_experiment_runner.dir/experiment_runner.cpp.o
[679/2299] Building CXX object libs/cache_engine/builder/experiment_driver/CMakeFiles/comdare_builder_experiment_driver.dir/experiment_driver.cpp.o
[680/2299] Building CXX object tests/unit/CMakeFiles/r5i_configure_pilot_1.dir/__/__/generated/r5i_anatomy_modules/anatomy_perm_r5i_configure_pilot_1.cpp.o
[681/2299] Building CXX object tests/unit/CMakeFiles/anatomy_multi_pilot_3.dir/__/__/generated/anatomy_modules_multi/anatomy_perm_anatomy_multi_pilot_3.cpp.o
[682/2299] Building CXX object tests/unit/CMakeFiles/anatomy_multi_pilot_1.dir/__/__/generated/anatomy_modules_multi/anatomy_perm_anatomy_multi_pilot_1.cpp.o
[683/2299] Building CXX object tests/unit/CMakeFiles/f15_measurement_pilot_0.dir/__/__/generated/f15_measurement_modules/anatomy_perm_f15_measurement_pilot_0.cpp.o
[684/2299] Building CXX object tests/unit/CMakeFiles/anatomy_codegen_pilot_hot.dir/__/__/generated/anatomy_modules/anatomy_perm_hot_pilot.cpp.o
[685/2299] Building CXX object tests/unit/CMakeFiles/comdare_r5g_autobuilt_perm_1.dir/__/__/generated/r5g_autobuilt_modules/comdare_anatomy_perm_auto_1.cpp.o
[686/2299] Building CXX object tests/unit/CMakeFiles/r5i_configure_pilot_2.dir/__/__/generated/r5i_anatomy_modules/anatomy_perm_r5i_configure_pilot_2.cpp.o
[687/2299] Building CXX object _deps/googletest-build/googletest/CMakeFiles/gtest.dir/src/gtest-all.cc.o
In file included from /home/comdare/Projekte/Research/probst-diplomarbeit-cache-engine/Code/external/comdare-cache-engine/build-l1-clang/_deps/googletest-src/googletest/src/gtest-all.cc:38:
In file included from /home/comdare/Projekte/Research/probst-diplomarbeit-cache-engine/Code/external/comdare-cache-engine/build-l1-clang/_deps/googletest-src/googletest/include/gtest/gtest.h:64:
In file included from /home/comdare/Projekte/Research/probst-diplomarbeit-cache-engine/Code/external/comdare-cache-engine/build-l1-clang/_deps/googletest-src/googletest/include/gtest/gtest-death-test.h:43:
In file included from /home/comdare/Projekte/Research/probst-diplomarbeit-cache-engine/Code/external/comdare-cache-engine/build-l1-clang/_deps/googletest-src/googletest/include/gtest/internal/gtest-death-test-internal.h:47:
In file included from /home/comdare/Projekte/Research/probst-diplomarbeit-cache-engine/Code/external/comdare-cache-engine/build-l1-clang/_deps/googletest-src/googletest/include/gtest/gtest-matchers.h:49:
/home/comdare/Projekte/Research/probst-diplomarbeit-cache-engine/Code/external/comdare-cache-engine/build-l1-clang/_deps/googletest-src/googletest/include/gtest/gtest-printers.h:524:35: warning: implicit conversion from 'char8_t' to 'char32_t' may change the meaning of the represented code unit [-Wcharacter-conversion]
  524 |   PrintTo(ImplicitCast_<char32_t>(c), os);
      |           ~~~~~~~~~~~~~           ^
1 warning generated.
[688/2299] Linking CXX static library lib/libgtest.a
[689/2299] Building CXX object tests/unit/CMakeFiles/anatomy_multi_pilot_0.dir/__/__/generated/anatomy_modules_multi/anatomy_perm_anatomy_multi_pilot_0.cpp.o
[690/2299] Building CXX object tests/unit/CMakeFiles/anatomy_codegen_pilot_wormhole_shared.dir/__/__/generated/anatomy_modules/anatomy_perm_wormhole_pilot.cpp.o
[691/2299] Building CXX object apps/experiment_planner/CMakeFiles/comdare_experiment_planner.dir/main.cpp.o
[692/2299] Building CXX object tests/unit/CMakeFiles/anatomy_multi_pilot_4.dir/__/__/generated/anatomy_modules_multi/anatomy_perm_anatomy_multi_pilot_4.cpp.o
[693/2299] Building CXX object tests/unit/CMakeFiles/anatomy_multi_pilot_2.dir/__/__/generated/anatomy_modules_multi/anatomy_perm_anatomy_multi_pilot_2.cpp.o
[694/2299] Building CXX object tests/unit/CMakeFiles/f15_measurement_pilot_1.dir/__/__/generated/f15_measurement_modules/anatomy_perm_f15_measurement_pilot_1.cpp.o
[695/2299] Building CXX object tests/unit/CMakeFiles/anatomy_multi_pilot_5.dir/__/__/generated/anatomy_modules_multi/anatomy_perm_anatomy_multi_pilot_5.cpp.o
[696/2299] Building CXX object tests/unit/CMakeFiles/r5i_configure_pilot_0.dir/__/__/generated/r5i_anatomy_modules/anatomy_perm_r5i_configure_pilot_0.cpp.o
[697/2299] Building CXX object tests/unit/CMakeFiles/comdare_r5g_autobuilt_perm_4.dir/__/__/generated/r5g_autobuilt_modules/comdare_anatomy_perm_auto_12.cpp.o
[698/2299] Building CXX object tests/unit/CMakeFiles/comdare_r5g_autobuilt_perm_0.dir/__/__/generated/r5g_autobuilt_modules/comdare_anatomy_perm_auto_0.cpp.o
[699/2299] Building CXX object tests/unit/CMakeFiles/comdare_r5g_autobuilt_perm_2.dir/__/__/generated/r5g_autobuilt_modules/comdare_anatomy_perm_auto_10.cpp.o
[700/2299] Building CXX object tests/unit/CMakeFiles/comdare_r5g_autobuilt_perm_5.dir/__/__/generated/r5g_autobuilt_modules/comdare_anatomy_perm_auto_13.cpp.o
[701/2299] Building CXX object tests/unit/CMakeFiles/comdare_r5g_autobuilt_perm_3.dir/__/__/generated/r5g_autobuilt_modules/comdare_anatomy_perm_auto_11.cpp.o
[702/2299] Building CXX object tests/unit/CMakeFiles/comdare_r5g_autobuilt_perm_6.dir/__/__/generated/r5g_autobuilt_modules/comdare_anatomy_perm_auto_14.cpp.o
[703/2299] Building CXX object tests/unit/CMakeFiles/comdare_r5g_autobuilt_perm_8.dir/__/__/generated/r5g_autobuilt_modules/comdare_anatomy_perm_auto_16.cpp.o
[704/2299] Building CXX object tests/unit/CMakeFiles/comdare_r5g_autobuilt_perm_7.dir/__/__/generated/r5g_autobuilt_modules/comdare_anatomy_perm_auto_15.cpp.o
[705/2299] Building CXX object tests/unit/CMakeFiles/comdare_r5g_autobuilt_perm_14.dir/__/__/generated/r5g_autobuilt_modules/comdare_anatomy_perm_auto_21.cpp.o
[706/2299] Building CXX object tests/unit/CMakeFiles/comdare_r5g_autobuilt_perm_13.dir/__/__/generated/r5g_autobuilt_modules/comdare_anatomy_perm_auto_20.cpp.o
[707/2299] Building CXX object tests/unit/CMakeFiles/comdare_r5g_autobuilt_perm_9.dir/__/__/generated/r5g_autobuilt_modules/comdare_anatomy_perm_auto_17.cpp.o
[708/2299] Building CXX object tests/unit/CMakeFiles/comdare_r5g_autobuilt_perm_10.dir/__/__/generated/r5g_autobuilt_modules/comdare_anatomy_perm_auto_18.cpp.o
[709/2299] Building CXX object tests/unit/CMakeFiles/comdare_r5g_autobuilt_perm_21.dir/__/__/generated/r5g_autobuilt_modules/comdare_anatomy_perm_auto_28.cpp.o
[710/2299] Building CXX object tests/unit/CMakeFiles/comdare_r5g_autobuilt_perm_11.dir/__/__/generated/r5g_autobuilt_modules/comdare_anatomy_perm_auto_19.cpp.o
[711/2299] Building CXX object tests/unit/CMakeFiles/comdare_r5g_autobuilt_perm_20.dir/__/__/generated/r5g_autobuilt_modules/comdare_anatomy_perm_auto_27.cpp.o
[712/2299] Building CXX object tests/unit/CMakeFiles/comdare_r5g_autobuilt_perm_12.dir/__/__/generated/r5g_autobuilt_modules/comdare_anatomy_perm_auto_2.cpp.o
[713/2299] Building CXX object tests/unit/CMakeFiles/comdare_r5g_autobuilt_perm_18.dir/__/__/generated/r5g_autobuilt_modules/comdare_anatomy_perm_auto_25.cpp.o
[714/2299] Building CXX object tests/unit/CMakeFiles/comdare_r5g_autobuilt_perm_17.dir/__/__/generated/r5g_autobuilt_modules/comdare_anatomy_perm_auto_24.cpp.o
[715/2299] Building CXX object tests/unit/CMakeFiles/comdare_r5g_autobuilt_perm_15.dir/__/__/generated/r5g_autobuilt_modules/comdare_anatomy_perm_auto_22.cpp.o
[716/2299] Building CXX object tests/unit/CMakeFiles/comdare_r5g_autobuilt_perm_16.dir/__/__/generated/r5g_autobuilt_modules/comdare_anatomy_perm_auto_23.cpp.o
[717/2299] Building CXX object tests/unit/CMakeFiles/comdare_r5g_autobuilt_perm_19.dir/__/__/generated/r5g_autobuilt_modules/comdare_anatomy_perm_auto_26.cpp.o
[718/2299] Building CXX object tests/unit/CMakeFiles/comdare_r5g_autobuilt_perm_26.dir/__/__/generated/r5g_autobuilt_modules/comdare_anatomy_perm_auto_32.cpp.o
[719/2299] Building CXX object tests/unit/CMakeFiles/comdare_r5g_autobuilt_perm_22.dir/__/__/generated/r5g_autobuilt_modules/comdare_anatomy_perm_auto_29.cpp.o
[720/2299] Building CXX object tests/unit/CMakeFiles/comdare_r5g_autobuilt_perm_28.dir/__/__/generated/r5g_autobuilt_modules/comdare_anatomy_perm_auto_34.cpp.o
[721/2299] Building CXX object tests/unit/CMakeFiles/comdare_r5g_autobuilt_perm_25.dir/__/__/generated/r5g_autobuilt_modules/comdare_anatomy_perm_auto_31.cpp.o
[722/2299] Generating CXX dyndep file tests/unit/CMakeFiles/test_v41_anatomy_adhoc_autobuilt_load.dir/CXX.dd
[723/2299] Generating CXX dyndep file tests/unit/CMakeFiles/test_d1_d2_selection.dir/CXX.dd
[724/2299] Generating CXX dyndep file tests/unit/CMakeFiles/test_d3_ceb_generator.dir/CXX.dd
[725/2297] Generating CXX dyndep file tests/unit/CMakeFiles/test_d7_build_variant.dir/CXX.dd
[726/2295] Generating CXX dyndep file tests/unit/CMakeFiles/test_d7a_build_inspection.dir/CXX.dd
[727/2293] Generating CXX dyndep file tests/unit/CMakeFiles/test_d7b_definition_per_node.dir/CXX.dd
[728/2291] Generating CXX dyndep file tests/unit/CMakeFiles/test_d8_operability.dir/CXX.dd
[729/2289] Generating CXX dyndep file tests/unit/CMakeFiles/test_d9_set.dir/CXX.dd
[730/2287] Generating CXX dyndep file tests/unit/CMakeFiles/test_d9_set_adapter.dir/CXX.dd
[731/2285] Generating CXX dyndep file tests/unit/CMakeFiles/test_d10_sequence.dir/CXX.dd
[732/2283] Generating CXX dyndep file tests/unit/CMakeFiles/test_d11_view.dir/CXX.dd
[733/2281] Generating CXX dyndep file tests/unit/CMakeFiles/test_genus_docks.dir/CXX.dd
[734/2279] Generating CXX dyndep file tests/unit/CMakeFiles/test_d12_virus.dir/CXX.dd
[735/2277] Generating CXX dyndep file tests/unit/CMakeFiles/test_d13_runtime_measure.dir/CXX.dd
[736/2275] Generating CXX dyndep file tests/unit/CMakeFiles/test_d14_result_ingest.dir/CXX.dd
[737/2275] Generating CXX dyndep file tests/unit/CMakeFiles/test_d14b_perm_runner.dir/CXX.dd
[738/2275] Generating CXX dyndep file tests/unit/CMakeFiles/test_a1_load_profile_opmix.dir/CXX.dd
[739/2273] Generating CXX dyndep file tests/unit/CMakeFiles/test_d14c_e2e_pipeline.dir/CXX.dd
[740/2273] Generating CXX dyndep file tests/unit/CMakeFiles/test_d15_selection_filter_chain.dir/CXX.dd
[741/2271] Generating CXX dyndep file tests/unit/CMakeFiles/test_cmd2_container_attribution.dir/CXX.dd
[742/2269] Generating CXX dyndep file tests/unit/CMakeFiles/test_allocator_profile_bestand.dir/CXX.dd
[743/2267] Generating CXX dyndep file tests/unit/CMakeFiles/test_container_genus.dir/CXX.dd
[744/2265] Generating CXX dyndep file tests/unit/CMakeFiles/test_container_dock.dir/CXX.dd
[745/2263] Generating CXX dyndep file tests/unit/CMakeFiles/test_d_v42_probe.dir/CXX.dd
[746/2261] Generating CXX dyndep file tests/unit/CMakeFiles/test_d_v42_probe2.dir/CXX.dd
[747/2259] Generating CXX dyndep file tests/unit/CMakeFiles/test_d_v42_telemetry_observable.dir/CXX.dd
[748/2257] Generating CXX dyndep file tests/unit/CMakeFiles/test_d_v42_memory_layout_observable.dir/CXX.dd
[749/2255] Generating CXX dyndep file tests/unit/CMakeFiles/test_d_v42_serialization_observable.dir/CXX.dd
[750/2253] Generating CXX dyndep file tests/unit/CMakeFiles/test_d_v42_node_type_observable.dir/CXX.dd
[751/2251] Generating CXX dyndep file tests/unit/CMakeFiles/test_d_v42_telemetry_registry_observable.dir/CXX.dd
[752/2249] Generating CXX dyndep file tests/unit/CMakeFiles/test_genus_permutation_engines.dir/CXX.dd
[753/2247] Generating CXX dyndep file tests/unit/CMakeFiles/test_axis_growth_policies.dir/CXX.dd
[754/2245] Generating CXX dyndep file tests/unit/CMakeFiles/test_axis_view_policies.dir/CXX.dd
[755/2243] Generating CXX dyndep file tests/unit/CMakeFiles/test_e24_c0_organ_concept.dir/CXX.dd
[756/2241] Generating CXX dyndep file tests/unit/CMakeFiles/test_e24_c1_organ_concept.dir/CXX.dd
[757/2239] Generating CXX dyndep file tests/unit/CMakeFiles/test_e24_c2_set_permutation_engine.dir/CXX.dd
[758/2237] Generating CXX dyndep file tests/unit/CMakeFiles/test_e24_c2_sequence_permutation_engine.dir/CXX.dd
[759/2235] Generating CXX dyndep file tests/unit/CMakeFiles/test_e24_c2_view_permutation_engine.dir/CXX.dd
[760/2233] Generating CXX dyndep file tests/unit/CMakeFiles/test_e24_c2_adapter_permutation_engine.dir/CXX.dd
[761/2231] Generating CXX dyndep file tests/unit/CMakeFiles/test_e24_c3_set_anatomy.dir/CXX.dd
[762/2229] Generating CXX dyndep file tests/unit/CMakeFiles/test_e24_c3_sequence_anatomy.dir/CXX.dd
[763/2227] Generating CXX dyndep file tests/unit/CMakeFiles/test_e24_c3_view_anatomy.dir/CXX.dd
[764/2225] Generating CXX dyndep file tests/unit/CMakeFiles/test_e24_c3_adapter_anatomy.dir/CXX.dd
[765/2223] Generating CXX dyndep file tests/unit/CMakeFiles/test_e24_c3_cross_genus.dir/CXX.dd
[766/2221] Generating CXX dyndep file tests/unit/CMakeFiles/test_e24_c4_genus_conformance_gates.dir/CXX.dd
[767/2219] Generating CXX dyndep file tests/unit/CMakeFiles/test_e24_c5_fk8_genus_baupfad_d1.dir/CXX.dd
[768/2217] Generating CXX dyndep file tests/unit/CMakeFiles/test_a8s3_sa_organ_member_vollstaendigkeit.dir/CXX.dd
[769/2215] Generating CXX dyndep file tests/unit/CMakeFiles/test_s14_axis_version_lock_tripwire.dir/CXX.dd
[770/2213] Generating CXX dyndep file tests/unit/CMakeFiles/test_e24_c6v_growth_statistics.dir/CXX.dd
[771/2211] Generating CXX dyndep file tests/unit/CMakeFiles/test_e24_c6v_view_statistics.dir/CXX.dd
[772/2209] Generating CXX dyndep file tests/unit/CMakeFiles/test_e24_c6v_inner_container_statistics.dir/CXX.dd
[773/2207] Generating CXX dyndep file tests/unit/CMakeFiles/test_e24_c6v_set_ehrlichkeit.dir/CXX.dd
[774/2205] Generating CXX dyndep file tests/unit/CMakeFiles/test_e24_c6_genus_observer_aggregate.dir/CXX.dd
[775/2203] Generating CXX dyndep file tests/unit/CMakeFiles/test_e24_c6_axis_row_writer.dir/CXX.dd
[776/2201] Generating CXX dyndep file tests/unit/CMakeFiles/test_e24_c6_set_wire_aggregate.dir/CXX.dd
[777/2199] Generating CXX dyndep file tests/unit/CMakeFiles/test_e24_c6_sequence_wire_aggregate.dir/CXX.dd
[778/2197] Generating CXX dyndep file tests/unit/CMakeFiles/test_e24_c6_adapter_wire_aggregate.dir/CXX.dd
[779/2195] Generating CXX dyndep file tests/unit/CMakeFiles/test_e24_c6_view_wire_aggregate.dir/CXX.dd
[780/2193] Generating CXX dyndep file tests/unit/CMakeFiles/test_e24_c6_set_algebra_abi.dir/CXX.dd
[781/2191] Generating CXX dyndep file tests/unit/CMakeFiles/test_e24_c7_gattung_map_umbenennung.dir/CXX.dd
[782/2189] Generating CXX dyndep file tests/unit/CMakeFiles/test_e24_c7_container_gattungs_kern.dir/CXX.dd
[783/2187] Generating CXX dyndep file tests/unit/CMakeFiles/test_e24_c7_element_type_vertrag.dir/CXX.dd
[784/2185] Building CXX object tests/unit/CMakeFiles/comdare_r5g_autobuilt_perm_29.dir/__/__/generated/r5g_autobuilt_modules/comdare_anatomy_perm_auto_35.cpp.o
[785/2185] Generating CXX dyndep file tests/unit/CMakeFiles/test_e24_c7_gattung_abi_sichtbar.dir/CXX.dd
[786/2183] Generating CXX dyndep file tests/unit/CMakeFiles/test_e24_c7_symmetrie_und_benennung.dir/CXX.dd
[787/2181] Generating CXX dyndep file tests/unit/CMakeFiles/test_hy_f8_reroute.dir/CXX.dd
[788/2181] Generating CXX dyndep file tests/unit/CMakeFiles/test_hy_a1_heuristik_adapter_gattung.dir/CXX.dd
[789/2181] Generating CXX dyndep file tests/unit/CMakeFiles/test_q2_identitaets_riegel.dir/CXX.dd
[790/2181] Generating CXX dyndep file tests/unit/CMakeFiles/test_hy_a1_dock_contract.dir/CXX.dd
[791/2181] Generating CXX dyndep file tests/unit/CMakeFiles/test_hy_a1_attach_nur_array_include.dir/CXX.dd
[792/2181] Generating CXX dyndep file tests/unit/CMakeFiles/test_hy_a3_hybrid_config_parser.dir/CXX.dd
[793/2181] Generating CXX dyndep file tests/unit/CMakeFiles/test_hy_a2_stempel_kette.dir/CXX.dd
[794/2181] Generating CXX dyndep file tests/unit/CMakeFiles/test_e24_c4_genus_pruef_docks.dir/CXX.dd
[795/2179] Generating CXX dyndep file tests/unit/CMakeFiles/test_e24_c5_fk7_dock_fehlerklassen.dir/CXX.dd
[796/2177] Generating CXX dyndep file tests/unit/CMakeFiles/test_migration_two_tier.dir/CXX.dd
[797/2175] Generating CXX dyndep file tests/unit/CMakeFiles/test_seg_coverage.dir/CXX.dd
[798/2175] Generating CXX dyndep file tests/unit/CMakeFiles/test_filter_real_from_keys.dir/CXX.dd
[799/2173] Generating CXX dyndep file tests/unit/CMakeFiles/test_patricia_real.dir/CXX.dd
[800/2171] Generating CXX dyndep file tests/unit/CMakeFiles/test_value_handle_real.dir/CXX.dd
[801/2169] Generating CXX dyndep file tests/unit/CMakeFiles/test_prefetch_adversarial_verify.dir/CXX.dd
[802/2167] Generating CXX dyndep file tests/unit/CMakeFiles/test_prefetch_real.dir/CXX.dd
[803/2165] Generating CXX dyndep file tests/unit/CMakeFiles/test_a8s1_t17_vollzaehligkeit.dir/CXX.dd
[804/2165] Generating CXX dyndep file tests/unit/CMakeFiles/test_prefetch_patha_t7.dir/CXX.dd
[805/2163] Generating CXX dyndep file tests/unit/CMakeFiles/test_a8s3_t17_stats_lesezeitpunkt.dir/CXX.dd
[806/2163] Generating CXX dyndep file tests/unit/CMakeFiles/test_s5_04_execution_alloc_conformance.dir/CXX.dd
[807/2161] Generating CXX dyndep file tests/unit/CMakeFiles/test_s5_04_execution_perf_sanity.dir/CXX.dd
[808/2159] Generating CXX dyndep file tests/unit/CMakeFiles/test_s5_03_placement_alloc_conformance.dir/CXX.dd
[809/2157] Generating CXX dyndep file tests/unit/CMakeFiles/test_s5_03_placement_perf_sanity.dir/CXX.dd
[810/2155] Generating CXX dyndep file tests/unit/CMakeFiles/test_s5_01d_traversal_alloc_conformance.dir/CXX.dd
[811/2153] Generating CXX dyndep file tests/unit/CMakeFiles/test_s5_01d_traversal_perf_sanity.dir/CXX.dd
[812/2151] Generating CXX dyndep file tests/unit/CMakeFiles/test_s5_02a_layout_alloc_conformance.dir/CXX.dd
[813/2149] Generating CXX dyndep file tests/unit/CMakeFiles/test_s5_02a_layout_perf_sanity.dir/CXX.dd
[814/2147] Generating CXX dyndep file tests/unit/CMakeFiles/test_s5_01a_pool_stores_alloc_conformance.dir/CXX.dd
[815/2145] Generating CXX dyndep file tests/unit/CMakeFiles/test_s5_01a_pool_stores_perf_sanity.dir/CXX.dd
[816/2143] Generating CXX dyndep file tests/unit/CMakeFiles/test_s5_02b_filter_alloc_conformance.dir/CXX.dd
[817/2141] Generating CXX dyndep file tests/unit/CMakeFiles/test_s5_02b_filter_perf_sanity.dir/CXX.dd
[818/2139] Generating CXX dyndep file tests/unit/CMakeFiles/test_s5_01b_composable_alloc_conformance.dir/CXX.dd
[819/2137] Generating CXX dyndep file tests/unit/CMakeFiles/test_s5_01b_composable_perf_sanity.dir/CXX.dd
[820/2135] Generating CXX dyndep file tests/unit/CMakeFiles/test_s5_01c_fassaden_conformance.dir/CXX.dd
[821/2133] Generating CXX dyndep file tests/unit/CMakeFiles/test_s5_05q_queuing_alloc_conformance.dir/CXX.dd
[822/2131] Generating CXX dyndep file tests/unit/CMakeFiles/test_s5_05q_queuing_perf_sanity.dir/CXX.dd
[823/2129] Generating CXX dyndep file tests/unit/CMakeFiles/test_h64_allocator_adapter_failure_contract.dir/CXX.dd
[824/2127] Generating CXX dyndep file tests/unit/CMakeFiles/test_h81_allocator_statistics_forwarder_recursion.dir/CXX.dd
[825/2125] Generating CXX dyndep file tests/unit/CMakeFiles/test_a1_wurf_vertrag_allokator_store.dir/CXX.dd
[826/2123] Generating CXX dyndep file tests/unit/CMakeFiles/test_cow_memento.dir/CXX.dd
[827/2121] Generating CXX dyndep file tests/unit/CMakeFiles/test_cuckoo_eviction_correctness.dir/CXX.dd
[828/2119] Generating CXX dyndep file tests/unit/CMakeFiles/test_hash_lookup_backward_shift.dir/CXX.dd
[829/2117] Generating CXX dyndep file tests/unit/CMakeFiles/test_scalloc_realloc_alignment.dir/CXX.dd
[830/2115] Generating CXX dyndep file tests/unit/CMakeFiles/test_br1_full22_count.dir/CXX.dd
[831/2114] Generating CXX dyndep file tests/unit/CMakeFiles/test_br1_subset.dir/CXX.dd
[832/2113] Generating CXX dyndep file tests/unit/CMakeFiles/test_br2_descriptor_foundation.dir/CXX.dd
[833/2112] Generating CXX dyndep file tests/unit/CMakeFiles/test_br2_roundtrip.dir/CXX.dd
[834/2111] Generating CXX dyndep file tests/unit/CMakeFiles/test_br3_obs22.dir/CXX.dd
[835/2110] Generating CXX dyndep file tests/unit/CMakeFiles/test_br_kf15_real.dir/CXX.dd
[836/2109] Generating CXX dyndep file tests/unit/CMakeFiles/test_clu_per_layout.dir/CXX.dd
[837/2108] Generating CXX dyndep file tests/unit/CMakeFiles/test_cow_capable_wrappers.dir/CXX.dd
[838/2107] Generating CXX dyndep file tests/unit/CMakeFiles/test_d4b_container_adapter.dir/CXX.dd
[839/2106] Generating CXX dyndep file tests/unit/CMakeFiles/test_genus_organ_binding.dir/CXX.dd
[840/2105] Generating CXX dyndep file tests/unit/CMakeFiles/test_genus_binding.dir/CXX.dd
[841/2104] Generating CXX dyndep file tests/unit/CMakeFiles/test_kf5_cacheline_weave.dir/CXX.dd
[842/2103] Generating CXX dyndep file tests/unit/CMakeFiles/test_kf4_resource_control.dir/CXX.dd
[843/2102] Generating CXX dyndep file tests/unit/CMakeFiles/test_kf6_node_run_body.dir/CXX.dd
[844/2101] Generating CXX dyndep file tests/unit/CMakeFiles/test_kf7_runtime_loop.dir/CXX.dd
[845/2100] Generating CXX dyndep file tests/unit/CMakeFiles/test_kf8_ceb_generator.dir/CXX.dd
[846/2099] Generating CXX dyndep file tests/unit/CMakeFiles/test_kf9_experiment_tree.dir/CXX.dd
[847/2099] Generating CXX dyndep file tests/unit/CMakeFiles/test_kf11_telemetry_silent.dir/CXX.dd
[848/2098] Generating CXX dyndep file tests/unit/CMakeFiles/test_kf10_repetition_plan.dir/CXX.dd
[849/2097] Generating CXX dyndep file tests/unit/CMakeFiles/test_kf15_inverse_signature.dir/CXX.dd
[850/2096] Generating CXX dyndep file tests/unit/CMakeFiles/test_kf12_kf13_slurm_prepare.dir/CXX.dd
[851/2095] Generating CXX dyndep file tests/unit/CMakeFiles/test_kf16b_build_resilience.dir/CXX.dd
[852/2095] Generating CXX dyndep file tests/unit/CMakeFiles/test_kf16_build_orchestrator.dir/CXX.dd
[853/2095] Generating CXX dyndep file tests/unit/CMakeFiles/test_w6_parallel_provision.dir/CXX.dd
[854/2095] Generating CXX dyndep file tests/unit/CMakeFiles/test_w11_async_push_pump.dir/CXX.dd
[855/2094] Generating CXX dyndep file tests/unit/CMakeFiles/test_s1_cache_key_prefix.dir/CXX.dd
[856/2093] Generating CXX dyndep file tests/unit/CMakeFiles/test_s5_artifact_cache_bounded.dir/CXX.dd
[857/2092] Generating CXX dyndep file tests/unit/CMakeFiles/test_e24_c10_g6_identitaets_bilanz.dir/CXX.dd
[858/2092] Generating CXX dyndep file tests/unit/CMakeFiles/test_s2_pull_tier_binary.dir/CXX.dd
[859/2092] Generating CXX dyndep file tests/unit/CMakeFiles/test_45_parallel_measure_loop.dir/CXX.dd
[860/2092] Generating CXX dyndep file tests/unit/CMakeFiles/test_cache_mc_timeout.dir/CXX.dd
[861/2091] Generating CXX dyndep file tests/unit/CMakeFiles/test_r2_suffix_wachen.dir/CXX.dd
[862/2090] Generating CXX dyndep file tests/unit/CMakeFiles/test_w10_c4_zellwert_naht.dir/CXX.dd
[863/2089] Generating CXX dyndep file tests/unit/CMakeFiles/test_e24_c9_fk5_fehlerraum.dir/CXX.dd
[864/2088] Generating CXX dyndep file tests/unit/CMakeFiles/test_a15_fk3_axis_error_traits.dir/CXX.dd
[865/2088] Generating CXX dyndep file tests/unit/CMakeFiles/test_a15_fk4_organ_slot_traits.dir/CXX.dd
[866/2088] Generating CXX dyndep file tests/unit/CMakeFiles/test_fk6_algo_error_classes.dir/CXX.dd
[867/2087] Generating CXX dyndep file tests/unit/CMakeFiles/test_resthygiene2_organ_fingerprint.dir/CXX.dd
[868/2086] Generating CXX dyndep file tests/unit/CMakeFiles/test_all19_segment_timer.dir/CXX.dd
[869/2086] Generating CXX dyndep file tests/unit/CMakeFiles/test_m8_storetrav_segment.dir/CXX.dd
[870/2085] Generating CXX dyndep file tests/unit/CMakeFiles/test_br3_observer.dir/CXX.dd
[871/2084] Generating CXX dyndep file tests/unit/CMakeFiles/test_obs_phaseB_t11_t12_iso.dir/CXX.dd
[872/2083] Generating CXX dyndep file tests/unit/CMakeFiles/test_obs_phaseB_t14_t16.dir/CXX.dd
[873/2082] Generating CXX dyndep file tests/unit/CMakeFiles/test_segment_timer_differentiation.dir/CXX.dd
[874/2081] Generating CXX dyndep file tests/unit/CMakeFiles/test_pathb_segment_timer.dir/CXX.dd
[875/2080] Generating CXX dyndep file tests/unit/CMakeFiles/test_obs_phaseB_pilot.dir/CXX.dd
[876/2080] Generating CXX dyndep file tests/unit/CMakeFiles/test_obs_phaseA.dir/CXX.dd
[877/2080] Generating CXX dyndep file tests/unit/CMakeFiles/test_obs_phaseB_t11_t12.dir/CXX.dd
[878/2079] Generating CXX dyndep file tests/unit/CMakeFiles/test_d_v42_abi_telemetry_coupling.dir/CXX.dd
[879/2078] Generating CXX dyndep file tests/unit/CMakeFiles/test_a8s4_release_pfad_neutralitaet.dir/CXX.dd
[880/2076] Generating CXX dyndep file tests/unit/CMakeFiles/test_a8s4_konstitutiv_kette.dir/CXX.dd
[881/2075] Generating CXX dyndep file tests/unit/CMakeFiles/test_q1_lockfree_concurrency.dir/CXX.dd
[882/2073] Generating CXX dyndep file tests/unit/CMakeFiles/test_kf1_thesis_profile_parser.dir/CXX.dd
[883/2073] Generating CXX dyndep file tests/unit/CMakeFiles/test_v5_io_real_fixture.dir/CXX.dd
[884/2071] Generating CXX dyndep file tests/unit/CMakeFiles/test_winsorized_mean.dir/CXX.dd
[885/2069] Generating CXX dyndep file tests/unit/CMakeFiles/test_conformance_gate.dir/CXX.dd
[886/2067] Generating CXX dyndep file tests/unit/CMakeFiles/test_188_4bb0_pool_organ_wide_key_conformance.dir/CXX.dd
[887/2067] Generating CXX dyndep file tests/unit/CMakeFiles/test_188_4bbV_pool_adapter_flip_compile.dir/CXX.dd
[888/2065] Generating CXX dyndep file tests/unit/CMakeFiles/test_phase_b_effective_search_algo_contrast.dir/CXX.dd
[889/2063] Generating CXX dyndep file tests/unit/CMakeFiles/test_s7_1_bst_pool_allocator_deg.dir/CXX.dd
[890/2063] Generating CXX dyndep file tests/unit/CMakeFiles/test_ap15_2_get_allocator_proxy.dir/CXX.dd
[891/2063] Generating CXX dyndep file tests/unit/CMakeFiles/test_ap15_3_driveable_map_contract.dir/CXX.dd
[892/2063] Generating CXX dyndep file tests/unit/CMakeFiles/test_s7_2_btree_pool_allocator_deg.dir/CXX.dd
[893/2063] Generating CXX dyndep file tests/unit/CMakeFiles/test_29_container_framework.dir/CXX.dd
[894/2063] Generating CXX dyndep file tests/unit/CMakeFiles/test_234_va_shaped_adapter.dir/CXX.dd
[895/2063] Generating CXX dyndep file tests/unit/CMakeFiles/test_striktheit_axis_dach_guard.dir/CXX.dd
[896/2063] Generating CXX dyndep file tests/unit/CMakeFiles/test_a14_os_sub_axes_guard.dir/CXX.dd
[897/2063] Generating CXX dyndep file tests/unit/CMakeFiles/test_meta_meta_halbordnung.dir/CXX.dd
[898/2063] Generating CXX dyndep file tests/unit/CMakeFiles/test_axis_error_taxonomy.dir/CXX.dd
[899/2063] Generating CXX dyndep file tests/unit/CMakeFiles/test_striktheit_metaprog_guard.dir/CXX.dd
[900/2063] Generating CXX dyndep file tests/unit/CMakeFiles/test_rf3_betriebssystem_feature_fehlt.dir/CXX.dd
[901/2062] Generating CXX dyndep file tests/unit/CMakeFiles/test_striktheit_axes_guard.dir/CXX.dd
[902/2062] Generating CXX dyndep file tests/unit/CMakeFiles/test_striktheit_abi_pod_guard.dir/CXX.dd
[903/2062] Generating CXX dyndep file tests/unit/CMakeFiles/test_234_vb_rest_families_shaped.dir/CXX.dd
[904/2062] Generating CXX dyndep file tests/unit/CMakeFiles/test_striktheit_scan_kernel_purity.dir/CXX.dd
[905/2062] Generating CXX dyndep file tests/unit/CMakeFiles/test_s7_3_skip_list_pool_allocator_deg.dir/CXX.dd
[906/2062] Generating CXX dyndep file tests/unit/CMakeFiles/test_cmd1_a_axis_command_base.dir/CXX.dd
[907/2062] Generating CXX dyndep file tests/unit/CMakeFiles/test_s7_4_hash_pool_allocator_deg.dir/CXX.dd
[908/2062] Generating CXX dyndep file tests/unit/CMakeFiles/test_s7_5_art_pool_allocator_deg.dir/CXX.dd
[909/2062] Generating CXX dyndep file tests/unit/CMakeFiles/test_s7_7_start_pool_allocator_deg.dir/CXX.dd
[910/2062] Generating CXX dyndep file tests/unit/CMakeFiles/test_s7_6_hot_pool_allocator_deg.dir/CXX.dd
[911/2062] Generating CXX dyndep file tests/unit/CMakeFiles/test_s7_9_surf_pool_allocator_deg.dir/CXX.dd
[912/2062] Generating CXX dyndep file tests/unit/CMakeFiles/test_s7_8_wormhole_pool_allocator_deg.dir/CXX.dd
[913/2062] Generating CXX dyndep file tests/unit/CMakeFiles/test_s7_10_swiss_pool_allocator_deg.dir/CXX.dd
[914/2062] Generating CXX dyndep file tests/unit/CMakeFiles/test_234_f1_btree_order_shape.dir/CXX.dd
[915/2062] Generating CXX dyndep file tests/unit/CMakeFiles/test_234_f2_skip_list_shape.dir/CXX.dd
[916/2062] Generating CXX dyndep file tests/unit/CMakeFiles/test_234_f3_bst_shape.dir/CXX.dd
[917/2062] Generating CXX dyndep file tests/unit/CMakeFiles/test_234_f4_hash_probe_shape.dir/CXX.dd
[918/2062] Generating CXX dyndep file tests/unit/CMakeFiles/test_188_4a_eytzinger_organ.dir/CXX.dd
[919/2062] Generating CXX dyndep file tests/unit/CMakeFiles/test_188_4c0_known_compositions_conformance.dir/CXX.dd
[920/2062] Generating CXX dyndep file tests/unit/CMakeFiles/test_216h2_stat_reset_after_load.dir/CXX.dd
[921/2062] Generating CXX dyndep file tests/unit/CMakeFiles/test_abi_adapter_g3_batch2.dir/CXX.dd
[922/2062] Generating CXX dyndep file tests/unit/CMakeFiles/test_221_rc_prefetch_distance.dir/CXX.dd
[923/2062] Generating CXX dyndep file tests/unit/CMakeFiles/test_e1_contract_rc_konsum.dir/CXX.dd
[924/2062] Generating CXX dyndep file tests/unit/CMakeFiles/test_188_4cii_flat_wrapper_traversal.dir/CXX.dd
[925/2062] Generating CXX dyndep file tests/unit/CMakeFiles/test_217_2a_capacity_guard.dir/CXX.dd
[926/2062] Generating CXX dyndep file tests/unit/CMakeFiles/m3v2_pmc_smoke.dir/CXX.dd
[927/2062] Generating CXX dyndep file tests/unit/CMakeFiles/test_tp1_planer_filter_iterator.dir/CXX.dd
[928/2062] Generating CXX dyndep file tests/unit/CMakeFiles/test_harness_compile.dir/CXX.dd
[929/2062] Generating CXX dyndep file tests/unit/CMakeFiles/test_a5_eta_slice_verdrahtung.dir/CXX.dd
[930/2062] Generating CXX dyndep file tests/unit/CMakeFiles/test_t2a_f4_facade_plan_durchreichung.dir/CXX.dd
[931/2062] Generating CXX dyndep file tests/unit/CMakeFiles/test_d37b_modus_riegel.dir/CXX.dd
[932/2062] Generating CXX dyndep file tests/unit/CMakeFiles/test_f3_lager_key_provider_iterator.dir/CXX.dd
[933/2062] Generating CXX dyndep file tests/unit/CMakeFiles/test_lg_skip_callback_null.dir/CXX.dd
[934/2062] Generating CXX dyndep file tests/unit/CMakeFiles/test_lagp2_messwert_genus.dir/CXX.dd
[935/2062] Generating CXX dyndep file tests/unit/CMakeFiles/test_b3_schema_freeze_stufe1.dir/CXX.dd
[936/2062] Generating CXX dyndep file tests/unit/CMakeFiles/test_mt_l3_wide_schema_orakel.dir/CXX.dd
[937/2061] Generating CXX dyndep file tests/unit/CMakeFiles/test_lazy_resume_binary.dir/CXX.dd
[938/2061] Generating CXX dyndep file tests/unit/CMakeFiles/test_vor_push_gate.dir/CXX.dd
[939/2061] Generating CXX dyndep file tests/unit/CMakeFiles/test_w5_status_reader.dir/CXX.dd
[940/2061] Generating CXX dyndep file tests/unit/CMakeFiles/test_experiment_dock_payload.dir/CXX.dd
[941/2059] Generating CXX dyndep file tests/unit/CMakeFiles/test_axis_kind_wire_totalitaet.dir/CXX.dd
[942/2059] Generating CXX dyndep file tests/unit/CMakeFiles/test_axis_kind_kategorien_zuordnung.dir/CXX.dd
[943/2059] Generating CXX dyndep file tests/unit/CMakeFiles/test_gn_cell_filter.dir/CXX.dd
[944/2057] Generating CXX dyndep file tests/unit/CMakeFiles/test_progress_delta.dir/CXX.dd
[945/2055] Generating CXX dyndep file tests/unit/CMakeFiles/test_profile_coverage.dir/CXX.dd
[946/2055] Generating CXX dyndep file tests/unit/CMakeFiles/test_ap2_katalog_pfad_stubfrei.dir/CXX.dd
[947/2055] Generating CXX dyndep file tests/unit/CMakeFiles/test_axis_sweep_coverage.dir/CXX.dd
[948/2055] Generating CXX dyndep file tests/unit/CMakeFiles/test_org18_persistence_target.dir/CXX.dd
[949/2055] Generating CXX dyndep file tests/unit/CMakeFiles/test_smoke_coverage_profile.dir/CXX.dd
[950/2055] Generating CXX dyndep file tests/unit/CMakeFiles/test_wdk_datasets_fairness.dir/CXX.dd
[951/2055] Generating CXX dyndep file tests/unit/CMakeFiles/test_measurement_categories.dir/CXX.dd
[952/2055] Generating CXX dyndep file tests/unit/CMakeFiles/test_experiment_parser.dir/CXX.dd
[953/2055] Generating CXX dyndep file tests/unit/CMakeFiles/test_experiment_kern_seam.dir/CXX.dd
[954/2055] Generating CXX dyndep file tests/unit/CMakeFiles/test_experiment_projection.dir/CXX.dd
[955/2055] Generating CXX dyndep file tests/unit/CMakeFiles/test_merge_plan_directive.dir/CXX.dd
[956/2055] Generating CXX dyndep file tests/unit/CMakeFiles/test_experiment_plan_director.dir/CXX.dd
[957/2055] Generating CXX dyndep file tests/unit/CMakeFiles/test_sota_st2_dedup.dir/CXX.dd
[958/2055] Generating CXX dyndep file tests/unit/CMakeFiles/test_validate_profile.dir/CXX.dd
[959/2055] Generating CXX dyndep file tests/unit/CMakeFiles/linux_perf_pmc_smoke.dir/CXX.dd
[960/2055] Generating CXX dyndep file tests/unit/CMakeFiles/test_h2_score_akte.dir/CXX.dd
[961/2055] Generating CXX dyndep file tests/unit/CMakeFiles/test_e24_c10_genus_dll_roundtrip.dir/CXX.dd
[962/2053] Generating CXX dyndep file tests/unit/CMakeFiles/test_dgenus_dll.dir/CXX.dd
[963/2051] Generating CXX dyndep file tests/unit/CMakeFiles/test_e24_c10_g5_lade_wache.dir/CXX.dd
[964/2049] Generating CXX dyndep file tests/unit/CMakeFiles/test_buildvariant_dll.dir/CXX.dd
[965/2047] Generating CXX dyndep file tests/unit/CMakeFiles/test_d4b_container_dll.dir/CXX.dd
[966/2045] Generating CXX dyndep file tests/unit/CMakeFiles/test_ap5_simd_extension_coherence.dir/CXX.dd
[967/2043] Generating CXX dyndep file tests/unit/CMakeFiles/test_adhoc_buildvariant_dll.dir/CXX.dd
[968/2041] Generating CXX dyndep file tests/unit/CMakeFiles/test_d13_dll_runtime_measure.dir/CXX.dd
[969/2039] Generating CXX dyndep file tests/unit/CMakeFiles/test_w3_mess_interface_testate_biss.dir/CXX.dd
[970/2037] Generating CXX dyndep file tests/unit/CMakeFiles/test_w3_mess_interface_testate_dock.dir/CXX.dd
[971/2035] Generating CXX dyndep file tests/unit/CMakeFiles/test_cacheline_policy_selector.dir/CXX.dd
[972/2033] Generating CXX dyndep file tests/unit/CMakeFiles/test_load_profile_writer.dir/CXX.dd
[973/2031] Generating CXX dyndep file tests/unit/CMakeFiles/test_ff2_node_width_subaxis.dir/CXX.dd
[974/2031] Generating CXX dyndep file tests/unit/CMakeFiles/test_kf3_cacheline_subaxis.dir/CXX.dd
[975/2029] Generating CXX dyndep file tests/unit/CMakeFiles/test_best_binary_selector_parse_rank.dir/CXX.dd
[976/2026] Generating CXX dyndep file tests/unit/CMakeFiles/test_fb_alloc_hw_subaxis.dir/CXX.dd
[977/2026] Generating CXX dyndep file tests/unit/CMakeFiles/test_hybrid_spline_selector_scaffold.dir/CXX.dd
[978/2023] Generating CXX dyndep file tests/unit/CMakeFiles/test_e4_contract_xml_to_axislevels.dir/CXX.dd
[979/2023] Generating CXX dyndep file tests/unit/CMakeFiles/test_a9b_active_deklaration_inert.dir/CXX.dd
[980/2023] Generating CXX dyndep file tests/unit/CMakeFiles/test_t1_system_achsen_eine_entscheidung.dir/CXX.dd
[981/2023] Generating CXX dyndep file tests/unit/CMakeFiles/test_e3_contract_conformance_gate_wirksam.dir/CXX.dd
[982/2023] Generating CXX dyndep file tests/unit/CMakeFiles/test_e3_contract_binary_id_bijektion.dir/CXX.dd
[983/2021] Generating CXX dyndep file tests/unit/CMakeFiles/test_m_contract_system_axis_wurzel.dir/CXX.dd
[984/2021] Generating CXX dyndep file tests/unit/CMakeFiles/test_e2_contract_abi_vertrag.dir/CXX.dd
[985/2019] Generating CXX dyndep file tests/unit/CMakeFiles/test_m_simd_feature_flag_catalog.dir/CXX.dd
[986/2019] Generating CXX dyndep file tests/unit/CMakeFiles/test_p1_spd_ddr5_parser.dir/CXX.dd
[987/2019] Generating CXX dyndep file tests/unit/CMakeFiles/test_p2_ram_probe_chain.dir/CXX.dd
[988/2019] Generating CXX dyndep file tests/unit/CMakeFiles/test_p2_ram_identity_verdict.dir/CXX.dd
[989/2019] Generating CXX dyndep file tests/unit/CMakeFiles/test_os_u3_probe.dir/CXX.dd
[990/2019] Generating CXX dyndep file tests/unit/CMakeFiles/test_od10_numa_page_probe.dir/CXX.dd
[991/2019] Generating CXX dyndep file tests/unit/CMakeFiles/test_od11_numa_cpu_pin_process_probe.dir/CXX.dd
[992/2019] Generating CXX dyndep file tests/unit/CMakeFiles/test_p3_boot_cache_dmi.dir/CXX.dd
[993/2019] Generating CXX dyndep file tests/unit/CMakeFiles/test_c3a_gate_scharfschaltung.dir/CXX.dd
[994/2019] Generating CXX dyndep file tests/unit/CMakeFiles/test_o4_machine_identity.dir/CXX.dd
[995/2019] Generating CXX dyndep file tests/unit/CMakeFiles/test_c3b_kanal_merge_beleg.dir/CXX.dd
[996/2019] Generating CXX dyndep file tests/unit/CMakeFiles/test_m_w12_stamp_bausteine.dir/CXX.dd
[997/2019] Generating CXX dyndep file tests/unit/CMakeFiles/test_d4_ceb_schluessel_wahl.dir/CXX.dd
[998/2019] Generating CXX dyndep file tests/unit/CMakeFiles/test_d2_mess_konsistenz_gate.dir/CXX.dd
[999/2019] Generating CXX dyndep file tests/unit/CMakeFiles/test_g1_binary_version_stamp.dir/CXX.dd
[1000/2019] Generating CXX dyndep file tests/unit/CMakeFiles/test_w10_system_cell_values.dir/CXX.dd
[1001/2019] Generating CXX dyndep file tests/unit/CMakeFiles/test_progress_heartbeat.dir/CXX.dd
[1002/2019] Generating CXX dyndep file tests/unit/CMakeFiles/test_limits_entkopplung_vorstufe.dir/CXX.dd
[1003/2019] Generating CXX dyndep file tests/unit/CMakeFiles/test_lazy_adhoc_source_gen.dir/CXX.dd
[1004/2019] Generating CXX dyndep file tests/unit/CMakeFiles/test_lagz1_lager_schluessel_simd.dir/CXX.dd
[1005/2019] Generating CXX dyndep file tests/unit/CMakeFiles/test_w2_combo_ct_stamp.dir/CXX.dd
[1006/2019] Generating CXX dyndep file tests/unit/CMakeFiles/test_b3_wallclock_erbe_ct.dir/CXX.dd
[1007/2019] Generating CXX dyndep file tests/unit/CMakeFiles/test_r3_mess_gate_fingerprint_biss.dir/CXX.dd
[1008/2017] Generating CXX dyndep file tests/unit/CMakeFiles/test_m1_mess_achsen_wirkung.dir/CXX.dd
[1009/2015] Building CXX object tests/unit/CMakeFiles/comdare_r5g_autobuilt_perm_24.dir/__/__/generated/r5g_autobuilt_modules/comdare_anatomy_perm_auto_30.cpp.o
[1010/2015] Generating CXX dyndep file tests/unit/CMakeFiles/test_r3_mess_gates_spiegel.dir/CXX.dd
[1011/2013] Generating CXX dyndep file tests/unit/CMakeFiles/test_b2_mess_gate_trennung.dir/CXX.dd
[1012/2011] Generating CXX dyndep file tests/unit/CMakeFiles/test_b2_gate_zustand_g2an_g3aus.dir/CXX.dd
[1013/2011] Generating CXX dyndep file tests/unit/CMakeFiles/test_b5_pmc_ehrlichkeit_alle_sieben.dir/CXX.dd
[1014/2011] Generating CXX dyndep file tests/unit/CMakeFiles/test_m1h_stufen_und_pmc_wache.dir/CXX.dd
[1015/2009] Generating CXX dyndep file tests/unit/CMakeFiles/test_phase6_vorbau.dir/CXX.dd
[1016/2009] Generating CXX dyndep file tests/unit/CMakeFiles/test_parser_konsolidierung.dir/CXX.dd
[1017/2009] Generating CXX dyndep file tests/unit/CMakeFiles/test_simd_field_sum_dispatch.dir/CXX.dd
[1018/2007] Generating CXX dyndep file tests/unit/CMakeFiles/test_simd_field_sum_dispatch_avx2.dir/CXX.dd
[1019/2005] Generating CXX dyndep file tests/unit/CMakeFiles/test_simd_field_sum_dispatch_avx512.dir/CXX.dd
[1020/2003] Generating CXX dyndep file tests/unit/CMakeFiles/test_simd_add_u64_carry.dir/CXX.dd
[1021/2003] Generating CXX dyndep file tests/unit/CMakeFiles/test_simd_add_u64_carry_avx512.dir/CXX.dd
[1022/2003] Generating CXX dyndep file tests/unit/CMakeFiles/test_simd_add_u64_carry_avx2.dir/CXX.dd
[1023/2003] Generating CXX dyndep file tests/unit/CMakeFiles/test_a1_algo_version_pin_alloc_axis.dir/CXX.dd
[1024/2003] Generating CXX dyndep file tests/unit/CMakeFiles/test_reflect_versions_all17.dir/CXX.dd
[1025/2003] Generating CXX dyndep file tests/unit/CMakeFiles/test_reflect_versions_all_registered.dir/CXX.dd
[1026/2003] Generating CXX dyndep file tests/unit/CMakeFiles/test_planner_version_flag_grammatik.dir/CXX.dd
[1027/2003] Generating CXX dyndep file tests/unit/CMakeFiles/test_g3_bestandslog_lock.dir/CXX.dd
[1028/2003] Generating CXX dyndep file tests/unit/CMakeFiles/test_g3_bestandslog_document.dir/CXX.dd
[1029/2003] Generating CXX dyndep file tests/unit/CMakeFiles/test_g3_eta_estimator.dir/CXX.dd
[1030/2003] Generating CXX dyndep file tests/unit/CMakeFiles/test_g3_reservation_lifecycle.dir/CXX.dd
[1031/2003] Generating CXX dyndep file tests/unit/CMakeFiles/test_g3_batch_planner.dir/CXX.dd
[1032/2003] Generating CXX dyndep file tests/unit/CMakeFiles/test_a5_eta_kalibrierung.dir/CXX.dd
[1033/2003] Building CXX object tests/unit/CMakeFiles/comdare_r5g_autobuilt_perm_23.dir/__/__/generated/r5g_autobuilt_modules/comdare_anatomy_perm_auto_3.cpp.o
[1034/2003] Generating CXX dyndep file tests/unit/CMakeFiles/test_g3_ram_spool_writer.dir/CXX.dd
[1035/2003] Generating CXX dyndep file tests/unit/CMakeFiles/test_g3_writer_backend_io_uring.dir/CXX.dd
[1036/2003] Generating CXX dyndep file tests/unit/CMakeFiles/test_g2_variant_sidecar.dir/CXX.dd
[1037/2003] Generating CXX dyndep file tests/unit/CMakeFiles/test_bvset_teilmenge.dir/CXX.dd
[1038/2003] Generating CXX dyndep file tests/unit/CMakeFiles/test_a2_sha512_skip_gate.dir/CXX.dd
[1039/2003] Generating CXX dyndep file tests/unit/CMakeFiles/test_g3_sha512_index.dir/CXX.dd
[1040/2003] Generating CXX dyndep file tests/unit/CMakeFiles/test_g3_builder_registration.dir/CXX.dd
[1041/2003] Generating CXX dyndep file tests/unit/CMakeFiles/test_g3_takeover_sweep.dir/CXX.dd
[1042/2003] Generating CXX dyndep file tests/unit/CMakeFiles/test_lb0_lager_pfad_grammatik.dir/CXX.dd
[1043/2003] Generating CXX dyndep file tests/unit/CMakeFiles/test_lb1_knoten_heuristik_log.dir/CXX.dd
[1044/2003] Generating CXX dyndep file tests/unit/CMakeFiles/test_ge3_messwert_genus_und_ziel.dir/CXX.dd
[1045/2003] Generating CXX dyndep file tests/unit/CMakeFiles/test_ge1_claim_check_und_sidecar.dir/CXX.dd
[1046/2003] Generating CXX dyndep file tests/unit/CMakeFiles/test_g3_prune.dir/CXX.dd
[1047/2003] Generating CXX dyndep file tests/unit/CMakeFiles/test_g3_planer_driven.dir/CXX.dd
[1048/2003] Generating CXX dyndep file tests/unit/CMakeFiles/test_g3_artifact_cache_transport.dir/CXX.dd
[1049/2003] Generating CXX dyndep file tests/unit/CMakeFiles/test_fk1_nicht_gebaut_marker.dir/CXX.dd
[1050/2003] Generating CXX dyndep file tests/unit/CMakeFiles/test_a8s3_csv_klasse_c.dir/CXX.dd
[1051/2003] Generating CXX dyndep file tests/unit/CMakeFiles/test_g3_lager_presence.dir/CXX.dd
[1052/2003] Generating CXX dyndep file tests/unit/CMakeFiles/test_rf2_admission_marker_inert.dir/CXX.dd
[1053/2003] Generating CXX dyndep file tests/unit/CMakeFiles/test_m1hb_observer_zellen_ehrlich.dir/CXX.dd
[1054/2003] Generating CXX dyndep file tests/unit/CMakeFiles/test_e04_slice_marker.dir/CXX.dd
[1055/2001] Generating CXX dyndep file tests/unit/CMakeFiles/test_p_cacheline_store_line_source.dir/CXX.dd
[1056/1999] Generating CXX dyndep file tests/unit/CMakeFiles/test_b14_layout_scan_line_subaxis.dir/CXX.dd
[1057/1999] Generating CXX dyndep file tests/unit/CMakeFiles/test_b14_abi_adapter_line_subaxis_paths.dir/CXX.dd
[1058/1999] Generating CXX dyndep file tests/unit/CMakeFiles/test_a9_xlsx_vendor_rauchtest.dir/CXX.dd
[1059/1999] Generating CXX dyndep file tests/unit/CMakeFiles/test_a9s3_writeback_method_xlsx.dir/CXX.dd
[1060/1999] Generating CXX dyndep file tests/unit/CMakeFiles/test_a9s3_ergebnis_mappe_csv.dir/CXX.dd
[1061/1999] Generating CXX dyndep file tests/unit/CMakeFiles/test_a9s3_mess_ebene_blattsorte.dir/CXX.dd
[1062/1999] Generating CXX dyndep file tests/unit/CMakeFiles/test_a9s3_xlsx_ergebnis_writer.dir/CXX.dd
[1063/1999] Generating CXX dyndep file tests/unit/CMakeFiles/test_d2_abdeckungs_wache_nenner.dir/CXX.dd
[1064/1999] Generating CXX dyndep file tests/unit/CMakeFiles/test_mt_l4_registrierungs_wache_isa.dir/CXX.dd
[1065/1999] Generating CXX dyndep file tests/unit/CMakeFiles/test_a9s4_realm_scan_stale.dir/CXX.dd
[1066/1999] Generating CXX dyndep file tests/unit/CMakeFiles/test_hyg_kumulativer_bereich.dir/CXX.dd
[1067/1999] Generating CXX dyndep file tests/unit/CMakeFiles/test_a9s4_dynamic_axis_filter.dir/CXX.dd
[1068/1999] Generating CXX dyndep file tests/unit/CMakeFiles/test_d3_6_realm_selektor_produktionsablage.dir/CXX.dd
[1069/1999] Generating CXX dyndep file tests/unit/CMakeFiles/test_a9s4_skip_manifest.dir/CXX.dd
[1070/1999] Generating CXX dyndep file tests/unit/CMakeFiles/test_a9s4_mess_report_render.dir/CXX.dd
[1071/1999] Generating CXX dyndep file tests/unit/CMakeFiles/test_ms1_arenen_kein_alloc_im_fenster.dir/CXX.dd
[1072/1999] Generating CXX dyndep file tests/unit/CMakeFiles/test_lg_xlsx_alt_nie_vernichten.dir/CXX.dd
[1073/1999] Generating CXX dyndep file tests/unit/CMakeFiles/test_a9s5_ergebnis_mappe_naht.dir/CXX.dd
[1074/1999] Generating CXX dyndep file tests/unit/CMakeFiles/test_ms2_pre_touch_seitenfehler.dir/CXX.dd
[1075/1999] Generating CXX dyndep file tests/unit/CMakeFiles/ck1_naht_voll.dir/CXX.dd
[1076/1999] Generating CXX dyndep file tests/unit/CMakeFiles/ck1_naht_leer.dir/CXX.dd
[1077/1999] Generating CXX dyndep file tests/unit/CMakeFiles/test_ck1_messkette_koeder.dir/CXX.dd
[1078/1999] Generating CXX dyndep file tests/unit/CMakeFiles/test_d55_hdr_verdrahtung.dir/CXX.dd
[1079/1999] Generating CXX dyndep file tests/unit/CMakeFiles/test_check_size_mengenrechnung.dir/CXX.dd
[1080/1999] Generating CXX dyndep file tests/unit/CMakeFiles/test_naht1_mess_visitor_biss.dir/CXX.dd
[1081/1999] Generating CXX dyndep file tests/unit/CMakeFiles/test_flaeche3_deckung_ceb_aus_tier_an.dir/CXX.dd
[1082/1999] Generating CXX dyndep file tests/unit/CMakeFiles/test_warn1_d2_fingerprint_koeder.dir/CXX.dd
[1083/1999] Generating CXX dyndep file tests/unit/CMakeFiles/test_warn2a_block_id_bidirektional.dir/CXX.dd
[1084/1999] Generating CXX dyndep file tests/unit/CMakeFiles/test_d2g1_ctest_registrierung.dir/CXX.dd
[1085/1999] Generating CXX dyndep file tests/unit/CMakeFiles/test_t6_wachen_inventar.dir/CXX.dd
[1086/1999] Generating CXX dyndep file tests/unit/CMakeFiles/test_t6_biss_achsen_roundtrip_wache.dir/CXX.dd
[1087/1999] Generating CXX dyndep file tests/unit/CMakeFiles/test_t6_biss_sichtbarkeits_wache.dir/CXX.dd
[1088/1999] Generating CXX dyndep file tests/unit/CMakeFiles/test_lizenz_konsistenz.dir/CXX.dd
[1089/1999] Generating CXX dyndep file tests/unit/CMakeFiles/test_pa1_tote_ausnahme.dir/CXX.dd
[1090/1999] Generating CXX dyndep file tests/unit/CMakeFiles/test_t6_biss_registrierungs_wache.dir/CXX.dd
[1091/1999] Generating CXX dyndep file tests/unit/CMakeFiles/test_w0b_durchstich_kette.dir/CXX.dd
[1092/1999] Generating CXX dyndep file tests/unit/CMakeFiles/test_s1_stempel_basis_vertrag.dir/CXX.dd
[1093/1999] Generating CXX dyndep file tests/unit/CMakeFiles/test_vs_taxonomie_klassen_grep.dir/CXX.dd
[1094/1999] Generating CXX dyndep file tests/unit/CMakeFiles/test_anker_marke_statt_ledgerzeile.dir/CXX.dd
[1095/1999] Generating CXX dyndep file tests/unit/CMakeFiles/test_s3_ordnung_relation.dir/CXX.dd
[1096/1999] Generating CXX dyndep file tests/unit/CMakeFiles/test_stempel_vollbestand_registry.dir/CXX.dd
[1097/1999] Generating CXX dyndep file tests/unit/CMakeFiles/test_stempel_zulassung_bruecke.dir/CXX.dd
[1098/1999] Generating CXX dyndep file tests/unit/CMakeFiles/test_s3_ordnung_freigabe.dir/CXX.dd
[1099/1999] Generating CXX dyndep file tests/unit/CMakeFiles/test_k2_stufen_neutraler_loader.dir/CXX.dd
[1100/1999] Generating CXX dyndep file tests/unit/CMakeFiles/test_g2_semantik_duplikatverbot.dir/CXX.dd
[1101/1999] Generating CXX dyndep file tests/unit/CMakeFiles/test_s6c_kategorien_ordnung_zwei_welten.dir/CXX.dd
[1102/1999] Generating CXX dyndep file tests/unit/CMakeFiles/test_genus_ct_komposition.dir/CXX.dd
[1103/1999] Generating CXX dyndep file tests/unit/CMakeFiles/test_simd_organ_achsen_deckung.dir/CXX.dd
[1104/1999] Generating CXX dyndep file tests/unit/CMakeFiles/test_lg_host_binder.dir/CXX.dd
[1105/1999] Generating CXX dyndep file tests/unit/CMakeFiles/test_pk_klemm_json.dir/CXX.dd
[1106/1999] Generating CXX dyndep file tests/unit/CMakeFiles/test_lg_e2e_xlsx_facade.dir/CXX.dd
[1107/1999] Generating CXX dyndep file tests/unit/CMakeFiles/test_xl_l4_na_konkurrenz.dir/CXX.dd
[1108/1999] Generating CXX dyndep file tests/unit/CMakeFiles/test_lg_idempotenz_beide_wdh.dir/CXX.dd
[1109/1999] Generating CXX dyndep file tests/unit/CMakeFiles/test_lg_load_wache_genus_kontrast.dir/CXX.dd
[1110/1997] Generating CXX dyndep file tests/unit/CMakeFiles/test_registry_gen_out_pflicht.dir/CXX.dd
[1111/1997] Generating CXX dyndep file tests/unit/CMakeFiles/test_ci_coverage_guard_strikt.dir/CXX.dd
[1112/1997] Generating CXX dyndep file tests/unit/CMakeFiles/test_configure_enable_gnu.dir/CXX.dd
[1113/1997] Generating CXX dyndep file tests/unit/CMakeFiles/test_variant_hauswache.dir/CXX.dd
[1114/1997] Generating CXX dyndep file tests/unit/CMakeFiles/test_s19_simulation_rechnung.dir/CXX.dd
[1115/1997] Generating CXX dyndep file tests/unit/CMakeFiles/test_s8kopf_planner_kopf.dir/CXX.dd
[1116/1997] Generating CXX dyndep file tests/unit/CMakeFiles/test_t15b_retry_warmup_paar.dir/CXX.dd
[1117/1997] Generating CXX dyndep file tests/unit/CMakeFiles/test_s8_traeger_grenzwache.dir/CXX.dd
[1118/1997] Generating CXX dyndep file tests/unit/CMakeFiles/test_s13_01_csv_kind_projektion.dir/CXX.dd
[1119/1997] Generating CXX dyndep file tests/unit/CMakeFiles/test_s13_03_per_binary_mappe.dir/CXX.dd
[1120/1997] Generating CXX dyndep file tests/unit/CMakeFiles/test_s13_02_zielfilter_vier_faelle.dir/CXX.dd
[1121/1997] Generating CXX dyndep file tests/unit/CMakeFiles/test_pmc_startup_pruefung.dir/CXX.dd
[1122/1997] Generating CXX dyndep file tests/unit/CMakeFiles/test_kanal_id_schema.dir/CXX.dd
[1123/1997] Generating CXX dyndep file tests/unit/CMakeFiles/test_pmc_raw_event_katalog.dir/CXX.dd
[1124/1997] Generating CXX dyndep file tests/unit/CMakeFiles/test_bestand_schluessel_schema.dir/CXX.dd
[1125/1997] Generating CXX dyndep file tests/unit/CMakeFiles/test_begriffs_alias_registry.dir/CXX.dd
[1126/1997] Generating CXX dyndep file tests/unit/CMakeFiles/test_parameter_filter_registry_skelett.dir/CXX.dd
[1127/1997] Generating CXX dyndep file tests/unit/CMakeFiles/test_ph89_paper_prueflinge.dir/CXX.dd
[1128/1997] Generating CXX dyndep file tests/unit/CMakeFiles/test_e07_gate_kriterien.dir/CXX.dd
[1129/1997] Generating CXX dyndep file tests/unit/CMakeFiles/test_c14_lager_presence_wache.dir/CXX.dd
[1130/1997] Generating CXX dyndep file tests/unit/CMakeFiles/test_e8_bytes_in_use_peak_demo.dir/CXX.dd
[1131/1997] Generating CXX dyndep file tests/unit/CMakeFiles/test_c14_messwert_presence_wache.dir/CXX.dd
[1132/1997] Generating CXX dyndep file tests/unit/CMakeFiles/test_c13_selektiver_rebuild.dir/CXX.dd
[1133/1997] Linking CXX static library lib/libgtest_main.a
[1134/1997] Linking CXX static library lib/libgmock.a
[1135/1997] Linking CXX static library libs/cache_engine/builder/experiment_runner/libcomdare_builder_experiment_runner.a
[1136/1997] Linking CXX static library libs/cache_engine/builder/experiment_driver/libcomdare_builder_experiment_driver.a
[1137/1997] Building CXX object tests/unit/CMakeFiles/comdare_r5g_autobuilt_perm_27.dir/__/__/generated/r5g_autobuilt_modules/comdare_anatomy_perm_auto_33.cpp.o
[1138/1997] Building CXX object tests/unit/CMakeFiles/comdare_r5g_autobuilt_perm_30.dir/__/__/generated/r5g_autobuilt_modules/comdare_anatomy_perm_auto_36.cpp.o
[1139/1997] Building CXX object tests/unit/CMakeFiles/comdare_r5g_autobuilt_perm_35.dir/__/__/generated/r5g_autobuilt_modules/comdare_anatomy_perm_auto_40.cpp.o
[1140/1997] Building CXX object _deps/googletest-build/googlemock/CMakeFiles/gmock_main.dir/src/gmock_main.cc.o
[1141/1997] Building CXX object tests/unit/CMakeFiles/comdare_r5g_autobuilt_perm_34.dir/__/__/generated/r5g_autobuilt_modules/comdare_anatomy_perm_auto_4.cpp.o
[1142/1997] Building CXX object tests/unit/CMakeFiles/comdare_r5g_autobuilt_perm_33.dir/__/__/generated/r5g_autobuilt_modules/comdare_anatomy_perm_auto_39.cpp.o
[1143/1997] Building CXX object libs/cache_engine/builder/commands/tests/CMakeFiles/test_engine_adapters.dir/test_engine_adapters.cpp.o
[1144/1997] Building CXX object tests/unit/CMakeFiles/comdare_r5g_autobuilt_perm_31.dir/__/__/generated/r5g_autobuilt_modules/comdare_anatomy_perm_auto_37.cpp.o
[1145/1997] Building CXX object tests/unit/CMakeFiles/comdare_r5g_autobuilt_perm_32.dir/__/__/generated/r5g_autobuilt_modules/comdare_anatomy_perm_auto_38.cpp.o
[1146/1997] Building CXX object apps/perm_runner/CMakeFiles/comdare_perm_runner.dir/main.cpp.o
[1147/1997] Building CXX object apps/cache_engine_builder/CMakeFiles/cache_engine_builder.dir/main.cpp.o
[1148/1997] Building CXX object tests/unit/CMakeFiles/comdare_r5g_autobuilt_perm_47.dir/__/__/generated/r5g_autobuilt_modules/comdare_anatomy_perm_auto_9.cpp.o
[1149/1997] Building CXX object tests/unit/CMakeFiles/test_pressure_state.dir/test_pressure_state.cpp.o
[1150/1997] Building CXX object tests/unit/CMakeFiles/test_permutation_flags.dir/test_permutation_flags.cpp.o
[1151/1997] Building CXX object tests/unit/CMakeFiles/comdare_r5g_autobuilt_perm_36.dir/__/__/generated/r5g_autobuilt_modules/comdare_anatomy_perm_auto_41.cpp.o
[1152/1997] Building CXX object tests/unit/CMakeFiles/test_cpuid_probe.dir/test_cpuid_probe.cpp.o
[1153/1997] Building CXX object tests/unit/CMakeFiles/comdare_r5g_autobuilt_perm_43.dir/__/__/generated/r5g_autobuilt_modules/comdare_anatomy_perm_auto_5.cpp.o
[1154/1997] Building CXX object tests/unit/CMakeFiles/test_cache_recommendation.dir/test_cache_recommendation.cpp.o
[1155/1997] Building CXX object tests/unit/CMakeFiles/comdare_r5g_autobuilt_perm_39.dir/__/__/generated/r5g_autobuilt_modules/comdare_anatomy_perm_auto_44.cpp.o
[1156/1997] Building CXX object tests/unit/CMakeFiles/comdare_r5g_autobuilt_perm_37.dir/__/__/generated/r5g_autobuilt_modules/comdare_anatomy_perm_auto_42.cpp.o
[1157/1997] Building CXX object tests/unit/CMakeFiles/comdare_r5g_autobuilt_perm_40.dir/__/__/generated/r5g_autobuilt_modules/comdare_anatomy_perm_auto_45.cpp.o
[1158/1997] Building CXX object tests/unit/CMakeFiles/test_event_hierarchy.dir/test_event_hierarchy.cpp.o
[1159/1997] Building CXX object tests/unit/CMakeFiles/comdare_r5g_autobuilt_perm_38.dir/__/__/generated/r5g_autobuilt_modules/comdare_anatomy_perm_auto_43.cpp.o
[1160/1997] Building CXX object libs/cache_engine/builder/commands/tests/CMakeFiles/test_commands.dir/test_commands.cpp.o
[1161/1997] Building CXX object tests/unit/CMakeFiles/test_decision_lambda_registry.dir/test_decision_lambda_registry.cpp.o
[1162/1997] Building CXX object tests/unit/CMakeFiles/comdare_r5g_autobuilt_perm_44.dir/__/__/generated/r5g_autobuilt_modules/comdare_anatomy_perm_auto_6.cpp.o
[1163/1997] Building CXX object tests/unit/CMakeFiles/test_observer_registry.dir/test_observer_registry.cpp.o
[1164/1997] Building CXX object tests/unit/CMakeFiles/comdare_r5g_autobuilt_perm_41.dir/__/__/generated/r5g_autobuilt_modules/comdare_anatomy_perm_auto_46.cpp.o
[1165/1997] Building CXX object tests/unit/CMakeFiles/comdare_r5g_autobuilt_perm_42.dir/__/__/generated/r5g_autobuilt_modules/comdare_anatomy_perm_auto_47.cpp.o
[1166/1997] Building CXX object tests/unit/CMakeFiles/test_decision_trees.dir/test_decision_trees.cpp.o
[1167/1997] Building CXX object tests/unit/CMakeFiles/comdare_r5g_autobuilt_perm_45.dir/__/__/generated/r5g_autobuilt_modules/comdare_anatomy_perm_auto_7.cpp.o
[1168/1997] Building CXX object tests/unit/CMakeFiles/comdare_r5g_autobuilt_perm_46.dir/__/__/generated/r5g_autobuilt_modules/comdare_anatomy_perm_auto_8.cpp.o
[1169/1997] Building CXX object tests/unit/CMakeFiles/test_cache_hierarchy_and_mode.dir/test_cache_hierarchy_and_mode.cpp.o
[1170/1997] Building CXX object tests/unit/CMakeFiles/test_telemetry_strategies.dir/test_telemetry_strategies.cpp.o
[1171/1997] Building CXX object tests/unit/CMakeFiles/test_concurrency_disciplines.dir/test_concurrency_disciplines.cpp.o
[1172/1997] Building CXX object tests/unit/CMakeFiles/test_platform_concepts.dir/test_platform_concepts.cpp.o
[1173/1997] Building CXX object tests/unit/CMakeFiles/test_sub_engines.dir/test_sub_engines.cpp.o
[1174/1997] Building CXX object tests/unit/CMakeFiles/test_allocator_concepts.dir/test_allocator_concepts.cpp.o
[1175/1997] Building CXX object tests/unit/CMakeFiles/test_measurement_buffer.dir/test_measurement_buffer.cpp.o
[1176/1997] Building CXX object tests/unit/CMakeFiles/test_test_data_accumulation.dir/test_test_data_accumulation.cpp.o
[1177/1997] Building CXX object apps/f15_compare/CMakeFiles/comdare_f15_compare_cli.dir/main.cpp.o
[1178/1997] Building CXX object tests/unit/CMakeFiles/test_config_durability.dir/test_config_durability.cpp.o
[1179/1997] Building CXX object tests/unit/CMakeFiles/test_abi_interface.dir/test_abi_interface.cpp.o
[1180/1997] Building CXX object tests/unit/CMakeFiles/test_benchmark_suite.dir/test_benchmark_suite.cpp.o
[1181/1997] Building CXX object tests/unit/CMakeFiles/test_experiment_driver_v13.dir/test_experiment_driver_v13.cpp.o
[1182/1997] Building CXX object tests/unit/CMakeFiles/test_permutation_sampling.dir/test_permutation_sampling.cpp.o
[1183/1997] Building CXX object tests/unit/CMakeFiles/test_builder_codegen.dir/test_builder_codegen.cpp.o
[1184/1997] Building CXX object tests/unit/CMakeFiles/test_rcu_concurrency.dir/test_rcu_concurrency.cpp.o
[1185/1997] Building CXX object tests/unit/CMakeFiles/test_ycsb_cli.dir/test_ycsb_cli.cpp.o
[1186/1997] Building CXX object tests/unit/CMakeFiles/test_rcu.dir/test_rcu.cpp.o
[1187/1997] Building CXX object tests/unit/CMakeFiles/test_latex_anhang.dir/test_latex_anhang.cpp.o
[1188/1997] Building CXX object tests/unit/CMakeFiles/test_module_loader.dir/test_module_loader.cpp.o
[1189/1997] Building CXX object tests/unit/CMakeFiles/test_v41_indexes.dir/test_v41_indexes.cpp.o
[1190/1997] Building CXX object tests/unit/CMakeFiles/test_chaos_drift_gate.dir/test_chaos_drift_gate.cpp.o
[1191/1997] Building CXX object tests/unit/CMakeFiles/test_workload_and_experiment.dir/test_workload_and_experiment.cpp.o
[1192/1997] Building CXX object tests/unit/CMakeFiles/test_codegen_from_profile.dir/test_codegen_from_profile.cpp.o
[1193/1997] Building CXX object tests/unit/CMakeFiles/test_succinct.dir/test_succinct.cpp.o
[1194/1997] Building CXX object tests/unit/CMakeFiles/test_hbm_hierarchy.dir/test_hbm_hierarchy.cpp.o
[1195/1997] Building CXX object tests/unit/CMakeFiles/test_v31_adapters.dir/test_v31_adapters.cpp.o
[1196/1997] Building CXX object tests/unit/CMakeFiles/test_ctsha512.dir/test_ctsha512.cpp.o
[1197/1997] Building CXX object tests/unit/CMakeFiles/test_v41_topics_fundament.dir/test_v41_topics_fundament.cpp.o
[1198/1997] Building CXX object tests/unit/CMakeFiles/test_v41_compositions.dir/test_v41_compositions.cpp.o
[1199/1997] Linking CXX static library tests/unit/comdare_anatomy_perm_hot_pilot.a
[1200/1997] Building CXX object tests/unit/CMakeFiles/test_v41_anatomy_r4_driver.dir/test_v41_anatomy_r4_driver.cpp.o
[1201/1997] Linking CXX shared library tests/unit/comdare_anatomy_perm_wormhole_pilot.so
[1202/1997] Building CXX object tests/unit/CMakeFiles/test_v41_anatomy.dir/test_v41_anatomy.cpp.o
[1203/1997] Linking CXX shared library generated/anatomy_modules_multi/comdare_anatomy_perm_anatomy_multi_pilot_0.so
[1204/1997] Building CXX object tests/unit/CMakeFiles/test_ap7_swisstable.dir/test_ap7_swisstable.cpp.o
[1205/1997] Linking CXX shared library generated/anatomy_modules_multi/comdare_anatomy_perm_anatomy_multi_pilot_1.so
[1206/1997] Linking CXX shared library generated/anatomy_modules_multi/comdare_anatomy_perm_anatomy_multi_pilot_2.so
[1207/1997] Building CXX object tests/unit/CMakeFiles/test_v41_anatomy_pruefling_merge.dir/test_v41_anatomy_pruefling_merge.cpp.o
[1208/1997] Linking CXX shared library generated/anatomy_modules_multi/comdare_anatomy_perm_anatomy_multi_pilot_3.so
[1209/1997] Linking CXX shared library generated/anatomy_modules_multi/comdare_anatomy_perm_anatomy_multi_pilot_4.so
[1210/1997] Linking CXX shared library generated/anatomy_modules_multi/comdare_anatomy_perm_anatomy_multi_pilot_5.so
[1211/1997] Building CXX object tests/unit/CMakeFiles/test_vampir_nfp_allocator.dir/thesis_tiere/test_vampir_nfp_allocator.cpp.o
[1212/1997] Building CXX object tests/unit/CMakeFiles/test_v41_axis_03a_cross_variant_equivalence.dir/test_v41_axis_03a_cross_variant_equivalence.cpp.o
[1213/1997] Building CXX object tests/unit/CMakeFiles/test_v41_anatomy_observer.dir/test_v41_anatomy_observer.cpp.o
[1214/1997] Building CXX object tests/unit/CMakeFiles/test_ap8_hdr_histogram.dir/test_ap8_hdr_histogram.cpp.o
[1215/1997] Building CXX object tests/unit/CMakeFiles/test_v41_tier_observe_trace.dir/test_v41_tier_observe_trace.cpp.o
[1216/1997] Building CXX object tests/unit/CMakeFiles/test_ap7b_swiss_organ.dir/test_ap7b_swiss_organ.cpp.o
[1217/1997] Building CXX object tests/unit/CMakeFiles/test_ap7b3_swiss_isa_group_match.dir/test_ap7b3_swiss_isa_group_match.cpp.o
[1218/1997] Building CXX object tests/unit/CMakeFiles/test_t15_drift_gate_messschleife.dir/test_t15_drift_gate_messschleife.cpp.o
[1219/1997] Building CXX object tests/unit/CMakeFiles/test_v41_anatomy_multi_codegen.dir/test_v41_anatomy_multi_codegen.cpp.o
[1220/1997] Building CXX object tests/unit/CMakeFiles/test_v41_execution_engine.dir/test_v41_execution_engine.cpp.o
[1221/1997] Building CXX object tests/unit/CMakeFiles/test_v41_anatomy_codegen_tool.dir/test_v41_anatomy_codegen_tool.cpp.o
[1222/1997] Building CXX object tests/unit/CMakeFiles/test_v41_axis_05_memory_layout.dir/test_v41_axis_05_memory_layout.cpp.o
[1223/1997] Building CXX object tests/unit/CMakeFiles/test_v41_anatomy_codegen_tool_mp_list.dir/test_v41_anatomy_codegen_tool_mp_list.cpp.o
[1224/1997] Building CXX object tests/unit/CMakeFiles/test_v41_anatomy_codegen_tool_traits.dir/test_v41_anatomy_codegen_tool_traits.cpp.o
[1225/1997] Building CXX object tests/unit/CMakeFiles/test_v41_axis_12_general_hardware.dir/test_v41_axis_12_general_hardware.cpp.o
[1226/1997] Building CXX object tests/unit/CMakeFiles/test_v41_axis_07_prefetch.dir/test_v41_axis_07_prefetch.cpp.o
[1227/1997] Building CXX object tests/unit/CMakeFiles/test_v41_workload_generator.dir/test_v41_workload_generator.cpp.o
[1228/1997] Building CXX object tests/unit/CMakeFiles/test_v41_axis_02_axis_04_nodes.dir/test_v41_axis_02_axis_04_nodes.cpp.o
[1229/1997] Building CXX object tests/unit/CMakeFiles/test_v41_axis_11_telemetry.dir/test_v41_axis_11_telemetry.cpp.o
[1230/1997] Building CXX object tests/unit/CMakeFiles/test_v41_anatomy_base.dir/test_v41_anatomy_base.cpp.o
[1231/1997] Building CXX object tests/unit/CMakeFiles/test_allocator_full_matrix.dir/test_allocator_full_matrix.cpp.o
[1232/1997] Building CXX object tests/unit/CMakeFiles/test_v41_anatomy_module_loader.dir/test_v41_anatomy_module_loader.cpp.o
[1233/1997] Building CXX object tests/unit/CMakeFiles/test_v41_anatomy_codegen.dir/test_v41_anatomy_codegen.cpp.o
[1234/1997] Building CXX object tests/unit/CMakeFiles/test_v41_paper_legacy_code.dir/test_v41_paper_legacy_code.cpp.o
[1235/1997] Building CXX object tests/unit/CMakeFiles/test_v41_axis_10_serialization.dir/test_v41_axis_10_serialization.cpp.o
[1236/1997] Building CXX object tests/unit/CMakeFiles/test_v41_axis_01_page_type.dir/test_v41_axis_01_page_type.cpp.o
[1237/1997] Linking CXX shared library generated/r5i_anatomy_modules/comdare_anatomy_perm_r5i_configure_pilot_0.so
[1238/1997] Linking CXX shared library generated/r5i_anatomy_modules/comdare_anatomy_perm_r5i_configure_pilot_1.so
[1239/1997] Linking CXX shared library generated/r5i_anatomy_modules/comdare_anatomy_perm_r5i_configure_pilot_2.so
[1240/1997] Building CXX object tests/unit/CMakeFiles/test_v41_axis_14_value_handle.dir/test_v41_axis_14_value_handle.cpp.o
[1241/1997] Linking CXX shared library generated/f15_measurement_modules/comdare_anatomy_perm_f15_measurement_pilot_0.so
[1242/1997] Linking CXX shared library generated/f15_measurement_modules/comdare_anatomy_perm_f15_measurement_pilot_1.so
[1243/1997] Building CXX object tests/unit/CMakeFiles/test_v41_status_code.dir/test_v41_status_code.cpp.o
[1244/1997] Building CXX object tests/unit/CMakeFiles/test_v41_pruefling_registry.dir/test_v41_pruefling_registry.cpp.o
[1245/1997] Building CXX object tests/unit/CMakeFiles/test_v41_axis_08_concurrency.dir/test_v41_axis_08_concurrency.cpp.o
[1246/1997] Building CXX object tests/unit/CMakeFiles/test_pruefling_fixture_ladung.dir/__/pruefling_fixture/test_pruefling_fixture_ladung.cpp.o
[1247/1997] Building CXX object tests/unit/CMakeFiles/test_v41_anatomy_module_abi.dir/test_v41_anatomy_module_abi.cpp.o
[1248/1997] Building CXX object tests/unit/CMakeFiles/test_v41_serialization_primitives.dir/test_v41_serialization_primitives.cpp.o
[1249/1997] Building CXX object tests/unit/CMakeFiles/test_v41_axis_03a_tier_organ_equivalence.dir/test_v41_axis_03a_tier_organ_equivalence.cpp.o
[1250/1997] Building CXX object tests/unit/CMakeFiles/test_v41_axis_filter_surf_organ.dir/test_v41_axis_filter_surf_organ.cpp.o
[1251/1997] Building CXX object tests/unit/CMakeFiles/test_v41_axis_migration.dir/test_v41_axis_migration.cpp.o
[1252/1997] Building CXX object tests/unit/CMakeFiles/test_v41_axis_filter.dir/test_v41_axis_filter.cpp.o
[1253/1997] Building CXX object tests/unit/CMakeFiles/test_v41_axis_io.dir/test_v41_axis_io.cpp.o
[1254/1997] Building CXX object tests/unit/CMakeFiles/test_v41_axis_01_index_organization.dir/test_v41_axis_01_index_organization.cpp.o
[1255/1997] Building CXX object tests/unit/CMakeFiles/test_v41_axis_09_isa.dir/test_v41_axis_09_isa.cpp.o
[1256/1997] Building CXX object tests/unit/CMakeFiles/test_v41_r5c3_isa_simd_cross_constraint.dir/test_v41_r5c3_isa_simd_cross_constraint.cpp.o
[1257/1997] Building CXX object tests/unit/CMakeFiles/test_v5_memento_axis.dir/test_v5_memento_axis.cpp.o
[1258/1997] Building CXX object tests/unit/CMakeFiles/test_v41_anatomy_r5i_configure_codegen.dir/test_v41_anatomy_r5i_configure_codegen.cpp.o
[1259/1997] Building CXX object tests/unit/CMakeFiles/test_v5_conformance_gate.dir/test_v5_conformance_gate.cpp.o
[1260/1997] Building CXX object tests/unit/CMakeFiles/test_v5_two_phase_driver.dir/test_v5_two_phase_driver.cpp.o
[1261/1997] Building CXX object tests/unit/CMakeFiles/test_v41_search_algorithm_permutation_engine.dir/test_v41_search_algorithm_permutation_engine.cpp.o
[1262/1997] Building CXX object tests/unit/CMakeFiles/test_v41_axis_filter_surf_louds_organ.dir/test_v41_axis_filter_surf_louds_organ.cpp.o
[1263/1997] Building CXX object tests/unit/CMakeFiles/test_v41_axis_09b_simd_extension.dir/test_v41_axis_09b_simd_extension.cpp.o
[1264/1997] Building CXX object tests/unit/CMakeFiles/test_v5_workload_orchestrator.dir/test_v5_workload_orchestrator.cpp.o
[1265/1997] Building CXX object tests/unit/CMakeFiles/test_v5_measurement_snapshot.dir/test_v5_measurement_snapshot.cpp.o
[1266/1997] Building CXX object tests/unit/CMakeFiles/test_184_dataset_loader_wiring.dir/test_184_dataset_loader_wiring.cpp.o
[1267/1997] Building CXX object tests/unit/CMakeFiles/test_25_kanon_dataset_akten.dir/test_25_kanon_dataset_akten.cpp.o
[1268/1997] Building CXX object tests/unit/CMakeFiles/test_v5_ycsb_distribution.dir/test_v5_ycsb_distribution.cpp.o
[1269/1997] Building CXX object tests/unit/CMakeFiles/test_v5_disk_memento.dir/test_v5_disk_memento.cpp.o
[1270/1997] Building CXX object tests/unit/CMakeFiles/test_ap9_provenance_manifest.dir/test_ap9_provenance_manifest.cpp.o
[1271/1997] Building CXX object tests/unit/CMakeFiles/test_ap10_dataset_akte.dir/test_ap10_dataset_akte.cpp.o
[1272/1997] Linking CXX shared library generated/r5g_autobuilt_modules/comdare_anatomy_perm_auto_0.so
[1273/1997] Linking CXX shared library generated/r5g_autobuilt_modules/comdare_anatomy_perm_auto_1.so
[1274/1997] Building CXX object tests/unit/CMakeFiles/test_ap13_thread_pinning.dir/test_ap13_thread_pinning.cpp.o
[1275/1997] Linking CXX shared library generated/r5g_autobuilt_modules/comdare_anatomy_perm_auto_2.so
[1276/1997] Linking CXX shared library generated/r5g_autobuilt_modules/comdare_anatomy_perm_auto_4.so
[1277/1997] Linking CXX shared library generated/r5g_autobuilt_modules/comdare_anatomy_perm_auto_5.so
[1278/1997] Linking CXX shared library generated/r5g_autobuilt_modules/comdare_anatomy_perm_auto_3.so
[1279/1997] Linking CXX shared library generated/r5g_autobuilt_modules/comdare_anatomy_perm_auto_7.so
[1280/1997] Linking CXX shared library generated/r5g_autobuilt_modules/comdare_anatomy_perm_auto_6.so
[1281/1997] Linking CXX shared library generated/r5g_autobuilt_modules/comdare_anatomy_perm_auto_8.so
[1282/1997] Linking CXX shared library generated/r5g_autobuilt_modules/comdare_anatomy_perm_auto_9.so
[1283/1997] Linking CXX shared library generated/r5g_autobuilt_modules/comdare_anatomy_perm_auto_11.so
[1284/1997] Linking CXX shared library generated/r5g_autobuilt_modules/comdare_anatomy_perm_auto_10.so
[1285/1997] Linking CXX shared library generated/r5g_autobuilt_modules/comdare_anatomy_perm_auto_12.so
[1286/1997] Building CXX object tests/unit/CMakeFiles/test_d54_trace_schema.dir/test_d54_trace_schema.cpp.o
[1287/1997] Linking CXX shared library generated/r5g_autobuilt_modules/comdare_anatomy_perm_auto_13.so
[1288/1997] Linking CXX shared library generated/r5g_autobuilt_modules/comdare_anatomy_perm_auto_14.so
[1289/1997] Building CXX object tests/unit/CMakeFiles/test_45_sosd_uint64_loader.dir/test_45_sosd_uint64_loader.cpp.o
[1290/1997] Linking CXX shared library generated/r5g_autobuilt_modules/comdare_anatomy_perm_auto_16.so
[1291/1997] Linking CXX shared library generated/r5g_autobuilt_modules/comdare_anatomy_perm_auto_15.so
[1292/1997] Linking CXX shared library generated/r5g_autobuilt_modules/comdare_anatomy_perm_auto_20.so
[1293/1997] Building CXX object tests/unit/CMakeFiles/test_heuristik_spline_break_even.dir/test_heuristik_spline_break_even.cpp.o
[1294/1997] Linking CXX shared library generated/r5g_autobuilt_modules/comdare_anatomy_perm_auto_19.so
[1295/1997] Linking CXX shared library generated/r5g_autobuilt_modules/comdare_anatomy_perm_auto_17.so
[1296/1997] Linking CXX shared library generated/r5g_autobuilt_modules/comdare_anatomy_perm_auto_18.so
[1297/1997] Building CXX object tests/unit/CMakeFiles/test_v5_organ_memento.dir/test_v5_organ_memento.cpp.o
[1298/1997] Building CXX object tests/unit/CMakeFiles/test_v41_codegen_type_name.dir/test_v41_codegen_type_name.cpp.o
[1299/1997] Linking CXX shared library generated/r5g_autobuilt_modules/comdare_anatomy_perm_auto_22.so
[1300/1997] Linking CXX shared library generated/r5g_autobuilt_modules/comdare_anatomy_perm_auto_21.so
[1301/1997] Linking CXX shared library generated/r5g_autobuilt_modules/comdare_anatomy_perm_auto_24.so
[1302/1997] Linking CXX shared library generated/r5g_autobuilt_modules/comdare_anatomy_perm_auto_26.so
[1303/1997] Linking CXX shared library generated/r5g_autobuilt_modules/comdare_anatomy_perm_auto_23.so
[1304/1997] Building CXX object tests/unit/CMakeFiles/test_v41_pruef_dock_search_algorithm.dir/test_v41_pruef_dock_search_algorithm.cpp.o
[1305/1997] Linking CXX shared library generated/r5g_autobuilt_modules/comdare_anatomy_perm_auto_27.so
[1306/1997] Linking CXX shared library generated/r5g_autobuilt_modules/comdare_anatomy_perm_auto_28.so
[1307/1997] Linking CXX shared library generated/r5g_autobuilt_modules/comdare_anatomy_perm_auto_25.so
[1308/1997] Linking CXX shared library generated/r5g_autobuilt_modules/comdare_anatomy_perm_auto_31.so
[1309/1997] Linking CXX shared library generated/r5g_autobuilt_modules/comdare_anatomy_perm_auto_32.so
[1310/1997] Linking CXX shared library generated/r5g_autobuilt_modules/comdare_anatomy_perm_auto_30.so
[1311/1997] Linking CXX shared library generated/r5g_autobuilt_modules/comdare_anatomy_perm_auto_33.so
[1312/1997] Linking CXX shared library generated/r5g_autobuilt_modules/comdare_anatomy_perm_auto_36.so
[1313/1997] Linking CXX shared library generated/r5g_autobuilt_modules/comdare_anatomy_perm_auto_29.so
[1314/1997] Linking CXX shared library generated/r5g_autobuilt_modules/comdare_anatomy_perm_auto_34.so
[1315/1997] Linking CXX shared library generated/r5g_autobuilt_modules/comdare_anatomy_perm_auto_40.so
[1316/1997] Linking CXX shared library generated/r5g_autobuilt_modules/comdare_anatomy_perm_auto_37.so
[1317/1997] Linking CXX shared library generated/r5g_autobuilt_modules/comdare_anatomy_perm_auto_35.so
[1318/1997] Linking CXX shared library generated/r5g_autobuilt_modules/comdare_anatomy_perm_auto_41.so
[1319/1997] Linking CXX shared library generated/r5g_autobuilt_modules/comdare_anatomy_perm_auto_38.so
[1320/1997] Linking CXX shared library generated/r5g_autobuilt_modules/comdare_anatomy_perm_auto_44.so
[1321/1997] Linking CXX shared library generated/r5g_autobuilt_modules/comdare_anatomy_perm_auto_39.so
[1322/1997] Linking CXX shared library generated/r5g_autobuilt_modules/comdare_anatomy_perm_auto_45.so
[1323/1997] Linking CXX shared library generated/r5g_autobuilt_modules/comdare_anatomy_perm_auto_46.so
[1324/1997] Building CXX object tests/unit/CMakeFiles/test_d51_perzentil_kanon.dir/test_d51_perzentil_kanon.cpp.o
[1325/1997] Linking CXX shared library generated/r5g_autobuilt_modules/comdare_anatomy_perm_auto_43.so
[1326/1997] Linking CXX shared library generated/r5g_autobuilt_modules/comdare_anatomy_perm_auto_42.so
[1327/1997] Linking CXX shared library generated/r5g_autobuilt_modules/comdare_anatomy_perm_auto_47.so
[1328/1997] Building CXX object tests/unit/CMakeFiles/test_v41_anatomy_adhoc_codegen_macro.dir/test_v41_anatomy_adhoc_codegen_macro.cpp.o
[1329/1997] Building CXX object tests/unit/CMakeFiles/test_v5_ycsb_op_set.dir/test_v5_ycsb_op_set.cpp.o
[1330/1997] Building CXX object tests/unit/CMakeFiles/test_v41_topic_queuing.dir/test_v41_topic_queuing.cpp.o
[1331/1997] Building CXX object tests/unit/CMakeFiles/test_heuristik_workload_cluster.dir/test_heuristik_workload_cluster.cpp.o
[1332/1997] Building CXX object tests/unit/CMakeFiles/test_v41_scan_range_organ.dir/test_v41_scan_range_organ.cpp.o
[1333/1997] Building CXX object tests/unit/CMakeFiles/test_hy_a1_heuristik_adapter_gattung.dir/test_hy_a1_heuristik_adapter_gattung.cpp.o
[1334/1997] Building CXX object tests/unit/CMakeFiles/test_v41_cache_engine_tools_facade.dir/test_v41_cache_engine_tools_facade.cpp.o
[1335/1997] Building CXX object tests/unit/CMakeFiles/test_hy_a1_attach_nur_array_include.dir/test_hy_a1_attach_nur_array_include.cpp.o
[1336/1997] Building CXX object tests/unit/CMakeFiles/test_v41_topic_allocator_axis_06.dir/test_v41_topic_allocator_axis_06.cpp.o
[1337/1997] Building CXX object tests/unit/CMakeFiles/test_v41_anatomy_adhoc_dll_load.dir/test_v41_anatomy_adhoc_dll_load.cpp.o
[1338/1997] Building CXX object tests/unit/CMakeFiles/test_q2_identitaets_riegel.dir/test_q2_identitaets_riegel.cpp.o
[1339/1997] Building CXX object tests/unit/CMakeFiles/test_hy_a3_hybrid_config_parser.dir/test_hy_a3_hybrid_config_parser.cpp.o
[1340/1997] Building CXX object tests/unit/CMakeFiles/test_d14c_e2e_pipeline.dir/test_d14c_e2e_pipeline.cpp.o
[1341/1997] Building CXX object tests/unit/CMakeFiles/test_v41_anatomy_adhoc_autobuilt_load.dir/test_v41_anatomy_adhoc_autobuilt_load.cpp.o
[1342/1997] Building CXX object tests/unit/CMakeFiles/test_d14_result_ingest.dir/test_d14_result_ingest.cpp.o
[1343/1997] Building CXX object tests/unit/CMakeFiles/test_d14b_perm_runner.dir/test_d14b_perm_runner.cpp.o
[1344/1997] Building CXX object tests/unit/CMakeFiles/test_hy_a1_dock_contract.dir/test_hy_a1_dock_contract.cpp.o
[1345/1997] Building CXX object tests/unit/CMakeFiles/test_hy_a2_stempel_kette.dir/test_hy_a2_stempel_kette.cpp.o
[1346/1997] Building CXX object tests/unit/CMakeFiles/test_pruef_only_gate.dir/test_pruef_only_gate.cpp.o
[1347/1997] Building CXX object tests/unit/CMakeFiles/test_v41_cache_engine_facade.dir/test_v41_cache_engine_facade.cpp.o
[1348/1997] Building CXX object tests/unit/CMakeFiles/test_hy_f8_reroute.dir/test_hy_f8_reroute.cpp.o
[1349/1997] Building CXX object tests/unit/CMakeFiles/test_v41_anatomy_f15_measurement.dir/test_v41_anatomy_f15_measurement.cpp.o
[1350/1997] Building CXX object tests/unit/CMakeFiles/test_kf9_experiment_tree.dir/test_kf9_experiment_tree.cpp.o
[1351/1997] Building CXX object tests/unit/CMakeFiles/test_45_parallel_measure_loop.dir/test_45_parallel_measure_loop.cpp.o
[1352/1997] Building CXX object tests/unit/CMakeFiles/test_a15_fk3_axis_error_traits.dir/test_a15_fk3_axis_error_traits.cpp.o
[1353/1997] Building CXX object tests/unit/CMakeFiles/test_d1_d2_selection.dir/test_d1_d2_selection.cpp.o
[1354/1997] Building CXX object tests/unit/CMakeFiles/test_kf1_thesis_profile_parser.dir/test_kf1_thesis_profile_parser.cpp.o
[1355/1997] Building CXX object tests/unit/CMakeFiles/test_s2_pull_tier_binary.dir/test_s2_pull_tier_binary.cpp.o
[1356/1997] Building CXX object tests/unit/CMakeFiles/test_v41_codegen_all_axes_umbrella.dir/test_v41_codegen_all_axes_umbrella.cpp.o
[1357/1997] Building CXX object tests/unit/CMakeFiles/test_a15_fk4_organ_slot_traits.dir/test_a15_fk4_organ_slot_traits.cpp.o
[1358/1997] Building CXX object tests/unit/CMakeFiles/test_striktheit_axis_dach_guard.dir/test_striktheit_axis_dach_guard.cpp.o
[1359/1997] Building CXX object tests/unit/CMakeFiles/test_29_container_framework.dir/test_29_container_framework.cpp.o
[1360/1997] Building CXX object tests/unit/CMakeFiles/test_ap15_3_driveable_map_contract.dir/test_ap15_3_driveable_map_contract.cpp.o
[1361/1997] Building CXX object tests/unit/CMakeFiles/test_w6_parallel_provision.dir/test_w6_parallel_provision.cpp.o
[1362/1997] Building CXX object tests/unit/CMakeFiles/test_v41_topic_traversal.dir/test_v41_topic_traversal.cpp.o
[1363/1997] Building CXX object tests/unit/CMakeFiles/test_axis_error_taxonomy.dir/test_axis_error_taxonomy.cpp.o
[1364/1997] Building CXX object tests/unit/CMakeFiles/test_a8s1_t17_vollzaehligkeit.dir/test_a8s1_t17_vollzaehligkeit.cpp.o
[1365/1997] Building CXX object tests/unit/CMakeFiles/test_kf16b_build_resilience.dir/test_kf16b_build_resilience.cpp.o
[1366/1997] Building CXX object tests/unit/CMakeFiles/test_188_4bb0_pool_organ_wide_key_conformance.dir/test_188_4bb0_pool_organ_wide_key_conformance.cpp.o
[1367/1997] Building CXX object tests/unit/CMakeFiles/test_kf16_build_orchestrator.dir/test_kf16_build_orchestrator.cpp.o
[1368/1997] Building CXX object tests/unit/CMakeFiles/test_striktheit_metaprog_guard.dir/test_striktheit_metaprog_guard.cpp.o
[1369/1997] Building CXX object tests/unit/CMakeFiles/test_striktheit_abi_pod_guard.dir/test_striktheit_abi_pod_guard.cpp.o
[1370/1997] Building CXX object tests/unit/CMakeFiles/test_meta_meta_halbordnung.dir/test_meta_meta_halbordnung.cpp.o
[1371/1997] Building CXX object tests/unit/CMakeFiles/test_a14_os_sub_axes_guard.dir/test_a14_os_sub_axes_guard.cpp.o
[1372/1997] Building CXX object tests/unit/CMakeFiles/test_striktheit_scan_kernel_purity.dir/test_striktheit_scan_kernel_purity.cpp.o
[1373/1997] Building CXX object tests/unit/CMakeFiles/test_cmd1_a_axis_command_base.dir/test_cmd1_a_axis_command_base.cpp.o
[1374/1997] Building CXX object tests/unit/CMakeFiles/test_striktheit_axes_guard.dir/test_striktheit_axes_guard.cpp.o
[1375/1997] Building CXX object tests/unit/CMakeFiles/test_s7_1_bst_pool_allocator_deg.dir/test_s7_1_bst_pool_allocator_deg.cpp.o
[1376/1997] Building CXX object tests/unit/CMakeFiles/test_seg_coverage.dir/test_seg_coverage.cpp.o
[1377/1997] Building CXX object tests/unit/CMakeFiles/test_a8s3_t17_stats_lesezeitpunkt.dir/test_a8s3_t17_stats_lesezeitpunkt.cpp.o
[1378/1997] Building CXX object tests/unit/CMakeFiles/test_s7_2_btree_pool_allocator_deg.dir/test_s7_2_btree_pool_allocator_deg.cpp.o
[1379/1997] Building CXX object tests/unit/CMakeFiles/test_ap15_2_get_allocator_proxy.dir/test_ap15_2_get_allocator_proxy.cpp.o
[1380/1997] Building CXX object tests/unit/CMakeFiles/test_e24_c10_g6_identitaets_bilanz.dir/test_e24_c10_g6_identitaets_bilanz.cpp.o
[1381/1997] Building CXX object tests/unit/CMakeFiles/test_obs_phaseB_pilot.dir/test_obs_phaseB_pilot.cpp.o
[1382/1997] Building CXX object tests/unit/CMakeFiles/test_all19_segment_timer.dir/test_all19_segment_timer.cpp.o
[1383/1997] Building CXX object tests/unit/CMakeFiles/test_234_va_shaped_adapter.dir/test_234_va_shaped_adapter.cpp.o
[1384/1997] Building CXX object tests/unit/CMakeFiles/test_234_f1_btree_order_shape.dir/test_234_f1_btree_order_shape.cpp.o
[1385/1997] Building CXX object tests/unit/CMakeFiles/test_s7_4_hash_pool_allocator_deg.dir/test_s7_4_hash_pool_allocator_deg.cpp.o
[1386/1997] Building CXX object tests/unit/CMakeFiles/test_obs_phaseA.dir/test_obs_phaseA.cpp.o
[1387/1997] Building CXX object tests/unit/CMakeFiles/test_234_f3_bst_shape.dir/test_234_f3_bst_shape.cpp.o
[1388/1997] Building CXX object tests/unit/CMakeFiles/test_234_f2_skip_list_shape.dir/test_234_f2_skip_list_shape.cpp.o
[1389/1997] Building CXX object tests/unit/CMakeFiles/test_234_f4_hash_probe_shape.dir/test_234_f4_hash_probe_shape.cpp.o
[1390/1997] Building CXX object tests/unit/CMakeFiles/test_188_4a_eytzinger_organ.dir/test_188_4a_eytzinger_organ.cpp.o
[1391/1997] Building CXX object tests/unit/CMakeFiles/test_s7_9_surf_pool_allocator_deg.dir/test_s7_9_surf_pool_allocator_deg.cpp.o
[1392/1997] Building CXX object tests/unit/CMakeFiles/test_216h2_stat_reset_after_load.dir/test_216h2_stat_reset_after_load.cpp.o
[1393/1997] Building CXX object tests/unit/CMakeFiles/test_s7_5_art_pool_allocator_deg.dir/test_s7_5_art_pool_allocator_deg.cpp.o
[1394/1997] Building CXX object tests/unit/CMakeFiles/test_s7_6_hot_pool_allocator_deg.dir/test_s7_6_hot_pool_allocator_deg.cpp.o
[1395/1997] Building CXX object tests/unit/CMakeFiles/test_s7_8_wormhole_pool_allocator_deg.dir/test_s7_8_wormhole_pool_allocator_deg.cpp.o
[1396/1997] Building CXX object tests/unit/CMakeFiles/test_s7_3_skip_list_pool_allocator_deg.dir/test_s7_3_skip_list_pool_allocator_deg.cpp.o
[1397/1997] Building CXX object tests/unit/CMakeFiles/test_221_rc_prefetch_distance.dir/test_221_rc_prefetch_distance.cpp.o
[1398/1997] Building CXX object tests/unit/CMakeFiles/test_abi_adapter_g3_batch2.dir/test_abi_adapter_g3_batch2.cpp.o
[1399/1997] Building CXX object tests/unit/CMakeFiles/test_234_vb_rest_families_shaped.dir/test_234_vb_rest_families_shaped.cpp.o
[1400/1997] Building CXX object tests/unit/CMakeFiles/test_s7_10_swiss_pool_allocator_deg.dir/test_s7_10_swiss_pool_allocator_deg.cpp.o
[1401/1997] Building CXX object tests/unit/CMakeFiles/test_s7_7_start_pool_allocator_deg.dir/test_s7_7_start_pool_allocator_deg.cpp.o
[1402/1997] Building CXX object tests/unit/CMakeFiles/test_axis_kind_wire_totalitaet.dir/test_axis_kind_wire_totalitaet.cpp.o
[1403/1997] Building CXX object tests/unit/CMakeFiles/test_217_2a_capacity_guard.dir/test_217_2a_capacity_guard.cpp.o
[1404/1997] Building CXX object tests/unit/CMakeFiles/test_axis_kind_kategorien_zuordnung.dir/test_axis_kind_kategorien_zuordnung.cpp.o
/home/comdare/Projekte/Research/probst-diplomarbeit-cache-engine/Code/external/comdare-cache-engine/tests/unit/test_axis_kind_kategorien_zuordnung.cpp:77:53: warning: unused variable 'axis_code_version' [-Wunused-const-variable]
   77 |     static constexpr std::string_view               axis_code_version = "1.0.0.c";
      |                                                     ^~~~~~~~~~~~~~~~~
1 warning generated.
[1405/1997] Building CXX object tests/unit/CMakeFiles/m3v2_pmc_smoke.dir/thesis_tiere/m3v2_pmc_smoke.cpp.o
[1406/1997] Building CXX object tests/unit/CMakeFiles/test_e1_contract_rc_konsum.dir/test_e1_contract_rc_konsum.cpp.o
[1407/1997] Building CXX object tests/unit/CMakeFiles/test_b3_schema_freeze_stufe1.dir/test_b3_schema_freeze_stufe1.cpp.o
[1408/1997] Building CXX object tests/unit/CMakeFiles/test_profile_coverage.dir/thesis_tiere/test_profile_coverage.cpp.o
[1409/1997] Building CXX object tests/unit/CMakeFiles/test_harness_compile.dir/test_harness_compile.cpp.o
[1410/1997] Building CXX object tests/unit/CMakeFiles/test_188_4cii_flat_wrapper_traversal.dir/test_188_4cii_flat_wrapper_traversal.cpp.o
[1411/1997] Building CXX object tests/unit/CMakeFiles/test_vor_push_gate.dir/test_vor_push_gate.cpp.o
[1412/1997] Building CXX object tests/unit/CMakeFiles/test_mt_l3_wide_schema_orakel.dir/test_mt_l3_wide_schema_orakel.cpp.o
[1413/1997] Building CXX object tests/unit/CMakeFiles/test_lazy_resume_binary.dir/test_lazy_resume_binary.cpp.o
[1414/1997] Building CXX object tests/unit/CMakeFiles/test_ap2_katalog_pfad_stubfrei.dir/thesis_tiere/test_ap2_katalog_pfad_stubfrei.cpp.o
[1415/1997] Building CXX object tests/unit/CMakeFiles/linux_perf_pmc_smoke.dir/thesis_tiere/linux_perf_pmc_smoke.cpp.o
[1416/1997] Building CXX object tests/unit/CMakeFiles/test_a5_eta_slice_verdrahtung.dir/test_a5_eta_slice_verdrahtung.cpp.o
[1417/1997] Building CXX object tests/unit/CMakeFiles/test_experiment_kern_seam.dir/thesis_tiere/test_experiment_kern_seam.cpp.o
[1418/1997] Building CXX object tests/unit/CMakeFiles/test_experiment_parser.dir/thesis_tiere/test_experiment_parser.cpp.o
[1419/1997] Building CXX object tests/unit/CMakeFiles/test_measurement_categories.dir/thesis_tiere/test_measurement_categories.cpp.o
[1420/1997] Building CXX object tests/unit/CMakeFiles/test_org18_persistence_target.dir/test_org18_persistence_target.cpp.o
[1421/1997] Building CXX object tests/unit/CMakeFiles/test_188_4c0_known_compositions_conformance.dir/test_188_4c0_known_compositions_conformance.cpp.o
[1422/1997] Building CXX object tests/unit/CMakeFiles/test_w5_status_reader.dir/test_w5_status_reader.cpp.o
[1423/1997] Building CXX object tests/unit/CMakeFiles/test_t1_system_achsen_eine_entscheidung.dir/test_t1_system_achsen_eine_entscheidung.cpp.o
[1424/1997] Building CXX object tests/unit/CMakeFiles/test_e4_contract_xml_to_axislevels.dir/test_e4_contract_xml_to_axislevels.cpp.o
[1425/1997] Building CXX object tests/unit/CMakeFiles/test_ff2_node_width_subaxis.dir/test_ff2_node_width_subaxis.cpp.o
[1426/1997] Building CXX object tests/unit/CMakeFiles/test_e3_contract_conformance_gate_wirksam.dir/test_e3_contract_conformance_gate_wirksam.cpp.o
[1427/1997] Building CXX object tests/unit/CMakeFiles/test_fb_alloc_hw_subaxis.dir/test_fb_alloc_hw_subaxis.cpp.o
[1428/1997] Building CXX object tests/unit/CMakeFiles/test_m_contract_system_axis_wurzel.dir/test_m_contract_system_axis_wurzel.cpp.o
[1429/1997] Building CXX object tests/unit/CMakeFiles/test_wdk_datasets_fairness.dir/thesis_tiere/test_wdk_datasets_fairness.cpp.o
[1430/1997] Building CXX object tests/unit/CMakeFiles/test_sota_st2_dedup.dir/thesis_tiere/test_sota_st2_dedup.cpp.o
[1431/1997] Building CXX object tests/unit/CMakeFiles/test_lg_skip_callback_null.dir/test_lg_skip_callback_null.cpp.o
[1432/1997] Building CXX object tests/unit/CMakeFiles/test_validate_profile.dir/thesis_tiere/test_validate_profile.cpp.o
[1433/1997] Building CXX object tests/unit/CMakeFiles/test_m_simd_feature_flag_catalog.dir/test_m_simd_feature_flag_catalog.cpp.o
[1434/1997] Building CXX object tests/unit/CMakeFiles/test_experiment_projection.dir/thesis_tiere/test_experiment_projection.cpp.o
[1435/1997] Building CXX object tests/unit/CMakeFiles/test_merge_plan_directive.dir/thesis_tiere/test_merge_plan_directive.cpp.o
[1436/1997] Building CXX object tests/unit/CMakeFiles/test_a9b_active_deklaration_inert.dir/test_a9b_active_deklaration_inert.cpp.o
[1437/1997] Building CXX object tests/unit/CMakeFiles/test_p1_spd_ddr5_parser.dir/test_p1_spd_ddr5_parser.cpp.o
[1438/1997] Building CXX object tests/unit/CMakeFiles/test_p2_ram_identity_verdict.dir/test_p2_ram_identity_verdict.cpp.o
[1439/1997] Building CXX object tests/unit/CMakeFiles/test_f3_lager_key_provider_iterator.dir/test_f3_lager_key_provider_iterator.cpp.o
[1440/1997] Building CXX object tests/unit/CMakeFiles/test_lagp2_messwert_genus.dir/test_lagp2_messwert_genus.cpp.o
[1441/1997] Building CXX object tests/unit/CMakeFiles/test_c3a_gate_scharfschaltung.dir/test_c3a_gate_scharfschaltung.cpp.o
[1442/1997] Building CXX object tests/unit/CMakeFiles/test_o4_machine_identity.dir/test_o4_machine_identity.cpp.o
[1443/1997] Building CXX object tests/unit/CMakeFiles/test_c3b_kanal_merge_beleg.dir/test_c3b_kanal_merge_beleg.cpp.o
[1444/1997] Building CXX object tests/unit/CMakeFiles/test_tp1_planer_filter_iterator.dir/test_tp1_planer_filter_iterator.cpp.o
[1445/1997] Building CXX object tests/unit/CMakeFiles/test_os_u3_probe.dir/test_os_u3_probe.cpp.o
[1446/1997] Building CXX object tests/unit/CMakeFiles/test_h2_score_akte.dir/thesis_tiere/test_h2_score_akte.cpp.o
[1447/1997] Building CXX object tests/unit/CMakeFiles/test_progress_heartbeat.dir/test_progress_heartbeat.cpp.o
[1448/1997] Building CXX object tests/unit/CMakeFiles/test_p2_ram_probe_chain.dir/test_p2_ram_probe_chain.cpp.o
[1449/1997] Building CXX object tests/unit/CMakeFiles/test_g1_binary_version_stamp.dir/test_g1_binary_version_stamp.cpp.o
[1450/1997] Building CXX object tests/unit/CMakeFiles/test_d4_ceb_schluessel_wahl.dir/test_d4_ceb_schluessel_wahl.cpp.o
[1451/1997] Building CXX object tests/unit/CMakeFiles/test_parser_konsolidierung.dir/test_parser_konsolidierung.cpp.o
[1452/1997] Building CXX object tests/unit/CMakeFiles/test_phase6_vorbau.dir/test_phase6_vorbau.cpp.o
[1453/1997] Building CXX object tests/unit/CMakeFiles/test_p3_boot_cache_dmi.dir/test_p3_boot_cache_dmi.cpp.o
[1454/1997] Building CXX object tests/unit/CMakeFiles/test_simd_add_u64_carry.dir/test_simd_add_u64_carry.cpp.o
[1455/1997] Building CXX object tests/unit/CMakeFiles/test_d2_mess_konsistenz_gate.dir/test_d2_mess_konsistenz_gate.cpp.o
[1456/1997] Building CXX object tests/unit/CMakeFiles/test_od10_numa_page_probe.dir/test_od10_numa_page_probe.cpp.o
[1457/1997] Building CXX object tests/unit/CMakeFiles/test_w10_system_cell_values.dir/test_w10_system_cell_values.cpp.o
[1458/1997] Building CXX object tests/unit/CMakeFiles/test_simd_add_u64_carry_avx512.dir/test_simd_add_u64_carry.cpp.o
[1459/1997] Building CXX object tests/unit/CMakeFiles/test_simd_add_u64_carry_avx2.dir/test_simd_add_u64_carry.cpp.o
[1460/1997] Building CXX object tests/unit/CMakeFiles/test_od11_numa_cpu_pin_process_probe.dir/test_od11_numa_cpu_pin_process_probe.cpp.o
[1461/1997] Building CXX object tests/unit/CMakeFiles/test_g3_eta_estimator.dir/test_g3_eta_estimator.cpp.o
[1462/1997] Building CXX object tests/unit/CMakeFiles/test_planner_version_flag_grammatik.dir/test_planner_version_flag_grammatik.cpp.o
[1463/1997] Building CXX object tests/unit/CMakeFiles/test_b5_pmc_ehrlichkeit_alle_sieben.dir/test_b5_pmc_ehrlichkeit_alle_sieben.cpp.o
[1464/1997] Building CXX object tests/unit/CMakeFiles/test_g3_bestandslog_document.dir/test_g3_bestandslog_document.cpp.o
[1465/1997] Building CXX object tests/unit/CMakeFiles/test_g3_reservation_lifecycle.dir/test_g3_reservation_lifecycle.cpp.o
[1466/1997] Building CXX object tests/unit/CMakeFiles/test_axis_sweep_coverage.dir/thesis_tiere/test_axis_sweep_coverage.cpp.o
[1467/1997] Building CXX object tests/unit/CMakeFiles/test_reflect_versions_all17.dir/test_reflect_versions_all17.cpp.o
[1468/1997] Building CXX object tests/unit/CMakeFiles/test_g3_writer_backend_io_uring.dir/test_g3_writer_backend_io_uring.cpp.o
[1469/1997] Building CXX object tests/unit/CMakeFiles/test_g3_ram_spool_writer.dir/test_g3_ram_spool_writer.cpp.o
[1470/1997] Building CXX object tests/unit/CMakeFiles/test_m_w12_stamp_bausteine.dir/test_m_w12_stamp_bausteine.cpp.o
[1471/1997] Building CXX object tests/unit/CMakeFiles/test_w2_combo_ct_stamp.dir/test_w2_combo_ct_stamp.cpp.o
[1472/1997] Building CXX object tests/unit/CMakeFiles/test_b2_gate_zustand_g2an_g3aus.dir/test_b2_gate_zustand_g2an_g3aus.cpp.o
[1473/1997] Building CXX object tests/unit/CMakeFiles/test_a5_eta_kalibrierung.dir/test_a5_eta_kalibrierung.cpp.o
[1474/1997] Building CXX object tests/unit/CMakeFiles/test_g3_batch_planner.dir/test_g3_batch_planner.cpp.o
[1475/1997] Building CXX object tests/unit/CMakeFiles/test_reflect_versions_all_registered.dir/test_reflect_versions_all_registered.cpp.o
[1476/1997] Building CXX object tests/unit/CMakeFiles/test_a1_algo_version_pin_alloc_axis.dir/test_a1_algo_version_pin_alloc_axis.cpp.o
[1477/1997] Building CXX object tests/unit/CMakeFiles/test_bvset_teilmenge.dir/test_bvset_teilmenge.cpp.o
[1478/1997] Building CXX object tests/unit/CMakeFiles/test_g3_bestandslog_lock.dir/test_g3_bestandslog_lock.cpp.o
[1479/1997] Building CXX object tests/unit/CMakeFiles/test_smoke_coverage_profile.dir/thesis_tiere/test_smoke_coverage_profile.cpp.o
[1480/1997] Building CXX object tests/unit/CMakeFiles/test_b3_wallclock_erbe_ct.dir/test_b3_wallclock_erbe_ct.cpp.o
[1481/1997] Building CXX object tests/unit/CMakeFiles/test_g3_prune.dir/test_g3_prune.cpp.o
[1482/1997] Building CXX object tests/unit/CMakeFiles/test_g3_sha512_index.dir/test_g3_sha512_index.cpp.o
[1483/1997] Building CXX object tests/unit/CMakeFiles/test_g3_planer_driven.dir/test_g3_planer_driven.cpp.o
[1484/1997] Building CXX object tests/unit/CMakeFiles/test_g2_variant_sidecar.dir/test_g2_variant_sidecar.cpp.o
[1485/1997] Building CXX object tests/unit/CMakeFiles/test_a2_sha512_skip_gate.dir/test_a2_sha512_skip_gate.cpp.o
[1486/1997] Building CXX object tests/unit/CMakeFiles/test_lb0_lager_pfad_grammatik.dir/test_lb0_lager_pfad_grammatik.cpp.o
[1487/1997] Building CXX object tests/unit/CMakeFiles/test_b14_layout_scan_line_subaxis.dir/test_b14_layout_scan_line_subaxis.cpp.o
[1488/1997] Building CXX object tests/unit/CMakeFiles/test_a9s3_writeback_method_xlsx.dir/test_a9s3_writeback_method_xlsx.cpp.o
[1489/1997] Building CXX object tests/unit/CMakeFiles/test_g3_builder_registration.dir/test_g3_builder_registration.cpp.o
[1490/1997] Building CXX object tests/unit/CMakeFiles/test_g3_takeover_sweep.dir/test_g3_takeover_sweep.cpp.o
[1491/1997] Building CXX object tests/unit/CMakeFiles/test_a9_xlsx_vendor_rauchtest.dir/test_a9_xlsx_vendor_rauchtest.cpp.o
[1492/1997] Building CXX object tests/unit/CMakeFiles/test_a9s3_ergebnis_mappe_csv.dir/test_a9s3_ergebnis_mappe_csv.cpp.o
[1493/1997] Building CXX object tests/unit/CMakeFiles/test_lagz1_lager_schluessel_simd.dir/test_lagz1_lager_schluessel_simd.cpp.o
[1494/1997] Building CXX object tests/unit/CMakeFiles/test_a9s3_xlsx_ergebnis_writer.dir/test_a9s3_xlsx_ergebnis_writer.cpp.o
[1495/1997] Building CXX object tests/unit/CMakeFiles/test_a8s3_csv_klasse_c.dir/test_a8s3_csv_klasse_c.cpp.o
[1496/1997] Building CXX object tests/unit/CMakeFiles/test_ge1_claim_check_und_sidecar.dir/test_ge1_claim_check_und_sidecar.cpp.o
[1497/1997] Building CXX object tests/unit/CMakeFiles/test_hyg_kumulativer_bereich.dir/test_hyg_kumulativer_bereich.cpp.o
[1498/1997] Building CXX object tests/unit/CMakeFiles/test_ge3_messwert_genus_und_ziel.dir/test_ge3_messwert_genus_und_ziel.cpp.o
[1499/1997] Building CXX object tests/unit/CMakeFiles/test_fk1_nicht_gebaut_marker.dir/test_fk1_nicht_gebaut_marker.cpp.o
[1500/1997] Building CXX object tests/unit/CMakeFiles/test_g3_lager_presence.dir/test_g3_lager_presence.cpp.o
[1501/1997] Building CXX object tests/unit/CMakeFiles/test_a9s3_mess_ebene_blattsorte.dir/test_a9s3_mess_ebene_blattsorte.cpp.o
[1502/1997] Building CXX object tests/unit/CMakeFiles/test_a9s4_realm_scan_stale.dir/test_a9s4_realm_scan_stale.cpp.o
[1503/1997] Building CXX object tests/unit/CMakeFiles/test_mt_l4_registrierungs_wache_isa.dir/test_mt_l4_registrierungs_wache_isa.cpp.o
[1504/1997] Building CXX object tests/unit/CMakeFiles/test_g3_artifact_cache_transport.dir/test_g3_artifact_cache_transport.cpp.o
[1505/1997] Building CXX object tests/unit/CMakeFiles/test_b14_abi_adapter_line_subaxis_paths.dir/test_b14_abi_adapter_line_subaxis_paths.cpp.o
[1506/1997] Building CXX object tests/unit/CMakeFiles/test_lb1_knoten_heuristik_log.dir/test_lb1_knoten_heuristik_log.cpp.o
[1507/1997] Building CXX object tests/unit/CMakeFiles/test_rf2_admission_marker_inert.dir/test_rf2_admission_marker_inert.cpp.o
[1508/1997] Building CXX object tests/unit/CMakeFiles/test_m1hb_observer_zellen_ehrlich.dir/test_m1hb_observer_zellen_ehrlich.cpp.o
[1509/1997] Building CXX object tests/unit/CMakeFiles/test_d2_abdeckungs_wache_nenner.dir/test_d2_abdeckungs_wache_nenner.cpp.o
[1510/1997] Building CXX object tests/unit/CMakeFiles/test_a9s4_dynamic_axis_filter.dir/test_a9s4_dynamic_axis_filter.cpp.o
[1511/1997] Building CXX object tests/unit/CMakeFiles/test_ms2_pre_touch_seitenfehler.dir/test_ms2_pre_touch_seitenfehler.cpp.o
[1512/1997] Building CXX object tests/unit/CMakeFiles/test_d3_6_realm_selektor_produktionsablage.dir/test_d3_6_realm_selektor_produktionsablage.cpp.o
[1513/1997] Building CXX object tests/unit/CMakeFiles/ck1_naht_leer.dir/ck1_naht_leer.cpp.o
[1514/1997] Building CXX object tests/unit/CMakeFiles/test_ms1_arenen_kein_alloc_im_fenster.dir/test_ms1_arenen_kein_alloc_im_fenster.cpp.o
[1515/1997] Building CXX object tests/unit/CMakeFiles/test_check_size_mengenrechnung.dir/test_check_size_mengenrechnung.cpp.o
[1516/1997] Building CXX object tests/unit/CMakeFiles/ck1_naht_voll.dir/ck1_naht_voll.cpp.o
[1517/1997] Building CXX object tests/unit/CMakeFiles/test_warn1_d2_fingerprint_koeder.dir/test_warn1_d2_fingerprint_koeder.cpp.o
[1518/1997] Building CXX object tests/unit/CMakeFiles/test_ck1_messkette_koeder.dir/test_ck1_messkette_koeder.cpp.o
[1519/1997] Building CXX object tests/unit/CMakeFiles/test_d55_hdr_verdrahtung.dir/test_d55_hdr_verdrahtung.cpp.o
[1520/1997] Building CXX object tests/unit/CMakeFiles/test_d2g1_ctest_registrierung.dir/test_d2g1_ctest_registrierung.cpp.o
[1521/1997] Building CXX object tests/unit/CMakeFiles/test_a9s4_skip_manifest.dir/test_a9s4_skip_manifest.cpp.o
[1522/1997] Building CXX object tests/unit/CMakeFiles/test_lg_xlsx_alt_nie_vernichten.dir/test_lg_xlsx_alt_nie_vernichten.cpp.o
[1523/1997] Building CXX object tests/unit/CMakeFiles/test_experiment_plan_director.dir/thesis_tiere/test_experiment_plan_director.cpp.o
[1524/1997] Building CXX object tests/unit/CMakeFiles/test_a9s4_mess_report_render.dir/test_a9s4_mess_report_render.cpp.o
[1525/1997] Building CXX object tests/unit/CMakeFiles/test_warn2a_block_id_bidirektional.dir/test_warn2a_block_id_bidirektional.cpp.o
[1526/1997] Building CXX object tests/unit/CMakeFiles/test_flaeche3_deckung_ceb_aus_tier_an.dir/test_flaeche3_deckung_ceb_aus_tier_an.cpp.o
[1527/1997] Building CXX object tests/unit/CMakeFiles/test_naht1_mess_visitor_biss.dir/test_naht1_mess_visitor_biss.cpp.o
[1528/1997] Building CXX object tests/unit/CMakeFiles/test_t6_biss_achsen_roundtrip_wache.dir/test_t6_biss_achsen_roundtrip_wache.cpp.o
[1529/1997] Building CXX object tests/unit/CMakeFiles/test_t6_biss_sichtbarkeits_wache.dir/test_t6_biss_sichtbarkeits_wache.cpp.o
[1530/1997] Building CXX object tests/unit/CMakeFiles/test_anker_marke_statt_ledgerzeile.dir/test_anker_marke_statt_ledgerzeile.cpp.o
[1531/1997] Building CXX object tests/unit/CMakeFiles/test_t6_wachen_inventar.dir/test_t6_wachen_inventar.cpp.o
[1532/1997] Building CXX object tests/unit/CMakeFiles/test_t6_biss_registrierungs_wache.dir/test_t6_biss_registrierungs_wache.cpp.o
[1533/1997] Building CXX object tests/unit/CMakeFiles/test_a9s5_ergebnis_mappe_naht.dir/test_a9s5_ergebnis_mappe_naht.cpp.o
[1534/1997] Building CXX object tests/unit/CMakeFiles/test_lizenz_konsistenz.dir/test_lizenz_konsistenz.cpp.o
[1535/1997] Building CXX object tests/unit/CMakeFiles/test_pa1_tote_ausnahme.dir/test_pa1_tote_ausnahme.cpp.o
[1536/1997] Building CXX object tests/unit/CMakeFiles/test_vs_taxonomie_klassen_grep.dir/test_vs_taxonomie_klassen_grep.cpp.o
[1537/1997] Building CXX object tests/unit/CMakeFiles/test_s3_ordnung_freigabe.dir/test_s3_ordnung_freigabe.cpp.o
[1538/1997] Building CXX object tests/unit/CMakeFiles/test_k2_stufen_neutraler_loader.dir/test_k2_stufen_neutraler_loader.cpp.o
[1539/1997] Building CXX object tests/unit/CMakeFiles/test_simd_organ_achsen_deckung.dir/test_simd_organ_achsen_deckung.cpp.o
[1540/1997] Building CXX object tests/unit/CMakeFiles/test_g2_semantik_duplikatverbot.dir/test_g2_semantik_duplikatverbot.cpp.o
[1541/1997] Building CXX object tests/unit/CMakeFiles/test_s3_ordnung_relation.dir/test_s3_ordnung_relation.cpp.o
[1542/1997] Building CXX object tests/unit/CMakeFiles/test_pk_klemm_json.dir/test_pk_klemm_json.cpp.o
[1543/1997] Building CXX object tests/unit/CMakeFiles/test_s1_stempel_basis_vertrag.dir/test_s1_stempel_basis_vertrag.cpp.o
[1544/1997] Building CXX object tests/unit/CMakeFiles/test_configure_enable_gnu.dir/test_configure_enable_gnu.cpp.o
[1545/1997] Building CXX object tests/unit/CMakeFiles/test_lg_host_binder.dir/test_lg_host_binder.cpp.o
[1546/1997] Building CXX object tests/unit/CMakeFiles/test_ci_coverage_guard_strikt.dir/test_ci_coverage_guard_strikt.cpp.o
[1547/1997] Building CXX object tests/unit/CMakeFiles/test_registry_gen_out_pflicht.dir/test_registry_gen_out_pflicht.cpp.o
[1548/1997] Building CXX object tests/unit/CMakeFiles/test_genus_ct_komposition.dir/test_genus_ct_komposition.cpp.o
[1549/1997] Building CXX object tests/unit/CMakeFiles/test_variant_hauswache.dir/test_variant_hauswache.cpp.o
[1550/1997] Building CXX object tests/unit/CMakeFiles/test_s19_simulation_rechnung.dir/test_s19_simulation_rechnung.cpp.o
[1551/1997] Building CXX object tests/unit/CMakeFiles/test_xl_l4_na_konkurrenz.dir/test_xl_l4_na_konkurrenz.cpp.o
[1552/1997] Building CXX object tests/unit/CMakeFiles/test_s8_traeger_grenzwache.dir/test_s8_traeger_grenzwache.cpp.o
[1553/1997] Building CXX object tests/unit/CMakeFiles/test_s6c_kategorien_ordnung_zwei_welten.dir/test_s6c_kategorien_ordnung_zwei_welten.cpp.o
[1554/1997] Building CXX object tests/unit/CMakeFiles/test_lg_idempotenz_beide_wdh.dir/test_lg_idempotenz_beide_wdh.cpp.o
[1555/1997] Building CXX object tests/unit/CMakeFiles/test_parameter_filter_registry_skelett.dir/test_parameter_filter_registry_skelett.cpp.o
[1556/1997] Building CXX object tests/unit/CMakeFiles/test_pmc_raw_event_katalog.dir/test_pmc_raw_event_katalog.cpp.o
[1557/1997] Building CXX object tests/unit/CMakeFiles/test_pmc_startup_pruefung.dir/test_pmc_startup_pruefung.cpp.o
[1558/1997] Linking CXX static library lib/libgmock_main.a
[1559/1997] Linking CXX executable libs/cache_engine/builder/commands/tests/test_commands
[1560/1997] Building CXX object tests/unit/CMakeFiles/test_bestand_schluessel_schema.dir/test_bestand_schluessel_schema.cpp.o
[1561/1997] Linking CXX executable libs/cache_engine/builder/commands/tests/test_engine_adapters
[1562/1997] Linking CXX executable apps/cache_engine_builder/comdare-cache-engine-builder
[1563/1997] Linking CXX executable apps/f15_compare/comdare-f15-compare
[1564/1997] Linking CXX executable tests/unit/test_pressure_state
[1565/1997] Linking CXX executable apps/perm_runner/perm_runner
[1566/1997] Linking CXX executable tests/unit/test_cache_recommendation
[1567/1997] Linking CXX executable tests/unit/test_cpuid_probe
[1568/1997] Linking CXX executable tests/unit/test_permutation_flags
[1569/1997] Linking CXX executable tests/unit/test_observer_registry
[1570/1997] Linking CXX executable tests/unit/test_event_hierarchy
[1571/1997] Linking CXX executable tests/unit/test_decision_trees
[1572/1997] Linking CXX executable tests/unit/test_decision_lambda_registry
[1573/1997] Linking CXX executable tests/unit/test_concurrency_disciplines
[1574/1997] Linking CXX executable tests/unit/test_platform_concepts
[1575/1997] Linking CXX executable tests/unit/test_telemetry_strategies
[1576/1997] Linking CXX executable tests/unit/test_cache_hierarchy_and_mode
[1577/1997] Linking CXX executable tests/unit/test_measurement_buffer
[1578/1997] Linking CXX executable tests/unit/test_allocator_concepts
[1579/1997] Linking CXX executable tests/unit/test_sub_engines
[1580/1997] Linking CXX executable tests/unit/test_abi_interface
[1581/1997] Linking CXX executable tests/unit/test_config_durability
[1582/1997] Linking CXX executable tests/unit/test_chaos_drift_gate
[1583/1997] Linking CXX executable tests/unit/test_t15_drift_gate_messschleife
[1584/1997] Linking CXX executable tests/unit/test_test_data_accumulation
[1585/1997] Linking CXX executable tests/unit/test_benchmark_suite
[1586/1997] Linking CXX executable tests/unit/test_allocator_full_matrix
[1587/1997] Linking CXX executable tests/unit/test_ycsb_cli
[1588/1997] Linking CXX executable tests/unit/test_workload_and_experiment
[1589/1997] Building CXX object tests/unit/CMakeFiles/test_kanal_id_schema.dir/test_kanal_id_schema.cpp.o
[1590/1997] Linking CXX executable tests/unit/test_builder_codegen
[1591/1997] Linking CXX executable tests/unit/test_experiment_driver_v13
[1592/1997] Linking CXX executable tests/unit/test_codegen_from_profile
[1593/1997] Linking CXX executable tests/unit/test_permutation_sampling
[1594/1997] Linking CXX executable tests/unit/test_latex_anhang
[1595/1997] Linking CXX executable tests/unit/test_rcu
[1596/1997] Linking CXX executable tests/unit/test_rcu_concurrency
[1597/1997] Linking CXX executable tests/unit/test_hbm_hierarchy
[1598/1997] Linking CXX executable tests/unit/test_succinct
[1599/1997] Linking CXX executable tests/unit/test_module_loader
[1600/1997] Linking CXX executable tests/unit/test_v31_adapters
[1601/1997] Linking CXX executable tests/unit/test_v41_indexes
[1602/1997] Linking CXX executable tests/unit/test_v41_topic_allocator_axis_06
[1603/1997] Linking CXX executable tests/unit/test_v41_paper_legacy_code
[1604/1997] Linking CXX executable tests/unit/test_v41_topic_queuing
[1605/1997] Linking CXX executable tests/unit/test_ctsha512
[1606/1997] Building CXX object tests/unit/CMakeFiles/test_s13_01_csv_kind_projektion.dir/test_s13_01_csv_kind_projektion.cpp.o
[1607/1997] Linking CXX executable tests/unit/test_v41_topic_traversal
[1608/1997] Linking CXX executable tests/unit/test_v41_anatomy
[1609/1997] Linking CXX executable tests/unit/test_v41_compositions
[1610/1997] Linking CXX executable tests/unit/test_v41_topics_fundament
[1611/1997] Linking CXX executable tests/unit/test_v41_anatomy_r4_driver
[1612/1997] Linking CXX executable tests/unit/test_v41_tier_observe_trace
[1613/1997] Linking CXX executable tests/unit/test_v41_axis_03a_cross_variant_equivalence
[1614/1997] Linking CXX executable tests/unit/test_v41_anatomy_observer
[1615/1997] Linking CXX executable tests/unit/test_ap7_swisstable
[1616/1997] Linking CXX executable tests/unit/test_ap7b_swiss_organ
[1617/1997] Linking CXX executable tests/unit/test_ap7b3_swiss_isa_group_match
[1618/1997] Linking CXX executable tests/unit/test_ap8_hdr_histogram
[1619/1997] Linking CXX executable tests/unit/test_v41_anatomy_pruefling_merge
[1620/1997] Linking CXX executable tests/unit/test_v41_axis_03a_tier_organ_equivalence
[1621/1997] Linking CXX executable tests/unit/test_vampir_nfp_allocator
[1622/1997] Linking CXX executable tests/unit/test_v41_anatomy_base
[1623/1997] Linking CXX executable tests/unit/test_v41_execution_engine
[1624/1997] Linking CXX executable tests/unit/test_v41_search_algorithm_permutation_engine
[1625/1997] Linking CXX executable tests/unit/test_v41_anatomy_codegen
[1626/1997] Linking CXX executable tests/unit/test_v41_anatomy_module_abi
[1627/1997] Linking CXX executable tests/unit/test_v41_anatomy_module_loader
[1628/1997] Linking CXX executable tests/unit/test_v41_anatomy_multi_codegen
[1629/1997] Linking CXX executable tests/unit/test_v41_anatomy_codegen_tool
[1630/1997] Linking CXX executable tests/unit/test_v41_anatomy_codegen_tool_traits
[1631/1997] Linking CXX executable tests/unit/test_v41_anatomy_codegen_tool_mp_list
[1632/1997] Building CXX object tests/unit/CMakeFiles/test_begriffs_alias_registry.dir/test_begriffs_alias_registry.cpp.o
[1633/1997] Linking CXX executable tests/unit/test_v41_workload_generator
[1634/1997] Linking CXX executable tests/unit/test_v41_axis_12_general_hardware
[1635/1997] Linking CXX executable tests/unit/test_v41_axis_05_memory_layout
[1636/1997] Linking CXX executable tests/unit/test_v41_axis_02_axis_04_nodes
[1637/1997] Linking CXX executable tests/unit/test_v41_axis_11_telemetry
[1638/1997] Linking CXX executable tests/unit/test_v41_axis_07_prefetch
[1639/1997] Linking CXX executable tests/unit/test_v41_axis_10_serialization
[1640/1997] Linking CXX executable tests/unit/test_v41_axis_08_concurrency
[1641/1997] Linking CXX executable tests/unit/test_v41_status_code
[1642/1997] Linking CXX executable tests/unit/test_v41_serialization_primitives
[1643/1997] Linking CXX executable tests/unit/test_v41_axis_14_value_handle
[1644/1997] Linking CXX executable tests/unit/test_v41_axis_01_page_type
[1645/1997] Building CXX object tests/unit/CMakeFiles/test_e8_bytes_in_use_peak_demo.dir/test_e8_bytes_in_use_peak_demo.cpp.o
[1646/1997] Linking CXX executable tests/unit/test_v41_pruefling_registry
[1647/1997] Linking CXX executable tests/unit/test_pruefling_fixture_ladung
[1648/1997] Linking CXX executable tests/unit/test_v41_axis_filter
[1649/1997] Linking CXX executable tests/unit/test_v41_axis_filter_surf_organ
[1650/1997] Linking CXX executable tests/unit/test_v41_axis_filter_surf_louds_organ
[1651/1997] Linking CXX executable tests/unit/test_v41_axis_migration
[1652/1997] Linking CXX executable tests/unit/test_v41_axis_io
[1653/1997] Linking CXX executable tests/unit/test_v41_axis_09_isa
[1654/1997] Linking CXX executable tests/unit/test_v41_axis_09b_simd_extension
[1655/1997] Linking CXX executable tests/unit/test_v41_axis_01_index_organization
[1656/1997] Linking CXX executable tests/unit/test_v41_r5c3_isa_simd_cross_constraint
[1657/1997] Linking CXX executable tests/unit/test_v41_anatomy_r5i_configure_codegen
[1658/1997] Linking CXX executable tests/unit/test_v41_anatomy_f15_measurement
[1659/1997] Linking CXX executable tests/unit/test_v41_pruef_dock_search_algorithm
[1660/1997] Linking CXX executable tests/unit/test_v41_anatomy_adhoc_codegen_macro
[1661/1997] Linking CXX executable tests/unit/test_v5_two_phase_driver
[1662/1997] Linking CXX executable tests/unit/test_v5_memento_axis
[1663/1997] Linking CXX executable tests/unit/test_v5_conformance_gate
[1664/1997] Linking CXX executable tests/unit/test_v5_workload_orchestrator
[1665/1997] Linking CXX executable tests/unit/test_d51_perzentil_kanon
[1666/1997] Linking CXX executable tests/unit/test_heuristik_spline_break_even
[1667/1997] Linking CXX executable tests/unit/test_heuristik_workload_cluster
[1668/1997] Linking CXX executable tests/unit/test_d54_trace_schema
[1669/1997] Linking CXX executable tests/unit/test_v5_measurement_snapshot
[1670/1997] Linking CXX executable tests/unit/test_ap13_thread_pinning
[1671/1997] Linking CXX executable tests/unit/test_ap9_provenance_manifest
[1672/1997] Linking CXX executable tests/unit/test_ap10_dataset_akte
[1673/1997] Linking CXX executable tests/unit/test_184_dataset_loader_wiring
[1674/1997] Linking CXX executable tests/unit/test_25_kanon_dataset_akten
[1675/1997] Linking CXX executable tests/unit/test_45_sosd_uint64_loader
[1676/1997] Linking CXX executable tests/unit/test_v5_disk_memento
[1677/1997] Linking CXX executable tests/unit/test_v5_ycsb_op_set
[1678/1997] Linking CXX executable tests/unit/test_v41_scan_range_organ
[1679/1997] Linking CXX executable tests/unit/test_v5_ycsb_distribution
[1680/1997] Linking CXX executable tests/unit/test_v5_organ_memento
[1681/1997] Linking CXX executable tests/unit/test_v41_codegen_type_name
[1682/1997] Linking CXX executable tests/unit/test_v41_cache_engine_tools_facade
[1683/1997] Linking CXX executable tests/unit/test_v41_cache_engine_facade
[1684/1997] Linking CXX executable tests/unit/test_pruef_only_gate
[1685/1997] Linking CXX executable tests/unit/test_v41_anatomy_adhoc_dll_load
[1686/1997] Linking CXX executable tests/unit/test_d14_result_ingest
[1687/1997] Linking CXX executable tests/unit/test_v41_anatomy_adhoc_autobuilt_load
[1688/1997] Linking CXX executable tests/unit/test_d1_d2_selection
[1689/1997] Linking CXX executable tests/unit/test_d14c_e2e_pipeline
[1690/1997] Linking CXX executable tests/unit/test_v41_codegen_all_axes_umbrella
[1691/1997] Building CXX object tests/unit/CMakeFiles/test_e07_gate_kriterien.dir/test_e07_gate_kriterien.cpp.o
[1692/1997] Linking CXX executable tests/unit/test_d14b_perm_runner
[1693/1997] Linking CXX executable tests/unit/test_hy_a1_heuristik_adapter_gattung
[1694/1997] Linking CXX executable tests/unit/test_hy_f8_reroute
[1695/1997] Linking CXX executable tests/unit/test_hy_a1_attach_nur_array_include
[1696/1997] Building CXX object tests/unit/CMakeFiles/test_stempel_vollbestand_registry.dir/test_stempel_vollbestand_registry.cpp.o
[1697/1997] Linking CXX executable tests/unit/test_q2_identitaets_riegel
[1698/1997] Linking CXX executable tests/unit/test_hy_a1_dock_contract
[1699/1997] Linking CXX executable tests/unit/test_hy_a3_hybrid_config_parser
[1700/1997] Linking CXX executable tests/unit/test_a8s3_t17_stats_lesezeitpunkt
[1701/1997] Linking CXX executable tests/unit/test_seg_coverage
[1702/1997] Linking CXX executable tests/unit/test_br1_full22_count
[1703/1997] Linking CXX executable tests/unit/test_br1_subset
[1704/1997] Linking CXX executable tests/unit/test_br2_descriptor_foundation
[1705/1997] Linking CXX executable tests/unit/test_br2_roundtrip
[1706/1997] Linking CXX executable tests/unit/test_hy_a2_stempel_kette
[1707/1997] Linking CXX executable tests/unit/test_a8s1_t17_vollzaehligkeit
[1708/1997] Linking CXX executable tests/unit/test_br3_obs22
[1709/1997] Linking CXX executable tests/unit/test_clu_per_layout
[1710/1997] Linking CXX executable tests/unit/test_br_kf15_real
[1711/1997] Linking CXX executable tests/unit/test_genus_binding
[1712/1997] Linking CXX executable tests/unit/test_genus_organ_binding
[1713/1997] Linking CXX executable tests/unit/test_kf5_cacheline_weave
[1714/1997] Linking CXX executable tests/unit/test_kf4_resource_control
[1715/1997] Linking CXX executable tests/unit/test_kf6_node_run_body
[1716/1997] Linking CXX executable tests/unit/test_d4b_container_adapter
[1717/1997] Linking CXX executable tests/unit/test_cow_capable_wrappers
[1718/1997] Linking CXX executable tests/unit/test_kf9_experiment_tree
[1719/1997] Linking CXX executable tests/unit/test_kf8_ceb_generator
[1720/1997] Linking CXX executable tests/unit/test_kf15_inverse_signature
[1721/1997] Linking CXX executable tests/unit/test_kf10_repetition_plan
[1722/1997] Linking CXX executable tests/unit/test_kf7_runtime_loop
[1723/1997] Linking CXX executable tests/unit/test_kf16_build_orchestrator
[1724/1997] Linking CXX executable tests/unit/test_kf12_kf13_slurm_prepare
[1725/1997] Linking CXX executable tests/unit/test_kf11_telemetry_silent
[1726/1997] Linking CXX executable tests/unit/test_s5_artifact_cache_bounded
[1727/1997] Linking CXX executable tests/unit/test_kf16b_build_resilience
[1728/1997] Linking CXX executable tests/unit/test_w6_parallel_provision
[1729/1997] Linking CXX executable tests/unit/test_w11_async_push_pump
[1730/1997] Linking CXX executable tests/unit/test_s2_pull_tier_binary
[1731/1997] Linking CXX executable tests/unit/test_e24_c10_g6_identitaets_bilanz
[1732/1997] Linking CXX executable tests/unit/test_s1_cache_key_prefix
[1733/1997] Linking CXX executable tests/unit/test_45_parallel_measure_loop
[1734/1997] Linking CXX executable tests/unit/test_r2_suffix_wachen
[1735/1997] Linking CXX executable tests/unit/test_cache_mc_timeout
[1736/1997] Linking CXX executable tests/unit/test_w10_c4_zellwert_naht
[1737/1997] Linking CXX executable tests/unit/test_e24_c9_fk5_fehlerraum
[1738/1997] Linking CXX executable tests/unit/test_a15_fk3_axis_error_traits
[1739/1997] Linking CXX executable tests/unit/test_fk6_algo_error_classes
[1740/1997] Linking CXX executable tests/unit/test_all19_segment_timer
[1741/1997] Linking CXX executable tests/unit/test_br3_observer
[1742/1997] Linking CXX executable tests/unit/test_a15_fk4_organ_slot_traits
[1743/1997] Linking CXX executable tests/unit/test_obs_phaseB_t14_t16
[1744/1997] Linking CXX executable tests/unit/test_resthygiene2_organ_fingerprint
[1745/1997] Building CXX object tests/unit/CMakeFiles/test_stempel_zulassung_bruecke.dir/test_stempel_zulassung_bruecke.cpp.o
[1746/1997] Linking CXX executable tests/unit/test_m8_storetrav_segment
[1747/1997] Linking CXX executable tests/unit/test_obs_phaseB_t11_t12_iso
[1748/1997] Linking CXX executable tests/unit/test_pathb_segment_timer
[1749/1997] Linking CXX executable tests/unit/test_segment_timer_differentiation
[1750/1997] Linking CXX executable tests/unit/test_obs_phaseA
[1751/1997] Linking CXX executable tests/unit/test_obs_phaseB_t11_t12
[1752/1997] Linking CXX executable tests/unit/test_d_v42_abi_telemetry_coupling
[1753/1997] Linking CXX executable tests/unit/test_ap15_3_driveable_map_contract
[1754/1997] Linking CXX executable tests/unit/test_obs_phaseB_pilot
[1755/1997] Linking CXX executable tests/unit/test_ap15_2_get_allocator_proxy
[1756/1997] Linking CXX executable tests/unit/test_188_4bb0_pool_organ_wide_key_conformance
[1757/1997] Linking CXX executable tests/unit/test_s7_2_btree_pool_allocator_deg
[1758/1997] Linking CXX executable tests/unit/test_a8s4_konstitutiv_kette
[1759/1997] Linking CXX executable tests/unit/test_kf1_thesis_profile_parser
[1760/1997] Linking CXX executable tests/unit/test_234_va_shaped_adapter
[1761/1997] Linking CXX executable tests/unit/test_s7_1_bst_pool_allocator_deg
[1762/1997] Linking CXX executable tests/unit/test_striktheit_axis_dach_guard
[1763/1997] Linking CXX executable tests/unit/test_29_container_framework
[1764/1997] Linking CXX executable tests/unit/test_meta_meta_halbordnung
[1765/1997] Linking CXX executable tests/unit/test_a14_os_sub_axes_guard
[1766/1997] Linking CXX executable tests/unit/test_striktheit_metaprog_guard
[1767/1997] Linking CXX executable tests/unit/test_rf3_betriebssystem_feature_fehlt
[1768/1997] Linking CXX executable tests/unit/test_striktheit_abi_pod_guard
[1769/1997] Building CXX object tests/unit/CMakeFiles/test_w0b_durchstich_kette.dir/test_w0b_durchstich_kette.cpp.o
[1770/1997] Linking CXX executable tests/unit/test_striktheit_scan_kernel_purity
[1771/1997] Linking CXX executable tests/unit/test_234_vb_rest_families_shaped
[1772/1997] Linking CXX executable tests/unit/test_axis_error_taxonomy
[1773/1997] Linking CXX executable tests/unit/test_s7_3_skip_list_pool_allocator_deg
[1774/1997] Linking CXX executable tests/unit/test_cmd1_a_axis_command_base
[1775/1997] Linking CXX executable tests/unit/test_striktheit_axes_guard
[1776/1997] Linking CXX executable tests/unit/test_s7_4_hash_pool_allocator_deg
[1777/1997] Linking CXX executable tests/unit/test_s7_9_surf_pool_allocator_deg
[1778/1997] Linking CXX executable tests/unit/test_s7_6_hot_pool_allocator_deg
[1779/1997] Linking CXX executable tests/unit/test_s7_8_wormhole_pool_allocator_deg
[1780/1997] Linking CXX executable tests/unit/test_s7_10_swiss_pool_allocator_deg
[1781/1997] Linking CXX executable tests/unit/test_s7_7_start_pool_allocator_deg
[1782/1997] Linking CXX executable tests/unit/test_234_f3_bst_shape
[1783/1997] Linking CXX executable tests/unit/test_s7_5_art_pool_allocator_deg
[1784/1997] Linking CXX executable tests/unit/test_234_f4_hash_probe_shape
[1785/1997] Linking CXX executable tests/unit/test_188_4a_eytzinger_organ
[1786/1997] Linking CXX executable tests/unit/test_234_f2_skip_list_shape
[1787/1997] Linking CXX executable tests/unit/test_234_f1_btree_order_shape
[1788/1997] Linking CXX executable tests/unit/test_216h2_stat_reset_after_load
[1789/1997] Linking CXX executable tests/unit/test_221_rc_prefetch_distance
[1790/1997] Linking CXX executable tests/unit/test_abi_adapter_g3_batch2
[1791/1997] Linking CXX executable tests/unit/test_188_4c0_known_compositions_conformance
[1792/1997] Linking CXX executable tests/unit/test_188_4cii_flat_wrapper_traversal
[1793/1997] Linking CXX executable tests/unit/m3v2_pmc_smoke
[1794/1997] Linking CXX executable tests/unit/test_harness_compile
[1795/1997] Linking CXX executable tests/unit/test_tp1_planer_filter_iterator
[1796/1997] Linking CXX executable tests/unit/test_lg_skip_callback_null
[1797/1997] Linking CXX executable tests/unit/test_a5_eta_slice_verdrahtung
[1798/1997] Linking CXX executable tests/unit/test_lagp2_messwert_genus
[1799/1997] Linking CXX executable tests/unit/test_e1_contract_rc_konsum
[1800/1997] Linking CXX executable tests/unit/test_217_2a_capacity_guard
[1801/1997] Linking CXX executable tests/unit/test_b3_schema_freeze_stufe1
[1802/1997] Linking CXX executable tests/unit/test_f3_lager_key_provider_iterator
[1803/1997] Linking CXX executable tests/unit/test_mt_l3_wide_schema_orakel
[1804/1997] Linking CXX executable tests/unit/test_vor_push_gate
[1805/1997] Linking CXX executable tests/unit/test_w5_status_reader
[1806/1997] Linking CXX executable tests/unit/test_lazy_resume_binary
[1807/1997] Linking CXX executable tests/unit/test_axis_kind_kategorien_zuordnung
[1808/1997] Linking CXX executable tests/unit/test_axis_kind_wire_totalitaet
[1809/1997] Linking CXX executable tests/unit/test_profile_coverage
[1810/1997] Linking CXX executable tests/unit/test_experiment_parser
[1811/1997] Linking CXX executable tests/unit/test_ap2_katalog_pfad_stubfrei
[1812/1997] Linking CXX executable tests/unit/test_measurement_categories
[1813/1997] Linking CXX executable tests/unit/test_merge_plan_directive
[1814/1997] Linking CXX executable tests/unit/test_org18_persistence_target
[1815/1997] Linking CXX executable tests/unit/test_experiment_projection
[1816/1997] Linking CXX executable tests/unit/test_experiment_kern_seam
[1817/1997] Linking CXX executable tests/unit/test_axis_sweep_coverage
[1818/1997] Linking CXX executable tests/unit/test_wdk_datasets_fairness
[1819/1997] Linking CXX executable tests/unit/test_smoke_coverage_profile
[1820/1997] Linking CXX executable tests/unit/test_sota_st2_dedup
[1821/1997] Linking CXX executable tests/unit/test_h2_score_akte
[1822/1997] Linking CXX executable tests/unit/test_ff2_node_width_subaxis
[1823/1997] Linking CXX executable tests/unit/test_fb_alloc_hw_subaxis
[1824/1997] Linking CXX executable tests/unit/test_e4_contract_xml_to_axislevels
[1825/1997] Linking CXX executable tests/unit/linux_perf_pmc_smoke
[1826/1997] Linking CXX executable tests/unit/test_experiment_plan_director
[1827/1997] Linking CXX executable tests/unit/test_validate_profile
[1828/1997] Linking CXX executable tests/unit/test_e3_contract_conformance_gate_wirksam
[1829/1997] Linking CXX executable tests/unit/test_m_contract_system_axis_wurzel
[1830/1997] Linking CXX executable tests/unit/test_a9b_active_deklaration_inert
[1831/1997] Linking CXX executable tests/unit/test_p1_spd_ddr5_parser
[1832/1997] Linking CXX executable tests/unit/test_m_simd_feature_flag_catalog
[1833/1997] Linking CXX executable tests/unit/test_t1_system_achsen_eine_entscheidung
[1834/1997] Linking CXX executable tests/unit/test_p2_ram_probe_chain
[1835/1997] Linking CXX executable tests/unit/test_p2_ram_identity_verdict
[1836/1997] Linking CXX executable tests/unit/test_p3_boot_cache_dmi
[1837/1997] Linking CXX executable tests/unit/test_o4_machine_identity
[1838/1997] Linking CXX executable tests/unit/test_od11_numa_cpu_pin_process_probe
[1839/1997] Linking CXX executable tests/unit/test_m_w12_stamp_bausteine
[1840/1997] Linking CXX executable tests/unit/test_c3a_gate_scharfschaltung
[1841/1997] Linking CXX executable tests/unit/test_os_u3_probe
[1842/1997] Linking CXX executable tests/unit/test_d4_ceb_schluessel_wahl
[1843/1997] Building CXX object tests/unit/CMakeFiles/test_t15b_retry_warmup_paar.dir/test_t15b_retry_warmup_paar.cpp.o
[1844/1997] Linking CXX executable tests/unit/test_d2_mess_konsistenz_gate
[1845/1997] Linking CXX executable tests/unit/test_od10_numa_page_probe
[1846/1997] Linking CXX executable tests/unit/test_c3b_kanal_merge_beleg
[1847/1997] Linking CXX executable tests/unit/test_w10_system_cell_values
[1848/1997] Linking CXX executable tests/unit/test_w2_combo_ct_stamp
[1849/1997] Linking CXX executable tests/unit/test_b2_gate_zustand_g2an_g3aus
[1850/1997] Linking CXX executable tests/unit/test_progress_heartbeat
[1851/1997] Linking CXX executable tests/unit/test_b3_wallclock_erbe_ct
[1852/1997] Linking CXX executable tests/unit/test_lagz1_lager_schluessel_simd
[1853/1997] Linking CXX executable tests/unit/test_b5_pmc_ehrlichkeit_alle_sieben
[1854/1997] Linking CXX executable tests/unit/test_parser_konsolidierung
[1855/1997] Linking CXX executable tests/unit/test_phase6_vorbau
[1856/1997] Linking CXX executable tests/unit/test_simd_add_u64_carry
[1857/1997] Linking CXX executable tests/unit/test_g1_binary_version_stamp
[1858/1997] Linking CXX executable tests/unit/test_simd_add_u64_carry_avx2
[1859/1997] Linking CXX executable tests/unit/test_a1_algo_version_pin_alloc_axis
[1860/1997] Linking CXX executable tests/unit/test_g3_bestandslog_document
[1861/1997] Linking CXX executable tests/unit/test_reflect_versions_all_registered
[1862/1997] Linking CXX executable tests/unit/test_planner_version_flag_grammatik
[1863/1997] Linking CXX executable tests/unit/test_g3_eta_estimator
[1864/1997] Linking CXX executable tests/unit/test_g3_reservation_lifecycle
[1865/1997] Linking CXX executable tests/unit/test_g3_bestandslog_lock
[1866/1997] Linking CXX executable tests/unit/test_simd_add_u64_carry_avx512
[1867/1997] Linking CXX executable tests/unit/test_a5_eta_kalibrierung
[1868/1997] Linking CXX executable tests/unit/test_reflect_versions_all17
[1869/1997] Linking CXX executable tests/unit/test_g3_batch_planner
[1870/1997] Linking CXX executable tests/unit/test_g2_variant_sidecar
[1871/1997] Linking CXX executable tests/unit/test_g3_ram_spool_writer
[1872/1997] Linking CXX executable tests/unit/test_a2_sha512_skip_gate
[1873/1997] Linking CXX executable tests/unit/test_g3_writer_backend_io_uring
[1874/1997] Linking CXX executable tests/unit/test_bvset_teilmenge
[1875/1997] Linking CXX executable tests/unit/test_g3_builder_registration
[1876/1997] Linking CXX executable tests/unit/test_g3_takeover_sweep
[1877/1997] Linking CXX executable tests/unit/test_ge1_claim_check_und_sidecar
[1878/1997] Linking CXX executable tests/unit/test_ge3_messwert_genus_und_ziel
[1879/1997] Linking CXX executable tests/unit/test_g3_planer_driven
[1880/1997] Linking CXX executable tests/unit/test_fk1_nicht_gebaut_marker
[1881/1997] Linking CXX executable tests/unit/test_g3_sha512_index
[1882/1997] Linking CXX executable tests/unit/test_a8s3_csv_klasse_c
[1883/1997] Linking CXX executable tests/unit/test_g3_prune
[1884/1997] Linking CXX executable tests/unit/test_g3_artifact_cache_transport
[1885/1997] Linking CXX executable tests/unit/test_g3_lager_presence
[1886/1997] Linking CXX executable tests/unit/test_lb0_lager_pfad_grammatik
[1887/1997] Linking CXX executable tests/unit/test_lb1_knoten_heuristik_log
[1888/1997] Linking CXX executable tests/unit/test_rf2_admission_marker_inert
[1889/1997] Linking CXX executable tests/unit/test_m1hb_observer_zellen_ehrlich
[1890/1997] Linking CXX executable tests/unit/test_b14_abi_adapter_line_subaxis_paths
[1891/1997] Linking CXX executable tests/unit/test_a9s3_writeback_method_xlsx
[1892/1997] Linking CXX executable tests/unit/test_a9_xlsx_vendor_rauchtest
[1893/1997] Linking CXX executable tests/unit/test_b14_layout_scan_line_subaxis
[1894/1997] Linking CXX executable tests/unit/test_a9s3_mess_ebene_blattsorte
[1895/1997] Linking CXX executable tests/unit/test_a9s4_realm_scan_stale
[1896/1997] Linking CXX executable tests/unit/test_a9s3_ergebnis_mappe_csv
[1897/1997] Linking CXX executable tests/unit/test_d2_abdeckungs_wache_nenner
[1898/1997] Linking CXX executable tests/unit/test_mt_l4_registrierungs_wache_isa
[1899/1997] Linking CXX executable tests/unit/test_d3_6_realm_selektor_produktionsablage
[1900/1997] Linking CXX executable tests/unit/test_a9s3_xlsx_ergebnis_writer
[1901/1997] Linking CXX executable tests/unit/test_a9s4_dynamic_axis_filter
[1902/1997] Linking CXX executable tests/unit/test_hyg_kumulativer_bereich
[1903/1997] Linking CXX executable tests/unit/test_a9s4_mess_report_render
[1904/1997] Linking CXX executable tests/unit/test_a9s5_ergebnis_mappe_naht
[1905/1997] Linking CXX executable tests/unit/test_ms2_pre_touch_seitenfehler
[1906/1997] Linking CXX executable tests/unit/test_a9s4_skip_manifest
[1907/1997] Linking CXX executable tests/unit/test_lg_xlsx_alt_nie_vernichten
[1908/1997] Linking CXX executable tests/unit/test_ck1_messkette_koeder
[1909/1997] Linking CXX executable tests/unit/test_check_size_mengenrechnung
[1910/1997] Linking CXX executable tests/unit/test_ms1_arenen_kein_alloc_im_fenster
[1911/1997] Linking CXX executable tests/unit/test_warn2a_block_id_bidirektional
[1912/1997] Linking CXX executable tests/unit/test_flaeche3_deckung_ceb_aus_tier_an
[1913/1997] Linking CXX executable tests/unit/test_d2g1_ctest_registrierung
[1914/1997] Linking CXX executable tests/unit/test_t6_biss_achsen_roundtrip_wache
[1915/1997] Linking CXX executable tests/unit/test_warn1_d2_fingerprint_koeder
[1916/1997] Linking CXX executable tests/unit/test_t6_wachen_inventar
[1917/1997] Linking CXX executable tests/unit/test_d55_hdr_verdrahtung
[1918/1997] Linking CXX executable tests/unit/test_naht1_mess_visitor_biss
[1919/1997] Linking CXX executable tests/unit/test_lizenz_konsistenz
[1920/1997] Linking CXX executable tests/unit/test_t6_biss_sichtbarkeits_wache
[1921/1997] Linking CXX executable tests/unit/test_anker_marke_statt_ledgerzeile
[1922/1997] Linking CXX executable tests/unit/test_t6_biss_registrierungs_wache
[1923/1997] Linking CXX executable tests/unit/test_w0b_durchstich_kette
[1924/1997] Linking CXX executable tests/unit/test_s1_stempel_basis_vertrag
[1925/1997] Linking CXX executable tests/unit/test_s3_ordnung_relation
[1926/1997] Linking CXX executable tests/unit/test_k2_stufen_neutraler_loader
[1927/1997] Linking CXX executable tests/unit/test_pa1_tote_ausnahme
[1928/1997] Linking CXX executable tests/unit/test_s6c_kategorien_ordnung_zwei_welten
[1929/1997] Linking CXX executable tests/unit/test_vs_taxonomie_klassen_grep
[1930/1997] Linking CXX executable tests/unit/test_genus_ct_komposition
[1931/1997] Linking CXX executable tests/unit/test_simd_organ_achsen_deckung
[1932/1997] Linking CXX executable tests/unit/test_g2_semantik_duplikatverbot
[1933/1997] Linking CXX executable tests/unit/test_lg_host_binder
[1934/1997] Linking CXX executable tests/unit/test_s3_ordnung_freigabe
[1935/1997] Linking CXX executable tests/unit/test_stempel_zulassung_bruecke
[1936/1997] Linking CXX executable tests/unit/test_stempel_vollbestand_registry
[1937/1997] Linking CXX executable tests/unit/test_pk_klemm_json
[1938/1997] Linking CXX executable tests/unit/test_xl_l4_na_konkurrenz
[1939/1997] Linking CXX executable tests/unit/test_s19_simulation_rechnung
[1940/1997] Linking CXX executable tests/unit/test_lg_idempotenz_beide_wdh
[1941/1997] Linking CXX executable tests/unit/test_registry_gen_out_pflicht
[1942/1997] Linking CXX executable tests/unit/test_ci_coverage_guard_strikt
[1943/1997] Linking CXX executable tests/unit/test_configure_enable_gnu
[1944/1997] Linking CXX executable tests/unit/test_s13_01_csv_kind_projektion
[1945/1997] Linking CXX executable tests/unit/test_t15b_retry_warmup_paar
[1946/1997] Linking CXX executable tests/unit/test_pmc_raw_event_katalog
[1947/1997] Linking CXX executable tests/unit/test_variant_hauswache
[1948/1997] Linking CXX executable tests/unit/test_s8_traeger_grenzwache
[1949/1997] Linking CXX executable tests/unit/test_begriffs_alias_registry
[1950/1997] Linking CXX executable tests/unit/test_bestand_schluessel_schema
[1951/1997] Linking CXX executable tests/unit/test_kanal_id_schema
[1952/1997] Linking CXX executable tests/unit/test_parameter_filter_registry_skelett
[1953/1997] Linking CXX executable tests/unit/test_e07_gate_kriterien
[1954/1997] Linking CXX executable tests/unit/test_pmc_startup_pruefung
[1955/1997] Linking CXX executable tests/unit/test_e8_bytes_in_use_peak_demo
[1956/1997] Building CXX object tests/unit/CMakeFiles/test_c13_selektiver_rebuild.dir/test_c13_selektiver_rebuild.cpp.o
[1957/1997] Linking CXX executable tests/unit/test_c13_selektiver_rebuild
[1958/1997] Building CXX object libs/cache_engine/profile_facade/CMakeFiles/comdare_profile_run_facade.dir/profile_run_facade.cpp.o
[1959/1997] Linking CXX static library libs/cache_engine/profile_facade/libcomdare_profile_run_facade.a
[1960/1997] Linking CXX executable apps/experiment_planner/comdare-experiment-planner
[1961/1997] Generating CXX dyndep file tests/unit/CMakeFiles/test_vl3_debug_flag_sperre.dir/CXX.dd
[1962/1995] Generating CXX dyndep file tests/unit/CMakeFiles/test_check_size_cli_deckel.dir/CXX.dd
[1963/1993] Scanning /home/comdare/Projekte/Research/probst-diplomarbeit-cache-engine/Code/external/comdare-cache-engine/tests/unit/test_s19_simulation_cli.cpp for CXX dependencies
[1964/1993] Generating CXX dyndep file tests/unit/CMakeFiles/test_s19_simulation_cli.dir/CXX.dd
[1965/1993] Scanning /home/comdare/Projekte/Research/probst-diplomarbeit-cache-engine/Code/external/comdare-cache-engine/tests/unit/test_vl3_debug_stdout_bytegleich.cpp for CXX dependencies
[1966/1993] Generating CXX dyndep file tests/unit/CMakeFiles/test_vl3_debug_stdout_bytegleich.dir/CXX.dd
[1967/1993] Building CXX object tests/unit/CMakeFiles/test_s13_03_per_binary_mappe.dir/test_s13_03_per_binary_mappe.cpp.o
[1968/1993] Linking CXX executable tests/unit/test_s13_03_per_binary_mappe
[1969/1993] Building CXX object tests/unit/CMakeFiles/test_s19_simulation_cli.dir/test_s19_simulation_cli.cpp.o
[1970/1993] Linking CXX executable tests/unit/test_s19_simulation_cli
[1971/1993] Building CXX object tests/unit/CMakeFiles/test_c14_lager_presence_wache.dir/test_c14_lager_presence_wache.cpp.o
[1972/1993] Linking CXX executable tests/unit/test_c14_lager_presence_wache
[1973/1993] Building CXX object tests/unit/CMakeFiles/test_c14_messwert_presence_wache.dir/test_c14_messwert_presence_wache.cpp.o
[1974/1993] Linking CXX executable tests/unit/test_c14_messwert_presence_wache
[1975/1993] Building CXX object tests/unit/CMakeFiles/test_vl3_debug_stdout_bytegleich.dir/test_vl3_debug_stdout_bytegleich.cpp.o
[1976/1993] Linking CXX executable tests/unit/test_vl3_debug_stdout_bytegleich
[1977/1993] Building CXX object tests/unit/CMakeFiles/test_ph89_paper_prueflinge.dir/test_ph89_paper_prueflinge.cpp.o
[1978/1993] Linking CXX executable tests/unit/test_ph89_paper_prueflinge
[1979/1993] Building CXX object tests/unit/CMakeFiles/test_s8kopf_planner_kopf.dir/test_s8kopf_planner_kopf.cpp.o
/home/comdare/Projekte/Research/probst-diplomarbeit-cache-engine/Code/external/comdare-cache-engine/tests/unit/test_s8kopf_planner_kopf.cpp:75:42: warning: unused variable 'traegt_mess_rohdaten' [-Wunused-const-variable]
   75 |     static constexpr bool                traegt_mess_rohdaten = true; // der Bruch
      |                                          ^~~~~~~~~~~~~~~~~~~~
/home/comdare/Projekte/Research/probst-diplomarbeit-cache-engine/Code/external/comdare-cache-engine/tests/unit/test_s8kopf_planner_kopf.cpp:76:42: warning: unused variable 'ausser_der_reihe' [-Wunused-const-variable]
   76 |     static constexpr bool                ausser_der_reihe     = false;
      |                                          ^~~~~~~~~~~~~~~~
/home/comdare/Projekte/Research/probst-diplomarbeit-cache-engine/Code/external/comdare-cache-engine/tests/unit/test_s8kopf_planner_kopf.cpp:77:42: warning: unused variable 'prioritaet' [-Wunused-const-variable]
   77 |     static constexpr trg::NahtPrioritaet prioritaet           = trg::NahtPrioritaet::Normal;
      |                                          ^~~~~~~~~~
/home/comdare/Projekte/Research/probst-diplomarbeit-cache-engine/Code/external/comdare-cache-engine/tests/unit/test_s8kopf_planner_kopf.cpp:86:42: warning: unused variable 'traegt_mess_rohdaten' [-Wunused-const-variable]
   86 |     static constexpr bool                traegt_mess_rohdaten = false;
      |                                          ^~~~~~~~~~~~~~~~~~~~
/home/comdare/Projekte/Research/probst-diplomarbeit-cache-engine/Code/external/comdare-cache-engine/tests/unit/test_s8kopf_planner_kopf.cpp:87:42: warning: unused variable 'ausser_der_reihe' [-Wunused-const-variable]
   87 |     static constexpr bool                ausser_der_reihe     = false;
      |                                          ^~~~~~~~~~~~~~~~
/home/comdare/Projekte/Research/probst-diplomarbeit-cache-engine/Code/external/comdare-cache-engine/tests/unit/test_s8kopf_planner_kopf.cpp:88:42: warning: unused variable 'prioritaet' [-Wunused-const-variable]
   88 |     static constexpr trg::NahtPrioritaet prioritaet           = trg::NahtPrioritaet::Normal;
      |                                          ^~~~~~~~~~
/home/comdare/Projekte/Research/probst-diplomarbeit-cache-engine/Code/external/comdare-cache-engine/tests/unit/test_s8kopf_planner_kopf.cpp:97:27: warning: unused variable 'traegt_mess_rohdaten' [-Wunused-const-variable]
   97 |     static constexpr bool traegt_mess_rohdaten = false;
      |                           ^~~~~~~~~~~~~~~~~~~~
/home/comdare/Projekte/Research/probst-diplomarbeit-cache-engine/Code/external/comdare-cache-engine/tests/unit/test_s8kopf_planner_kopf.cpp:98:27: warning: unused variable 'ausser_der_reihe' [-Wunused-const-variable]
   98 |     static constexpr bool ausser_der_reihe     = true;
      |                           ^~~~~~~~~~~~~~~~
8 warnings generated.
[1980/1993] Linking CXX executable tests/unit/test_s8kopf_planner_kopf
[1981/1993] Building CXX object tests/unit/CMakeFiles/test_limits_entkopplung_vorstufe.dir/test_limits_entkopplung_vorstufe.cpp.o
[1982/1993] Linking CXX executable tests/unit/test_limits_entkopplung_vorstufe
[1983/1993] Building CXX object tests/unit/CMakeFiles/test_t2a_f4_facade_plan_durchreichung.dir/test_t2a_f4_facade_plan_durchreichung.cpp.o
[1984/1993] Linking CXX executable tests/unit/test_t2a_f4_facade_plan_durchreichung
[1985/1993] Building CXX object tests/unit/CMakeFiles/test_d37b_modus_riegel.dir/test_d37b_modus_riegel.cpp.o
[1986/1993] Linking CXX executable tests/unit/test_d37b_modus_riegel
[1987/1993] Building CXX object tests/unit/CMakeFiles/test_lazy_adhoc_source_gen.dir/test_lazy_adhoc_source_gen.cpp.o
[1988/1993] Linking CXX executable tests/unit/test_lazy_adhoc_source_gen
[1989/1993] Building CXX object tests/unit/CMakeFiles/test_lg_e2e_xlsx_facade.dir/test_lg_e2e_xlsx_facade.cpp.o
[1990/1993] Linking CXX executable tests/unit/test_lg_e2e_xlsx_facade
[1991/1993] Building CXX object tests/unit/CMakeFiles/test_s13_02_zielfilter_vier_faelle.dir/test_s13_02_zielfilter_vier_faelle.cpp.o
[1992/1993] Linking CXX executable tests/unit/test_s13_02_zielfilter_vier_faelle
