[0/2] Re-checking globbed directories...
[1/2279] Generating CXX dyndep file tools/overlay_source_hash_gen/CMakeFiles/comdare_overlay_source_hash_gen.dir/CXX.dd
[2/2277] comdare E-E: Overlay-Quell-Hash (Glied [7] des Tier-Fingerprints)
[overlay_source_hash_gen] 712 Dateien, 3418134 Bytes, sha512=17ce209466a6f770... (unveraendert)
[3/2257] Generating CXX dyndep file apps/is_original_validator/CMakeFiles/is_original_validator.dir/CXX.dd
[4/2178] Generating CXX dyndep file libs/cache_engine/builder/anatomy_module_loader/CMakeFiles/comdare_anatomy_module_loader.dir/CXX.dd
[5/2176] Generating CXX dyndep file libs/common/serialization/xml_config_parser/CMakeFiles/comdare_builder_xml_config_parser.dir/CXX.dd
[6/2174] Generating CXX dyndep file libs/cache_engine/builder/workload_driver/CMakeFiles/comdare_workload_driver.dir/CXX.dd
[7/2172] Generating CXX dyndep file libs/cache_engine/builder/lager_ablage/CMakeFiles/comdare_lager_ablage.dir/CXX.dd
[8/2170] Generating CXX dyndep file libs/test_infra/workload_generator/CMakeFiles/comdare_workload_generator.dir/CXX.dd
[9/2168] Generating CXX dyndep file libs/cache_engine/builder/codegen/CMakeFiles/comdare_builder_codegen.dir/CXX.dd
[10/2166] Generating CXX dyndep file libs/cache_engine/builder/permutation_loop/CMakeFiles/comdare_builder_permutation_loop.dir/CXX.dd
[11/2164] Generating CXX dyndep file libs/cache_engine/builder/module_loader/CMakeFiles/comdare_module_loader.dir/CXX.dd
[12/2162] Generating CXX dyndep file libs/execution_engine/CMakeFiles/comdare_experiment.dir/CXX.dd
[13/2160] Generating CXX dyndep file libs/cache_engine/builder/experiment_runner/CMakeFiles/comdare_builder_experiment_runner.dir/CXX.dd
[14/2158] Generating CXX dyndep file apps/catalog_codegen_tool/CMakeFiles/comdare_catalog_codegen_cli.dir/CXX.dd
[15/2149] Generating CXX dyndep file tools/axis_version_lock/CMakeFiles/comdare_axis_version_lock.dir/CXX.dd
[16/2147] Generating CXX dyndep file libs/cache_engine/profile_facade/CMakeFiles/comdare_profile_run_facade.dir/CXX.dd
[17/2145] Generating CXX dyndep file apps/experiment_planner/CMakeFiles/comdare_experiment_planner.dir/CXX.dd
[18/2143] Scanning /home/comdare/wt-ce-bump15/build/gcc-release/generated/anatomy_modules_multi/anatomy_perm_anatomy_multi_pilot_3.cpp for CXX dependencies
[19/2143] Scanning /home/comdare/wt-ce-bump15/build/gcc-release/generated/anatomy_modules_multi/anatomy_perm_anatomy_multi_pilot_4.cpp for CXX dependencies
[20/2143] Scanning /home/comdare/wt-ce-bump15/build/gcc-release/generated/anatomy_modules_multi/anatomy_perm_anatomy_multi_pilot_0.cpp for CXX dependencies
[21/2143] Scanning /home/comdare/wt-ce-bump15/build/gcc-release/generated/r5i_anatomy_modules/anatomy_perm_r5i_configure_pilot_2.cpp for CXX dependencies
[22/2143] Scanning /home/comdare/wt-ce-bump15/build/gcc-release/generated/anatomy_modules_multi/anatomy_perm_anatomy_multi_pilot_5.cpp for CXX dependencies
[23/2143] Scanning /home/comdare/wt-ce-bump15/build/gcc-release/generated/anatomy_modules_multi/anatomy_perm_anatomy_multi_pilot_1.cpp for CXX dependencies
[24/2143] Scanning /home/comdare/wt-ce-bump15/build/gcc-release/generated/r5i_anatomy_modules/anatomy_perm_r5i_configure_pilot_1.cpp for CXX dependencies
[25/2143] Scanning /home/comdare/wt-ce-bump15/build/gcc-release/generated/anatomy_modules/anatomy_perm_hot_pilot.cpp for CXX dependencies
[26/2143] Scanning /home/comdare/wt-ce-bump15/build/gcc-release/generated/r5i_anatomy_modules/anatomy_perm_r5i_configure_pilot_0.cpp for CXX dependencies
[27/2143] Scanning /home/comdare/wt-ce-bump15/build/gcc-release/generated/anatomy_modules/anatomy_perm_wormhole_pilot.cpp for CXX dependencies
[28/2143] Scanning /home/comdare/wt-ce-bump15/build/gcc-release/generated/anatomy_modules_multi/anatomy_perm_anatomy_multi_pilot_2.cpp for CXX dependencies
[29/2143] Scanning /home/comdare/wt-ce-bump15/build/gcc-release/generated/f15_measurement_modules/anatomy_perm_f15_measurement_pilot_1.cpp for CXX dependencies
[30/2143] Scanning /home/comdare/wt-ce-bump15/build/gcc-release/generated/f15_measurement_modules/anatomy_perm_f15_measurement_pilot_0.cpp for CXX dependencies
[31/2143] Scanning /home/comdare/wt-ce-bump15/build/gcc-release/generated/r5g_autobuilt_modules/comdare_anatomy_perm_auto_0.cpp for CXX dependencies
[32/2143] Scanning /home/comdare/wt-ce-bump15/build/gcc-release/generated/r5g_autobuilt_modules/comdare_anatomy_perm_auto_1.cpp for CXX dependencies
[33/2143] Scanning /home/comdare/wt-ce-bump15/build/gcc-release/generated/r5g_autobuilt_modules/comdare_anatomy_perm_auto_10.cpp for CXX dependencies
[34/2143] Scanning /home/comdare/wt-ce-bump15/build/gcc-release/generated/r5g_autobuilt_modules/comdare_anatomy_perm_auto_11.cpp for CXX dependencies
[35/2143] Scanning /home/comdare/wt-ce-bump15/build/gcc-release/generated/r5g_autobuilt_modules/comdare_anatomy_perm_auto_14.cpp for CXX dependencies
[36/2143] Scanning /home/comdare/wt-ce-bump15/build/gcc-release/generated/r5g_autobuilt_modules/comdare_anatomy_perm_auto_13.cpp for CXX dependencies
[37/2143] Scanning /home/comdare/wt-ce-bump15/build/gcc-release/generated/r5g_autobuilt_modules/comdare_anatomy_perm_auto_16.cpp for CXX dependencies
[38/2143] Scanning /home/comdare/wt-ce-bump15/build/gcc-release/generated/r5g_autobuilt_modules/comdare_anatomy_perm_auto_12.cpp for CXX dependencies
[39/2143] Scanning /home/comdare/wt-ce-bump15/build/gcc-release/generated/r5g_autobuilt_modules/comdare_anatomy_perm_auto_15.cpp for CXX dependencies
[40/2143] Scanning /home/comdare/wt-ce-bump15/build/gcc-release/generated/r5g_autobuilt_modules/comdare_anatomy_perm_auto_17.cpp for CXX dependencies
[41/2143] Scanning /home/comdare/wt-ce-bump15/build/gcc-release/generated/r5g_autobuilt_modules/comdare_anatomy_perm_auto_18.cpp for CXX dependencies
[42/2143] Scanning /home/comdare/wt-ce-bump15/build/gcc-release/generated/r5g_autobuilt_modules/comdare_anatomy_perm_auto_19.cpp for CXX dependencies
[43/2143] Scanning /home/comdare/wt-ce-bump15/build/gcc-release/generated/r5g_autobuilt_modules/comdare_anatomy_perm_auto_2.cpp for CXX dependencies
[44/2143] Scanning /home/comdare/wt-ce-bump15/build/gcc-release/generated/r5g_autobuilt_modules/comdare_anatomy_perm_auto_20.cpp for CXX dependencies
[45/2143] Scanning /home/comdare/wt-ce-bump15/build/gcc-release/generated/r5g_autobuilt_modules/comdare_anatomy_perm_auto_22.cpp for CXX dependencies
[46/2143] Scanning /home/comdare/wt-ce-bump15/build/gcc-release/generated/r5g_autobuilt_modules/comdare_anatomy_perm_auto_23.cpp for CXX dependencies
[47/2143] Scanning /home/comdare/wt-ce-bump15/build/gcc-release/generated/r5g_autobuilt_modules/comdare_anatomy_perm_auto_26.cpp for CXX dependencies
[48/2143] Scanning /home/comdare/wt-ce-bump15/build/gcc-release/generated/r5g_autobuilt_modules/comdare_anatomy_perm_auto_25.cpp for CXX dependencies
[49/2143] Scanning /home/comdare/wt-ce-bump15/build/gcc-release/generated/r5g_autobuilt_modules/comdare_anatomy_perm_auto_21.cpp for CXX dependencies
[50/2143] Scanning /home/comdare/wt-ce-bump15/build/gcc-release/generated/r5g_autobuilt_modules/comdare_anatomy_perm_auto_24.cpp for CXX dependencies
[51/2143] Scanning /home/comdare/wt-ce-bump15/build/gcc-release/generated/r5g_autobuilt_modules/comdare_anatomy_perm_auto_27.cpp for CXX dependencies
[52/2143] Scanning /home/comdare/wt-ce-bump15/build/gcc-release/generated/r5g_autobuilt_modules/comdare_anatomy_perm_auto_28.cpp for CXX dependencies
[53/2143] Scanning /home/comdare/wt-ce-bump15/build/gcc-release/generated/r5g_autobuilt_modules/comdare_anatomy_perm_auto_29.cpp for CXX dependencies
[54/2143] Scanning /home/comdare/wt-ce-bump15/build/gcc-release/generated/r5g_autobuilt_modules/comdare_anatomy_perm_auto_3.cpp for CXX dependencies
[55/2143] Scanning /home/comdare/wt-ce-bump15/build/gcc-release/generated/r5g_autobuilt_modules/comdare_anatomy_perm_auto_31.cpp for CXX dependencies
[56/2143] Scanning /home/comdare/wt-ce-bump15/build/gcc-release/generated/r5g_autobuilt_modules/comdare_anatomy_perm_auto_30.cpp for CXX dependencies
[57/2143] Scanning /home/comdare/wt-ce-bump15/build/gcc-release/generated/r5g_autobuilt_modules/comdare_anatomy_perm_auto_34.cpp for CXX dependencies
[58/2143] Scanning /home/comdare/wt-ce-bump15/build/gcc-release/generated/r5g_autobuilt_modules/comdare_anatomy_perm_auto_32.cpp for CXX dependencies
[59/2143] Scanning /home/comdare/wt-ce-bump15/build/gcc-release/generated/r5g_autobuilt_modules/comdare_anatomy_perm_auto_33.cpp for CXX dependencies
[60/2143] Scanning /home/comdare/wt-ce-bump15/build/gcc-release/generated/r5g_autobuilt_modules/comdare_anatomy_perm_auto_35.cpp for CXX dependencies
[61/2143] Scanning /home/comdare/wt-ce-bump15/build/gcc-release/generated/r5g_autobuilt_modules/comdare_anatomy_perm_auto_36.cpp for CXX dependencies
[62/2143] Scanning /home/comdare/wt-ce-bump15/build/gcc-release/generated/r5g_autobuilt_modules/comdare_anatomy_perm_auto_38.cpp for CXX dependencies
[63/2143] Scanning /home/comdare/wt-ce-bump15/build/gcc-release/generated/r5g_autobuilt_modules/comdare_anatomy_perm_auto_37.cpp for CXX dependencies
[64/2143] Scanning /home/comdare/wt-ce-bump15/build/gcc-release/generated/r5g_autobuilt_modules/comdare_anatomy_perm_auto_39.cpp for CXX dependencies
[65/2143] Scanning /home/comdare/wt-ce-bump15/build/gcc-release/generated/r5g_autobuilt_modules/comdare_anatomy_perm_auto_40.cpp for CXX dependencies
[66/2143] Scanning /home/comdare/wt-ce-bump15/build/gcc-release/generated/r5g_autobuilt_modules/comdare_anatomy_perm_auto_4.cpp for CXX dependencies
[67/2143] Scanning /home/comdare/wt-ce-bump15/build/gcc-release/generated/r5g_autobuilt_modules/comdare_anatomy_perm_auto_42.cpp for CXX dependencies
[68/2143] Scanning /home/comdare/wt-ce-bump15/build/gcc-release/generated/r5g_autobuilt_modules/comdare_anatomy_perm_auto_46.cpp for CXX dependencies
[69/2143] Scanning /home/comdare/wt-ce-bump15/build/gcc-release/generated/r5g_autobuilt_modules/comdare_anatomy_perm_auto_43.cpp for CXX dependencies
[70/2143] Scanning /home/comdare/wt-ce-bump15/build/gcc-release/generated/r5g_autobuilt_modules/comdare_anatomy_perm_auto_41.cpp for CXX dependencies
[71/2143] Generating CXX dyndep file libs/cache_engine/builder/experiment_driver/CMakeFiles/comdare_builder_experiment_driver.dir/CXX.dd
[72/2141] Generating CXX dyndep file libs/cache_engine/builder/anatomy_codegen_tool/CMakeFiles/comdare_anatomy_codegen_tool.dir/CXX.dd
[73/2139] Scanning /home/comdare/wt-ce-bump15/build/gcc-release/generated/r5g_autobuilt_modules/comdare_anatomy_perm_auto_44.cpp for CXX dependencies
[74/2139] Generating CXX dyndep file tools/ycsb_cli/CMakeFiles/comdare_ycsb_cli_lib.dir/CXX.dd
[75/2137] Generating CXX dyndep file tools/latex_anhang/CMakeFiles/comdare_latex_anhang_lib.dir/CXX.dd
[76/2135] Scanning /home/comdare/wt-ce-bump15/build/gcc-release/generated/r5g_autobuilt_modules/comdare_anatomy_perm_auto_45.cpp for CXX dependencies
[77/2135] Scanning /home/comdare/wt-ce-bump15/tests/unit/test_pressure_state.cpp for CXX dependencies
[78/2135] Scanning /home/comdare/wt-ce-bump15/tests/unit/test_cache_recommendation.cpp for CXX dependencies
[79/2135] Scanning /home/comdare/wt-ce-bump15/libs/cache_engine/builder/commands/tests/test_engine_adapters.cpp for CXX dependencies
[80/2135] Scanning /home/comdare/wt-ce-bump15/libs/cache_engine/builder/commands/tests/test_commands.cpp for CXX dependencies
[81/2135] Scanning /home/comdare/wt-ce-bump15/build/gcc-release/generated/r5g_autobuilt_modules/comdare_anatomy_perm_auto_5.cpp for CXX dependencies
[82/2135] Scanning /home/comdare/wt-ce-bump15/apps/f15_compare/main.cpp for CXX dependencies
[83/2135] Scanning /home/comdare/wt-ce-bump15/build/gcc-release/generated/r5g_autobuilt_modules/comdare_anatomy_perm_auto_47.cpp for CXX dependencies
[84/2135] Scanning /home/comdare/wt-ce-bump15/build/gcc-release/generated/r5g_autobuilt_modules/comdare_anatomy_perm_auto_6.cpp for CXX dependencies
[85/2135] Scanning /home/comdare/wt-ce-bump15/build/gcc-release/generated/r5g_autobuilt_modules/comdare_anatomy_perm_auto_7.cpp for CXX dependencies
[86/2135] Scanning /home/comdare/wt-ce-bump15/tests/unit/test_cpuid_probe.cpp for CXX dependencies
[87/2135] Scanning /home/comdare/wt-ce-bump15/build/gcc-release/generated/r5g_autobuilt_modules/comdare_anatomy_perm_auto_8.cpp for CXX dependencies
[88/2135] Scanning /home/comdare/wt-ce-bump15/build/gcc-release/generated/r5g_autobuilt_modules/comdare_anatomy_perm_auto_9.cpp for CXX dependencies
[89/2135] Scanning /home/comdare/wt-ce-bump15/tests/unit/test_permutation_flags.cpp for CXX dependencies
[90/2135] Scanning /home/comdare/wt-ce-bump15/tests/unit/test_event_hierarchy.cpp for CXX dependencies
[91/2135] Scanning /home/comdare/wt-ce-bump15/tests/unit/test_observer_registry.cpp for CXX dependencies
[92/2135] Scanning /home/comdare/wt-ce-bump15/tests/unit/test_decision_trees.cpp for CXX dependencies
[93/2135] Scanning /home/comdare/wt-ce-bump15/tests/unit/test_concurrency_disciplines.cpp for CXX dependencies
[94/2135] Scanning /home/comdare/wt-ce-bump15/tests/unit/test_decision_lambda_registry.cpp for CXX dependencies
[95/2135] Scanning /home/comdare/wt-ce-bump15/tests/unit/test_telemetry_strategies.cpp for CXX dependencies
[96/2135] Scanning /home/comdare/wt-ce-bump15/tests/unit/test_platform_concepts.cpp for CXX dependencies
[97/2135] Scanning /home/comdare/wt-ce-bump15/tests/unit/test_cache_hierarchy_and_mode.cpp for CXX dependencies
[98/2135] Scanning /home/comdare/wt-ce-bump15/tests/unit/test_measurement_buffer.cpp for CXX dependencies
[99/2135] Scanning /home/comdare/wt-ce-bump15/tests/unit/test_sub_engines.cpp for CXX dependencies
[100/2135] Scanning /home/comdare/wt-ce-bump15/tests/unit/test_abi_interface.cpp for CXX dependencies
[101/2135] Scanning /home/comdare/wt-ce-bump15/tests/unit/test_allocator_concepts.cpp for CXX dependencies
[102/2135] Scanning /home/comdare/wt-ce-bump15/tests/unit/test_test_data_accumulation.cpp for CXX dependencies
[103/2135] Scanning /home/comdare/wt-ce-bump15/tests/unit/test_config_durability.cpp for CXX dependencies
[104/2135] Scanning /home/comdare/wt-ce-bump15/tests/unit/test_benchmark_suite.cpp for CXX dependencies
[105/2135] Scanning /home/comdare/wt-ce-bump15/tests/unit/test_chaos_drift_gate.cpp for CXX dependencies
[106/2135] Scanning /home/comdare/wt-ce-bump15/tests/unit/test_allocator_full_matrix.cpp for CXX dependencies
[107/2135] Scanning /home/comdare/wt-ce-bump15/tests/unit/test_builder_codegen.cpp for CXX dependencies
[108/2135] Generating CXX dyndep file tests/unit/CMakeFiles/comdare_perm_mock_test.dir/CXX.dd
[109/2133] Scanning /home/comdare/wt-ce-bump15/tests/unit/test_codegen_from_profile.cpp for CXX dependencies
[110/2133] Scanning /home/comdare/wt-ce-bump15/tests/unit/test_permutation_sampling.cpp for CXX dependencies
[111/2133] Scanning /home/comdare/wt-ce-bump15/tests/unit/test_workload_and_experiment.cpp for CXX dependencies
[112/2133] Scanning /home/comdare/wt-ce-bump15/tests/unit/test_ycsb_cli.cpp for CXX dependencies
[113/2133] Scanning /home/comdare/wt-ce-bump15/tests/unit/test_experiment_driver_v13.cpp for CXX dependencies
[114/2133] Scanning /home/comdare/wt-ce-bump15/tests/unit/test_latex_anhang.cpp for CXX dependencies
[115/2133] Scanning /home/comdare/wt-ce-bump15/tests/unit/test_succinct.cpp for CXX dependencies
[116/2133] Scanning /home/comdare/wt-ce-bump15/tests/unit/test_rcu.cpp for CXX dependencies
[117/2133] Scanning /home/comdare/wt-ce-bump15/tests/unit/test_rcu_concurrency.cpp for CXX dependencies
[118/2133] Scanning /home/comdare/wt-ce-bump15/tests/unit/test_hbm_hierarchy.cpp for CXX dependencies
[119/2133] Scanning /home/comdare/wt-ce-bump15/tests/unit/test_v31_adapters.cpp for CXX dependencies
[120/2133] Scanning /home/comdare/wt-ce-bump15/tests/unit/test_module_loader.cpp for CXX dependencies
[121/2133] Scanning /home/comdare/wt-ce-bump15/tests/unit/test_v41_indexes.cpp for CXX dependencies
[122/2133] Scanning /home/comdare/wt-ce-bump15/tests/unit/test_ctsha512.cpp for CXX dependencies
[123/2133] Scanning /home/comdare/wt-ce-bump15/tests/unit/test_v41_topic_allocator_axis_06.cpp for CXX dependencies
[124/2133] Scanning /home/comdare/wt-ce-bump15/tests/unit/test_v41_paper_legacy_code.cpp for CXX dependencies
[125/2133] Scanning /home/comdare/wt-ce-bump15/tests/unit/test_v41_topic_queuing.cpp for CXX dependencies
[126/2133] Scanning /home/comdare/wt-ce-bump15/tests/unit/test_v41_topics_fundament.cpp for CXX dependencies
[127/2133] Scanning /home/comdare/wt-ce-bump15/tests/unit/test_v41_topic_traversal.cpp for CXX dependencies
[128/2133] Scanning /home/comdare/wt-ce-bump15/tests/unit/test_v41_compositions.cpp for CXX dependencies
[129/2133] Scanning /home/comdare/wt-ce-bump15/tests/unit/test_v41_anatomy_r4_driver.cpp for CXX dependencies
[130/2133] Scanning /home/comdare/wt-ce-bump15/tests/unit/test_v41_anatomy.cpp for CXX dependencies
[131/2133] Scanning /home/comdare/wt-ce-bump15/tests/unit/test_v41_anatomy_observer.cpp for CXX dependencies
[132/2133] Scanning /home/comdare/wt-ce-bump15/tests/unit/test_v41_axis_03a_cross_variant_equivalence.cpp for CXX dependencies
[133/2133] Scanning /home/comdare/wt-ce-bump15/tests/unit/test_v41_tier_observe_trace.cpp for CXX dependencies
[134/2133] Scanning /home/comdare/wt-ce-bump15/tests/unit/test_ap7_swisstable.cpp for CXX dependencies
[135/2133] Scanning /home/comdare/wt-ce-bump15/tests/unit/test_ap8_hdr_histogram.cpp for CXX dependencies
[136/2133] Generating CXX dyndep file tests/unit/CMakeFiles/anatomy_codegen_pilot_hot.dir/CXX.dd
[137/2133] Generating CXX dyndep file tests/unit/CMakeFiles/anatomy_codegen_pilot_wormhole_shared.dir/CXX.dd
[138/2133] Scanning /home/comdare/wt-ce-bump15/tests/unit/test_v41_anatomy_pruefling_merge.cpp for CXX dependencies
[139/2133] Generating CXX dyndep file tests/unit/CMakeFiles/anatomy_multi_pilot_0.dir/CXX.dd
[140/2133] Generating CXX dyndep file tests/unit/CMakeFiles/anatomy_multi_pilot_1.dir/CXX.dd
[141/2133] Generating CXX dyndep file tests/unit/CMakeFiles/anatomy_multi_pilot_2.dir/CXX.dd
[142/2133] Generating CXX dyndep file tests/unit/CMakeFiles/anatomy_multi_pilot_3.dir/CXX.dd
[143/2133] Generating CXX dyndep file tests/unit/CMakeFiles/anatomy_multi_pilot_4.dir/CXX.dd
[144/2133] Generating CXX dyndep file tests/unit/CMakeFiles/anatomy_multi_pilot_5.dir/CXX.dd
[145/2133] Scanning /home/comdare/wt-ce-bump15/tests/unit/thesis_tiere/test_vampir_nfp_allocator.cpp for CXX dependencies
[146/2133] Scanning /home/comdare/wt-ce-bump15/tests/unit/test_ap7b_swiss_organ.cpp for CXX dependencies
[147/2133] Scanning /home/comdare/wt-ce-bump15/tests/unit/test_ap7b3_swiss_isa_group_match.cpp for CXX dependencies
[148/2133] Scanning /home/comdare/wt-ce-bump15/tests/unit/test_v41_axis_03a_tier_organ_equivalence.cpp for CXX dependencies
[149/2133] Scanning /home/comdare/wt-ce-bump15/tests/unit/test_v41_anatomy_base.cpp for CXX dependencies
[150/2133] Scanning /home/comdare/wt-ce-bump15/tests/unit/test_v41_anatomy_multi_codegen.cpp for CXX dependencies
[151/2133] Scanning /home/comdare/wt-ce-bump15/tests/unit/test_v41_anatomy_codegen_tool.cpp for CXX dependencies
[152/2133] Scanning /home/comdare/wt-ce-bump15/tests/unit/test_v41_execution_engine.cpp for CXX dependencies
[153/2133] Scanning /home/comdare/wt-ce-bump15/tests/unit/test_v41_anatomy_module_abi.cpp for CXX dependencies
[154/2133] Scanning /home/comdare/wt-ce-bump15/tests/unit/test_v41_search_algorithm_permutation_engine.cpp for CXX dependencies
[155/2133] Scanning /home/comdare/wt-ce-bump15/tests/unit/test_v41_anatomy_codegen.cpp for CXX dependencies
[156/2133] Scanning /home/comdare/wt-ce-bump15/tests/unit/test_v41_workload_generator.cpp for CXX dependencies
[157/2133] Scanning /home/comdare/wt-ce-bump15/tests/unit/test_v41_anatomy_module_loader.cpp for CXX dependencies
[158/2133] Scanning /home/comdare/wt-ce-bump15/tests/unit/test_v41_axis_12_general_hardware.cpp for CXX dependencies
[159/2133] Scanning /home/comdare/wt-ce-bump15/tests/unit/test_v41_anatomy_codegen_tool_traits.cpp for CXX dependencies
[160/2133] Scanning /home/comdare/wt-ce-bump15/tests/unit/test_v41_anatomy_codegen_tool_mp_list.cpp for CXX dependencies
[161/2133] Scanning /home/comdare/wt-ce-bump15/tests/unit/test_v41_axis_11_telemetry.cpp for CXX dependencies
[162/2133] Scanning /home/comdare/wt-ce-bump15/tests/unit/test_v41_axis_07_prefetch.cpp for CXX dependencies
[163/2133] Scanning /home/comdare/wt-ce-bump15/tests/unit/test_v41_axis_05_memory_layout.cpp for CXX dependencies
[164/2133] Scanning /home/comdare/wt-ce-bump15/tests/unit/test_v41_status_code.cpp for CXX dependencies
[165/2133] Scanning /home/comdare/wt-ce-bump15/tests/unit/test_v41_axis_14_value_handle.cpp for CXX dependencies
[166/2133] Scanning /home/comdare/wt-ce-bump15/tests/unit/test_v41_axis_10_serialization.cpp for CXX dependencies
[167/2133] Scanning /home/comdare/wt-ce-bump15/tests/unit/test_v41_axis_08_concurrency.cpp for CXX dependencies
[168/2133] Scanning /home/comdare/wt-ce-bump15/tests/unit/test_v41_axis_02_axis_04_nodes.cpp for CXX dependencies
[169/2133] Scanning /home/comdare/wt-ce-bump15/tests/unit/test_v41_pruefling_registry.cpp for CXX dependencies
[170/2133] Scanning /home/comdare/wt-ce-bump15/tests/pruefling_fixture/test_pruefling_fixture_ladung.cpp for CXX dependencies
[171/2133] Scanning /home/comdare/wt-ce-bump15/tests/unit/test_v41_axis_filter.cpp for CXX dependencies
[172/2133] Generating CXX dyndep file tests/unit/CMakeFiles/r5i_configure_pilot_0.dir/CXX.dd
[173/2133] Generating CXX dyndep file tests/unit/CMakeFiles/r5i_configure_pilot_1.dir/CXX.dd
[174/2133] Scanning /home/comdare/wt-ce-bump15/tests/unit/test_v41_serialization_primitives.cpp for CXX dependencies
[175/2133] Generating CXX dyndep file tests/unit/CMakeFiles/r5i_configure_pilot_2.dir/CXX.dd
[176/2133] Generating CXX dyndep file tests/unit/CMakeFiles/f15_measurement_pilot_0.dir/CXX.dd
[177/2133] Generating CXX dyndep file tests/unit/CMakeFiles/f15_measurement_pilot_1.dir/CXX.dd
[178/2133] Scanning /home/comdare/wt-ce-bump15/tests/unit/test_v41_axis_migration.cpp for CXX dependencies
[179/2133] Scanning /home/comdare/wt-ce-bump15/tests/unit/test_v41_axis_io.cpp for CXX dependencies
[180/2133] Scanning /home/comdare/wt-ce-bump15/tests/unit/test_v41_axis_01_index_organization.cpp for CXX dependencies
[181/2133] Scanning /home/comdare/wt-ce-bump15/tests/unit/test_v41_axis_01_page_type.cpp for CXX dependencies
[182/2133] Scanning /home/comdare/wt-ce-bump15/tests/unit/test_v41_axis_09_isa.cpp for CXX dependencies
[183/2133] Scanning /home/comdare/wt-ce-bump15/tests/unit/test_v41_axis_09b_simd_extension.cpp for CXX dependencies
[184/2133] Scanning /home/comdare/wt-ce-bump15/tests/unit/test_v41_axis_filter_surf_organ.cpp for CXX dependencies
[185/2133] Scanning /home/comdare/wt-ce-bump15/tests/unit/test_v41_axis_filter_surf_louds_organ.cpp for CXX dependencies
[186/2133] Scanning /home/comdare/wt-ce-bump15/tests/unit/test_v41_r5c3_isa_simd_cross_constraint.cpp for CXX dependencies
[187/2133] Scanning /home/comdare/wt-ce-bump15/tests/unit/test_v41_anatomy_r5i_configure_codegen.cpp for CXX dependencies
[188/2133] Scanning /home/comdare/wt-ce-bump15/tests/unit/test_v5_memento_axis.cpp for CXX dependencies
[189/2133] Scanning /home/comdare/wt-ce-bump15/tests/unit/test_v5_conformance_gate.cpp for CXX dependencies
[190/2133] Scanning /home/comdare/wt-ce-bump15/tests/unit/test_v5_two_phase_driver.cpp for CXX dependencies
[191/2133] Scanning /home/comdare/wt-ce-bump15/tests/unit/test_v5_measurement_snapshot.cpp for CXX dependencies
[192/2133] Scanning /home/comdare/wt-ce-bump15/tests/unit/test_v5_workload_orchestrator.cpp for CXX dependencies
[193/2133] Scanning /home/comdare/wt-ce-bump15/tests/unit/test_v41_pruef_dock_search_algorithm.cpp for CXX dependencies
[194/2133] Scanning /home/comdare/wt-ce-bump15/tests/unit/test_d51_perzentil_kanon.cpp for CXX dependencies
[195/2133] Scanning /home/comdare/wt-ce-bump15/tests/unit/test_d54_trace_schema.cpp for CXX dependencies
[196/2133] Scanning /home/comdare/wt-ce-bump15/tests/unit/test_v41_anatomy_f15_measurement.cpp for CXX dependencies
[197/2133] Scanning /home/comdare/wt-ce-bump15/tests/unit/test_v41_anatomy_adhoc_codegen_macro.cpp for CXX dependencies
[198/2133] Scanning /home/comdare/wt-ce-bump15/tests/unit/test_heuristik_workload_cluster.cpp for CXX dependencies
[199/2133] Scanning /home/comdare/wt-ce-bump15/tests/unit/test_heuristik_spline_break_even.cpp for CXX dependencies
[200/2133] Scanning /home/comdare/wt-ce-bump15/tests/unit/test_ap9_provenance_manifest.cpp for CXX dependencies
[201/2133] Scanning /home/comdare/wt-ce-bump15/tests/unit/test_ap13_thread_pinning.cpp for CXX dependencies
[202/2133] Scanning /home/comdare/wt-ce-bump15/tests/unit/test_v5_disk_memento.cpp for CXX dependencies
[203/2133] Scanning /home/comdare/wt-ce-bump15/tests/unit/test_25_kanon_dataset_akten.cpp for CXX dependencies
[204/2133] Scanning /home/comdare/wt-ce-bump15/tests/unit/test_ap10_dataset_akte.cpp for CXX dependencies
[205/2133] Scanning /home/comdare/wt-ce-bump15/tests/unit/test_v5_ycsb_distribution.cpp for CXX dependencies
[206/2133] Scanning /home/comdare/wt-ce-bump15/tests/unit/test_184_dataset_loader_wiring.cpp for CXX dependencies
[207/2133] Generating CXX dyndep file tests/unit/CMakeFiles/comdare_r5g_adhoc_perm.dir/CXX.dd
[208/2131] Generating CXX dyndep file tests/unit/CMakeFiles/comdare_r5g_autobuilt_perm_0.dir/CXX.dd
[209/2131] Generating CXX dyndep file tests/unit/CMakeFiles/comdare_r5g_autobuilt_perm_1.dir/CXX.dd
[210/2131] Generating CXX dyndep file tests/unit/CMakeFiles/comdare_r5g_autobuilt_perm_2.dir/CXX.dd
[211/2131] Generating CXX dyndep file tests/unit/CMakeFiles/comdare_r5g_autobuilt_perm_3.dir/CXX.dd
[212/2131] Scanning /home/comdare/wt-ce-bump15/tests/unit/test_45_sosd_uint64_loader.cpp for CXX dependencies
[213/2131] Generating CXX dyndep file tests/unit/CMakeFiles/comdare_r5g_autobuilt_perm_4.dir/CXX.dd
[214/2131] Generating CXX dyndep file tests/unit/CMakeFiles/comdare_r5g_autobuilt_perm_5.dir/CXX.dd
[215/2131] Generating CXX dyndep file tests/unit/CMakeFiles/comdare_r5g_autobuilt_perm_6.dir/CXX.dd
[216/2131] Generating CXX dyndep file tests/unit/CMakeFiles/comdare_r5g_autobuilt_perm_7.dir/CXX.dd
[217/2131] Generating CXX dyndep file tests/unit/CMakeFiles/comdare_r5g_autobuilt_perm_8.dir/CXX.dd
[218/2131] Generating CXX dyndep file tests/unit/CMakeFiles/comdare_r5g_autobuilt_perm_10.dir/CXX.dd
[219/2131] Generating CXX dyndep file tests/unit/CMakeFiles/comdare_r5g_autobuilt_perm_9.dir/CXX.dd
[220/2131] Generating CXX dyndep file tests/unit/CMakeFiles/comdare_r5g_autobuilt_perm_12.dir/CXX.dd
[221/2131] Generating CXX dyndep file tests/unit/CMakeFiles/comdare_r5g_autobuilt_perm_11.dir/CXX.dd
[222/2131] Scanning /home/comdare/wt-ce-bump15/tests/unit/test_v5_ycsb_op_set.cpp for CXX dependencies
[223/2131] Generating CXX dyndep file tests/unit/CMakeFiles/comdare_r5g_autobuilt_perm_13.dir/CXX.dd
[224/2131] Generating CXX dyndep file tests/unit/CMakeFiles/comdare_r5g_autobuilt_perm_14.dir/CXX.dd
[225/2131] Generating CXX dyndep file tests/unit/CMakeFiles/comdare_r5g_autobuilt_perm_15.dir/CXX.dd
[226/2131] Generating CXX dyndep file tests/unit/CMakeFiles/comdare_r5g_autobuilt_perm_16.dir/CXX.dd
[227/2131] Generating CXX dyndep file tests/unit/CMakeFiles/comdare_r5g_autobuilt_perm_17.dir/CXX.dd
[228/2131] Generating CXX dyndep file tests/unit/CMakeFiles/comdare_r5g_autobuilt_perm_19.dir/CXX.dd
[229/2131] Generating CXX dyndep file tests/unit/CMakeFiles/comdare_r5g_autobuilt_perm_18.dir/CXX.dd
[230/2131] Generating CXX dyndep file tests/unit/CMakeFiles/comdare_r5g_autobuilt_perm_20.dir/CXX.dd
[231/2131] Generating CXX dyndep file tests/unit/CMakeFiles/comdare_r5g_autobuilt_perm_21.dir/CXX.dd
[232/2131] Generating CXX dyndep file tests/unit/CMakeFiles/comdare_r5g_autobuilt_perm_23.dir/CXX.dd
[233/2131] Generating CXX dyndep file tests/unit/CMakeFiles/comdare_r5g_autobuilt_perm_22.dir/CXX.dd
[234/2131] Generating CXX dyndep file tests/unit/CMakeFiles/comdare_r5g_autobuilt_perm_25.dir/CXX.dd
[235/2131] Generating CXX dyndep file tests/unit/CMakeFiles/comdare_r5g_autobuilt_perm_24.dir/CXX.dd
[236/2131] Generating CXX dyndep file tests/unit/CMakeFiles/comdare_r5g_autobuilt_perm_26.dir/CXX.dd
[237/2131] Generating CXX dyndep file tests/unit/CMakeFiles/comdare_r5g_autobuilt_perm_27.dir/CXX.dd
[238/2131] Generating CXX dyndep file tests/unit/CMakeFiles/comdare_r5g_autobuilt_perm_28.dir/CXX.dd
[239/2131] Generating CXX dyndep file tests/unit/CMakeFiles/comdare_r5g_autobuilt_perm_29.dir/CXX.dd
[240/2131] Generating CXX dyndep file tests/unit/CMakeFiles/comdare_r5g_autobuilt_perm_30.dir/CXX.dd
[241/2131] Generating CXX dyndep file tests/unit/CMakeFiles/comdare_r5g_autobuilt_perm_31.dir/CXX.dd
[242/2131] Generating CXX dyndep file tests/unit/CMakeFiles/comdare_r5g_autobuilt_perm_32.dir/CXX.dd
[243/2131] Generating CXX dyndep file tests/unit/CMakeFiles/comdare_r5g_autobuilt_perm_34.dir/CXX.dd
[244/2131] Generating CXX dyndep file tests/unit/CMakeFiles/comdare_r5g_autobuilt_perm_35.dir/CXX.dd
[245/2131] Generating CXX dyndep file tests/unit/CMakeFiles/comdare_r5g_autobuilt_perm_33.dir/CXX.dd
[246/2131] Generating CXX dyndep file tests/unit/CMakeFiles/comdare_r5g_autobuilt_perm_36.dir/CXX.dd
[247/2131] Generating CXX dyndep file tests/unit/CMakeFiles/comdare_r5g_autobuilt_perm_37.dir/CXX.dd
[248/2131] Generating CXX dyndep file tests/unit/CMakeFiles/comdare_r5g_autobuilt_perm_38.dir/CXX.dd
[249/2131] Generating CXX dyndep file tests/unit/CMakeFiles/comdare_r5g_autobuilt_perm_39.dir/CXX.dd
[250/2131] Generating CXX dyndep file tests/unit/CMakeFiles/comdare_r5g_autobuilt_perm_40.dir/CXX.dd
[251/2131] Generating CXX dyndep file tests/unit/CMakeFiles/comdare_r5g_autobuilt_perm_41.dir/CXX.dd
[252/2131] Scanning /home/comdare/wt-ce-bump15/tests/unit/test_v41_cache_engine_tools_facade.cpp for CXX dependencies
[253/2131] Generating CXX dyndep file tests/unit/CMakeFiles/comdare_r5g_autobuilt_perm_42.dir/CXX.dd
[254/2131] Generating CXX dyndep file tests/unit/CMakeFiles/comdare_r5g_autobuilt_perm_43.dir/CXX.dd
[255/2131] Generating CXX dyndep file tests/unit/CMakeFiles/comdare_r5g_autobuilt_perm_44.dir/CXX.dd
[256/2131] Scanning /home/comdare/wt-ce-bump15/tests/unit/test_v41_scan_range_organ.cpp for CXX dependencies
[257/2131] Generating CXX dyndep file tests/unit/CMakeFiles/comdare_r5g_autobuilt_perm_45.dir/CXX.dd
[258/2131] Generating CXX dyndep file tests/unit/CMakeFiles/comdare_r5g_autobuilt_perm_46.dir/CXX.dd
[259/2131] Generating CXX dyndep file tests/unit/CMakeFiles/comdare_r5g_autobuilt_perm_47.dir/CXX.dd
[260/2131] Scanning /home/comdare/wt-ce-bump15/tests/unit/test_v5_organ_memento.cpp for CXX dependencies
[261/2131] Scanning /home/comdare/wt-ce-bump15/tests/unit/test_v41_cache_engine_facade.cpp for CXX dependencies
[262/2131] Scanning /home/comdare/wt-ce-bump15/tests/unit/test_v41_codegen_type_name.cpp for CXX dependencies
[263/2131] Scanning /home/comdare/wt-ce-bump15/tests/unit/test_v41_anatomy_adhoc_dll_load.cpp for CXX dependencies
[264/2131] Scanning /home/comdare/wt-ce-bump15/tests/unit/test_pruef_only_gate.cpp for CXX dependencies
[265/2131] Scanning /home/comdare/wt-ce-bump15/tests/unit/test_hy_a1_heuristik_adapter_gattung.cpp for CXX dependencies
[266/2131] Scanning /home/comdare/wt-ce-bump15/tests/unit/test_hy_a1_attach_nur_array_include.cpp for CXX dependencies
[267/2131] Scanning /home/comdare/wt-ce-bump15/tests/unit/test_q2_identitaets_riegel.cpp for CXX dependencies
[268/2131] Scanning /home/comdare/wt-ce-bump15/tests/unit/test_hy_a1_dock_contract.cpp for CXX dependencies
[269/2131] Scanning /home/comdare/wt-ce-bump15/tests/unit/test_hy_a3_hybrid_config_parser.cpp for CXX dependencies
[270/2131] Scanning /home/comdare/wt-ce-bump15/tests/unit/test_v41_codegen_all_axes_umbrella.cpp for CXX dependencies
[271/2131] Scanning /home/comdare/wt-ce-bump15/tests/unit/test_v41_anatomy_adhoc_autobuilt_load.cpp for CXX dependencies
[272/2131] Scanning /home/comdare/wt-ce-bump15/tests/unit/test_hy_f8_reroute.cpp for CXX dependencies
[273/2131] Scanning /home/comdare/wt-ce-bump15/tests/unit/test_hy_a2_stempel_kette.cpp for CXX dependencies
[274/2131] Scanning /home/comdare/wt-ce-bump15/tests/unit/test_striktheit_axis_dach_guard.cpp for CXX dependencies
[275/2131] Scanning /home/comdare/wt-ce-bump15/tests/unit/test_a14_os_sub_axes_guard.cpp for CXX dependencies
[276/2131] Scanning /home/comdare/wt-ce-bump15/tests/unit/test_ap15_3_driveable_map_contract.cpp for CXX dependencies
[277/2131] Scanning /home/comdare/wt-ce-bump15/tests/unit/test_29_container_framework.cpp for CXX dependencies
[278/2131] Scanning /home/comdare/wt-ce-bump15/tests/unit/test_188_4bb0_pool_organ_wide_key_conformance.cpp for CXX dependencies
[279/2131] Scanning /home/comdare/wt-ce-bump15/tests/unit/test_s7_1_bst_pool_allocator_deg.cpp for CXX dependencies
[280/2131] Scanning /home/comdare/wt-ce-bump15/tests/unit/test_meta_meta_halbordnung.cpp for CXX dependencies
[281/2131] Scanning /home/comdare/wt-ce-bump15/tests/unit/test_axis_error_taxonomy.cpp for CXX dependencies
[282/2131] Scanning /home/comdare/wt-ce-bump15/tests/unit/test_ap15_2_get_allocator_proxy.cpp for CXX dependencies
[283/2131] Scanning /home/comdare/wt-ce-bump15/tests/unit/test_striktheit_abi_pod_guard.cpp for CXX dependencies
[284/2131] Scanning /home/comdare/wt-ce-bump15/tests/unit/test_s7_2_btree_pool_allocator_deg.cpp for CXX dependencies
[285/2131] Scanning /home/comdare/wt-ce-bump15/tests/unit/test_234_va_shaped_adapter.cpp for CXX dependencies
[286/2131] Scanning /home/comdare/wt-ce-bump15/tests/unit/test_striktheit_scan_kernel_purity.cpp for CXX dependencies
[287/2131] Scanning /home/comdare/wt-ce-bump15/tests/unit/test_striktheit_metaprog_guard.cpp for CXX dependencies
[288/2131] Scanning /home/comdare/wt-ce-bump15/tests/unit/test_cmd1_a_axis_command_base.cpp for CXX dependencies
[289/2131] Scanning /home/comdare/wt-ce-bump15/tests/unit/test_striktheit_axes_guard.cpp for CXX dependencies
[290/2131] Scanning /home/comdare/wt-ce-bump15/tests/unit/test_234_vb_rest_families_shaped.cpp for CXX dependencies
[291/2131] Scanning /home/comdare/wt-ce-bump15/tests/unit/test_s7_3_skip_list_pool_allocator_deg.cpp for CXX dependencies
[292/2131] Scanning /home/comdare/wt-ce-bump15/tests/unit/test_s7_4_hash_pool_allocator_deg.cpp for CXX dependencies
[293/2131] Scanning /home/comdare/wt-ce-bump15/tests/unit/test_s7_6_hot_pool_allocator_deg.cpp for CXX dependencies
[294/2131] Scanning /home/comdare/wt-ce-bump15/tests/unit/test_s7_8_wormhole_pool_allocator_deg.cpp for CXX dependencies
[295/2131] Scanning /home/comdare/wt-ce-bump15/tests/unit/test_s7_5_art_pool_allocator_deg.cpp for CXX dependencies
[296/2131] Scanning /home/comdare/wt-ce-bump15/tests/unit/test_s7_7_start_pool_allocator_deg.cpp for CXX dependencies
[297/2131] Scanning /home/comdare/wt-ce-bump15/tests/unit/test_s7_9_surf_pool_allocator_deg.cpp for CXX dependencies
[298/2131] Scanning /home/comdare/wt-ce-bump15/tests/unit/test_s7_10_swiss_pool_allocator_deg.cpp for CXX dependencies
[299/2131] Scanning /home/comdare/wt-ce-bump15/tests/unit/test_234_f2_skip_list_shape.cpp for CXX dependencies
[300/2131] Scanning /home/comdare/wt-ce-bump15/tests/unit/test_234_f1_btree_order_shape.cpp for CXX dependencies
[301/2131] Scanning /home/comdare/wt-ce-bump15/tests/unit/test_234_f3_bst_shape.cpp for CXX dependencies
[302/2131] Scanning /home/comdare/wt-ce-bump15/tests/unit/test_234_f4_hash_probe_shape.cpp for CXX dependencies
[303/2131] Scanning /home/comdare/wt-ce-bump15/tests/unit/test_188_4a_eytzinger_organ.cpp for CXX dependencies
[304/2131] Scanning /home/comdare/wt-ce-bump15/tests/unit/test_216h2_stat_reset_after_load.cpp for CXX dependencies
[305/2131] Scanning /home/comdare/wt-ce-bump15/tests/unit/test_abi_adapter_g3_batch2.cpp for CXX dependencies
[306/2131] Scanning /home/comdare/wt-ce-bump15/tests/unit/test_221_rc_prefetch_distance.cpp for CXX dependencies
[307/2131] Scanning /home/comdare/wt-ce-bump15/tests/unit/test_vor_push_gate.cpp for CXX dependencies
[308/2131] Scanning /home/comdare/wt-ce-bump15/tests/unit/test_188_4c0_known_compositions_conformance.cpp for CXX dependencies
[309/2131] Scanning /home/comdare/wt-ce-bump15/tests/unit/test_axis_kind_wire_totalitaet.cpp for CXX dependencies
[310/2131] Scanning /home/comdare/wt-ce-bump15/tests/unit/test_188_4cii_flat_wrapper_traversal.cpp for CXX dependencies
[311/2131] Scanning /home/comdare/wt-ce-bump15/tests/unit/test_217_2a_capacity_guard.cpp for CXX dependencies
[312/2131] Scanning /home/comdare/wt-ce-bump15/tests/unit/test_axis_kind_kategorien_zuordnung.cpp for CXX dependencies
[313/2131] Scanning /home/comdare/wt-ce-bump15/tests/unit/test_e1_contract_rc_konsum.cpp for CXX dependencies
[314/2131] Scanning /home/comdare/wt-ce-bump15/tests/unit/test_mt_l3_wide_schema_orakel.cpp for CXX dependencies
[315/2131] Scanning /home/comdare/wt-ce-bump15/tests/unit/thesis_tiere/test_profile_coverage.cpp for CXX dependencies
[316/2131] Scanning /home/comdare/wt-ce-bump15/tests/unit/test_d37b_modus_riegel.cpp for CXX dependencies
[317/2131] Scanning /home/comdare/wt-ce-bump15/tests/unit/thesis_tiere/test_experiment_kern_seam.cpp for CXX dependencies
[318/2131] Scanning /home/comdare/wt-ce-bump15/tests/unit/thesis_tiere/test_experiment_parser.cpp for CXX dependencies
[319/2131] Scanning /home/comdare/wt-ce-bump15/tests/unit/test_org18_persistence_target.cpp for CXX dependencies
[320/2131] Scanning /home/comdare/wt-ce-bump15/tests/unit/thesis_tiere/test_ap2_katalog_pfad_stubfrei.cpp for CXX dependencies
[321/2131] Generating CXX dyndep file tests/unit/CMakeFiles/perm_set_d9.dir/CXX.dd
[322/2129] Scanning /home/comdare/wt-ce-bump15/tests/unit/thesis_tiere/test_axis_sweep_coverage.cpp for CXX dependencies
[323/2129] Generating CXX dyndep file tests/unit/CMakeFiles/perm_sequence_d10.dir/CXX.dd
[324/2127] Generating CXX dyndep file tests/unit/CMakeFiles/perm_view_d11.dir/CXX.dd
[325/2125] Generating CXX dyndep file tests/unit/CMakeFiles/perm_buildvariant_avx512.dir/CXX.dd
[326/2123] Generating CXX dyndep file tests/unit/CMakeFiles/perm_buildvariant_avx2.dir/CXX.dd
[327/2121] Generating CXX dyndep file tests/unit/CMakeFiles/perm_adapter_d12.dir/CXX.dd
[328/2119] Generating CXX dyndep file tests/unit/CMakeFiles/perm_alt_major7.dir/CXX.dd
[329/2117] Generating CXX dyndep file tests/unit/CMakeFiles/perm_set_defekt_d13.dir/CXX.dd
[330/2115] Generating CXX dyndep file tests/unit/CMakeFiles/perm_major7_neue_magic.dir/CXX.dd
[331/2113] Generating CXX dyndep file tests/unit/CMakeFiles/perm_q2_luegner.dir/CXX.dd
[332/2111] Generating CXX dyndep file tests/unit/CMakeFiles/perm_q2_ohne_genus.dir/CXX.dd
[333/2109] Generating CXX dyndep file tests/unit/CMakeFiles/perm_q2_ohne_gattung.dir/CXX.dd
[334/2107] Scanning /home/comdare/wt-ce-bump15/tests/unit/thesis_tiere/test_smoke_coverage_profile.cpp for CXX dependencies
[335/2107] Scanning /home/comdare/wt-ce-bump15/tests/unit/thesis_tiere/test_measurement_categories.cpp for CXX dependencies
[336/2107] Generating CXX dyndep file tests/unit/CMakeFiles/perm_alt_magic_ohne_symbole.dir/CXX.dd
[337/2105] Generating CXX dyndep file tests/unit/CMakeFiles/hybrid_reroute_searchalgorithm.dir/CXX.dd
[338/2103] Generating CXX dyndep file tests/unit/CMakeFiles/hybrid_reroute_set.dir/CXX.dd
[339/2101] Generating CXX dyndep file tests/unit/CMakeFiles/perm_buildvariant_real_avx512.dir/CXX.dd
[340/2099] Generating CXX dyndep file tests/unit/CMakeFiles/perm_buildvariant_real_avx2.dir/CXX.dd
[341/2097] Generating CXX dyndep file tests/unit/CMakeFiles/perm_adhoc_buildvariant.dir/CXX.dd
[342/2095] Scanning /home/comdare/wt-ce-bump15/tests/unit/thesis_tiere/test_wdk_datasets_fairness.cpp for CXX dependencies
[343/2095] Scanning /home/comdare/wt-ce-bump15/tests/unit/thesis_tiere/test_merge_plan_directive.cpp for CXX dependencies
[344/2095] Scanning /home/comdare/wt-ce-bump15/tests/unit/thesis_tiere/test_experiment_projection.cpp for CXX dependencies
[345/2095] Scanning /home/comdare/wt-ce-bump15/tests/unit/test_p1_spd_ddr5_parser.cpp for CXX dependencies
[346/2095] Scanning /home/comdare/wt-ce-bump15/tests/unit/thesis_tiere/test_experiment_plan_director.cpp for CXX dependencies
[347/2095] Scanning /home/comdare/wt-ce-bump15/tests/unit/test_p2_ram_probe_chain.cpp for CXX dependencies
[348/2095] Scanning /home/comdare/wt-ce-bump15/tests/unit/test_m_simd_feature_flag_catalog.cpp for CXX dependencies
[349/2095] Scanning /home/comdare/wt-ce-bump15/tests/unit/test_p2_ram_identity_verdict.cpp for CXX dependencies
[350/2095] Scanning /home/comdare/wt-ce-bump15/tests/unit/test_os_u3_probe.cpp for CXX dependencies
[351/2095] Scanning /home/comdare/wt-ce-bump15/tests/unit/test_od10_numa_page_probe.cpp for CXX dependencies
[352/2095] Scanning /home/comdare/wt-ce-bump15/tests/unit/thesis_tiere/test_sota_st2_dedup.cpp for CXX dependencies
[353/2095] Scanning /home/comdare/wt-ce-bump15/tests/unit/test_m_contract_system_axis_wurzel.cpp for CXX dependencies
[354/2095] Scanning /home/comdare/wt-ce-bump15/tests/unit/thesis_tiere/test_validate_profile.cpp for CXX dependencies
[355/2095] Scanning /home/comdare/wt-ce-bump15/tests/unit/thesis_tiere/test_h2_score_akte.cpp for CXX dependencies
[356/2095] Scanning /home/comdare/wt-ce-bump15/tests/unit/test_c3a_gate_scharfschaltung.cpp for CXX dependencies
[357/2095] Scanning /home/comdare/wt-ce-bump15/tests/unit/test_o4_machine_identity.cpp for CXX dependencies
[358/2095] Generating CXX dyndep file tests/unit/CMakeFiles/r3_biss_modul_gates_aus.dir/CXX.dd
[359/2093] Generating CXX dyndep file tests/unit/CMakeFiles/r3_biss_modul_gates_an.dir/CXX.dd
[360/2091] Scanning /home/comdare/wt-ce-bump15/tests/unit/test_c3b_kanal_merge_beleg.cpp for CXX dependencies
[361/2091] Scanning /home/comdare/wt-ce-bump15/tests/unit/test_od11_numa_cpu_pin_process_probe.cpp for CXX dependencies
[362/2091] Scanning /home/comdare/wt-ce-bump15/tests/unit/test_p3_boot_cache_dmi.cpp for CXX dependencies
[363/2091] Scanning /home/comdare/wt-ce-bump15/tests/unit/test_g1_binary_version_stamp.cpp for CXX dependencies
[364/2091] Scanning /home/comdare/wt-ce-bump15/tests/unit/test_progress_heartbeat.cpp for CXX dependencies
[365/2091] Scanning /home/comdare/wt-ce-bump15/tests/unit/test_simd_add_u64_carry.cpp for CXX dependencies
[366/2091] Scanning /home/comdare/wt-ce-bump15/tests/unit/test_d4_ceb_schluessel_wahl.cpp for CXX dependencies
[367/2091] Scanning /home/comdare/wt-ce-bump15/tests/unit/test_m_w12_stamp_bausteine.cpp for CXX dependencies
[368/2091] Scanning /home/comdare/wt-ce-bump15/tests/unit/test_w10_system_cell_values.cpp for CXX dependencies
[369/2091] Scanning /home/comdare/wt-ce-bump15/tests/unit/test_simd_add_u64_carry.cpp for CXX dependencies
[370/2091] Scanning /home/comdare/wt-ce-bump15/tests/unit/test_simd_add_u64_carry.cpp for CXX dependencies
[371/2091] Scanning /home/comdare/wt-ce-bump15/tests/unit/test_planner_version_flag_grammatik.cpp for CXX dependencies
[372/2091] Scanning /home/comdare/wt-ce-bump15/tests/unit/test_d2_mess_konsistenz_gate.cpp for CXX dependencies
[373/2091] Scanning /home/comdare/wt-ce-bump15/tests/unit/test_g3_bestandslog_document.cpp for CXX dependencies
[374/2091] Scanning /home/comdare/wt-ce-bump15/tests/unit/test_reflect_versions_all17.cpp for CXX dependencies
[375/2091] Scanning /home/comdare/wt-ce-bump15/tests/unit/test_a1_algo_version_pin_alloc_axis.cpp for CXX dependencies
[376/2091] Scanning /home/comdare/wt-ce-bump15/tests/unit/test_g3_bestandslog_lock.cpp for CXX dependencies
[377/2091] Scanning /home/comdare/wt-ce-bump15/tests/unit/test_g3_eta_estimator.cpp for CXX dependencies
[378/2091] Scanning /home/comdare/wt-ce-bump15/tests/unit/test_g3_reservation_lifecycle.cpp for CXX dependencies
[379/2091] Scanning /home/comdare/wt-ce-bump15/tests/unit/test_a5_eta_kalibrierung.cpp for CXX dependencies
[380/2091] Scanning /home/comdare/wt-ce-bump15/tests/unit/test_g3_ram_spool_writer.cpp for CXX dependencies
[381/2091] Scanning /home/comdare/wt-ce-bump15/tests/unit/test_g3_batch_planner.cpp for CXX dependencies
[382/2091] Scanning /home/comdare/wt-ce-bump15/tests/unit/test_g3_writer_backend_io_uring.cpp for CXX dependencies
[383/2091] Scanning /home/comdare/wt-ce-bump15/tests/unit/test_reflect_versions_all_registered.cpp for CXX dependencies
[384/2091] Scanning /home/comdare/wt-ce-bump15/tests/unit/test_a2_sha512_skip_gate.cpp for CXX dependencies
[385/2091] Scanning /home/comdare/wt-ce-bump15/tests/unit/test_lb0_lager_pfad_grammatik.cpp for CXX dependencies
[386/2091] Scanning /home/comdare/wt-ce-bump15/tests/unit/test_g3_sha512_index.cpp for CXX dependencies
[387/2091] Scanning /home/comdare/wt-ce-bump15/tests/unit/test_g2_variant_sidecar.cpp for CXX dependencies
[388/2091] Scanning /home/comdare/wt-ce-bump15/tests/unit/test_g3_planer_driven.cpp for CXX dependencies
[389/2091] Scanning /home/comdare/wt-ce-bump15/tests/unit/test_bvset_teilmenge.cpp for CXX dependencies
[390/2091] Scanning /home/comdare/wt-ce-bump15/tests/unit/test_g3_builder_registration.cpp for CXX dependencies
[391/2091] Scanning /home/comdare/wt-ce-bump15/tests/unit/test_g3_takeover_sweep.cpp for CXX dependencies
[392/2091] Scanning /home/comdare/wt-ce-bump15/tests/unit/test_lb1_knoten_heuristik_log.cpp for CXX dependencies
[393/2091] Scanning /home/comdare/wt-ce-bump15/tests/unit/test_ge3_messwert_genus_und_ziel.cpp for CXX dependencies
[394/2091] Scanning /home/comdare/wt-ce-bump15/tests/unit/test_g3_prune.cpp for CXX dependencies
[395/2091] Scanning /home/comdare/wt-ce-bump15/tests/unit/test_ge1_claim_check_und_sidecar.cpp for CXX dependencies
[396/2091] Scanning /home/comdare/wt-ce-bump15/tests/unit/test_a9s3_writeback_method_xlsx.cpp for CXX dependencies
[397/2091] Scanning /home/comdare/wt-ce-bump15/tests/unit/test_a9_xlsx_vendor_rauchtest.cpp for CXX dependencies
[398/2091] Scanning /home/comdare/wt-ce-bump15/tests/unit/test_a9s3_ergebnis_mappe_csv.cpp for CXX dependencies
[399/2091] Scanning /home/comdare/wt-ce-bump15/tests/unit/test_a9s3_xlsx_ergebnis_writer.cpp for CXX dependencies
[400/2091] Scanning /home/comdare/wt-ce-bump15/tests/unit/test_mt_l4_registrierungs_wache_isa.cpp for CXX dependencies
[401/2091] Scanning /home/comdare/wt-ce-bump15/tests/unit/test_a9s3_mess_ebene_blattsorte.cpp for CXX dependencies
[402/2091] Scanning /home/comdare/wt-ce-bump15/tests/unit/test_g3_lager_presence.cpp for CXX dependencies
[403/2091] Scanning /home/comdare/wt-ce-bump15/tests/unit/test_d2_abdeckungs_wache_nenner.cpp for CXX dependencies
[404/2091] Scanning /home/comdare/wt-ce-bump15/tests/unit/test_g3_artifact_cache_transport.cpp for CXX dependencies
[405/2091] Scanning /home/comdare/wt-ce-bump15/tests/unit/test_hyg_kumulativer_bereich.cpp for CXX dependencies
[406/2091] Generating CXX dyndep file tests/unit/CMakeFiles/naht1_modul_mess_an.dir/CXX.dd
[407/2089] Generating CXX dyndep file tests/unit/CMakeFiles/naht1_modul_mess_aus.dir/CXX.dd
[408/2087] Scanning /home/comdare/wt-ce-bump15/tests/unit/test_b14_abi_adapter_line_subaxis_paths.cpp for CXX dependencies
[409/2087] Scanning /home/comdare/wt-ce-bump15/tests/unit/test_a9s4_realm_scan_stale.cpp for CXX dependencies
[410/2087] Scanning /home/comdare/wt-ce-bump15/tests/unit/test_d3_6_realm_selektor_produktionsablage.cpp for CXX dependencies
[411/2087] Scanning /home/comdare/wt-ce-bump15/tests/unit/test_a9s4_dynamic_axis_filter.cpp for CXX dependencies
[412/2087] Scanning /home/comdare/wt-ce-bump15/tests/unit/test_a9s4_mess_report_render.cpp for CXX dependencies
[413/2087] Scanning /home/comdare/wt-ce-bump15/tests/unit/test_a9s5_ergebnis_mappe_naht.cpp for CXX dependencies
[414/2087] Scanning /home/comdare/wt-ce-bump15/tests/unit/test_a9s4_skip_manifest.cpp for CXX dependencies
[415/2087] Scanning /home/comdare/wt-ce-bump15/tests/unit/test_d55_hdr_verdrahtung.cpp for CXX dependencies
[416/2087] Scanning /home/comdare/wt-ce-bump15/tests/unit/test_warn1_d2_fingerprint_koeder.cpp for CXX dependencies
[417/2087] Scanning /home/comdare/wt-ce-bump15/tests/unit/test_d2g1_ctest_registrierung.cpp for CXX dependencies
[418/2087] Scanning /home/comdare/wt-ce-bump15/tests/unit/test_ck1_messkette_koeder.cpp for CXX dependencies
[419/2087] Scanning /home/comdare/wt-ce-bump15/tests/unit/test_warn2a_block_id_bidirektional.cpp for CXX dependencies
[420/2087] Scanning /home/comdare/wt-ce-bump15/tests/unit/test_t6_wachen_inventar.cpp for CXX dependencies
[421/2087] Scanning /home/comdare/wt-ce-bump15/tests/unit/test_naht1_mess_visitor_biss.cpp for CXX dependencies
[422/2087] Scanning /home/comdare/wt-ce-bump15/tests/unit/test_flaeche3_deckung_ceb_aus_tier_an.cpp for CXX dependencies
[423/2087] Scanning /home/comdare/wt-ce-bump15/tests/unit/test_t6_biss_achsen_roundtrip_wache.cpp for CXX dependencies
[424/2087] Scanning /home/comdare/wt-ce-bump15/tests/unit/test_t6_biss_sichtbarkeits_wache.cpp for CXX dependencies
[425/2087] Scanning /home/comdare/wt-ce-bump15/tests/unit/test_lizenz_konsistenz.cpp for CXX dependencies
[426/2087] Scanning /home/comdare/wt-ce-bump15/tests/unit/test_t6_biss_registrierungs_wache.cpp for CXX dependencies
[427/2087] Scanning /home/comdare/wt-ce-bump15/tests/unit/test_pa1_tote_ausnahme.cpp for CXX dependencies
[428/2087] Scanning /home/comdare/wt-ce-bump15/tests/unit/test_anker_marke_statt_ledgerzeile.cpp for CXX dependencies
[429/2087] Scanning /home/comdare/wt-ce-bump15/tests/unit/test_vs_taxonomie_klassen_grep.cpp for CXX dependencies
[430/2087] Generating CXX dyndep file libs/cache_engine/builder/commands/tests/CMakeFiles/test_commands.dir/CXX.dd
[431/2087] Generating CXX dyndep file libs/cache_engine/builder/commands/tests/CMakeFiles/test_engine_adapters.dir/CXX.dd
[432/2087] Scanning /home/comdare/wt-ce-bump15/tests/unit/test_s3_ordnung_relation.cpp for CXX dependencies
[433/2087] Generating CXX dyndep file tools/ycsb_cli/CMakeFiles/comdare_ycsb_cli.dir/CXX.dd
[434/2085] Generating CXX dyndep file tools/latex_anhang/CMakeFiles/comdare_latex_anhang.dir/CXX.dd
[435/2083] Generating CXX dyndep file tools/p27_bundle_finder/CMakeFiles/p27_bundle_finder.dir/CXX.dd
[436/2081] Generating CXX dyndep file tools/best_binary_selector/CMakeFiles/comdare_best_binary_selector.dir/CXX.dd
[437/2078] Generating CXX dyndep file tools/mess_report/CMakeFiles/comdare_mess_report.dir/CXX.dd
[438/2076] Generating CXX dyndep file apps/cache_engine_builder/CMakeFiles/cache_engine_builder.dir/CXX.dd
[439/2074] Generating CXX dyndep file apps/anatomy_codegen_tool/CMakeFiles/comdare_anatomy_codegen_cli.dir/CXX.dd
[440/2072] Generating CXX dyndep file apps/f15_compare/CMakeFiles/comdare_f15_compare_cli.dir/CXX.dd
[441/2072] Generating CXX dyndep file apps/adhoc_emitter/CMakeFiles/comdare_adhoc_emitter_cli.dir/CXX.dd
[442/2070] Generating CXX dyndep file apps/perm_runner/CMakeFiles/comdare_perm_runner.dir/CXX.dd
[443/2068] Generating CXX dyndep file apps/h2_score_akte_tool/CMakeFiles/comdare_h2_score_akte_cli.dir/CXX.dd
[444/2066] Generating CXX dyndep file tests/unit/CMakeFiles/test_pressure_state.dir/CXX.dd
[445/2066] Generating CXX dyndep file tests/unit/CMakeFiles/test_cache_recommendation.dir/CXX.dd
[446/2066] Generating CXX dyndep file tests/unit/CMakeFiles/test_cpuid_probe.dir/CXX.dd
[447/2066] Generating CXX dyndep file tests/unit/CMakeFiles/test_permutation_flags.dir/CXX.dd
[448/2066] Generating CXX dyndep file tests/unit/CMakeFiles/test_event_hierarchy.dir/CXX.dd
[449/2066] Scanning /home/comdare/wt-ce-bump15/tests/unit/test_s3_ordnung_freigabe.cpp for CXX dependencies
[450/2066] Generating CXX dyndep file tests/unit/CMakeFiles/test_decision_trees.dir/CXX.dd
[451/2066] Generating CXX dyndep file tests/unit/CMakeFiles/test_observer_registry.dir/CXX.dd
[452/2066] Generating CXX dyndep file tests/unit/CMakeFiles/test_decision_lambda_registry.dir/CXX.dd
[453/2066] Generating CXX dyndep file tests/unit/CMakeFiles/test_concurrency_disciplines.dir/CXX.dd
[454/2066] Generating CXX dyndep file tests/unit/CMakeFiles/test_telemetry_strategies.dir/CXX.dd
[455/2066] Generating CXX dyndep file tests/unit/CMakeFiles/test_cache_hierarchy_and_mode.dir/CXX.dd
[456/2066] Generating CXX dyndep file tests/unit/CMakeFiles/test_platform_concepts.dir/CXX.dd
[457/2066] Generating CXX dyndep file tests/unit/CMakeFiles/test_measurement_buffer.dir/CXX.dd
[458/2066] Generating CXX dyndep file tests/unit/CMakeFiles/test_sub_engines.dir/CXX.dd
[459/2066] Generating CXX dyndep file tests/unit/CMakeFiles/test_allocator_concepts.dir/CXX.dd
[460/2066] Generating CXX dyndep file tests/unit/CMakeFiles/test_abi_interface.dir/CXX.dd
[461/2066] Generating CXX dyndep file tests/unit/CMakeFiles/test_config_durability.dir/CXX.dd
[462/2066] Generating CXX dyndep file tests/unit/CMakeFiles/test_chaos_drift_gate.dir/CXX.dd
[463/2066] Generating CXX dyndep file tests/unit/CMakeFiles/test_t15_drift_gate_messschleife.dir/CXX.dd
[464/2064] Generating CXX dyndep file tests/unit/CMakeFiles/test_test_data_accumulation.dir/CXX.dd
[465/2064] Generating CXX dyndep file tests/unit/CMakeFiles/test_benchmark_suite.dir/CXX.dd
[466/2064] Generating CXX dyndep file tests/unit/CMakeFiles/test_workload_and_experiment.dir/CXX.dd
[467/2064] Generating CXX dyndep file tests/unit/CMakeFiles/test_ycsb_cli.dir/CXX.dd
[468/2064] Generating CXX dyndep file tests/unit/CMakeFiles/test_allocator_full_matrix.dir/CXX.dd
[469/2064] Generating CXX dyndep file tests/unit/CMakeFiles/test_builder_codegen.dir/CXX.dd
[470/2064] Generating CXX dyndep file tests/unit/CMakeFiles/test_codegen_from_profile.dir/CXX.dd
[471/2064] Generating CXX dyndep file tests/unit/CMakeFiles/test_experiment_driver_v13.dir/CXX.dd
[472/2064] Generating CXX dyndep file tests/unit/CMakeFiles/test_permutation_sampling.dir/CXX.dd
[473/2064] Generating CXX dyndep file tests/unit/CMakeFiles/test_latex_anhang.dir/CXX.dd
[474/2064] Generating CXX dyndep file tests/unit/CMakeFiles/test_rcu.dir/CXX.dd
[475/2064] Generating CXX dyndep file tests/unit/CMakeFiles/test_rcu_concurrency.dir/CXX.dd
[476/2064] Generating CXX dyndep file tests/unit/CMakeFiles/test_succinct.dir/CXX.dd
[477/2064] Generating CXX dyndep file tests/unit/CMakeFiles/test_hbm_hierarchy.dir/CXX.dd
[478/2064] Generating CXX dyndep file tests/unit/CMakeFiles/test_module_loader.dir/CXX.dd
[479/2064] Generating CXX dyndep file tests/unit/CMakeFiles/test_v31_adapters.dir/CXX.dd
[480/2064] Generating CXX dyndep file tests/unit/CMakeFiles/test_v41_indexes.dir/CXX.dd
[481/2064] Generating CXX dyndep file tests/unit/CMakeFiles/test_v41_topic_allocator_axis_06.dir/CXX.dd
[482/2064] Generating CXX dyndep file tests/unit/CMakeFiles/test_v41_topic_queuing.dir/CXX.dd
[483/2064] Generating CXX dyndep file tests/unit/CMakeFiles/test_v41_topic_traversal.dir/CXX.dd
[484/2064] Generating CXX dyndep file tests/unit/CMakeFiles/test_v41_paper_legacy_code.dir/CXX.dd
[485/2064] Generating CXX dyndep file tests/unit/CMakeFiles/test_ctsha512.dir/CXX.dd
[486/2064] Generating CXX dyndep file tests/unit/CMakeFiles/test_v41_compositions.dir/CXX.dd
[487/2064] Generating CXX dyndep file tests/unit/CMakeFiles/test_v41_topics_fundament.dir/CXX.dd
[488/2064] Generating CXX dyndep file tests/unit/CMakeFiles/test_v41_anatomy.dir/CXX.dd
[489/2064] Generating CXX dyndep file tests/unit/CMakeFiles/test_v41_anatomy_r4_driver.dir/CXX.dd
[490/2064] Scanning /home/comdare/wt-ce-bump15/tests/unit/test_k2_stufen_neutraler_loader.cpp for CXX dependencies
[491/2064] Generating CXX dyndep file tests/unit/CMakeFiles/test_v41_anatomy_observer.dir/CXX.dd
[492/2064] Generating CXX dyndep file tests/unit/CMakeFiles/test_v41_tier_observe_trace.dir/CXX.dd
[493/2064] Generating CXX dyndep file tests/unit/CMakeFiles/test_v41_axis_03a_cross_variant_equivalence.dir/CXX.dd
[494/2064] Generating CXX dyndep file tests/unit/CMakeFiles/test_ap7_swisstable.dir/CXX.dd
[495/2064] Generating CXX dyndep file tests/unit/CMakeFiles/test_ap7b3_swiss_isa_group_match.dir/CXX.dd
[496/2064] Generating CXX dyndep file tests/unit/CMakeFiles/test_ap7b_swiss_organ.dir/CXX.dd
[497/2064] Generating CXX dyndep file tests/unit/CMakeFiles/test_ap8_hdr_histogram.dir/CXX.dd
[498/2064] Generating CXX dyndep file tests/unit/CMakeFiles/test_vampir_nfp_allocator.dir/CXX.dd
[499/2064] Generating CXX dyndep file tests/unit/CMakeFiles/test_v41_axis_03a_tier_organ_equivalence.dir/CXX.dd
[500/2064] Generating CXX dyndep file tests/unit/CMakeFiles/test_v41_anatomy_base.dir/CXX.dd
[501/2064] Generating CXX dyndep file tests/unit/CMakeFiles/test_v41_anatomy_pruefling_merge.dir/CXX.dd
[502/2064] Generating CXX dyndep file tests/unit/CMakeFiles/test_v41_search_algorithm_permutation_engine.dir/CXX.dd
[503/2064] Generating CXX dyndep file tests/unit/CMakeFiles/test_v41_execution_engine.dir/CXX.dd
[504/2064] Generating CXX dyndep file tests/unit/CMakeFiles/test_v41_anatomy_module_abi.dir/CXX.dd
[505/2064] Generating CXX dyndep file tests/unit/CMakeFiles/test_v41_anatomy_codegen.dir/CXX.dd
[506/2064] Generating CXX dyndep file tests/unit/CMakeFiles/test_v41_anatomy_module_loader.dir/CXX.dd
[507/2064] Scanning /home/comdare/wt-ce-bump15/tests/unit/test_s1_stempel_basis_vertrag.cpp for CXX dependencies
[508/2064] Scanning /home/comdare/wt-ce-bump15/tests/unit/test_w0b_durchstich_kette.cpp for CXX dependencies
[509/2064] Scanning /home/comdare/wt-ce-bump15/tests/unit/test_stempel_vollbestand_registry.cpp for CXX dependencies
[510/2064] Scanning /home/comdare/wt-ce-bump15/tests/unit/test_stempel_zulassung_bruecke.cpp for CXX dependencies
[511/2064] Generating CXX dyndep file tests/unit/CMakeFiles/test_v41_anatomy_multi_codegen.dir/CXX.dd
[512/2064] Generating CXX dyndep file tests/unit/CMakeFiles/test_v41_anatomy_codegen_tool.dir/CXX.dd
[513/2064] Generating CXX dyndep file tests/unit/CMakeFiles/test_v41_anatomy_codegen_tool_traits.dir/CXX.dd
[514/2064] Generating CXX dyndep file tests/unit/CMakeFiles/test_v41_anatomy_codegen_tool_mp_list.dir/CXX.dd
[515/2064] Generating CXX dyndep file tests/unit/CMakeFiles/test_v41_workload_generator.dir/CXX.dd
[516/2064] Generating CXX dyndep file tests/unit/CMakeFiles/test_v41_axis_12_general_hardware.dir/CXX.dd
[517/2064] Generating CXX dyndep file tests/unit/CMakeFiles/test_v41_axis_05_memory_layout.dir/CXX.dd
[518/2064] Generating CXX dyndep file tests/unit/CMakeFiles/test_v41_axis_02_axis_04_nodes.dir/CXX.dd
[519/2064] Generating CXX dyndep file tests/unit/CMakeFiles/test_v41_axis_07_prefetch.dir/CXX.dd
[520/2064] Generating CXX dyndep file tests/unit/CMakeFiles/test_v41_axis_11_telemetry.dir/CXX.dd
[521/2064] Generating CXX dyndep file tests/unit/CMakeFiles/test_v41_axis_10_serialization.dir/CXX.dd
[522/2064] Generating CXX dyndep file tests/unit/CMakeFiles/test_v41_axis_14_value_handle.dir/CXX.dd
[523/2064] Generating CXX dyndep file tests/unit/CMakeFiles/test_v41_axis_08_concurrency.dir/CXX.dd
[524/2064] Generating CXX dyndep file tests/unit/CMakeFiles/test_v41_status_code.dir/CXX.dd
[525/2064] Generating CXX dyndep file tests/unit/CMakeFiles/test_v41_serialization_primitives.dir/CXX.dd
[526/2064] Generating CXX dyndep file tests/unit/CMakeFiles/test_v41_axis_01_page_type.dir/CXX.dd
[527/2064] Generating CXX dyndep file tests/unit/CMakeFiles/test_v41_pruefling_registry.dir/CXX.dd
[528/2064] Generating CXX dyndep file tests/unit/CMakeFiles/test_pruefling_fixture_ladung.dir/CXX.dd
[529/2064] Generating CXX dyndep file tests/unit/CMakeFiles/test_v41_axis_filter.dir/CXX.dd
[530/2064] Generating CXX dyndep file tests/unit/CMakeFiles/test_v41_axis_filter_surf_organ.dir/CXX.dd
[531/2064] Generating CXX dyndep file tests/unit/CMakeFiles/test_v41_axis_filter_surf_louds_organ.dir/CXX.dd
[532/2064] Generating CXX dyndep file tests/unit/CMakeFiles/test_v41_axis_io.dir/CXX.dd
[533/2064] Generating CXX dyndep file tests/unit/CMakeFiles/test_v41_axis_migration.dir/CXX.dd
[534/2064] Generating CXX dyndep file tests/unit/CMakeFiles/test_v41_axis_01_index_organization.dir/CXX.dd
[535/2064] Generating CXX dyndep file tests/unit/CMakeFiles/test_v41_axis_09_isa.dir/CXX.dd
[536/2064] Generating CXX dyndep file tests/unit/CMakeFiles/test_v41_axis_09b_simd_extension.dir/CXX.dd
[537/2064] Generating CXX dyndep file tests/unit/CMakeFiles/test_v41_r5c3_isa_simd_cross_constraint.dir/CXX.dd
[538/2064] Building CXX object _deps/googletest-build/googletest/CMakeFiles/gtest_main.dir/src/gtest_main.cc.o
[539/2064] Building CXX object _deps/googletest-build/googlemock/CMakeFiles/gmock.dir/src/gmock-all.cc.o
[540/2064] Building CXX object tests/unit/CMakeFiles/anatomy_codegen_pilot_hot.dir/__/__/generated/anatomy_modules/anatomy_perm_hot_pilot.cpp.o
[541/2064] Generating CXX dyndep file tests/unit/CMakeFiles/test_v41_anatomy_r5i_configure_codegen.dir/CXX.dd
[542/2064] Building CXX object tests/unit/CMakeFiles/anatomy_multi_pilot_1.dir/__/__/generated/anatomy_modules_multi/anatomy_perm_anatomy_multi_pilot_1.cpp.o
[543/2064] Building CXX object tests/unit/CMakeFiles/anatomy_multi_pilot_3.dir/__/__/generated/anatomy_modules_multi/anatomy_perm_anatomy_multi_pilot_3.cpp.o
[544/2064] Generating CXX dyndep file tests/unit/CMakeFiles/test_v41_anatomy_f15_measurement.dir/CXX.dd
[545/2064] Generating CXX dyndep file tests/unit/CMakeFiles/test_v41_anatomy_adhoc_codegen_macro.dir/CXX.dd
[546/2064] Generating CXX dyndep file tests/unit/CMakeFiles/test_v41_pruef_dock_search_algorithm.dir/CXX.dd
[547/2064] Generating CXX dyndep file tests/unit/CMakeFiles/test_v5_conformance_gate.dir/CXX.dd
[548/2064] Generating CXX dyndep file tests/unit/CMakeFiles/test_v5_memento_axis.dir/CXX.dd
[549/2064] Generating CXX dyndep file tests/unit/CMakeFiles/test_v5_two_phase_driver.dir/CXX.dd
[550/2064] Generating CXX dyndep file tests/unit/CMakeFiles/test_v5_workload_orchestrator.dir/CXX.dd
[551/2064] Generating CXX dyndep file tests/unit/CMakeFiles/test_v5_measurement_snapshot.dir/CXX.dd
[552/2064] Generating CXX dyndep file tests/unit/CMakeFiles/test_d51_perzentil_kanon.dir/CXX.dd
[553/2064] Generating CXX dyndep file tests/unit/CMakeFiles/test_d54_trace_schema.dir/CXX.dd
[554/2064] Generating CXX dyndep file tests/unit/CMakeFiles/test_heuristik_spline_break_even.dir/CXX.dd
[555/2064] Generating CXX dyndep file tests/unit/CMakeFiles/test_heuristik_workload_cluster.dir/CXX.dd
[556/2064] Generating CXX dyndep file tests/unit/CMakeFiles/test_ap9_provenance_manifest.dir/CXX.dd
[557/2064] Generating CXX dyndep file tests/unit/CMakeFiles/test_ap13_thread_pinning.dir/CXX.dd
[558/2064] Generating CXX dyndep file tests/unit/CMakeFiles/test_ap10_dataset_akte.dir/CXX.dd
[559/2064] Generating CXX dyndep file tests/unit/CMakeFiles/test_184_dataset_loader_wiring.dir/CXX.dd
[560/2064] Generating CXX dyndep file tests/unit/CMakeFiles/test_25_kanon_dataset_akten.dir/CXX.dd
[561/2064] Generating CXX dyndep file tests/unit/CMakeFiles/test_45_sosd_uint64_loader.dir/CXX.dd
[562/2064] Generating CXX dyndep file tests/unit/CMakeFiles/test_v5_disk_memento.dir/CXX.dd
[563/2064] Generating CXX dyndep file tests/unit/CMakeFiles/test_v5_ycsb_distribution.dir/CXX.dd
[564/2064] Generating CXX dyndep file tests/unit/CMakeFiles/test_v5_ycsb_op_set.dir/CXX.dd
[565/2064] Generating CXX dyndep file tests/unit/CMakeFiles/test_v41_scan_range_organ.dir/CXX.dd
[566/2064] Generating CXX dyndep file tests/unit/CMakeFiles/test_v5_organ_memento.dir/CXX.dd
[567/2064] Generating CXX dyndep file tests/unit/CMakeFiles/test_v41_codegen_type_name.dir/CXX.dd
[568/2064] Generating CXX dyndep file tests/unit/CMakeFiles/test_v41_cache_engine_tools_facade.dir/CXX.dd
[569/2064] Generating CXX dyndep file tests/unit/CMakeFiles/test_v41_cache_engine_facade.dir/CXX.dd
[570/2064] Generating CXX dyndep file tests/unit/CMakeFiles/test_v41_codegen_all_axes_umbrella.dir/CXX.dd
[571/2064] Generating CXX dyndep file tests/unit/CMakeFiles/test_v41_anatomy_adhoc_dll_load.dir/CXX.dd
[572/2064] Generating CXX dyndep file tests/unit/CMakeFiles/test_pruef_only_gate.dir/CXX.dd
[573/2064] Building CXX object tests/unit/CMakeFiles/anatomy_multi_pilot_5.dir/__/__/generated/anatomy_modules_multi/anatomy_perm_anatomy_multi_pilot_5.cpp.o
[574/2064] Building CXX object tests/unit/CMakeFiles/anatomy_codegen_pilot_wormhole_shared.dir/__/__/generated/anatomy_modules/anatomy_perm_wormhole_pilot.cpp.o
[575/2064] Building CXX object tests/unit/CMakeFiles/anatomy_multi_pilot_2.dir/__/__/generated/anatomy_modules_multi/anatomy_perm_anatomy_multi_pilot_2.cpp.o
[576/2064] Building CXX object tests/unit/CMakeFiles/anatomy_multi_pilot_4.dir/__/__/generated/anatomy_modules_multi/anatomy_perm_anatomy_multi_pilot_4.cpp.o
[577/2064] Building CXX object _deps/googletest-build/googletest/CMakeFiles/gtest.dir/src/gtest-all.cc.o
[578/2064] Building CXX object tests/unit/CMakeFiles/anatomy_multi_pilot_0.dir/__/__/generated/anatomy_modules_multi/anatomy_perm_anatomy_multi_pilot_0.cpp.o
[579/2064] Linking CXX static library lib/libgtest.a
[580/2064] Building CXX object tests/unit/CMakeFiles/r5i_configure_pilot_1.dir/__/__/generated/r5i_anatomy_modules/anatomy_perm_r5i_configure_pilot_1.cpp.o
[581/2064] Building CXX object tests/unit/CMakeFiles/r5i_configure_pilot_0.dir/__/__/generated/r5i_anatomy_modules/anatomy_perm_r5i_configure_pilot_0.cpp.o
[582/2064] Building CXX object tests/unit/CMakeFiles/r5i_configure_pilot_2.dir/__/__/generated/r5i_anatomy_modules/anatomy_perm_r5i_configure_pilot_2.cpp.o
[583/2064] Building CXX object tests/unit/CMakeFiles/f15_measurement_pilot_1.dir/__/__/generated/f15_measurement_modules/anatomy_perm_f15_measurement_pilot_1.cpp.o
[584/2064] Building CXX object tests/unit/CMakeFiles/f15_measurement_pilot_0.dir/__/__/generated/f15_measurement_modules/anatomy_perm_f15_measurement_pilot_0.cpp.o
[585/2064] Building CXX object tests/unit/CMakeFiles/comdare_r5g_autobuilt_perm_0.dir/__/__/generated/r5g_autobuilt_modules/comdare_anatomy_perm_auto_0.cpp.o
[586/2064] Building CXX object tests/unit/CMakeFiles/comdare_r5g_autobuilt_perm_2.dir/__/__/generated/r5g_autobuilt_modules/comdare_anatomy_perm_auto_10.cpp.o
[587/2064] Building CXX object tests/unit/CMakeFiles/comdare_r5g_autobuilt_perm_1.dir/__/__/generated/r5g_autobuilt_modules/comdare_anatomy_perm_auto_1.cpp.o
[588/2064] Building CXX object tests/unit/CMakeFiles/comdare_r5g_autobuilt_perm_4.dir/__/__/generated/r5g_autobuilt_modules/comdare_anatomy_perm_auto_12.cpp.o
[589/2064] Building CXX object tests/unit/CMakeFiles/comdare_r5g_autobuilt_perm_5.dir/__/__/generated/r5g_autobuilt_modules/comdare_anatomy_perm_auto_13.cpp.o
[590/2064] Building CXX object tests/unit/CMakeFiles/comdare_r5g_autobuilt_perm_6.dir/__/__/generated/r5g_autobuilt_modules/comdare_anatomy_perm_auto_14.cpp.o
[591/2064] Building CXX object tests/unit/CMakeFiles/comdare_r5g_autobuilt_perm_3.dir/__/__/generated/r5g_autobuilt_modules/comdare_anatomy_perm_auto_11.cpp.o
[592/2064] Building CXX object tests/unit/CMakeFiles/comdare_r5g_autobuilt_perm_8.dir/__/__/generated/r5g_autobuilt_modules/comdare_anatomy_perm_auto_16.cpp.o
[593/2064] Building CXX object tests/unit/CMakeFiles/comdare_r5g_autobuilt_perm_7.dir/__/__/generated/r5g_autobuilt_modules/comdare_anatomy_perm_auto_15.cpp.o
[594/2064] Building CXX object tests/unit/CMakeFiles/comdare_r5g_autobuilt_perm_9.dir/__/__/generated/r5g_autobuilt_modules/comdare_anatomy_perm_auto_17.cpp.o
[595/2064] Building CXX object tests/unit/CMakeFiles/comdare_r5g_autobuilt_perm_10.dir/__/__/generated/r5g_autobuilt_modules/comdare_anatomy_perm_auto_18.cpp.o
[596/2064] Building CXX object tests/unit/CMakeFiles/comdare_r5g_autobuilt_perm_12.dir/__/__/generated/r5g_autobuilt_modules/comdare_anatomy_perm_auto_2.cpp.o
[597/2064] Building CXX object tests/unit/CMakeFiles/comdare_r5g_autobuilt_perm_11.dir/__/__/generated/r5g_autobuilt_modules/comdare_anatomy_perm_auto_19.cpp.o
[598/2064] Building CXX object tests/unit/CMakeFiles/comdare_r5g_autobuilt_perm_13.dir/__/__/generated/r5g_autobuilt_modules/comdare_anatomy_perm_auto_20.cpp.o
[599/2064] Building CXX object tests/unit/CMakeFiles/comdare_r5g_autobuilt_perm_15.dir/__/__/generated/r5g_autobuilt_modules/comdare_anatomy_perm_auto_22.cpp.o
[600/2064] Building CXX object tests/unit/CMakeFiles/comdare_r5g_autobuilt_perm_18.dir/__/__/generated/r5g_autobuilt_modules/comdare_anatomy_perm_auto_25.cpp.o
[601/2064] Building CXX object tests/unit/CMakeFiles/comdare_r5g_autobuilt_perm_14.dir/__/__/generated/r5g_autobuilt_modules/comdare_anatomy_perm_auto_21.cpp.o
[602/2064] Building CXX object tests/unit/CMakeFiles/comdare_r5g_autobuilt_perm_17.dir/__/__/generated/r5g_autobuilt_modules/comdare_anatomy_perm_auto_24.cpp.o
[603/2064] Building CXX object tests/unit/CMakeFiles/comdare_r5g_autobuilt_perm_16.dir/__/__/generated/r5g_autobuilt_modules/comdare_anatomy_perm_auto_23.cpp.o
[604/2064] Building CXX object tests/unit/CMakeFiles/comdare_r5g_autobuilt_perm_19.dir/__/__/generated/r5g_autobuilt_modules/comdare_anatomy_perm_auto_26.cpp.o
[605/2064] Building CXX object tests/unit/CMakeFiles/comdare_r5g_autobuilt_perm_20.dir/__/__/generated/r5g_autobuilt_modules/comdare_anatomy_perm_auto_27.cpp.o
[606/2064] Building CXX object tests/unit/CMakeFiles/comdare_r5g_autobuilt_perm_22.dir/__/__/generated/r5g_autobuilt_modules/comdare_anatomy_perm_auto_29.cpp.o
[607/2064] Building CXX object tests/unit/CMakeFiles/comdare_r5g_autobuilt_perm_21.dir/__/__/generated/r5g_autobuilt_modules/comdare_anatomy_perm_auto_28.cpp.o
[608/2064] Building CXX object tests/unit/CMakeFiles/comdare_r5g_autobuilt_perm_23.dir/__/__/generated/r5g_autobuilt_modules/comdare_anatomy_perm_auto_3.cpp.o
[609/2064] Building CXX object tests/unit/CMakeFiles/comdare_r5g_autobuilt_perm_24.dir/__/__/generated/r5g_autobuilt_modules/comdare_anatomy_perm_auto_30.cpp.o
[610/2064] Building CXX object tests/unit/CMakeFiles/comdare_r5g_autobuilt_perm_27.dir/__/__/generated/r5g_autobuilt_modules/comdare_anatomy_perm_auto_33.cpp.o
[611/2064] Building CXX object tests/unit/CMakeFiles/comdare_r5g_autobuilt_perm_25.dir/__/__/generated/r5g_autobuilt_modules/comdare_anatomy_perm_auto_31.cpp.o
[612/2064] Building CXX object tests/unit/CMakeFiles/comdare_r5g_autobuilt_perm_26.dir/__/__/generated/r5g_autobuilt_modules/comdare_anatomy_perm_auto_32.cpp.o
[613/2064] Building CXX object tests/unit/CMakeFiles/comdare_r5g_autobuilt_perm_29.dir/__/__/generated/r5g_autobuilt_modules/comdare_anatomy_perm_auto_35.cpp.o
[614/2064] Building CXX object tests/unit/CMakeFiles/comdare_r5g_autobuilt_perm_28.dir/__/__/generated/r5g_autobuilt_modules/comdare_anatomy_perm_auto_34.cpp.o
[615/2064] Building CXX object tests/unit/CMakeFiles/comdare_r5g_autobuilt_perm_30.dir/__/__/generated/r5g_autobuilt_modules/comdare_anatomy_perm_auto_36.cpp.o
[616/2064] Building CXX object tests/unit/CMakeFiles/comdare_r5g_autobuilt_perm_32.dir/__/__/generated/r5g_autobuilt_modules/comdare_anatomy_perm_auto_38.cpp.o
[617/2064] Building CXX object tests/unit/CMakeFiles/comdare_r5g_autobuilt_perm_31.dir/__/__/generated/r5g_autobuilt_modules/comdare_anatomy_perm_auto_37.cpp.o
[618/2064] Building CXX object tests/unit/CMakeFiles/comdare_r5g_autobuilt_perm_33.dir/__/__/generated/r5g_autobuilt_modules/comdare_anatomy_perm_auto_39.cpp.o
[619/2064] Building CXX object tests/unit/CMakeFiles/comdare_r5g_autobuilt_perm_34.dir/__/__/generated/r5g_autobuilt_modules/comdare_anatomy_perm_auto_4.cpp.o
[620/2064] Building CXX object tests/unit/CMakeFiles/comdare_r5g_autobuilt_perm_35.dir/__/__/generated/r5g_autobuilt_modules/comdare_anatomy_perm_auto_40.cpp.o
[621/2064] Building CXX object tests/unit/CMakeFiles/comdare_r5g_autobuilt_perm_37.dir/__/__/generated/r5g_autobuilt_modules/comdare_anatomy_perm_auto_42.cpp.o
[622/2064] Generating CXX dyndep file tests/unit/CMakeFiles/test_v41_anatomy_adhoc_autobuilt_load.dir/CXX.dd
[623/2064] Generating CXX dyndep file tests/unit/CMakeFiles/test_d1_d2_selection.dir/CXX.dd
[624/2062] Generating CXX dyndep file tests/unit/CMakeFiles/test_d3_ceb_generator.dir/CXX.dd
[625/2060] Generating CXX dyndep file tests/unit/CMakeFiles/test_d7_build_variant.dir/CXX.dd
[626/2058] Generating CXX dyndep file tests/unit/CMakeFiles/test_d7a_build_inspection.dir/CXX.dd
[627/2056] Generating CXX dyndep file tests/unit/CMakeFiles/test_d7b_definition_per_node.dir/CXX.dd
[628/2054] Generating CXX dyndep file tests/unit/CMakeFiles/test_d8_operability.dir/CXX.dd
[629/2052] Generating CXX dyndep file tests/unit/CMakeFiles/test_d9_set.dir/CXX.dd
[630/2050] Generating CXX dyndep file tests/unit/CMakeFiles/test_d9_set_adapter.dir/CXX.dd
[631/2048] Generating CXX dyndep file tests/unit/CMakeFiles/test_d10_sequence.dir/CXX.dd
[632/2046] Generating CXX dyndep file tests/unit/CMakeFiles/test_d11_view.dir/CXX.dd
[633/2044] Generating CXX dyndep file tests/unit/CMakeFiles/test_genus_docks.dir/CXX.dd
[634/2042] Generating CXX dyndep file tests/unit/CMakeFiles/test_d12_virus.dir/CXX.dd
[635/2040] Generating CXX dyndep file tests/unit/CMakeFiles/test_d13_runtime_measure.dir/CXX.dd
[636/2038] Generating CXX dyndep file tests/unit/CMakeFiles/test_d14_result_ingest.dir/CXX.dd
[637/2036] Generating CXX dyndep file tests/unit/CMakeFiles/test_d14b_perm_runner.dir/CXX.dd
[638/2034] Generating CXX dyndep file tests/unit/CMakeFiles/test_a1_load_profile_opmix.dir/CXX.dd
[639/2032] Generating CXX dyndep file tests/unit/CMakeFiles/test_d14c_e2e_pipeline.dir/CXX.dd
[640/2030] Generating CXX dyndep file tests/unit/CMakeFiles/test_d15_selection_filter_chain.dir/CXX.dd
[641/2028] Generating CXX dyndep file tests/unit/CMakeFiles/test_cmd2_container_attribution.dir/CXX.dd
[642/2026] Generating CXX dyndep file tests/unit/CMakeFiles/test_allocator_profile_bestand.dir/CXX.dd
[643/2024] Generating CXX dyndep file tests/unit/CMakeFiles/test_container_genus.dir/CXX.dd
[644/2022] Generating CXX dyndep file tests/unit/CMakeFiles/test_container_dock.dir/CXX.dd
[645/2020] Generating CXX dyndep file tests/unit/CMakeFiles/test_d_v42_probe.dir/CXX.dd
[646/2018] Generating CXX dyndep file tests/unit/CMakeFiles/test_d_v42_probe2.dir/CXX.dd
[647/2016] Generating CXX dyndep file tests/unit/CMakeFiles/test_d_v42_telemetry_observable.dir/CXX.dd
[648/2014] Generating CXX dyndep file tests/unit/CMakeFiles/test_d_v42_memory_layout_observable.dir/CXX.dd
[649/2012] Generating CXX dyndep file tests/unit/CMakeFiles/test_d_v42_serialization_observable.dir/CXX.dd
[650/2010] Generating CXX dyndep file tests/unit/CMakeFiles/test_d_v42_node_type_observable.dir/CXX.dd
[651/2008] Generating CXX dyndep file tests/unit/CMakeFiles/test_d_v42_telemetry_registry_observable.dir/CXX.dd
[652/2006] Generating CXX dyndep file tests/unit/CMakeFiles/test_genus_permutation_engines.dir/CXX.dd
[653/2004] Generating CXX dyndep file tests/unit/CMakeFiles/test_axis_growth_policies.dir/CXX.dd
[654/2002] Generating CXX dyndep file tests/unit/CMakeFiles/test_axis_view_policies.dir/CXX.dd
[655/2000] Generating CXX dyndep file tests/unit/CMakeFiles/test_e24_c0_organ_concept.dir/CXX.dd
[656/1998] Generating CXX dyndep file tests/unit/CMakeFiles/test_e24_c1_organ_concept.dir/CXX.dd
[657/1996] Generating CXX dyndep file tests/unit/CMakeFiles/test_e24_c2_set_permutation_engine.dir/CXX.dd
[658/1994] Generating CXX dyndep file tests/unit/CMakeFiles/test_e24_c2_sequence_permutation_engine.dir/CXX.dd
[659/1992] Generating CXX dyndep file tests/unit/CMakeFiles/test_e24_c2_view_permutation_engine.dir/CXX.dd
[660/1990] Generating CXX dyndep file tests/unit/CMakeFiles/test_e24_c2_adapter_permutation_engine.dir/CXX.dd
[661/1988] Generating CXX dyndep file tests/unit/CMakeFiles/test_e24_c3_set_anatomy.dir/CXX.dd
[662/1986] Generating CXX dyndep file tests/unit/CMakeFiles/test_e24_c3_sequence_anatomy.dir/CXX.dd
[663/1984] Generating CXX dyndep file tests/unit/CMakeFiles/test_e24_c3_view_anatomy.dir/CXX.dd
[664/1982] Generating CXX dyndep file tests/unit/CMakeFiles/test_e24_c3_adapter_anatomy.dir/CXX.dd
[665/1980] Generating CXX dyndep file tests/unit/CMakeFiles/test_e24_c3_cross_genus.dir/CXX.dd
[666/1978] Generating CXX dyndep file tests/unit/CMakeFiles/test_e24_c4_genus_conformance_gates.dir/CXX.dd
[667/1976] Generating CXX dyndep file tests/unit/CMakeFiles/test_e24_c5_fk8_genus_baupfad_d1.dir/CXX.dd
[668/1974] Generating CXX dyndep file tests/unit/CMakeFiles/test_a8s3_sa_organ_member_vollstaendigkeit.dir/CXX.dd
[669/1972] Generating CXX dyndep file tests/unit/CMakeFiles/test_s14_axis_version_lock_tripwire.dir/CXX.dd
[670/1970] Generating CXX dyndep file tests/unit/CMakeFiles/test_e24_c6v_growth_statistics.dir/CXX.dd
[671/1968] Generating CXX dyndep file tests/unit/CMakeFiles/test_e24_c6v_view_statistics.dir/CXX.dd
[672/1966] Generating CXX dyndep file tests/unit/CMakeFiles/test_e24_c6v_inner_container_statistics.dir/CXX.dd
[673/1964] Generating CXX dyndep file tests/unit/CMakeFiles/test_e24_c6v_set_ehrlichkeit.dir/CXX.dd
[674/1962] Generating CXX dyndep file tests/unit/CMakeFiles/test_e24_c6_genus_observer_aggregate.dir/CXX.dd
[675/1960] Generating CXX dyndep file tests/unit/CMakeFiles/test_e24_c6_axis_row_writer.dir/CXX.dd
[676/1958] Generating CXX dyndep file tests/unit/CMakeFiles/test_e24_c6_set_wire_aggregate.dir/CXX.dd
[677/1956] Generating CXX dyndep file tests/unit/CMakeFiles/test_e24_c6_sequence_wire_aggregate.dir/CXX.dd
[678/1954] Generating CXX dyndep file tests/unit/CMakeFiles/test_e24_c6_adapter_wire_aggregate.dir/CXX.dd
[679/1952] Generating CXX dyndep file tests/unit/CMakeFiles/test_e24_c6_view_wire_aggregate.dir/CXX.dd
[680/1950] Generating CXX dyndep file tests/unit/CMakeFiles/test_e24_c6_set_algebra_abi.dir/CXX.dd
[681/1948] Generating CXX dyndep file tests/unit/CMakeFiles/test_e24_c7_gattung_map_umbenennung.dir/CXX.dd
[682/1946] Generating CXX dyndep file tests/unit/CMakeFiles/test_e24_c7_container_gattungs_kern.dir/CXX.dd
[683/1944] Generating CXX dyndep file tests/unit/CMakeFiles/test_e24_c7_element_type_vertrag.dir/CXX.dd
[684/1942] Generating CXX dyndep file tests/unit/CMakeFiles/test_e24_c7_gattung_abi_sichtbar.dir/CXX.dd
[685/1940] Generating CXX dyndep file tests/unit/CMakeFiles/test_e24_c7_symmetrie_und_benennung.dir/CXX.dd
[686/1938] Generating CXX dyndep file tests/unit/CMakeFiles/test_hy_a1_heuristik_adapter_gattung.dir/CXX.dd
[687/1938] Generating CXX dyndep file tests/unit/CMakeFiles/test_hy_f8_reroute.dir/CXX.dd
[688/1938] Generating CXX dyndep file tests/unit/CMakeFiles/test_q2_identitaets_riegel.dir/CXX.dd
[689/1938] Generating CXX dyndep file tests/unit/CMakeFiles/test_hy_a1_dock_contract.dir/CXX.dd
[690/1938] Generating CXX dyndep file tests/unit/CMakeFiles/test_hy_a1_attach_nur_array_include.dir/CXX.dd
[691/1938] Generating CXX dyndep file tests/unit/CMakeFiles/test_hy_a3_hybrid_config_parser.dir/CXX.dd
[692/1938] Generating CXX dyndep file tests/unit/CMakeFiles/test_hy_a2_stempel_kette.dir/CXX.dd
[693/1938] Generating CXX dyndep file tests/unit/CMakeFiles/test_e24_c4_genus_pruef_docks.dir/CXX.dd
[694/1936] Generating CXX dyndep file tests/unit/CMakeFiles/test_e24_c5_fk7_dock_fehlerklassen.dir/CXX.dd
[695/1934] Generating CXX dyndep file tests/unit/CMakeFiles/test_migration_two_tier.dir/CXX.dd
[696/1932] Generating CXX dyndep file tests/unit/CMakeFiles/test_seg_coverage.dir/CXX.dd
[697/1930] Generating CXX dyndep file tests/unit/CMakeFiles/test_filter_real_from_keys.dir/CXX.dd
[698/1928] Generating CXX dyndep file tests/unit/CMakeFiles/test_patricia_real.dir/CXX.dd
[699/1926] Generating CXX dyndep file tests/unit/CMakeFiles/test_value_handle_real.dir/CXX.dd
[700/1924] Generating CXX dyndep file tests/unit/CMakeFiles/test_prefetch_real.dir/CXX.dd
[701/1922] Generating CXX dyndep file tests/unit/CMakeFiles/test_prefetch_adversarial_verify.dir/CXX.dd
[702/1920] Generating CXX dyndep file tests/unit/CMakeFiles/test_prefetch_patha_t7.dir/CXX.dd
[703/1918] Generating CXX dyndep file tests/unit/CMakeFiles/test_a8s1_t17_vollzaehligkeit.dir/CXX.dd
[704/1916] Building CXX object tests/unit/CMakeFiles/comdare_r5g_autobuilt_perm_36.dir/__/__/generated/r5g_autobuilt_modules/comdare_anatomy_perm_auto_41.cpp.o
[705/1916] Generating CXX dyndep file tests/unit/CMakeFiles/test_a8s3_t17_stats_lesezeitpunkt.dir/CXX.dd
[706/1914] Generating CXX dyndep file tests/unit/CMakeFiles/test_s5_04_execution_alloc_conformance.dir/CXX.dd
[707/1912] Generating CXX dyndep file tests/unit/CMakeFiles/test_s5_04_execution_perf_sanity.dir/CXX.dd
[708/1910] Generating CXX dyndep file tests/unit/CMakeFiles/test_s5_03_placement_alloc_conformance.dir/CXX.dd
[709/1908] Generating CXX dyndep file tests/unit/CMakeFiles/test_s5_03_placement_perf_sanity.dir/CXX.dd
[710/1906] Generating CXX dyndep file tests/unit/CMakeFiles/test_s5_01d_traversal_alloc_conformance.dir/CXX.dd
[711/1904] Generating CXX dyndep file tests/unit/CMakeFiles/test_s5_01d_traversal_perf_sanity.dir/CXX.dd
[712/1902] Generating CXX dyndep file tests/unit/CMakeFiles/test_s5_02a_layout_alloc_conformance.dir/CXX.dd
[713/1900] Generating CXX dyndep file tests/unit/CMakeFiles/test_s5_02a_layout_perf_sanity.dir/CXX.dd
[714/1898] Generating CXX dyndep file tests/unit/CMakeFiles/test_s5_01a_pool_stores_alloc_conformance.dir/CXX.dd
[715/1896] Generating CXX dyndep file tests/unit/CMakeFiles/test_s5_01a_pool_stores_perf_sanity.dir/CXX.dd
[716/1894] Generating CXX dyndep file tests/unit/CMakeFiles/test_s5_02b_filter_alloc_conformance.dir/CXX.dd
[717/1892] Generating CXX dyndep file tests/unit/CMakeFiles/test_s5_02b_filter_perf_sanity.dir/CXX.dd
[718/1890] Generating CXX dyndep file tests/unit/CMakeFiles/test_s5_01b_composable_alloc_conformance.dir/CXX.dd
[719/1888] Generating CXX dyndep file tests/unit/CMakeFiles/test_s5_01b_composable_perf_sanity.dir/CXX.dd
[720/1886] Generating CXX dyndep file tests/unit/CMakeFiles/test_s5_01c_fassaden_conformance.dir/CXX.dd
[721/1884] Generating CXX dyndep file tests/unit/CMakeFiles/test_s5_05q_queuing_alloc_conformance.dir/CXX.dd
[722/1882] Generating CXX dyndep file tests/unit/CMakeFiles/test_s5_05q_queuing_perf_sanity.dir/CXX.dd
[723/1880] Generating CXX dyndep file tests/unit/CMakeFiles/test_h64_allocator_adapter_failure_contract.dir/CXX.dd
[724/1878] Generating CXX dyndep file tests/unit/CMakeFiles/test_h81_allocator_statistics_forwarder_recursion.dir/CXX.dd
[725/1876] Generating CXX dyndep file tests/unit/CMakeFiles/test_a1_wurf_vertrag_allokator_store.dir/CXX.dd
[726/1874] Generating CXX dyndep file tests/unit/CMakeFiles/test_cow_memento.dir/CXX.dd
[727/1872] Generating CXX dyndep file tests/unit/CMakeFiles/test_cuckoo_eviction_correctness.dir/CXX.dd
[728/1870] Generating CXX dyndep file tests/unit/CMakeFiles/test_hash_lookup_backward_shift.dir/CXX.dd
[729/1868] Generating CXX dyndep file tests/unit/CMakeFiles/test_scalloc_realloc_alignment.dir/CXX.dd
[730/1866] Generating CXX dyndep file tests/unit/CMakeFiles/test_br1_full22_count.dir/CXX.dd
[731/1864] Generating CXX dyndep file tests/unit/CMakeFiles/test_br1_subset.dir/CXX.dd
[732/1862] Generating CXX dyndep file tests/unit/CMakeFiles/test_br2_descriptor_foundation.dir/CXX.dd
[733/1860] Generating CXX dyndep file tests/unit/CMakeFiles/test_br2_roundtrip.dir/CXX.dd
[734/1858] Generating CXX dyndep file tests/unit/CMakeFiles/test_br3_obs22.dir/CXX.dd
[735/1856] Generating CXX dyndep file tests/unit/CMakeFiles/test_br_kf15_real.dir/CXX.dd
[736/1854] Generating CXX dyndep file tests/unit/CMakeFiles/test_clu_per_layout.dir/CXX.dd
[737/1852] Generating CXX dyndep file tests/unit/CMakeFiles/test_cow_capable_wrappers.dir/CXX.dd
[738/1850] Generating CXX dyndep file tests/unit/CMakeFiles/test_d4b_container_adapter.dir/CXX.dd
[739/1848] Generating CXX dyndep file tests/unit/CMakeFiles/test_genus_binding.dir/CXX.dd
[740/1846] Generating CXX dyndep file tests/unit/CMakeFiles/test_genus_organ_binding.dir/CXX.dd
[741/1844] Generating CXX dyndep file tests/unit/CMakeFiles/test_kf4_resource_control.dir/CXX.dd
[742/1842] Generating CXX dyndep file tests/unit/CMakeFiles/test_kf5_cacheline_weave.dir/CXX.dd
[743/1840] Generating CXX dyndep file tests/unit/CMakeFiles/test_kf6_node_run_body.dir/CXX.dd
[744/1838] Generating CXX dyndep file tests/unit/CMakeFiles/test_kf7_runtime_loop.dir/CXX.dd
[745/1836] Generating CXX dyndep file tests/unit/CMakeFiles/test_kf8_ceb_generator.dir/CXX.dd
[746/1834] Generating CXX dyndep file tests/unit/CMakeFiles/test_kf9_experiment_tree.dir/CXX.dd
[747/1832] Generating CXX dyndep file tests/unit/CMakeFiles/test_kf10_repetition_plan.dir/CXX.dd
[748/1830] Generating CXX dyndep file tests/unit/CMakeFiles/test_kf11_telemetry_silent.dir/CXX.dd
[749/1828] Generating CXX dyndep file tests/unit/CMakeFiles/test_kf12_kf13_slurm_prepare.dir/CXX.dd
[750/1826] Generating CXX dyndep file tests/unit/CMakeFiles/test_kf15_inverse_signature.dir/CXX.dd
[751/1824] Generating CXX dyndep file tests/unit/CMakeFiles/test_kf16_build_orchestrator.dir/CXX.dd
[752/1822] Generating CXX dyndep file tests/unit/CMakeFiles/test_kf16b_build_resilience.dir/CXX.dd
[753/1820] Generating CXX dyndep file tests/unit/CMakeFiles/test_w6_parallel_provision.dir/CXX.dd
[754/1818] Generating CXX dyndep file tests/unit/CMakeFiles/test_w11_async_push_pump.dir/CXX.dd
[755/1816] Generating CXX dyndep file tests/unit/CMakeFiles/test_s5_artifact_cache_bounded.dir/CXX.dd
[756/1814] Generating CXX dyndep file tests/unit/CMakeFiles/test_s1_cache_key_prefix.dir/CXX.dd
[757/1812] Generating CXX dyndep file tests/unit/CMakeFiles/test_e24_c10_g6_identitaets_bilanz.dir/CXX.dd
[758/1810] Generating CXX dyndep file tests/unit/CMakeFiles/test_s2_pull_tier_binary.dir/CXX.dd
[759/1808] Generating CXX dyndep file tests/unit/CMakeFiles/test_45_parallel_measure_loop.dir/CXX.dd
[760/1806] Generating CXX dyndep file tests/unit/CMakeFiles/test_cache_mc_timeout.dir/CXX.dd
[761/1804] Generating CXX dyndep file tests/unit/CMakeFiles/test_r2_suffix_wachen.dir/CXX.dd
[762/1802] Generating CXX dyndep file tests/unit/CMakeFiles/test_w10_c4_zellwert_naht.dir/CXX.dd
[763/1800] Generating CXX dyndep file tests/unit/CMakeFiles/test_e24_c9_fk5_fehlerraum.dir/CXX.dd
[764/1798] Generating CXX dyndep file tests/unit/CMakeFiles/test_a15_fk3_axis_error_traits.dir/CXX.dd
[765/1796] Generating CXX dyndep file tests/unit/CMakeFiles/test_a15_fk4_organ_slot_traits.dir/CXX.dd
[766/1794] Generating CXX dyndep file tests/unit/CMakeFiles/test_fk6_algo_error_classes.dir/CXX.dd
[767/1792] Generating CXX dyndep file tests/unit/CMakeFiles/test_resthygiene2_organ_fingerprint.dir/CXX.dd
[768/1790] Generating CXX dyndep file tests/unit/CMakeFiles/test_all19_segment_timer.dir/CXX.dd
[769/1788] Generating CXX dyndep file tests/unit/CMakeFiles/test_m8_storetrav_segment.dir/CXX.dd
[770/1786] Generating CXX dyndep file tests/unit/CMakeFiles/test_br3_observer.dir/CXX.dd
[771/1784] Generating CXX dyndep file tests/unit/CMakeFiles/test_obs_phaseB_t11_t12_iso.dir/CXX.dd
[772/1782] Generating CXX dyndep file tests/unit/CMakeFiles/test_obs_phaseB_t14_t16.dir/CXX.dd
[773/1780] Generating CXX dyndep file tests/unit/CMakeFiles/test_pathb_segment_timer.dir/CXX.dd
[774/1778] Generating CXX dyndep file tests/unit/CMakeFiles/test_segment_timer_differentiation.dir/CXX.dd
[775/1776] Generating CXX dyndep file tests/unit/CMakeFiles/test_obs_phaseA.dir/CXX.dd
[776/1774] Generating CXX dyndep file tests/unit/CMakeFiles/test_obs_phaseB_pilot.dir/CXX.dd
[777/1772] Generating CXX dyndep file tests/unit/CMakeFiles/test_obs_phaseB_t11_t12.dir/CXX.dd
[778/1770] Generating CXX dyndep file tests/unit/CMakeFiles/test_d_v42_abi_telemetry_coupling.dir/CXX.dd
[779/1768] Generating CXX dyndep file tests/unit/CMakeFiles/test_a8s4_konstitutiv_kette.dir/CXX.dd
[780/1766] Generating CXX dyndep file tests/unit/CMakeFiles/test_a8s4_release_pfad_neutralitaet.dir/CXX.dd
[781/1764] Generating CXX dyndep file tests/unit/CMakeFiles/test_kf1_thesis_profile_parser.dir/CXX.dd
[782/1762] Generating CXX dyndep file tests/unit/CMakeFiles/test_q1_lockfree_concurrency.dir/CXX.dd
[783/1760] Generating CXX dyndep file tests/unit/CMakeFiles/test_v5_io_real_fixture.dir/CXX.dd
[784/1758] Generating CXX dyndep file tests/unit/CMakeFiles/test_winsorized_mean.dir/CXX.dd
[785/1756] Generating CXX dyndep file tests/unit/CMakeFiles/test_conformance_gate.dir/CXX.dd
[786/1754] Generating CXX dyndep file tests/unit/CMakeFiles/test_188_4bb0_pool_organ_wide_key_conformance.dir/CXX.dd
[787/1754] Generating CXX dyndep file tests/unit/CMakeFiles/test_188_4bbV_pool_adapter_flip_compile.dir/CXX.dd
[788/1752] Generating CXX dyndep file tests/unit/CMakeFiles/test_phase_b_effective_search_algo_contrast.dir/CXX.dd
[789/1750] Generating CXX dyndep file tests/unit/CMakeFiles/test_s7_1_bst_pool_allocator_deg.dir/CXX.dd
[790/1750] Generating CXX dyndep file tests/unit/CMakeFiles/test_ap15_2_get_allocator_proxy.dir/CXX.dd
[791/1750] Generating CXX dyndep file tests/unit/CMakeFiles/test_ap15_3_driveable_map_contract.dir/CXX.dd
[792/1750] Generating CXX dyndep file tests/unit/CMakeFiles/test_s7_2_btree_pool_allocator_deg.dir/CXX.dd
[793/1750] Generating CXX dyndep file tests/unit/CMakeFiles/test_234_va_shaped_adapter.dir/CXX.dd
[794/1750] Generating CXX dyndep file tests/unit/CMakeFiles/test_29_container_framework.dir/CXX.dd
[795/1750] Generating CXX dyndep file tests/unit/CMakeFiles/test_striktheit_axis_dach_guard.dir/CXX.dd
[796/1750] Generating CXX dyndep file tests/unit/CMakeFiles/test_a14_os_sub_axes_guard.dir/CXX.dd
[797/1750] Generating CXX dyndep file tests/unit/CMakeFiles/test_meta_meta_halbordnung.dir/CXX.dd
[798/1750] Generating CXX dyndep file tests/unit/CMakeFiles/test_axis_error_taxonomy.dir/CXX.dd
[799/1750] Generating CXX dyndep file tests/unit/CMakeFiles/test_rf3_betriebssystem_feature_fehlt.dir/CXX.dd
[800/1749] Generating CXX dyndep file tests/unit/CMakeFiles/test_striktheit_metaprog_guard.dir/CXX.dd
[801/1749] Generating CXX dyndep file tests/unit/CMakeFiles/test_striktheit_axes_guard.dir/CXX.dd
[802/1749] Generating CXX dyndep file tests/unit/CMakeFiles/test_striktheit_abi_pod_guard.dir/CXX.dd
[803/1749] Generating CXX dyndep file tests/unit/CMakeFiles/test_striktheit_scan_kernel_purity.dir/CXX.dd
[804/1749] Generating CXX dyndep file tests/unit/CMakeFiles/test_234_vb_rest_families_shaped.dir/CXX.dd
[805/1749] Generating CXX dyndep file tests/unit/CMakeFiles/test_cmd1_a_axis_command_base.dir/CXX.dd
[806/1749] Generating CXX dyndep file tests/unit/CMakeFiles/test_s7_3_skip_list_pool_allocator_deg.dir/CXX.dd
[807/1749] Generating CXX dyndep file tests/unit/CMakeFiles/test_s7_4_hash_pool_allocator_deg.dir/CXX.dd
[808/1749] Generating CXX dyndep file tests/unit/CMakeFiles/test_s7_5_art_pool_allocator_deg.dir/CXX.dd
[809/1749] Generating CXX dyndep file tests/unit/CMakeFiles/test_s7_6_hot_pool_allocator_deg.dir/CXX.dd
[810/1749] Generating CXX dyndep file tests/unit/CMakeFiles/test_s7_7_start_pool_allocator_deg.dir/CXX.dd
[811/1749] Generating CXX dyndep file tests/unit/CMakeFiles/test_s7_8_wormhole_pool_allocator_deg.dir/CXX.dd
[812/1749] Generating CXX dyndep file tests/unit/CMakeFiles/test_s7_9_surf_pool_allocator_deg.dir/CXX.dd
[813/1749] Generating CXX dyndep file tests/unit/CMakeFiles/test_s7_10_swiss_pool_allocator_deg.dir/CXX.dd
[814/1749] Generating CXX dyndep file tests/unit/CMakeFiles/test_234_f1_btree_order_shape.dir/CXX.dd
[815/1749] Generating CXX dyndep file tests/unit/CMakeFiles/test_234_f2_skip_list_shape.dir/CXX.dd
[816/1749] Generating CXX dyndep file tests/unit/CMakeFiles/test_234_f3_bst_shape.dir/CXX.dd
[817/1749] Generating CXX dyndep file tests/unit/CMakeFiles/test_234_f4_hash_probe_shape.dir/CXX.dd
[818/1749] Generating CXX dyndep file tests/unit/CMakeFiles/test_188_4a_eytzinger_organ.dir/CXX.dd
[819/1749] Generating CXX dyndep file tests/unit/CMakeFiles/test_188_4c0_known_compositions_conformance.dir/CXX.dd
[820/1749] Generating CXX dyndep file tests/unit/CMakeFiles/test_abi_adapter_g3_batch2.dir/CXX.dd
[821/1749] Generating CXX dyndep file tests/unit/CMakeFiles/test_216h2_stat_reset_after_load.dir/CXX.dd
[822/1749] Generating CXX dyndep file tests/unit/CMakeFiles/test_221_rc_prefetch_distance.dir/CXX.dd
[823/1749] Generating CXX dyndep file tests/unit/CMakeFiles/test_e1_contract_rc_konsum.dir/CXX.dd
[824/1749] Generating CXX dyndep file tests/unit/CMakeFiles/test_188_4cii_flat_wrapper_traversal.dir/CXX.dd
[825/1749] Generating CXX dyndep file tests/unit/CMakeFiles/test_217_2a_capacity_guard.dir/CXX.dd
[826/1749] Generating CXX dyndep file tests/unit/CMakeFiles/m3v2_pmc_smoke.dir/CXX.dd
[827/1747] Generating CXX dyndep file tests/unit/CMakeFiles/test_harness_compile.dir/CXX.dd
[828/1745] Generating CXX dyndep file tests/unit/CMakeFiles/test_tp1_planer_filter_iterator.dir/CXX.dd
[829/1743] Generating CXX dyndep file tests/unit/CMakeFiles/test_a5_eta_slice_verdrahtung.dir/CXX.dd
[830/1741] Generating CXX dyndep file tests/unit/CMakeFiles/test_d37b_modus_riegel.dir/CXX.dd
[831/1741] Generating CXX dyndep file tests/unit/CMakeFiles/test_t2a_f4_facade_plan_durchreichung.dir/CXX.dd
[832/1739] Generating CXX dyndep file tests/unit/CMakeFiles/test_f3_lager_key_provider_iterator.dir/CXX.dd
[833/1737] Generating CXX dyndep file tests/unit/CMakeFiles/test_lagp2_messwert_genus.dir/CXX.dd
[834/1735] Generating CXX dyndep file tests/unit/CMakeFiles/test_b3_schema_freeze_stufe1.dir/CXX.dd
[835/1733] Generating CXX dyndep file tests/unit/CMakeFiles/test_mt_l3_wide_schema_orakel.dir/CXX.dd
[836/1732] Generating CXX dyndep file tests/unit/CMakeFiles/test_vor_push_gate.dir/CXX.dd
[837/1732] Generating CXX dyndep file tests/unit/CMakeFiles/test_lazy_resume_binary.dir/CXX.dd
[838/1730] Generating CXX dyndep file tests/unit/CMakeFiles/test_w5_status_reader.dir/CXX.dd
[839/1728] Generating CXX dyndep file tests/unit/CMakeFiles/test_experiment_dock_payload.dir/CXX.dd
[840/1726] Generating CXX dyndep file tests/unit/CMakeFiles/test_axis_kind_wire_totalitaet.dir/CXX.dd
[841/1726] Generating CXX dyndep file tests/unit/CMakeFiles/test_axis_kind_kategorien_zuordnung.dir/CXX.dd
[842/1726] Generating CXX dyndep file tests/unit/CMakeFiles/test_progress_delta.dir/CXX.dd
[843/1724] Generating CXX dyndep file tests/unit/CMakeFiles/test_gn_cell_filter.dir/CXX.dd
[844/1722] Generating CXX dyndep file tests/unit/CMakeFiles/test_profile_coverage.dir/CXX.dd
[845/1722] Generating CXX dyndep file tests/unit/CMakeFiles/test_ap2_katalog_pfad_stubfrei.dir/CXX.dd
[846/1722] Generating CXX dyndep file tests/unit/CMakeFiles/test_axis_sweep_coverage.dir/CXX.dd
[847/1722] Generating CXX dyndep file tests/unit/CMakeFiles/test_org18_persistence_target.dir/CXX.dd
[848/1722] Generating CXX dyndep file tests/unit/CMakeFiles/test_smoke_coverage_profile.dir/CXX.dd
[849/1722] Generating CXX dyndep file tests/unit/CMakeFiles/test_wdk_datasets_fairness.dir/CXX.dd
[850/1722] Generating CXX dyndep file tests/unit/CMakeFiles/test_measurement_categories.dir/CXX.dd
[851/1722] Generating CXX dyndep file tests/unit/CMakeFiles/test_experiment_parser.dir/CXX.dd
[852/1722] Generating CXX dyndep file tests/unit/CMakeFiles/test_experiment_kern_seam.dir/CXX.dd
[853/1722] Generating CXX dyndep file tests/unit/CMakeFiles/test_experiment_projection.dir/CXX.dd
[854/1722] Generating CXX dyndep file tests/unit/CMakeFiles/test_merge_plan_directive.dir/CXX.dd
[855/1722] Generating CXX dyndep file tests/unit/CMakeFiles/test_experiment_plan_director.dir/CXX.dd
[856/1722] Generating CXX dyndep file tests/unit/CMakeFiles/test_sota_st2_dedup.dir/CXX.dd
[857/1722] Generating CXX dyndep file tests/unit/CMakeFiles/test_validate_profile.dir/CXX.dd
[858/1722] Generating CXX dyndep file tests/unit/CMakeFiles/test_h2_score_akte.dir/CXX.dd
[859/1722] Generating CXX dyndep file tests/unit/CMakeFiles/linux_perf_pmc_smoke.dir/CXX.dd
[860/1720] Generating CXX dyndep file tests/unit/CMakeFiles/test_dgenus_dll.dir/CXX.dd
[861/1718] Generating CXX dyndep file tests/unit/CMakeFiles/test_e24_c10_genus_dll_roundtrip.dir/CXX.dd
[862/1716] Generating CXX dyndep file tests/unit/CMakeFiles/test_e24_c10_g5_lade_wache.dir/CXX.dd
[863/1714] Generating CXX dyndep file tests/unit/CMakeFiles/test_buildvariant_dll.dir/CXX.dd
[864/1712] Generating CXX dyndep file tests/unit/CMakeFiles/test_d4b_container_dll.dir/CXX.dd
[865/1710] Generating CXX dyndep file tests/unit/CMakeFiles/test_ap5_simd_extension_coherence.dir/CXX.dd
[866/1708] Generating CXX dyndep file tests/unit/CMakeFiles/test_adhoc_buildvariant_dll.dir/CXX.dd
[867/1706] Generating CXX dyndep file tests/unit/CMakeFiles/test_d13_dll_runtime_measure.dir/CXX.dd
[868/1704] Generating CXX dyndep file tests/unit/CMakeFiles/test_w3_mess_interface_testate_dock.dir/CXX.dd
[869/1702] Generating CXX dyndep file tests/unit/CMakeFiles/test_w3_mess_interface_testate_biss.dir/CXX.dd
[870/1700] Generating CXX dyndep file tests/unit/CMakeFiles/test_cacheline_policy_selector.dir/CXX.dd
[871/1698] Generating CXX dyndep file tests/unit/CMakeFiles/test_load_profile_writer.dir/CXX.dd
[872/1696] Generating CXX dyndep file tests/unit/CMakeFiles/test_kf3_cacheline_subaxis.dir/CXX.dd
[873/1694] Generating CXX dyndep file tests/unit/CMakeFiles/test_ff2_node_width_subaxis.dir/CXX.dd
[874/1692] Generating CXX dyndep file tests/unit/CMakeFiles/test_fb_alloc_hw_subaxis.dir/CXX.dd
[875/1690] Generating CXX dyndep file tests/unit/CMakeFiles/test_best_binary_selector_parse_rank.dir/CXX.dd
[876/1687] Generating CXX dyndep file tests/unit/CMakeFiles/test_hybrid_spline_selector_scaffold.dir/CXX.dd
[877/1684] Generating CXX dyndep file tests/unit/CMakeFiles/test_e4_contract_xml_to_axislevels.dir/CXX.dd
[878/1682] Generating CXX dyndep file tests/unit/CMakeFiles/test_a9b_active_deklaration_inert.dir/CXX.dd
[879/1680] Generating CXX dyndep file tests/unit/CMakeFiles/test_t1_system_achsen_eine_entscheidung.dir/CXX.dd
[880/1678] Generating CXX dyndep file tests/unit/CMakeFiles/test_e3_contract_conformance_gate_wirksam.dir/CXX.dd
[881/1676] Generating CXX dyndep file tests/unit/CMakeFiles/test_e3_contract_binary_id_bijektion.dir/CXX.dd
[882/1674] Generating CXX dyndep file tests/unit/CMakeFiles/test_e2_contract_abi_vertrag.dir/CXX.dd
[883/1672] Generating CXX dyndep file tests/unit/CMakeFiles/test_m_contract_system_axis_wurzel.dir/CXX.dd
[884/1672] Generating CXX dyndep file tests/unit/CMakeFiles/test_m_simd_feature_flag_catalog.dir/CXX.dd
[885/1672] Generating CXX dyndep file tests/unit/CMakeFiles/test_p1_spd_ddr5_parser.dir/CXX.dd
[886/1672] Generating CXX dyndep file tests/unit/CMakeFiles/test_p2_ram_probe_chain.dir/CXX.dd
[887/1672] Generating CXX dyndep file tests/unit/CMakeFiles/test_p2_ram_identity_verdict.dir/CXX.dd
[888/1672] Generating CXX dyndep file tests/unit/CMakeFiles/test_os_u3_probe.dir/CXX.dd
[889/1672] Generating CXX dyndep file tests/unit/CMakeFiles/test_od10_numa_page_probe.dir/CXX.dd
[890/1672] Generating CXX dyndep file tests/unit/CMakeFiles/test_od11_numa_cpu_pin_process_probe.dir/CXX.dd
[891/1672] Generating CXX dyndep file tests/unit/CMakeFiles/test_p3_boot_cache_dmi.dir/CXX.dd
[892/1672] Generating CXX dyndep file tests/unit/CMakeFiles/test_o4_machine_identity.dir/CXX.dd
[893/1672] Generating CXX dyndep file tests/unit/CMakeFiles/test_c3a_gate_scharfschaltung.dir/CXX.dd
[894/1672] Generating CXX dyndep file tests/unit/CMakeFiles/test_c3b_kanal_merge_beleg.dir/CXX.dd
[895/1672] Generating CXX dyndep file tests/unit/CMakeFiles/test_m_w12_stamp_bausteine.dir/CXX.dd
[896/1672] Generating CXX dyndep file tests/unit/CMakeFiles/test_d4_ceb_schluessel_wahl.dir/CXX.dd
[897/1672] Generating CXX dyndep file tests/unit/CMakeFiles/test_d2_mess_konsistenz_gate.dir/CXX.dd
[898/1672] Generating CXX dyndep file tests/unit/CMakeFiles/test_w10_system_cell_values.dir/CXX.dd
[899/1672] Generating CXX dyndep file tests/unit/CMakeFiles/test_g1_binary_version_stamp.dir/CXX.dd
[900/1672] Generating CXX dyndep file tests/unit/CMakeFiles/test_progress_heartbeat.dir/CXX.dd
[901/1672] Generating CXX dyndep file tests/unit/CMakeFiles/test_limits_entkopplung_vorstufe.dir/CXX.dd
[902/1670] Generating CXX dyndep file tests/unit/CMakeFiles/test_lazy_adhoc_source_gen.dir/CXX.dd
[903/1668] Generating CXX dyndep file tests/unit/CMakeFiles/test_lagz1_lager_schluessel_simd.dir/CXX.dd
[904/1666] Generating CXX dyndep file tests/unit/CMakeFiles/test_w2_combo_ct_stamp.dir/CXX.dd
[905/1664] Generating CXX dyndep file tests/unit/CMakeFiles/test_b3_wallclock_erbe_ct.dir/CXX.dd
[906/1662] Generating CXX dyndep file tests/unit/CMakeFiles/test_m1_mess_achsen_wirkung.dir/CXX.dd
[907/1660] Generating CXX dyndep file tests/unit/CMakeFiles/test_r3_mess_gate_fingerprint_biss.dir/CXX.dd
[908/1658] Generating CXX dyndep file tests/unit/CMakeFiles/test_r3_mess_gates_spiegel.dir/CXX.dd
[909/1656] Generating CXX dyndep file tests/unit/CMakeFiles/test_b2_mess_gate_trennung.dir/CXX.dd
[910/1654] Generating CXX dyndep file tests/unit/CMakeFiles/test_b2_gate_zustand_g2an_g3aus.dir/CXX.dd
[911/1652] Generating CXX dyndep file tests/unit/CMakeFiles/test_b5_pmc_ehrlichkeit_alle_sieben.dir/CXX.dd
[912/1650] Generating CXX dyndep file tests/unit/CMakeFiles/test_m1h_stufen_und_pmc_wache.dir/CXX.dd
[913/1648] Generating CXX dyndep file tests/unit/CMakeFiles/test_parser_konsolidierung.dir/CXX.dd
[914/1646] Generating CXX dyndep file tests/unit/CMakeFiles/test_phase6_vorbau.dir/CXX.dd
[915/1644] Generating CXX dyndep file tests/unit/CMakeFiles/test_simd_field_sum_dispatch.dir/CXX.dd
[916/1642] Generating CXX dyndep file tests/unit/CMakeFiles/test_simd_field_sum_dispatch_avx2.dir/CXX.dd
[917/1640] Generating CXX dyndep file tests/unit/CMakeFiles/test_simd_field_sum_dispatch_avx512.dir/CXX.dd
[918/1638] Generating CXX dyndep file tests/unit/CMakeFiles/test_simd_add_u64_carry.dir/CXX.dd
[919/1638] Generating CXX dyndep file tests/unit/CMakeFiles/test_simd_add_u64_carry_avx2.dir/CXX.dd
[920/1638] Generating CXX dyndep file tests/unit/CMakeFiles/test_simd_add_u64_carry_avx512.dir/CXX.dd
[921/1638] Generating CXX dyndep file tests/unit/CMakeFiles/test_reflect_versions_all17.dir/CXX.dd
[922/1638] Generating CXX dyndep file tests/unit/CMakeFiles/test_reflect_versions_all_registered.dir/CXX.dd
[923/1638] Generating CXX dyndep file tests/unit/CMakeFiles/test_a1_algo_version_pin_alloc_axis.dir/CXX.dd
[924/1638] Generating CXX dyndep file tests/unit/CMakeFiles/test_planner_version_flag_grammatik.dir/CXX.dd
[925/1638] Generating CXX dyndep file tests/unit/CMakeFiles/test_g3_bestandslog_document.dir/CXX.dd
[926/1638] Generating CXX dyndep file tests/unit/CMakeFiles/test_g3_bestandslog_lock.dir/CXX.dd
[927/1638] Generating CXX dyndep file tests/unit/CMakeFiles/test_g3_eta_estimator.dir/CXX.dd
[928/1638] Generating CXX dyndep file tests/unit/CMakeFiles/test_g3_reservation_lifecycle.dir/CXX.dd
[929/1638] Generating CXX dyndep file tests/unit/CMakeFiles/test_a5_eta_kalibrierung.dir/CXX.dd
[930/1638] Generating CXX dyndep file tests/unit/CMakeFiles/test_g3_batch_planner.dir/CXX.dd
[931/1638] Generating CXX dyndep file tests/unit/CMakeFiles/test_g3_ram_spool_writer.dir/CXX.dd
[932/1638] Generating CXX dyndep file tests/unit/CMakeFiles/test_g3_writer_backend_io_uring.dir/CXX.dd
[933/1638] Generating CXX dyndep file tests/unit/CMakeFiles/test_g2_variant_sidecar.dir/CXX.dd
[934/1638] Generating CXX dyndep file tests/unit/CMakeFiles/test_a2_sha512_skip_gate.dir/CXX.dd
[935/1638] Generating CXX dyndep file tests/unit/CMakeFiles/test_bvset_teilmenge.dir/CXX.dd
[936/1638] Generating CXX dyndep file tests/unit/CMakeFiles/test_g3_sha512_index.dir/CXX.dd
[937/1638] Generating CXX dyndep file tests/unit/CMakeFiles/test_g3_builder_registration.dir/CXX.dd
[938/1638] Generating CXX dyndep file tests/unit/CMakeFiles/test_g3_takeover_sweep.dir/CXX.dd
[939/1638] Generating CXX dyndep file tests/unit/CMakeFiles/test_lb0_lager_pfad_grammatik.dir/CXX.dd
[940/1638] Generating CXX dyndep file tests/unit/CMakeFiles/test_lb1_knoten_heuristik_log.dir/CXX.dd
[941/1638] Generating CXX dyndep file tests/unit/CMakeFiles/test_ge3_messwert_genus_und_ziel.dir/CXX.dd
[942/1638] Generating CXX dyndep file tests/unit/CMakeFiles/test_ge1_claim_check_und_sidecar.dir/CXX.dd
[943/1638] Generating CXX dyndep file tests/unit/CMakeFiles/test_g3_planer_driven.dir/CXX.dd
[944/1638] Generating CXX dyndep file tests/unit/CMakeFiles/test_g3_prune.dir/CXX.dd
[945/1638] Generating CXX dyndep file tests/unit/CMakeFiles/test_g3_artifact_cache_transport.dir/CXX.dd
[946/1638] Generating CXX dyndep file tests/unit/CMakeFiles/test_g3_lager_presence.dir/CXX.dd
[947/1638] Generating CXX dyndep file tests/unit/CMakeFiles/test_a8s3_csv_klasse_c.dir/CXX.dd
[948/1636] Generating CXX dyndep file tests/unit/CMakeFiles/test_fk1_nicht_gebaut_marker.dir/CXX.dd
[949/1634] Generating CXX dyndep file tests/unit/CMakeFiles/test_rf2_admission_marker_inert.dir/CXX.dd
[950/1632] Generating CXX dyndep file tests/unit/CMakeFiles/test_m1hb_observer_zellen_ehrlich.dir/CXX.dd
[951/1630] Generating CXX dyndep file tests/unit/CMakeFiles/test_e04_slice_marker.dir/CXX.dd
[952/1628] Generating CXX dyndep file tests/unit/CMakeFiles/test_p_cacheline_store_line_source.dir/CXX.dd
[953/1626] Generating CXX dyndep file tests/unit/CMakeFiles/test_b14_layout_scan_line_subaxis.dir/CXX.dd
[954/1624] Generating CXX dyndep file tests/unit/CMakeFiles/test_b14_abi_adapter_line_subaxis_paths.dir/CXX.dd
[955/1624] Generating CXX dyndep file tests/unit/CMakeFiles/test_a9_xlsx_vendor_rauchtest.dir/CXX.dd
[956/1624] Generating CXX dyndep file tests/unit/CMakeFiles/test_a9s3_writeback_method_xlsx.dir/CXX.dd
[957/1624] Generating CXX dyndep file tests/unit/CMakeFiles/test_a9s3_ergebnis_mappe_csv.dir/CXX.dd
[958/1624] Generating CXX dyndep file tests/unit/CMakeFiles/test_a9s3_xlsx_ergebnis_writer.dir/CXX.dd
[959/1624] Generating CXX dyndep file tests/unit/CMakeFiles/test_a9s3_mess_ebene_blattsorte.dir/CXX.dd
[960/1624] Generating CXX dyndep file tests/unit/CMakeFiles/test_d2_abdeckungs_wache_nenner.dir/CXX.dd
[961/1624] Generating CXX dyndep file tests/unit/CMakeFiles/test_mt_l4_registrierungs_wache_isa.dir/CXX.dd
[962/1624] Generating CXX dyndep file tests/unit/CMakeFiles/test_hyg_kumulativer_bereich.dir/CXX.dd
[963/1624] Generating CXX dyndep file tests/unit/CMakeFiles/test_a9s4_realm_scan_stale.dir/CXX.dd
[964/1624] Generating CXX dyndep file tests/unit/CMakeFiles/test_d3_6_realm_selektor_produktionsablage.dir/CXX.dd
[965/1624] Generating CXX dyndep file tests/unit/CMakeFiles/test_a9s4_dynamic_axis_filter.dir/CXX.dd
[966/1624] Generating CXX dyndep file tests/unit/CMakeFiles/test_a9s4_mess_report_render.dir/CXX.dd
[967/1624] Generating CXX dyndep file tests/unit/CMakeFiles/test_a9s4_skip_manifest.dir/CXX.dd
[968/1624] Generating CXX dyndep file tests/unit/CMakeFiles/test_a9s5_ergebnis_mappe_naht.dir/CXX.dd
[969/1624] Generating CXX dyndep file tests/unit/CMakeFiles/test_ms1_arenen_kein_alloc_im_fenster.dir/CXX.dd
[970/1622] Generating CXX dyndep file tests/unit/CMakeFiles/test_ms2_pre_touch_seitenfehler.dir/CXX.dd
[971/1620] Generating CXX dyndep file tests/unit/CMakeFiles/ck1_naht_voll.dir/CXX.dd
[972/1619] Generating CXX dyndep file tests/unit/CMakeFiles/ck1_naht_leer.dir/CXX.dd
[973/1618] Generating CXX dyndep file tests/unit/CMakeFiles/test_ck1_messkette_koeder.dir/CXX.dd
[974/1618] Generating CXX dyndep file tests/unit/CMakeFiles/test_check_size_mengenrechnung.dir/CXX.dd
[975/1616] Generating CXX dyndep file tests/unit/CMakeFiles/test_check_size_cli_deckel.dir/CXX.dd
[976/1614] Generating CXX dyndep file tests/unit/CMakeFiles/test_d55_hdr_verdrahtung.dir/CXX.dd
[977/1614] Generating CXX dyndep file tests/unit/CMakeFiles/test_naht1_mess_visitor_biss.dir/CXX.dd
[978/1614] Generating CXX dyndep file tests/unit/CMakeFiles/test_flaeche3_deckung_ceb_aus_tier_an.dir/CXX.dd
[979/1614] Generating CXX dyndep file tests/unit/CMakeFiles/test_warn2a_block_id_bidirektional.dir/CXX.dd
[980/1614] Generating CXX dyndep file tests/unit/CMakeFiles/test_warn1_d2_fingerprint_koeder.dir/CXX.dd
[981/1614] Generating CXX dyndep file tests/unit/CMakeFiles/test_d2g1_ctest_registrierung.dir/CXX.dd
[982/1614] Generating CXX dyndep file tests/unit/CMakeFiles/test_t6_wachen_inventar.dir/CXX.dd
[983/1614] Generating CXX dyndep file tests/unit/CMakeFiles/test_t6_biss_achsen_roundtrip_wache.dir/CXX.dd
[984/1614] Generating CXX dyndep file tests/unit/CMakeFiles/test_t6_biss_sichtbarkeits_wache.dir/CXX.dd
[985/1614] Generating CXX dyndep file tests/unit/CMakeFiles/test_lizenz_konsistenz.dir/CXX.dd
[986/1614] Generating CXX dyndep file tests/unit/CMakeFiles/test_t6_biss_registrierungs_wache.dir/CXX.dd
[987/1614] Generating CXX dyndep file tests/unit/CMakeFiles/test_pa1_tote_ausnahme.dir/CXX.dd
[988/1614] Generating CXX dyndep file tests/unit/CMakeFiles/test_w0b_durchstich_kette.dir/CXX.dd
[989/1614] Generating CXX dyndep file tests/unit/CMakeFiles/test_anker_marke_statt_ledgerzeile.dir/CXX.dd
[990/1614] Generating CXX dyndep file tests/unit/CMakeFiles/test_vs_taxonomie_klassen_grep.dir/CXX.dd
[991/1614] Generating CXX dyndep file tests/unit/CMakeFiles/test_s1_stempel_basis_vertrag.dir/CXX.dd
[992/1614] Generating CXX dyndep file tests/unit/CMakeFiles/test_s3_ordnung_relation.dir/CXX.dd
[993/1614] Generating CXX dyndep file tests/unit/CMakeFiles/test_s3_ordnung_freigabe.dir/CXX.dd
[994/1614] Generating CXX dyndep file tests/unit/CMakeFiles/test_stempel_vollbestand_registry.dir/CXX.dd
[995/1614] Generating CXX dyndep file tests/unit/CMakeFiles/test_stempel_zulassung_bruecke.dir/CXX.dd
[996/1614] Generating CXX dyndep file tests/unit/CMakeFiles/test_k2_stufen_neutraler_loader.dir/CXX.dd
[997/1614] Generating CXX dyndep file tests/unit/CMakeFiles/test_vl3_debug_flag_sperre.dir/CXX.dd
[998/1612] Linking CXX static library lib/libgmock.a
[999/1612] Building CXX object tests/unit/CMakeFiles/comdare_r5g_autobuilt_perm_38.dir/__/__/generated/r5g_autobuilt_modules/comdare_anatomy_perm_auto_43.cpp.o
[1000/1612] Linking CXX static library lib/libgtest_main.a
[1001/1612] Building CXX object tests/unit/CMakeFiles/comdare_r5g_autobuilt_perm_40.dir/__/__/generated/r5g_autobuilt_modules/comdare_anatomy_perm_auto_45.cpp.o
[1002/1612] Building CXX object tests/unit/CMakeFiles/comdare_r5g_autobuilt_perm_41.dir/__/__/generated/r5g_autobuilt_modules/comdare_anatomy_perm_auto_46.cpp.o
[1003/1612] Building CXX object tests/unit/CMakeFiles/comdare_r5g_autobuilt_perm_39.dir/__/__/generated/r5g_autobuilt_modules/comdare_anatomy_perm_auto_44.cpp.o
[1004/1612] Building CXX object tests/unit/CMakeFiles/comdare_r5g_autobuilt_perm_44.dir/__/__/generated/r5g_autobuilt_modules/comdare_anatomy_perm_auto_6.cpp.o
[1005/1612] Building CXX object _deps/googletest-build/googlemock/CMakeFiles/gmock_main.dir/src/gmock_main.cc.o
[1006/1612] Building CXX object tests/unit/CMakeFiles/comdare_r5g_autobuilt_perm_43.dir/__/__/generated/r5g_autobuilt_modules/comdare_anatomy_perm_auto_5.cpp.o
[1007/1612] Building CXX object tests/unit/CMakeFiles/comdare_r5g_autobuilt_perm_42.dir/__/__/generated/r5g_autobuilt_modules/comdare_anatomy_perm_auto_47.cpp.o
[1008/1612] Building CXX object tests/unit/CMakeFiles/test_pressure_state.dir/test_pressure_state.cpp.o
[1009/1612] Building CXX object tests/unit/CMakeFiles/test_cache_recommendation.dir/test_cache_recommendation.cpp.o
[1010/1612] Building CXX object libs/cache_engine/builder/commands/tests/CMakeFiles/test_engine_adapters.dir/test_engine_adapters.cpp.o
[1011/1612] Building CXX object tests/unit/CMakeFiles/test_event_hierarchy.dir/test_event_hierarchy.cpp.o
[1012/1612] Building CXX object tests/unit/CMakeFiles/test_permutation_flags.dir/test_permutation_flags.cpp.o
[1013/1612] Building CXX object tests/unit/CMakeFiles/test_cpuid_probe.dir/test_cpuid_probe.cpp.o
[1014/1612] Building CXX object tests/unit/CMakeFiles/test_observer_registry.dir/test_observer_registry.cpp.o
[1015/1612] Building CXX object tests/unit/CMakeFiles/comdare_r5g_autobuilt_perm_46.dir/__/__/generated/r5g_autobuilt_modules/comdare_anatomy_perm_auto_8.cpp.o
[1016/1612] Building CXX object tests/unit/CMakeFiles/test_decision_lambda_registry.dir/test_decision_lambda_registry.cpp.o
[1017/1612] Building CXX object tests/unit/CMakeFiles/test_decision_trees.dir/test_decision_trees.cpp.o
[1018/1612] Building CXX object tests/unit/CMakeFiles/comdare_r5g_autobuilt_perm_47.dir/__/__/generated/r5g_autobuilt_modules/comdare_anatomy_perm_auto_9.cpp.o
[1019/1612] Building CXX object tests/unit/CMakeFiles/comdare_r5g_autobuilt_perm_45.dir/__/__/generated/r5g_autobuilt_modules/comdare_anatomy_perm_auto_7.cpp.o
[1020/1612] Building CXX object tests/unit/CMakeFiles/test_telemetry_strategies.dir/test_telemetry_strategies.cpp.o
[1021/1612] Building CXX object tests/unit/CMakeFiles/test_cache_hierarchy_and_mode.dir/test_cache_hierarchy_and_mode.cpp.o
[1022/1612] Building CXX object tests/unit/CMakeFiles/test_concurrency_disciplines.dir/test_concurrency_disciplines.cpp.o
[1023/1612] Building CXX object tests/unit/CMakeFiles/test_platform_concepts.dir/test_platform_concepts.cpp.o
[1024/1612] Building CXX object libs/cache_engine/builder/commands/tests/CMakeFiles/test_commands.dir/test_commands.cpp.o
[1025/1612] Building CXX object tests/unit/CMakeFiles/test_sub_engines.dir/test_sub_engines.cpp.o
[1026/1612] Building CXX object tests/unit/CMakeFiles/test_measurement_buffer.dir/test_measurement_buffer.cpp.o
[1027/1612] Building CXX object tests/unit/CMakeFiles/test_abi_interface.dir/test_abi_interface.cpp.o
[1028/1612] Building CXX object tests/unit/CMakeFiles/test_test_data_accumulation.dir/test_test_data_accumulation.cpp.o
[1029/1612] Building CXX object tests/unit/CMakeFiles/test_allocator_concepts.dir/test_allocator_concepts.cpp.o
[1030/1612] Building CXX object tests/unit/CMakeFiles/test_benchmark_suite.dir/test_benchmark_suite.cpp.o
[1031/1612] Building CXX object tests/unit/CMakeFiles/test_config_durability.dir/test_config_durability.cpp.o
[1032/1612] Building CXX object tests/unit/CMakeFiles/test_builder_codegen.dir/test_builder_codegen.cpp.o
[1033/1612] Building CXX object tests/unit/CMakeFiles/test_ycsb_cli.dir/test_ycsb_cli.cpp.o
[1034/1612] Building CXX object tests/unit/CMakeFiles/test_workload_and_experiment.dir/test_workload_and_experiment.cpp.o
[1035/1612] Building CXX object tests/unit/CMakeFiles/test_chaos_drift_gate.dir/test_chaos_drift_gate.cpp.o
[1036/1612] Building CXX object tests/unit/CMakeFiles/test_permutation_sampling.dir/test_permutation_sampling.cpp.o
[1037/1612] Building CXX object tests/unit/CMakeFiles/test_codegen_from_profile.dir/test_codegen_from_profile.cpp.o
[1038/1612] Building CXX object tests/unit/CMakeFiles/test_experiment_driver_v13.dir/test_experiment_driver_v13.cpp.o
[1039/1612] Building CXX object apps/f15_compare/CMakeFiles/comdare_f15_compare_cli.dir/main.cpp.o
[1040/1612] Building CXX object tests/unit/CMakeFiles/test_latex_anhang.dir/test_latex_anhang.cpp.o
[1041/1612] Building CXX object tests/unit/CMakeFiles/test_succinct.dir/test_succinct.cpp.o
[1042/1612] Building CXX object tests/unit/CMakeFiles/test_hbm_hierarchy.dir/test_hbm_hierarchy.cpp.o
[1043/1612] Building CXX object tests/unit/CMakeFiles/test_rcu.dir/test_rcu.cpp.o
[1044/1612] Building CXX object tests/unit/CMakeFiles/test_module_loader.dir/test_module_loader.cpp.o
[1045/1612] Building CXX object tests/unit/CMakeFiles/test_v31_adapters.dir/test_v31_adapters.cpp.o
[1046/1612] Building CXX object tests/unit/CMakeFiles/test_rcu_concurrency.dir/test_rcu_concurrency.cpp.o
[1047/1612] Building CXX object tests/unit/CMakeFiles/test_v41_indexes.dir/test_v41_indexes.cpp.o
[1048/1612] Building CXX object tests/unit/CMakeFiles/test_ctsha512.dir/test_ctsha512.cpp.o
[1049/1612] Building CXX object tests/unit/CMakeFiles/test_v41_topics_fundament.dir/test_v41_topics_fundament.cpp.o
[1050/1612] Building CXX object tests/unit/CMakeFiles/test_v41_compositions.dir/test_v41_compositions.cpp.o
[1051/1612] Building CXX object tests/unit/CMakeFiles/test_v41_anatomy_r4_driver.dir/test_v41_anatomy_r4_driver.cpp.o
[1052/1612] Building CXX object tests/unit/CMakeFiles/test_v41_anatomy.dir/test_v41_anatomy.cpp.o
[1053/1612] Building CXX object tests/unit/CMakeFiles/test_v41_anatomy_observer.dir/test_v41_anatomy_observer.cpp.o
[1054/1612] Building CXX object tests/unit/CMakeFiles/test_v41_axis_03a_cross_variant_equivalence.dir/test_v41_axis_03a_cross_variant_equivalence.cpp.o
[1055/1612] Building CXX object tests/unit/CMakeFiles/test_v41_tier_observe_trace.dir/test_v41_tier_observe_trace.cpp.o
[1056/1612] Building CXX object tests/unit/CMakeFiles/test_vampir_nfp_allocator.dir/thesis_tiere/test_vampir_nfp_allocator.cpp.o
[1057/1612] Building CXX object tests/unit/CMakeFiles/test_ap8_hdr_histogram.dir/test_ap8_hdr_histogram.cpp.o
[1058/1612] Building CXX object tests/unit/CMakeFiles/test_v41_anatomy_pruefling_merge.dir/test_v41_anatomy_pruefling_merge.cpp.o
[1059/1612] Building CXX object tests/unit/CMakeFiles/test_allocator_full_matrix.dir/test_allocator_full_matrix.cpp.o
[1060/1612] Building CXX object tests/unit/CMakeFiles/test_ap7b_swiss_organ.dir/test_ap7b_swiss_organ.cpp.o
[1061/1612] Linking CXX static library tests/unit/comdare_anatomy_perm_hot_pilot.a
[1062/1612] Building CXX object tests/unit/CMakeFiles/test_v41_paper_legacy_code.dir/test_v41_paper_legacy_code.cpp.o
[1063/1612] Linking CXX shared library tests/unit/comdare_anatomy_perm_wormhole_pilot.so
[1064/1612] Building CXX object tests/unit/CMakeFiles/test_ap7_swisstable.dir/test_ap7_swisstable.cpp.o
[1065/1612] Linking CXX shared library generated/anatomy_modules_multi/comdare_anatomy_perm_anatomy_multi_pilot_0.so
[1066/1612] Linking CXX shared library generated/anatomy_modules_multi/comdare_anatomy_perm_anatomy_multi_pilot_1.so
[1067/1612] Linking CXX shared library generated/anatomy_modules_multi/comdare_anatomy_perm_anatomy_multi_pilot_2.so
[1068/1612] Linking CXX shared library generated/anatomy_modules_multi/comdare_anatomy_perm_anatomy_multi_pilot_3.so
[1069/1612] Linking CXX shared library generated/anatomy_modules_multi/comdare_anatomy_perm_anatomy_multi_pilot_4.so
[1070/1612] Linking CXX shared library generated/anatomy_modules_multi/comdare_anatomy_perm_anatomy_multi_pilot_5.so
[1071/1612] Building CXX object tests/unit/CMakeFiles/test_ap7b3_swiss_isa_group_match.dir/test_ap7b3_swiss_isa_group_match.cpp.o
[1072/1612] Building CXX object tests/unit/CMakeFiles/test_v41_anatomy_multi_codegen.dir/test_v41_anatomy_multi_codegen.cpp.o
[1073/1612] Building CXX object tests/unit/CMakeFiles/test_v41_anatomy_codegen.dir/test_v41_anatomy_codegen.cpp.o
[1074/1612] Building CXX object tests/unit/CMakeFiles/test_v41_anatomy_module_loader.dir/test_v41_anatomy_module_loader.cpp.o
[1075/1612] Building CXX object tests/unit/CMakeFiles/test_v41_anatomy_codegen_tool.dir/test_v41_anatomy_codegen_tool.cpp.o
[1076/1612] Building CXX object tests/unit/CMakeFiles/test_v41_anatomy_base.dir/test_v41_anatomy_base.cpp.o
[1077/1612] Building CXX object tests/unit/CMakeFiles/test_v41_execution_engine.dir/test_v41_execution_engine.cpp.o
[1078/1612] Building CXX object tests/unit/CMakeFiles/test_v41_anatomy_codegen_tool_traits.dir/test_v41_anatomy_codegen_tool_traits.cpp.o
[1079/1612] Building CXX object tests/unit/CMakeFiles/test_v41_axis_12_general_hardware.dir/test_v41_axis_12_general_hardware.cpp.o
[1080/1612] Building CXX object tests/unit/CMakeFiles/test_v41_anatomy_module_abi.dir/test_v41_anatomy_module_abi.cpp.o
[1081/1612] Building CXX object tests/unit/CMakeFiles/test_v41_workload_generator.dir/test_v41_workload_generator.cpp.o
[1082/1612] Building CXX object tests/unit/CMakeFiles/test_v41_axis_05_memory_layout.dir/test_v41_axis_05_memory_layout.cpp.o
[1083/1612] Building CXX object tests/unit/CMakeFiles/test_v41_axis_11_telemetry.dir/test_v41_axis_11_telemetry.cpp.o
[1084/1612] Building CXX object tests/unit/CMakeFiles/test_v41_anatomy_codegen_tool_mp_list.dir/test_v41_anatomy_codegen_tool_mp_list.cpp.o
[1085/1612] Building CXX object tests/unit/CMakeFiles/test_v41_axis_07_prefetch.dir/test_v41_axis_07_prefetch.cpp.o
[1086/1612] Building CXX object tests/unit/CMakeFiles/test_v41_axis_02_axis_04_nodes.dir/test_v41_axis_02_axis_04_nodes.cpp.o
[1087/1612] Building CXX object tests/unit/CMakeFiles/test_v41_axis_10_serialization.dir/test_v41_axis_10_serialization.cpp.o
[1088/1612] Building CXX object tests/unit/CMakeFiles/test_v41_axis_14_value_handle.dir/test_v41_axis_14_value_handle.cpp.o
[1089/1612] Building CXX object tests/unit/CMakeFiles/test_v41_axis_08_concurrency.dir/test_v41_axis_08_concurrency.cpp.o
[1090/1612] Building CXX object tests/unit/CMakeFiles/test_v41_status_code.dir/test_v41_status_code.cpp.o
[1091/1612] Building CXX object tests/unit/CMakeFiles/test_pruefling_fixture_ladung.dir/__/pruefling_fixture/test_pruefling_fixture_ladung.cpp.o
[1092/1612] Building CXX object tests/unit/CMakeFiles/test_v41_axis_01_page_type.dir/test_v41_axis_01_page_type.cpp.o
[1093/1612] Building CXX object tests/unit/CMakeFiles/test_v41_topic_queuing.dir/test_v41_topic_queuing.cpp.o
[1094/1612] Building CXX object tests/unit/CMakeFiles/test_v41_pruefling_registry.dir/test_v41_pruefling_registry.cpp.o
[1095/1612] Building CXX object tests/unit/CMakeFiles/test_v41_serialization_primitives.dir/test_v41_serialization_primitives.cpp.o
[1096/1612] Building CXX object tests/unit/CMakeFiles/test_v41_axis_03a_tier_organ_equivalence.dir/test_v41_axis_03a_tier_organ_equivalence.cpp.o
[1097/1612] Building CXX object tests/unit/CMakeFiles/test_v41_search_algorithm_permutation_engine.dir/test_v41_search_algorithm_permutation_engine.cpp.o
[1098/1612] Linking CXX shared library generated/r5i_anatomy_modules/comdare_anatomy_perm_r5i_configure_pilot_0.so
[1099/1612] Linking CXX shared library generated/r5i_anatomy_modules/comdare_anatomy_perm_r5i_configure_pilot_1.so
[1100/1612] Linking CXX shared library generated/r5i_anatomy_modules/comdare_anatomy_perm_r5i_configure_pilot_2.so
[1101/1612] Building CXX object tests/unit/CMakeFiles/test_v41_axis_filter.dir/test_v41_axis_filter.cpp.o
[1102/1612] Linking CXX shared library generated/f15_measurement_modules/comdare_anatomy_perm_f15_measurement_pilot_0.so
[1103/1612] Linking CXX shared library generated/f15_measurement_modules/comdare_anatomy_perm_f15_measurement_pilot_1.so
[1104/1612] Building CXX object tests/unit/CMakeFiles/test_v41_axis_filter_surf_organ.dir/test_v41_axis_filter_surf_organ.cpp.o
[1105/1612] Building CXX object tests/unit/CMakeFiles/test_v41_axis_io.dir/test_v41_axis_io.cpp.o
[1106/1612] Building CXX object tests/unit/CMakeFiles/test_v41_topic_allocator_axis_06.dir/test_v41_topic_allocator_axis_06.cpp.o
[1107/1612] Building CXX object tests/unit/CMakeFiles/test_v41_axis_migration.dir/test_v41_axis_migration.cpp.o
[1108/1612] Building CXX object tests/unit/CMakeFiles/test_v41_axis_01_index_organization.dir/test_v41_axis_01_index_organization.cpp.o
[1109/1612] Building CXX object tests/unit/CMakeFiles/test_v41_r5c3_isa_simd_cross_constraint.dir/test_v41_r5c3_isa_simd_cross_constraint.cpp.o
[1110/1612] Building CXX object tests/unit/CMakeFiles/test_v41_axis_09_isa.dir/test_v41_axis_09_isa.cpp.o
[1111/1612] Building CXX object tests/unit/CMakeFiles/test_v41_anatomy_r5i_configure_codegen.dir/test_v41_anatomy_r5i_configure_codegen.cpp.o
[1112/1612] Building CXX object tests/unit/CMakeFiles/test_v5_memento_axis.dir/test_v5_memento_axis.cpp.o
[1113/1612] Building CXX object tests/unit/CMakeFiles/test_v41_axis_09b_simd_extension.dir/test_v41_axis_09b_simd_extension.cpp.o
[1114/1612] Building CXX object tests/unit/CMakeFiles/test_v41_axis_filter_surf_louds_organ.dir/test_v41_axis_filter_surf_louds_organ.cpp.o
[1115/1612] Building CXX object tests/unit/CMakeFiles/test_v5_conformance_gate.dir/test_v5_conformance_gate.cpp.o
[1116/1612] Building CXX object tests/unit/CMakeFiles/test_v5_two_phase_driver.dir/test_v5_two_phase_driver.cpp.o
[1117/1612] Building CXX object tests/unit/CMakeFiles/test_v5_measurement_snapshot.dir/test_v5_measurement_snapshot.cpp.o
[1118/1612] Building CXX object tests/unit/CMakeFiles/test_v5_workload_orchestrator.dir/test_v5_workload_orchestrator.cpp.o
[1119/1612] Building CXX object tests/unit/CMakeFiles/test_d51_perzentil_kanon.dir/test_d51_perzentil_kanon.cpp.o
[1120/1612] Building CXX object tests/unit/CMakeFiles/test_v41_anatomy_adhoc_codegen_macro.dir/test_v41_anatomy_adhoc_codegen_macro.cpp.o
[1121/1612] Building CXX object tests/unit/CMakeFiles/test_d54_trace_schema.dir/test_d54_trace_schema.cpp.o
[1122/1612] Building CXX object tests/unit/CMakeFiles/test_ap13_thread_pinning.dir/test_ap13_thread_pinning.cpp.o
[1123/1612] Building CXX object tests/unit/CMakeFiles/test_ap9_provenance_manifest.dir/test_ap9_provenance_manifest.cpp.o
[1124/1612] Building CXX object tests/unit/CMakeFiles/test_184_dataset_loader_wiring.dir/test_184_dataset_loader_wiring.cpp.o
[1125/1612] Building CXX object tests/unit/CMakeFiles/test_heuristik_spline_break_even.dir/test_heuristik_spline_break_even.cpp.o
[1126/1612] Building CXX object tests/unit/CMakeFiles/test_v41_pruef_dock_search_algorithm.dir/test_v41_pruef_dock_search_algorithm.cpp.o
[1127/1612] Building CXX object tests/unit/CMakeFiles/test_25_kanon_dataset_akten.dir/test_25_kanon_dataset_akten.cpp.o
[1128/1612] Building CXX object tests/unit/CMakeFiles/test_v5_disk_memento.dir/test_v5_disk_memento.cpp.o
[1129/1612] Building CXX object tests/unit/CMakeFiles/test_ap10_dataset_akte.dir/test_ap10_dataset_akte.cpp.o
[1130/1612] Building CXX object tests/unit/CMakeFiles/test_45_sosd_uint64_loader.dir/test_45_sosd_uint64_loader.cpp.o
[1131/1612] Building CXX object tests/unit/CMakeFiles/test_v5_ycsb_distribution.dir/test_v5_ycsb_distribution.cpp.o
[1132/1612] Building CXX object tests/unit/CMakeFiles/test_heuristik_workload_cluster.dir/test_heuristik_workload_cluster.cpp.o
[1133/1612] Linking CXX shared library generated/r5g_autobuilt_modules/comdare_anatomy_perm_auto_0.so
[1134/1612] Linking CXX shared library generated/r5g_autobuilt_modules/comdare_anatomy_perm_auto_1.so
[1135/1612] Linking CXX shared library generated/r5g_autobuilt_modules/comdare_anatomy_perm_auto_2.so
[1136/1612] Linking CXX shared library generated/r5g_autobuilt_modules/comdare_anatomy_perm_auto_3.so
[1137/1612] Linking CXX shared library generated/r5g_autobuilt_modules/comdare_anatomy_perm_auto_4.so
[1138/1612] Linking CXX shared library generated/r5g_autobuilt_modules/comdare_anatomy_perm_auto_5.so
[1139/1612] Linking CXX shared library generated/r5g_autobuilt_modules/comdare_anatomy_perm_auto_6.so
[1140/1612] Linking CXX shared library generated/r5g_autobuilt_modules/comdare_anatomy_perm_auto_7.so
[1141/1612] Linking CXX shared library generated/r5g_autobuilt_modules/comdare_anatomy_perm_auto_8.so
[1142/1612] Linking CXX shared library generated/r5g_autobuilt_modules/comdare_anatomy_perm_auto_9.so
[1143/1612] Linking CXX shared library generated/r5g_autobuilt_modules/comdare_anatomy_perm_auto_10.so
[1144/1612] Linking CXX shared library generated/r5g_autobuilt_modules/comdare_anatomy_perm_auto_11.so
[1145/1612] Linking CXX shared library generated/r5g_autobuilt_modules/comdare_anatomy_perm_auto_12.so
[1146/1612] Linking CXX shared library generated/r5g_autobuilt_modules/comdare_anatomy_perm_auto_13.so
[1147/1612] Linking CXX shared library generated/r5g_autobuilt_modules/comdare_anatomy_perm_auto_14.so
[1148/1612] Building CXX object tests/unit/CMakeFiles/test_v5_organ_memento.dir/test_v5_organ_memento.cpp.o
[1149/1612] Linking CXX shared library generated/r5g_autobuilt_modules/comdare_anatomy_perm_auto_15.so
[1150/1612] Linking CXX shared library generated/r5g_autobuilt_modules/comdare_anatomy_perm_auto_16.so
[1151/1612] Linking CXX shared library generated/r5g_autobuilt_modules/comdare_anatomy_perm_auto_17.so
[1152/1612] Linking CXX shared library generated/r5g_autobuilt_modules/comdare_anatomy_perm_auto_18.so
[1153/1612] Linking CXX shared library generated/r5g_autobuilt_modules/comdare_anatomy_perm_auto_19.so
[1154/1612] Building CXX object tests/unit/CMakeFiles/test_v41_codegen_type_name.dir/test_v41_codegen_type_name.cpp.o
[1155/1612] Linking CXX shared library generated/r5g_autobuilt_modules/comdare_anatomy_perm_auto_20.so
[1156/1612] Linking CXX shared library generated/r5g_autobuilt_modules/comdare_anatomy_perm_auto_21.so
[1157/1612] Linking CXX shared library generated/r5g_autobuilt_modules/comdare_anatomy_perm_auto_22.so
[1158/1612] Linking CXX shared library generated/r5g_autobuilt_modules/comdare_anatomy_perm_auto_24.so
[1159/1612] Linking CXX shared library generated/r5g_autobuilt_modules/comdare_anatomy_perm_auto_23.so
[1160/1612] Linking CXX shared library generated/r5g_autobuilt_modules/comdare_anatomy_perm_auto_26.so
[1161/1612] Linking CXX shared library generated/r5g_autobuilt_modules/comdare_anatomy_perm_auto_27.so
[1162/1612] Linking CXX shared library generated/r5g_autobuilt_modules/comdare_anatomy_perm_auto_25.so
[1163/1612] Linking CXX shared library generated/r5g_autobuilt_modules/comdare_anatomy_perm_auto_28.so
[1164/1612] Linking CXX shared library generated/r5g_autobuilt_modules/comdare_anatomy_perm_auto_29.so
[1165/1612] Linking CXX shared library generated/r5g_autobuilt_modules/comdare_anatomy_perm_auto_30.so
[1166/1612] Linking CXX shared library generated/r5g_autobuilt_modules/comdare_anatomy_perm_auto_31.so
[1167/1612] Linking CXX shared library generated/r5g_autobuilt_modules/comdare_anatomy_perm_auto_32.so
[1168/1612] Linking CXX shared library generated/r5g_autobuilt_modules/comdare_anatomy_perm_auto_33.so
[1169/1612] Linking CXX shared library generated/r5g_autobuilt_modules/comdare_anatomy_perm_auto_34.so
[1170/1612] Linking CXX shared library generated/r5g_autobuilt_modules/comdare_anatomy_perm_auto_35.so
[1171/1612] Linking CXX shared library generated/r5g_autobuilt_modules/comdare_anatomy_perm_auto_36.so
[1172/1612] Linking CXX shared library generated/r5g_autobuilt_modules/comdare_anatomy_perm_auto_38.so
[1173/1612] Linking CXX shared library generated/r5g_autobuilt_modules/comdare_anatomy_perm_auto_37.so
[1174/1612] Building CXX object tests/unit/CMakeFiles/test_v5_ycsb_op_set.dir/test_v5_ycsb_op_set.cpp.o
[1175/1612] Linking CXX shared library generated/r5g_autobuilt_modules/comdare_anatomy_perm_auto_39.so
[1176/1612] Linking CXX shared library generated/r5g_autobuilt_modules/comdare_anatomy_perm_auto_40.so
[1177/1612] Linking CXX shared library generated/r5g_autobuilt_modules/comdare_anatomy_perm_auto_41.so
[1178/1612] Linking CXX shared library generated/r5g_autobuilt_modules/comdare_anatomy_perm_auto_42.so
[1179/1612] Linking CXX shared library generated/r5g_autobuilt_modules/comdare_anatomy_perm_auto_43.so
[1180/1612] Linking CXX shared library generated/r5g_autobuilt_modules/comdare_anatomy_perm_auto_45.so
[1181/1612] Linking CXX shared library generated/r5g_autobuilt_modules/comdare_anatomy_perm_auto_44.so
[1182/1612] Linking CXX shared library generated/r5g_autobuilt_modules/comdare_anatomy_perm_auto_46.so
[1183/1612] Linking CXX shared library generated/r5g_autobuilt_modules/comdare_anatomy_perm_auto_47.so
[1184/1612] Building CXX object tests/unit/CMakeFiles/test_v41_scan_range_organ.dir/test_v41_scan_range_organ.cpp.o
[1185/1612] Building CXX object tests/unit/CMakeFiles/test_v41_cache_engine_tools_facade.dir/test_v41_cache_engine_tools_facade.cpp.o
[1186/1612] Building CXX object tests/unit/CMakeFiles/test_v41_cache_engine_facade.dir/test_v41_cache_engine_facade.cpp.o
[1187/1612] Building CXX object tests/unit/CMakeFiles/test_v41_anatomy_adhoc_dll_load.dir/test_v41_anatomy_adhoc_dll_load.cpp.o
[1188/1612] Building CXX object tests/unit/CMakeFiles/test_pruef_only_gate.dir/test_pruef_only_gate.cpp.o
[1189/1612] Building CXX object tests/unit/CMakeFiles/test_hy_a1_heuristik_adapter_gattung.dir/test_hy_a1_heuristik_adapter_gattung.cpp.o
[1190/1612] Building CXX object tests/unit/CMakeFiles/test_q2_identitaets_riegel.dir/test_q2_identitaets_riegel.cpp.o
[1191/1612] Building CXX object tests/unit/CMakeFiles/test_hy_a1_attach_nur_array_include.dir/test_hy_a1_attach_nur_array_include.cpp.o
[1192/1612] Building CXX object tests/unit/CMakeFiles/test_v41_anatomy_adhoc_autobuilt_load.dir/test_v41_anatomy_adhoc_autobuilt_load.cpp.o
[1193/1612] Building CXX object tests/unit/CMakeFiles/test_hy_f8_reroute.dir/test_hy_f8_reroute.cpp.o
[1194/1612] Building CXX object tests/unit/CMakeFiles/test_v41_codegen_all_axes_umbrella.dir/test_v41_codegen_all_axes_umbrella.cpp.o
[1195/1612] Building CXX object tests/unit/CMakeFiles/test_v41_topic_traversal.dir/test_v41_topic_traversal.cpp.o
In file included from /opt/gcc-15.3/include/c++/15.3.0/bits/stl_uninitialized.h:63,
                 from /opt/gcc-15.3/include/c++/15.3.0/memory:71,
                 from /home/comdare/wt-ce-bump15/build/gcc-release/_deps/googletest-src/googletest/include/gtest/gtest.h:55,
                 from /home/comdare/wt-ce-bump15/tests/unit/test_v41_topic_traversal.cpp:7:
In function ‘constexpr _OutIter std::__copy_move_a2(_InIter, _Sent, _OutIter) [with bool _IsMove = true; _InIter = long unsigned int*; _Sent = long unsigned int*; _OutIter = long unsigned int*]’,
    inlined from ‘constexpr _OI std::__copy_move_a1(_II, _II, _OI) [with bool _IsMove = true; _II = long unsigned int*; _OI = long unsigned int*]’ at /opt/gcc-15.3/include/c++/15.3.0/bits/stl_algobase.h:492:42,
    inlined from ‘constexpr _OI std::__copy_move_a(_II, _II, _OI) [with bool _IsMove = true; _II = __gnu_cxx::__normal_iterator<long unsigned int*, vector<long unsigned int, comdare::cache_engine::alloc::AllocatorStrategyBase<comdare::cache_engine::alloc::ExgenAllocator>::StdAllocatorAdapter<long unsigned int> > >; _OI = __gnu_cxx::__normal_iterator<long unsigned int*, vector<long unsigned int, comdare::cache_engine::alloc::AllocatorStrategyBase<comdare::cache_engine::alloc::ExgenAllocator>::StdAllocatorAdapter<long unsigned int> > >]’ at /opt/gcc-15.3/include/c++/15.3.0/bits/stl_algobase.h:500:31,
    inlined from ‘constexpr _OI std::move(_II, _II, _OI) [with _II = __gnu_cxx::__normal_iterator<long unsigned int*, vector<long unsigned int, comdare::cache_engine::alloc::AllocatorStrategyBase<comdare::cache_engine::alloc::ExgenAllocator>::StdAllocatorAdapter<long unsigned int> > >; _OI = __gnu_cxx::__normal_iterator<long unsigned int*, vector<long unsigned int, comdare::cache_engine::alloc::AllocatorStrategyBase<comdare::cache_engine::alloc::ExgenAllocator>::StdAllocatorAdapter<long unsigned int> > >]’ at /opt/gcc-15.3/include/c++/15.3.0/bits/stl_algobase.h:674:38,
    inlined from ‘constexpr std::vector< <template-parameter-1-1>, <template-parameter-1-2> >::iterator std::vector< <template-parameter-1-1>, <template-parameter-1-2> >::_M_erase(iterator) [with _Tp = long unsigned int; _Alloc = comdare::cache_engine::alloc::AllocatorStrategyBase<comdare::cache_engine::alloc::ExgenAllocator>::StdAllocatorAdapter<long unsigned int>]’ at /opt/gcc-15.3/include/c++/15.3.0/bits/vector.tcc:185:2,
    inlined from ‘constexpr std::vector< <template-parameter-1-1>, <template-parameter-1-2> >::iterator std::vector< <template-parameter-1-1>, <template-parameter-1-2> >::erase(const_iterator) [with _Tp = long unsigned int; _Alloc = comdare::cache_engine::alloc::AllocatorStrategyBase<comdare::cache_engine::alloc::ExgenAllocator>::StdAllocatorAdapter<long unsigned int>]’ at /opt/gcc-15.3/include/c++/15.3.0/bits/stl_vector.h:1793:24,
    inlined from ‘bool comdare::cache_engine::lookup::detail::InterpolationSearchAlgoCore<Alloc, Self>::erase(key_type) [with Alloc = comdare::cache_engine::alloc::ExgenAllocator; Self = comdare::cache_engine::lookup::InterpolationSearchAlgo]’ at /home/comdare/wt-ce-bump15/libs/cache_engine/organ_axes/lookup/axis_03a_search_algo_interpolation.hpp:256:22,
    inlined from ‘void SearchAlgoTest_EraseRemovesEntry_Test<gtest_TypeParam_>::TestBody() [with gtest_TypeParam_ = comdare::cache_engine::lookup::InterpolationSearchAlgo]’ at /home/comdare/wt-ce-bump15/tests/unit/test_v41_topic_traversal.cpp:132:5:
/opt/gcc-15.3/include/c++/15.3.0/bits/stl_algobase.h:426:32: warning: ‘void* __builtin_memmove(void*, const void*, long unsigned int)’ writing between 9 and 9223372036854775807 bytes into a region of size 8 overflows the destination [-Wstringop-overflow=]
  426 |               __builtin_memmove(_GLIBCXX_TO_ADDR(__result),
      |               ~~~~~~~~~~~~~~~~~^~~~~~~~~~~~~~~~~~~~~~~~~~~~
  427 |                                 _GLIBCXX_TO_ADDR(__first),
      |                                 ~~~~~~~~~~~~~~~~~~~~~~~~~~
  428 |                                 __n * sizeof(*__first));
      |                                 ~~~~~~~~~~~~~~~~~~~~~~~
In file included from /home/comdare/wt-ce-bump15/libs/cache_engine/organ_axes/alloc/axis_06_allocator_exgen.hpp:21,
                 from /home/comdare/wt-ce-bump15/libs/cache_engine/organ_axes/lookup/axis_03a_search_algo_array256.hpp:71,
                 from /home/comdare/wt-ce-bump15/libs/cache_engine/organ_axes/lookup/axis_03a_search_algo_registry.hpp:8,
                 from /home/comdare/wt-ce-bump15/libs/cache_engine/topics/traversal/axis_03a_search_algo/axis_03a_search_algo_registry.hpp:2,
                 from /home/comdare/wt-ce-bump15/libs/cache_engine/topics/traversal/topic_traversal_config_set.hpp:10,
                 from /home/comdare/wt-ce-bump15/tests/unit/test_v41_topic_traversal.cpp:10:
In function ‘void* comdare::cache_engine::allocator::portable_aligned_alloc(std::size_t, std::size_t)’,
    inlined from ‘void* comdare::cache_engine::alloc::ExgenAllocator::allocate(std::size_t, std::size_t)’ at /home/comdare/wt-ce-bump15/libs/cache_engine/organ_axes/alloc/axis_06_allocator_exgen.hpp:87:75,
    inlined from ‘T* comdare::cache_engine::alloc::AllocatorStrategyBase<Derived, CacheLineCfg, AllocHwCfg>::StdAllocatorAdapter<T>::allocate(std::size_t) [with T = long unsigned int; Derived = comdare::cache_engine::alloc::ExgenAllocator; comdare::cache_engine::cacheline::CacheLineConfig CacheLineCfg = comdare::cache_engine::cacheline::CacheLineConfig{comdare::cache_engine::cacheline::CacheLineSize::B64, comdare::cache_engine::cacheline::CacheLineAlignment::None, comdare::cache_engine::cacheline::SwPrefetchHint::None}; comdare::cache_engine::alloc::AllocHwConfig AllocHwCfg = comdare::cache_engine::alloc::AllocHwConfig{comdare::cache_engine::alloc::AllocNumaNode::Auto, comdare::cache_engine::alloc::AllocPageHint::Native}]’ at /home/comdare/wt-ce-bump15/libs/cache_engine/organ_axes/alloc/axis_06_allocator_strategy_base.hpp:381:45,
    inlined from ‘static constexpr std::allocator_traits< <template-parameter-1-1> >::pointer std::allocator_traits< <template-parameter-1-1> >::allocate(_Alloc&, size_type) [with _Alloc = comdare::cache_engine::alloc::AllocatorStrategyBase<comdare::cache_engine::alloc::ExgenAllocator>::StdAllocatorAdapter<long unsigned int>]’ at /opt/gcc-15.3/include/c++/15.3.0/bits/alloc_traits.h:385:28,
    inlined from ‘constexpr std::_Vector_base<_Tp, _Alloc>::pointer std::_Vector_base<_Tp, _Alloc>::_M_allocate(std::size_t) [with _Tp = long unsigned int; _Alloc = comdare::cache_engine::alloc::AllocatorStrategyBase<comdare::cache_engine::alloc::ExgenAllocator>::StdAllocatorAdapter<long unsigned int>]’ at /opt/gcc-15.3/include/c++/15.3.0/bits/stl_vector.h:387:33,
    inlined from ‘constexpr void std::vector< <template-parameter-1-1>, <template-parameter-1-2> >::_M_realloc_insert(iterator, _Args&& ...) [with _Args = {const long unsigned int&}; _Tp = long unsigned int; _Alloc = comdare::cache_engine::alloc::AllocatorStrategyBase<comdare::cache_engine::alloc::ExgenAllocator>::StdAllocatorAdapter<long unsigned int>]’ at /opt/gcc-15.3/include/c++/15.3.0/bits/vector.tcc:467:44,
    inlined from ‘constexpr std::vector< <template-parameter-1-1>, <template-parameter-1-2> >::iterator std::vector< <template-parameter-1-1>, <template-parameter-1-2> >::insert(const_iterator, const value_type&) [with _Tp = long unsigned int; _Alloc = comdare::cache_engine::alloc::AllocatorStrategyBase<comdare::cache_engine::alloc::ExgenAllocator>::StdAllocatorAdapter<long unsigned int>]’ at /opt/gcc-15.3/include/c++/15.3.0/bits/vector.tcc:170:19,
    inlined from ‘void comdare::cache_engine::lookup::detail::InterpolationSearchAlgoCore<Alloc, Self>::insert(key_type, value_type) [with Alloc = comdare::cache_engine::alloc::ExgenAllocator; Self = comdare::cache_engine::lookup::InterpolationSearchAlgo]’ at /home/comdare/wt-ce-bump15/libs/cache_engine/organ_axes/lookup/axis_03a_search_algo_interpolation.hpp:198:27,
    inlined from ‘void SearchAlgoTest_EraseRemovesEntry_Test<gtest_TypeParam_>::TestBody() [with gtest_TypeParam_ = comdare::cache_engine::lookup::InterpolationSearchAlgo]’ at /home/comdare/wt-ce-bump15/tests/unit/test_v41_topic_traversal.cpp:131:13:
/home/comdare/wt-ce-bump15/libs/cache_engine/include/cache_engine/allocators/portable_aligned_alloc.hpp:26:30: note: destination object of size 8 allocated by ‘aligned_alloc’
   26 |     return std::aligned_alloc(alignment, padded);
      |            ~~~~~~~~~~~~~~~~~~^~~~~~~~~~~~~~~~~~~
[1196/1612] Building CXX object tests/unit/CMakeFiles/test_hy_a1_dock_contract.dir/test_hy_a1_dock_contract.cpp.o
[1197/1612] Building CXX object tests/unit/CMakeFiles/test_hy_a3_hybrid_config_parser.dir/test_hy_a3_hybrid_config_parser.cpp.o
[1198/1612] Building CXX object tests/unit/CMakeFiles/test_v41_anatomy_f15_measurement.dir/test_v41_anatomy_f15_measurement.cpp.o
[1199/1612] Building CXX object tests/unit/CMakeFiles/test_hy_a2_stempel_kette.dir/test_hy_a2_stempel_kette.cpp.o
[1200/1612] Building CXX object tests/unit/CMakeFiles/test_29_container_framework.dir/test_29_container_framework.cpp.o
[1201/1612] Building CXX object tests/unit/CMakeFiles/test_striktheit_axis_dach_guard.dir/test_striktheit_axis_dach_guard.cpp.o
[1202/1612] Building CXX object tests/unit/CMakeFiles/test_ap15_3_driveable_map_contract.dir/test_ap15_3_driveable_map_contract.cpp.o
[1203/1612] Building CXX object tests/unit/CMakeFiles/test_axis_error_taxonomy.dir/test_axis_error_taxonomy.cpp.o
[1204/1612] Building CXX object tests/unit/CMakeFiles/test_striktheit_abi_pod_guard.dir/test_striktheit_abi_pod_guard.cpp.o
[1205/1612] Building CXX object tests/unit/CMakeFiles/test_a14_os_sub_axes_guard.dir/test_a14_os_sub_axes_guard.cpp.o
[1206/1612] Building CXX object tests/unit/CMakeFiles/test_meta_meta_halbordnung.dir/test_meta_meta_halbordnung.cpp.o
[1207/1612] Building CXX object tests/unit/CMakeFiles/test_striktheit_metaprog_guard.dir/test_striktheit_metaprog_guard.cpp.o
[1208/1612] Building CXX object tests/unit/CMakeFiles/test_striktheit_scan_kernel_purity.dir/test_striktheit_scan_kernel_purity.cpp.o
[1209/1612] Building CXX object tests/unit/CMakeFiles/test_s7_1_bst_pool_allocator_deg.dir/test_s7_1_bst_pool_allocator_deg.cpp.o
[1210/1612] Building CXX object tests/unit/CMakeFiles/test_ap15_2_get_allocator_proxy.dir/test_ap15_2_get_allocator_proxy.cpp.o
[1211/1612] Building CXX object tests/unit/CMakeFiles/test_cmd1_a_axis_command_base.dir/test_cmd1_a_axis_command_base.cpp.o
[1212/1612] Building CXX object tests/unit/CMakeFiles/test_striktheit_axes_guard.dir/test_striktheit_axes_guard.cpp.o
[1213/1612] Building CXX object tests/unit/CMakeFiles/test_s7_2_btree_pool_allocator_deg.dir/test_s7_2_btree_pool_allocator_deg.cpp.o
[1214/1612] Building CXX object tests/unit/CMakeFiles/test_188_4bb0_pool_organ_wide_key_conformance.dir/test_188_4bb0_pool_organ_wide_key_conformance.cpp.o
[1215/1612] Building CXX object tests/unit/CMakeFiles/test_234_va_shaped_adapter.dir/test_234_va_shaped_adapter.cpp.o
[1216/1612] Building CXX object tests/unit/CMakeFiles/test_s7_3_skip_list_pool_allocator_deg.dir/test_s7_3_skip_list_pool_allocator_deg.cpp.o
[1217/1612] Building CXX object tests/unit/CMakeFiles/test_s7_4_hash_pool_allocator_deg.dir/test_s7_4_hash_pool_allocator_deg.cpp.o
[1218/1612] Building CXX object tests/unit/CMakeFiles/test_234_vb_rest_families_shaped.dir/test_234_vb_rest_families_shaped.cpp.o
[1219/1612] Building CXX object tests/unit/CMakeFiles/test_s7_6_hot_pool_allocator_deg.dir/test_s7_6_hot_pool_allocator_deg.cpp.o
[1220/1612] Building CXX object tests/unit/CMakeFiles/test_s7_5_art_pool_allocator_deg.dir/test_s7_5_art_pool_allocator_deg.cpp.o
[1221/1612] Building CXX object tests/unit/CMakeFiles/test_s7_9_surf_pool_allocator_deg.dir/test_s7_9_surf_pool_allocator_deg.cpp.o
[1222/1612] Building CXX object tests/unit/CMakeFiles/test_s7_8_wormhole_pool_allocator_deg.dir/test_s7_8_wormhole_pool_allocator_deg.cpp.o
[1223/1612] Building CXX object tests/unit/CMakeFiles/test_s7_7_start_pool_allocator_deg.dir/test_s7_7_start_pool_allocator_deg.cpp.o
[1224/1612] Building CXX object tests/unit/CMakeFiles/test_234_f2_skip_list_shape.dir/test_234_f2_skip_list_shape.cpp.o
[1225/1612] Building CXX object tests/unit/CMakeFiles/test_234_f1_btree_order_shape.dir/test_234_f1_btree_order_shape.cpp.o
[1226/1612] Building CXX object tests/unit/CMakeFiles/test_234_f3_bst_shape.dir/test_234_f3_bst_shape.cpp.o
[1227/1612] Building CXX object tests/unit/CMakeFiles/test_s7_10_swiss_pool_allocator_deg.dir/test_s7_10_swiss_pool_allocator_deg.cpp.o
[1228/1612] Building CXX object tests/unit/CMakeFiles/test_188_4a_eytzinger_organ.dir/test_188_4a_eytzinger_organ.cpp.o
[1229/1612] Building CXX object tests/unit/CMakeFiles/test_234_f4_hash_probe_shape.dir/test_234_f4_hash_probe_shape.cpp.o
[1230/1612] Building CXX object tests/unit/CMakeFiles/test_216h2_stat_reset_after_load.dir/test_216h2_stat_reset_after_load.cpp.o
[1231/1612] Building CXX object tests/unit/CMakeFiles/test_221_rc_prefetch_distance.dir/test_221_rc_prefetch_distance.cpp.o
[1232/1612] Building CXX object tests/unit/CMakeFiles/test_axis_kind_kategorien_zuordnung.dir/test_axis_kind_kategorien_zuordnung.cpp.o
[1233/1612] Building CXX object tests/unit/CMakeFiles/test_abi_adapter_g3_batch2.dir/test_abi_adapter_g3_batch2.cpp.o
[1234/1612] Building CXX object tests/unit/CMakeFiles/test_axis_kind_wire_totalitaet.dir/test_axis_kind_wire_totalitaet.cpp.o
[1235/1612] Building CXX object tests/unit/CMakeFiles/test_217_2a_capacity_guard.dir/test_217_2a_capacity_guard.cpp.o
[1236/1612] Building CXX object tests/unit/CMakeFiles/test_mt_l3_wide_schema_orakel.dir/test_mt_l3_wide_schema_orakel.cpp.o
[1237/1612] Building CXX object tests/unit/CMakeFiles/test_vor_push_gate.dir/test_vor_push_gate.cpp.o
[1238/1612] Building CXX object tests/unit/CMakeFiles/test_profile_coverage.dir/thesis_tiere/test_profile_coverage.cpp.o
[1239/1612] Building CXX object tests/unit/CMakeFiles/test_188_4cii_flat_wrapper_traversal.dir/test_188_4cii_flat_wrapper_traversal.cpp.o
[1240/1612] Building CXX object tests/unit/CMakeFiles/test_ap2_katalog_pfad_stubfrei.dir/thesis_tiere/test_ap2_katalog_pfad_stubfrei.cpp.o
[1241/1612] Building CXX object tests/unit/CMakeFiles/test_e1_contract_rc_konsum.dir/test_e1_contract_rc_konsum.cpp.o
[1242/1612] Building CXX object tests/unit/CMakeFiles/test_org18_persistence_target.dir/test_org18_persistence_target.cpp.o
[1243/1612] Building CXX object tests/unit/CMakeFiles/test_experiment_kern_seam.dir/thesis_tiere/test_experiment_kern_seam.cpp.o
[1244/1612] Building CXX object tests/unit/CMakeFiles/test_188_4c0_known_compositions_conformance.dir/test_188_4c0_known_compositions_conformance.cpp.o
[1245/1612] Building CXX object tests/unit/CMakeFiles/test_experiment_projection.dir/thesis_tiere/test_experiment_projection.cpp.o
[1246/1612] Building CXX object tests/unit/CMakeFiles/test_measurement_categories.dir/thesis_tiere/test_measurement_categories.cpp.o
[1247/1612] Building CXX object tests/unit/CMakeFiles/test_merge_plan_directive.dir/thesis_tiere/test_merge_plan_directive.cpp.o
[1248/1612] Building CXX object tests/unit/CMakeFiles/test_experiment_parser.dir/thesis_tiere/test_experiment_parser.cpp.o
[1249/1612] Building CXX object tests/unit/CMakeFiles/test_m_simd_feature_flag_catalog.dir/test_m_simd_feature_flag_catalog.cpp.o
[1250/1612] Building CXX object tests/unit/CMakeFiles/test_m_contract_system_axis_wurzel.dir/test_m_contract_system_axis_wurzel.cpp.o
[1251/1612] Building CXX object tests/unit/CMakeFiles/test_p1_spd_ddr5_parser.dir/test_p1_spd_ddr5_parser.cpp.o
[1252/1612] Building CXX object tests/unit/CMakeFiles/test_wdk_datasets_fairness.dir/thesis_tiere/test_wdk_datasets_fairness.cpp.o
[1253/1612] Building CXX object tests/unit/CMakeFiles/test_sota_st2_dedup.dir/thesis_tiere/test_sota_st2_dedup.cpp.o
[1254/1612] Building CXX object tests/unit/CMakeFiles/test_p2_ram_identity_verdict.dir/test_p2_ram_identity_verdict.cpp.o
[1255/1612] Building CXX object tests/unit/CMakeFiles/test_p2_ram_probe_chain.dir/test_p2_ram_probe_chain.cpp.o
[1256/1612] Building CXX object tests/unit/CMakeFiles/test_os_u3_probe.dir/test_os_u3_probe.cpp.o
[1257/1612] Building CXX object tests/unit/CMakeFiles/test_o4_machine_identity.dir/test_o4_machine_identity.cpp.o
[1258/1612] Building CXX object tests/unit/CMakeFiles/test_h2_score_akte.dir/thesis_tiere/test_h2_score_akte.cpp.o
[1259/1612] Building CXX object tests/unit/CMakeFiles/test_p3_boot_cache_dmi.dir/test_p3_boot_cache_dmi.cpp.o
[1260/1612] Building CXX object tests/unit/CMakeFiles/test_axis_sweep_coverage.dir/thesis_tiere/test_axis_sweep_coverage.cpp.o
[1261/1612] Building CXX object tests/unit/CMakeFiles/test_c3a_gate_scharfschaltung.dir/test_c3a_gate_scharfschaltung.cpp.o
[1262/1612] Building CXX object tests/unit/CMakeFiles/test_od10_numa_page_probe.dir/test_od10_numa_page_probe.cpp.o
[1263/1612] Building CXX object tests/unit/CMakeFiles/test_c3b_kanal_merge_beleg.dir/test_c3b_kanal_merge_beleg.cpp.o
[1264/1612] Building CXX object tests/unit/CMakeFiles/test_simd_add_u64_carry.dir/test_simd_add_u64_carry.cpp.o
[1265/1612] Building CXX object tests/unit/CMakeFiles/test_od11_numa_cpu_pin_process_probe.dir/test_od11_numa_cpu_pin_process_probe.cpp.o
[1266/1612] Building CXX object tests/unit/CMakeFiles/test_validate_profile.dir/thesis_tiere/test_validate_profile.cpp.o
[1267/1612] Building CXX object tests/unit/CMakeFiles/test_progress_heartbeat.dir/test_progress_heartbeat.cpp.o
[1268/1612] Building CXX object tests/unit/CMakeFiles/test_g1_binary_version_stamp.dir/test_g1_binary_version_stamp.cpp.o
[1269/1612] Building CXX object tests/unit/CMakeFiles/test_d4_ceb_schluessel_wahl.dir/test_d4_ceb_schluessel_wahl.cpp.o
[1270/1612] Building CXX object tests/unit/CMakeFiles/test_simd_add_u64_carry_avx2.dir/test_simd_add_u64_carry.cpp.o
[1271/1612] Building CXX object tests/unit/CMakeFiles/test_smoke_coverage_profile.dir/thesis_tiere/test_smoke_coverage_profile.cpp.o
[1272/1612] Building CXX object tests/unit/CMakeFiles/test_simd_add_u64_carry_avx512.dir/test_simd_add_u64_carry.cpp.o
[1273/1612] Building CXX object tests/unit/CMakeFiles/test_w10_system_cell_values.dir/test_w10_system_cell_values.cpp.o
[1274/1612] Building CXX object tests/unit/CMakeFiles/test_d2_mess_konsistenz_gate.dir/test_d2_mess_konsistenz_gate.cpp.o
[1275/1612] Building CXX object tests/unit/CMakeFiles/test_planner_version_flag_grammatik.dir/test_planner_version_flag_grammatik.cpp.o
[1276/1612] Building CXX object tests/unit/CMakeFiles/test_g3_eta_estimator.dir/test_g3_eta_estimator.cpp.o
[1277/1612] Building CXX object tests/unit/CMakeFiles/test_g3_reservation_lifecycle.dir/test_g3_reservation_lifecycle.cpp.o
[1278/1612] Building CXX object tests/unit/CMakeFiles/test_reflect_versions_all17.dir/test_reflect_versions_all17.cpp.o
[1279/1612] Building CXX object tests/unit/CMakeFiles/test_a1_algo_version_pin_alloc_axis.dir/test_a1_algo_version_pin_alloc_axis.cpp.o
[1280/1612] Building CXX object tests/unit/CMakeFiles/test_reflect_versions_all_registered.dir/test_reflect_versions_all_registered.cpp.o
[1281/1612] Building CXX object tests/unit/CMakeFiles/test_g3_ram_spool_writer.dir/test_g3_ram_spool_writer.cpp.o
[1282/1612] Building CXX object tests/unit/CMakeFiles/test_g3_bestandslog_document.dir/test_g3_bestandslog_document.cpp.o
[1283/1612] Building CXX object tests/unit/CMakeFiles/test_g3_writer_backend_io_uring.dir/test_g3_writer_backend_io_uring.cpp.o
[1284/1612] Building CXX object tests/unit/CMakeFiles/test_a5_eta_kalibrierung.dir/test_a5_eta_kalibrierung.cpp.o
[1285/1612] Building CXX object tests/unit/CMakeFiles/test_g3_batch_planner.dir/test_g3_batch_planner.cpp.o
[1286/1612] Building CXX object tests/unit/CMakeFiles/test_m_w12_stamp_bausteine.dir/test_m_w12_stamp_bausteine.cpp.o
[1287/1612] Building CXX object tests/unit/CMakeFiles/test_bvset_teilmenge.dir/test_bvset_teilmenge.cpp.o
[1288/1612] Building CXX object tests/unit/CMakeFiles/test_g2_variant_sidecar.dir/test_g2_variant_sidecar.cpp.o
[1289/1612] Building CXX object tests/unit/CMakeFiles/test_g3_sha512_index.dir/test_g3_sha512_index.cpp.o
[1290/1612] Building CXX object tests/unit/CMakeFiles/test_g3_bestandslog_lock.dir/test_g3_bestandslog_lock.cpp.o
[1291/1612] Building CXX object tests/unit/CMakeFiles/test_a2_sha512_skip_gate.dir/test_a2_sha512_skip_gate.cpp.o
[1292/1612] Building CXX object tests/unit/CMakeFiles/test_g3_prune.dir/test_g3_prune.cpp.o
[1293/1612] Building CXX object tests/unit/CMakeFiles/test_g3_planer_driven.dir/test_g3_planer_driven.cpp.o
[1294/1612] Building CXX object tests/unit/CMakeFiles/test_g3_builder_registration.dir/test_g3_builder_registration.cpp.o
[1295/1612] Building CXX object tests/unit/CMakeFiles/test_lb0_lager_pfad_grammatik.dir/test_lb0_lager_pfad_grammatik.cpp.o
[1296/1612] Building CXX object tests/unit/CMakeFiles/test_a9s3_writeback_method_xlsx.dir/test_a9s3_writeback_method_xlsx.cpp.o
[1297/1612] Building CXX object tests/unit/CMakeFiles/test_a9_xlsx_vendor_rauchtest.dir/test_a9_xlsx_vendor_rauchtest.cpp.o
[1298/1612] Building CXX object tests/unit/CMakeFiles/test_g3_takeover_sweep.dir/test_g3_takeover_sweep.cpp.o
[1299/1612] Building CXX object tests/unit/CMakeFiles/test_ge3_messwert_genus_und_ziel.dir/test_ge3_messwert_genus_und_ziel.cpp.o
[1300/1612] Building CXX object tests/unit/CMakeFiles/test_lb1_knoten_heuristik_log.dir/test_lb1_knoten_heuristik_log.cpp.o
[1301/1612] Building CXX object tests/unit/CMakeFiles/test_ge1_claim_check_und_sidecar.dir/test_ge1_claim_check_und_sidecar.cpp.o
[1302/1612] Building CXX object tests/unit/CMakeFiles/test_experiment_plan_director.dir/thesis_tiere/test_experiment_plan_director.cpp.o
[1303/1612] Building CXX object tests/unit/CMakeFiles/test_a9s3_xlsx_ergebnis_writer.dir/test_a9s3_xlsx_ergebnis_writer.cpp.o
[1304/1612] Building CXX object tests/unit/CMakeFiles/test_g3_lager_presence.dir/test_g3_lager_presence.cpp.o
[1305/1612] Building CXX object tests/unit/CMakeFiles/test_mt_l4_registrierungs_wache_isa.dir/test_mt_l4_registrierungs_wache_isa.cpp.o
[1306/1612] Building CXX object tests/unit/CMakeFiles/test_a9s3_ergebnis_mappe_csv.dir/test_a9s3_ergebnis_mappe_csv.cpp.o
[1307/1612] Building CXX object tests/unit/CMakeFiles/test_a9s3_mess_ebene_blattsorte.dir/test_a9s3_mess_ebene_blattsorte.cpp.o
[1308/1612] Building CXX object tests/unit/CMakeFiles/test_a9s4_realm_scan_stale.dir/test_a9s4_realm_scan_stale.cpp.o
[1309/1612] Building CXX object tests/unit/CMakeFiles/test_hyg_kumulativer_bereich.dir/test_hyg_kumulativer_bereich.cpp.o
[1310/1612] Building CXX object tests/unit/CMakeFiles/test_g3_artifact_cache_transport.dir/test_g3_artifact_cache_transport.cpp.o
[1311/1612] Building CXX object tests/unit/CMakeFiles/test_b14_abi_adapter_line_subaxis_paths.dir/test_b14_abi_adapter_line_subaxis_paths.cpp.o
[1312/1612] Building CXX object tests/unit/CMakeFiles/test_d3_6_realm_selektor_produktionsablage.dir/test_d3_6_realm_selektor_produktionsablage.cpp.o
[1313/1612] Building CXX object tests/unit/CMakeFiles/test_a9s4_dynamic_axis_filter.dir/test_a9s4_dynamic_axis_filter.cpp.o
[1314/1612] Building CXX object tests/unit/CMakeFiles/test_warn1_d2_fingerprint_koeder.dir/test_warn1_d2_fingerprint_koeder.cpp.o
[1315/1612] Building CXX object tests/unit/CMakeFiles/test_ck1_messkette_koeder.dir/test_ck1_messkette_koeder.cpp.o
[1316/1612] Building CXX object tests/unit/CMakeFiles/test_d55_hdr_verdrahtung.dir/test_d55_hdr_verdrahtung.cpp.o
[1317/1612] Building CXX object tests/unit/CMakeFiles/test_d2_abdeckungs_wache_nenner.dir/test_d2_abdeckungs_wache_nenner.cpp.o
[1318/1612] Building CXX object tests/unit/CMakeFiles/test_flaeche3_deckung_ceb_aus_tier_an.dir/test_flaeche3_deckung_ceb_aus_tier_an.cpp.o
[1319/1612] Building CXX object tests/unit/CMakeFiles/test_d2g1_ctest_registrierung.dir/test_d2g1_ctest_registrierung.cpp.o
[1320/1612] Building CXX object tests/unit/CMakeFiles/test_naht1_mess_visitor_biss.dir/test_naht1_mess_visitor_biss.cpp.o
[1321/1612] Building CXX object tests/unit/CMakeFiles/test_a9s4_mess_report_render.dir/test_a9s4_mess_report_render.cpp.o
[1322/1612] Building CXX object tests/unit/CMakeFiles/test_warn2a_block_id_bidirektional.dir/test_warn2a_block_id_bidirektional.cpp.o
[1323/1612] Building CXX object tests/unit/CMakeFiles/test_a9s4_skip_manifest.dir/test_a9s4_skip_manifest.cpp.o
[1324/1612] Building CXX object tests/unit/CMakeFiles/test_t6_biss_achsen_roundtrip_wache.dir/test_t6_biss_achsen_roundtrip_wache.cpp.o
[1325/1612] Building CXX object tests/unit/CMakeFiles/test_t6_wachen_inventar.dir/test_t6_wachen_inventar.cpp.o
[1326/1612] Building CXX object tests/unit/CMakeFiles/test_t6_biss_sichtbarkeits_wache.dir/test_t6_biss_sichtbarkeits_wache.cpp.o
[1327/1612] Building CXX object tests/unit/CMakeFiles/test_t6_biss_registrierungs_wache.dir/test_t6_biss_registrierungs_wache.cpp.o
[1328/1612] Building CXX object tests/unit/CMakeFiles/test_pa1_tote_ausnahme.dir/test_pa1_tote_ausnahme.cpp.o
[1329/1612] Building CXX object tests/unit/CMakeFiles/test_a9s5_ergebnis_mappe_naht.dir/test_a9s5_ergebnis_mappe_naht.cpp.o
[1330/1612] Linking CXX static library lib/libgmock_main.a
[1331/1612] Linking CXX executable libs/cache_engine/builder/commands/tests/test_commands
[1332/1612] Building CXX object tests/unit/CMakeFiles/test_anker_marke_statt_ledgerzeile.dir/test_anker_marke_statt_ledgerzeile.cpp.o
[1333/1612] Linking CXX executable libs/cache_engine/builder/commands/tests/test_engine_adapters
[1334/1612] Linking CXX executable apps/f15_compare/comdare-f15-compare
[1335/1612] Linking CXX executable tests/unit/test_pressure_state
[1336/1612] Linking CXX executable tests/unit/test_cpuid_probe
[1337/1612] Linking CXX executable tests/unit/test_cache_recommendation
[1338/1612] Linking CXX executable tests/unit/test_permutation_flags
[1339/1612] Linking CXX executable tests/unit/test_event_hierarchy
[1340/1612] Linking CXX executable tests/unit/test_observer_registry
[1341/1612] Linking CXX executable tests/unit/test_decision_trees
[1342/1612] Linking CXX executable tests/unit/test_decision_lambda_registry
[1343/1612] Linking CXX executable tests/unit/test_concurrency_disciplines
[1344/1612] Linking CXX executable tests/unit/test_telemetry_strategies
[1345/1612] Linking CXX executable tests/unit/test_platform_concepts
[1346/1612] Linking CXX executable tests/unit/test_cache_hierarchy_and_mode
[1347/1612] Linking CXX executable tests/unit/test_measurement_buffer
[1348/1612] Linking CXX executable tests/unit/test_sub_engines
[1349/1612] Linking CXX executable tests/unit/test_allocator_concepts
[1350/1612] Linking CXX executable tests/unit/test_abi_interface
[1351/1612] Linking CXX executable tests/unit/test_config_durability
[1352/1612] Linking CXX executable tests/unit/test_chaos_drift_gate
[1353/1612] Linking CXX executable tests/unit/test_test_data_accumulation
[1354/1612] Linking CXX executable tests/unit/test_benchmark_suite
[1355/1612] Linking CXX executable tests/unit/test_allocator_full_matrix
[1356/1612] Linking CXX executable tests/unit/test_workload_and_experiment
[1357/1612] Linking CXX executable tests/unit/test_ycsb_cli
[1358/1612] Linking CXX executable tests/unit/test_builder_codegen
[1359/1612] Linking CXX executable tests/unit/test_codegen_from_profile
[1360/1612] Linking CXX executable tests/unit/test_experiment_driver_v13
[1361/1612] Linking CXX executable tests/unit/test_permutation_sampling
[1362/1612] Linking CXX executable tests/unit/test_latex_anhang
[1363/1612] Linking CXX executable tests/unit/test_rcu
[1364/1612] Linking CXX executable tests/unit/test_rcu_concurrency
[1365/1612] Linking CXX executable tests/unit/test_succinct
[1366/1612] Building CXX object tests/unit/CMakeFiles/test_lizenz_konsistenz.dir/test_lizenz_konsistenz.cpp.o
[1367/1612] Linking CXX executable tests/unit/test_hbm_hierarchy
[1368/1612] Linking CXX executable tests/unit/test_module_loader
[1369/1612] Linking CXX executable tests/unit/test_v31_adapters
[1370/1612] Linking CXX executable tests/unit/test_v41_indexes
[1371/1612] Linking CXX executable tests/unit/test_v41_topic_allocator_axis_06
[1372/1612] Linking CXX executable tests/unit/test_v41_topic_queuing
[1373/1612] Linking CXX executable tests/unit/test_v41_topic_traversal
[1374/1612] Linking CXX executable tests/unit/test_v41_paper_legacy_code
[1375/1612] Building CXX object tests/unit/CMakeFiles/test_s3_ordnung_relation.dir/test_s3_ordnung_relation.cpp.o
[1376/1612] Linking CXX executable tests/unit/test_ctsha512
[1377/1612] Linking CXX executable tests/unit/test_v41_compositions
[1378/1612] Linking CXX executable tests/unit/test_v41_anatomy
[1379/1612] Linking CXX executable tests/unit/test_v41_topics_fundament
[1380/1612] Linking CXX executable tests/unit/test_v41_anatomy_r4_driver
[1381/1612] Building CXX object tests/unit/CMakeFiles/test_vs_taxonomie_klassen_grep.dir/test_vs_taxonomie_klassen_grep.cpp.o
[1382/1612] Linking CXX executable tests/unit/test_v41_tier_observe_trace
[1383/1612] Linking CXX executable tests/unit/test_v41_axis_03a_cross_variant_equivalence
[1384/1612] Linking CXX executable tests/unit/test_v41_anatomy_observer
[1385/1612] Linking CXX executable tests/unit/test_ap7_swisstable
[1386/1612] Linking CXX executable tests/unit/test_ap7b_swiss_organ
[1387/1612] Linking CXX executable tests/unit/test_ap7b3_swiss_isa_group_match
[1388/1612] Linking CXX executable tests/unit/test_vampir_nfp_allocator
[1389/1612] Linking CXX executable tests/unit/test_ap8_hdr_histogram
[1390/1612] Linking CXX executable tests/unit/test_v41_axis_03a_tier_organ_equivalence
[1391/1612] Linking CXX executable tests/unit/test_v41_anatomy_pruefling_merge
[1392/1612] Linking CXX executable tests/unit/test_v41_anatomy_base
[1393/1612] Linking CXX executable tests/unit/test_v41_execution_engine
[1394/1612] Linking CXX executable tests/unit/test_v41_search_algorithm_permutation_engine
[1395/1612] Linking CXX executable tests/unit/test_v41_anatomy_module_abi
[1396/1612] Linking CXX executable tests/unit/test_v41_anatomy_codegen
[1397/1612] Linking CXX executable tests/unit/test_v41_anatomy_module_loader
[1398/1612] Linking CXX executable tests/unit/test_v41_anatomy_multi_codegen
[1399/1612] Linking CXX executable tests/unit/test_v41_anatomy_codegen_tool
[1400/1612] Linking CXX executable tests/unit/test_v41_anatomy_codegen_tool_traits
[1401/1612] Linking CXX executable tests/unit/test_v41_workload_generator
[1402/1612] Linking CXX executable tests/unit/test_v41_anatomy_codegen_tool_mp_list
[1403/1612] Linking CXX executable tests/unit/test_v41_axis_12_general_hardware
[1404/1612] Linking CXX executable tests/unit/test_v41_axis_05_memory_layout
[1405/1612] Linking CXX executable tests/unit/test_v41_axis_02_axis_04_nodes
[1406/1612] Building CXX object tests/unit/CMakeFiles/test_s1_stempel_basis_vertrag.dir/test_s1_stempel_basis_vertrag.cpp.o
[1407/1612] Linking CXX executable tests/unit/test_v41_axis_11_telemetry
[1408/1612] Linking CXX executable tests/unit/test_v41_axis_07_prefetch
[1409/1612] Linking CXX executable tests/unit/test_v41_axis_10_serialization
[1410/1612] Linking CXX executable tests/unit/test_v41_axis_14_value_handle
[1411/1612] Linking CXX executable tests/unit/test_v41_axis_08_concurrency
[1412/1612] Linking CXX executable tests/unit/test_v41_status_code
[1413/1612] Linking CXX executable tests/unit/test_v41_axis_01_page_type
[1414/1612] Linking CXX executable tests/unit/test_v41_pruefling_registry
[1415/1612] Linking CXX executable tests/unit/test_v41_serialization_primitives
[1416/1612] Linking CXX executable tests/unit/test_pruefling_fixture_ladung
[1417/1612] Linking CXX executable tests/unit/test_v41_axis_filter_surf_organ
[1418/1612] Linking CXX executable tests/unit/test_v41_axis_filter
[1419/1612] Linking CXX executable tests/unit/test_v41_axis_filter_surf_louds_organ
[1420/1612] Linking CXX executable tests/unit/test_v41_axis_io
[1421/1612] Linking CXX executable tests/unit/test_v41_axis_migration
[1422/1612] Linking CXX executable tests/unit/test_v41_axis_01_index_organization
[1423/1612] Linking CXX executable tests/unit/test_v41_r5c3_isa_simd_cross_constraint
[1424/1612] Linking CXX executable tests/unit/test_v41_axis_09_isa
[1425/1612] Linking CXX executable tests/unit/test_v41_axis_09b_simd_extension
[1426/1612] Linking CXX executable tests/unit/test_v41_anatomy_r5i_configure_codegen
[1427/1612] Linking CXX executable tests/unit/test_v41_anatomy_adhoc_codegen_macro
[1428/1612] Linking CXX executable tests/unit/test_v41_anatomy_f15_measurement
[1429/1612] Linking CXX executable tests/unit/test_v5_memento_axis
[1430/1612] Linking CXX executable tests/unit/test_v41_pruef_dock_search_algorithm
[1431/1612] Linking CXX executable tests/unit/test_v5_conformance_gate
[1432/1612] Linking CXX executable tests/unit/test_v5_two_phase_driver
[1433/1612] Linking CXX executable tests/unit/test_v5_workload_orchestrator
[1434/1612] Linking CXX executable tests/unit/test_v5_measurement_snapshot
[1435/1612] Linking CXX executable tests/unit/test_heuristik_spline_break_even
[1436/1612] Linking CXX executable tests/unit/test_d51_perzentil_kanon
[1437/1612] Linking CXX executable tests/unit/test_d54_trace_schema
[1438/1612] Linking CXX executable tests/unit/test_ap9_provenance_manifest
[1439/1612] Linking CXX executable tests/unit/test_heuristik_workload_cluster
[1440/1612] Linking CXX executable tests/unit/test_ap13_thread_pinning
[1441/1612] Linking CXX executable tests/unit/test_184_dataset_loader_wiring
[1442/1612] Linking CXX executable tests/unit/test_ap10_dataset_akte
[1443/1612] Linking CXX executable tests/unit/test_25_kanon_dataset_akten
[1444/1612] Linking CXX executable tests/unit/test_v5_disk_memento
[1445/1612] Linking CXX executable tests/unit/test_45_sosd_uint64_loader
[1446/1612] Linking CXX executable tests/unit/test_v5_ycsb_distribution
[1447/1612] Linking CXX executable tests/unit/test_v41_codegen_type_name
[1448/1612] Linking CXX executable tests/unit/test_v41_cache_engine_tools_facade
[1449/1612] Linking CXX executable tests/unit/test_v5_ycsb_op_set
[1450/1612] Linking CXX executable tests/unit/test_v41_scan_range_organ
[1451/1612] Linking CXX executable tests/unit/test_v5_organ_memento
[1452/1612] Linking CXX executable tests/unit/test_v41_cache_engine_facade
[1453/1612] Linking CXX executable tests/unit/test_pruef_only_gate
[1454/1612] Linking CXX executable tests/unit/test_v41_codegen_all_axes_umbrella
[1455/1612] Linking CXX executable tests/unit/test_v41_anatomy_adhoc_dll_load
[1456/1612] Linking CXX executable tests/unit/test_v41_anatomy_adhoc_autobuilt_load
[1457/1612] Linking CXX executable tests/unit/test_hy_f8_reroute
[1458/1612] Linking CXX executable tests/unit/test_hy_a1_heuristik_adapter_gattung
[1459/1612] Linking CXX executable tests/unit/test_q2_identitaets_riegel
[1460/1612] Linking CXX executable tests/unit/test_hy_a1_dock_contract
[1461/1612] Linking CXX executable tests/unit/test_hy_a2_stempel_kette
[1462/1612] Linking CXX executable tests/unit/test_hy_a1_attach_nur_array_include
[1463/1612] Building CXX object tests/unit/CMakeFiles/test_k2_stufen_neutraler_loader.dir/test_k2_stufen_neutraler_loader.cpp.o
[1464/1612] Linking CXX executable tests/unit/test_hy_a3_hybrid_config_parser
[1465/1612] Linking CXX executable tests/unit/test_188_4bb0_pool_organ_wide_key_conformance
[1466/1612] Linking CXX executable tests/unit/test_s7_1_bst_pool_allocator_deg
[1467/1612] Linking CXX executable tests/unit/test_ap15_2_get_allocator_proxy
[1468/1612] Linking CXX executable tests/unit/test_ap15_3_driveable_map_contract
[1469/1612] Linking CXX executable tests/unit/test_s7_2_btree_pool_allocator_deg
[1470/1612] Linking CXX executable tests/unit/test_striktheit_axis_dach_guard
[1471/1612] Linking CXX executable tests/unit/test_29_container_framework
[1472/1612] Linking CXX executable tests/unit/test_234_va_shaped_adapter
[1473/1612] Linking CXX executable tests/unit/test_a14_os_sub_axes_guard
[1474/1612] Linking CXX executable tests/unit/test_axis_error_taxonomy
[1475/1612] Linking CXX executable tests/unit/test_rf3_betriebssystem_feature_fehlt
[1476/1612] Linking CXX executable tests/unit/test_meta_meta_halbordnung
[1477/1612] Linking CXX executable tests/unit/test_striktheit_axes_guard
[1478/1612] Linking CXX executable tests/unit/test_striktheit_abi_pod_guard
[1479/1612] Linking CXX executable tests/unit/test_striktheit_metaprog_guard
[1480/1612] Linking CXX executable tests/unit/test_striktheit_scan_kernel_purity
[1481/1612] Linking CXX executable tests/unit/test_234_vb_rest_families_shaped
[1482/1612] Linking CXX executable tests/unit/test_s7_3_skip_list_pool_allocator_deg
[1483/1612] Linking CXX executable tests/unit/test_cmd1_a_axis_command_base
[1484/1612] Linking CXX executable tests/unit/test_s7_4_hash_pool_allocator_deg
[1485/1612] Linking CXX executable tests/unit/test_s7_5_art_pool_allocator_deg
[1486/1612] Linking CXX executable tests/unit/test_s7_6_hot_pool_allocator_deg
[1487/1612] Linking CXX executable tests/unit/test_s7_7_start_pool_allocator_deg
[1488/1612] Linking CXX executable tests/unit/test_s7_8_wormhole_pool_allocator_deg
[1489/1612] Linking CXX executable tests/unit/test_s7_10_swiss_pool_allocator_deg
[1490/1612] Linking CXX executable tests/unit/test_s7_9_surf_pool_allocator_deg
[1491/1612] Linking CXX executable tests/unit/test_234_f1_btree_order_shape
[1492/1612] Linking CXX executable tests/unit/test_234_f2_skip_list_shape
[1493/1612] Linking CXX executable tests/unit/test_234_f3_bst_shape
[1494/1612] Linking CXX executable tests/unit/test_234_f4_hash_probe_shape
[1495/1612] Linking CXX executable tests/unit/test_188_4a_eytzinger_organ
[1496/1612] Linking CXX executable tests/unit/test_188_4c0_known_compositions_conformance
[1497/1612] Linking CXX executable tests/unit/test_216h2_stat_reset_after_load
[1498/1612] Linking CXX executable tests/unit/test_221_rc_prefetch_distance
[1499/1612] Linking CXX executable tests/unit/test_abi_adapter_g3_batch2
[1500/1612] Linking CXX executable tests/unit/test_e1_contract_rc_konsum
[1501/1612] Linking CXX executable tests/unit/test_188_4cii_flat_wrapper_traversal
[1502/1612] Linking CXX executable tests/unit/test_217_2a_capacity_guard
[1503/1612] Linking CXX executable tests/unit/test_mt_l3_wide_schema_orakel
[1504/1612] Linking CXX executable tests/unit/test_axis_kind_wire_totalitaet
[1505/1612] Linking CXX executable tests/unit/test_axis_kind_kategorien_zuordnung
[1506/1612] Linking CXX executable tests/unit/test_vor_push_gate
[1507/1612] Linking CXX executable tests/unit/test_profile_coverage
[1508/1612] Linking CXX executable tests/unit/test_ap2_katalog_pfad_stubfrei
[1509/1612] Linking CXX executable tests/unit/test_org18_persistence_target
[1510/1612] Linking CXX executable tests/unit/test_axis_sweep_coverage
[1511/1612] Linking CXX executable tests/unit/test_smoke_coverage_profile
[1512/1612] Linking CXX executable tests/unit/test_experiment_kern_seam
[1513/1612] Linking CXX executable tests/unit/test_experiment_parser
[1514/1612] Linking CXX executable tests/unit/test_wdk_datasets_fairness
[1515/1612] Linking CXX executable tests/unit/test_measurement_categories
[1516/1612] Linking CXX executable tests/unit/test_merge_plan_directive
[1517/1612] Linking CXX executable tests/unit/test_experiment_projection
[1518/1612] Linking CXX executable tests/unit/test_sota_st2_dedup
[1519/1612] Linking CXX executable tests/unit/test_validate_profile
[1520/1612] Linking CXX executable tests/unit/test_m_contract_system_axis_wurzel
[1521/1612] Linking CXX executable tests/unit/test_h2_score_akte
[1522/1612] Linking CXX executable tests/unit/test_experiment_plan_director
[1523/1612] Linking CXX executable tests/unit/test_m_simd_feature_flag_catalog
[1524/1612] Linking CXX executable tests/unit/test_p1_spd_ddr5_parser
[1525/1612] Linking CXX executable tests/unit/test_p2_ram_probe_chain
[1526/1612] Linking CXX executable tests/unit/test_p2_ram_identity_verdict
[1527/1612] Linking CXX executable tests/unit/test_os_u3_probe
[1528/1612] Linking CXX executable tests/unit/test_od10_numa_page_probe
[1529/1612] Building CXX object tests/unit/CMakeFiles/test_s3_ordnung_freigabe.dir/test_s3_ordnung_freigabe.cpp.o
[1530/1612] Linking CXX executable tests/unit/test_p3_boot_cache_dmi
[1531/1612] Linking CXX executable tests/unit/test_od11_numa_cpu_pin_process_probe
[1532/1612] Linking CXX executable tests/unit/test_c3a_gate_scharfschaltung
[1533/1612] Linking CXX executable tests/unit/test_o4_machine_identity
[1534/1612] Linking CXX executable tests/unit/test_c3b_kanal_merge_beleg
[1535/1612] Linking CXX executable tests/unit/test_d4_ceb_schluessel_wahl
[1536/1612] Linking CXX executable tests/unit/test_m_w12_stamp_bausteine
[1537/1612] Linking CXX executable tests/unit/test_d2_mess_konsistenz_gate
[1538/1612] Linking CXX executable tests/unit/test_w10_system_cell_values
[1539/1612] Linking CXX executable tests/unit/test_g1_binary_version_stamp
[1540/1612] Linking CXX executable tests/unit/test_progress_heartbeat
[1541/1612] Linking CXX executable tests/unit/test_simd_add_u64_carry
[1542/1612] Linking CXX executable tests/unit/test_simd_add_u64_carry_avx2
[1543/1612] Linking CXX executable tests/unit/test_simd_add_u64_carry_avx512
[1544/1612] Linking CXX executable tests/unit/test_a1_algo_version_pin_alloc_axis
[1545/1612] Linking CXX executable tests/unit/test_reflect_versions_all_registered
[1546/1612] Linking CXX executable tests/unit/test_reflect_versions_all17
[1547/1612] Linking CXX executable tests/unit/test_planner_version_flag_grammatik
[1548/1612] Linking CXX executable tests/unit/test_g3_bestandslog_document
[1549/1612] Linking CXX executable tests/unit/test_g3_bestandslog_lock
[1550/1612] Linking CXX executable tests/unit/test_g3_eta_estimator
[1551/1612] Linking CXX executable tests/unit/test_g3_reservation_lifecycle
[1552/1612] Linking CXX executable tests/unit/test_g3_batch_planner
[1553/1612] Linking CXX executable tests/unit/test_a5_eta_kalibrierung
[1554/1612] Linking CXX executable tests/unit/test_g3_writer_backend_io_uring
[1555/1612] Linking CXX executable tests/unit/test_g3_ram_spool_writer
[1556/1612] Linking CXX executable tests/unit/test_g2_variant_sidecar
[1557/1612] Linking CXX executable tests/unit/test_bvset_teilmenge
[1558/1612] Linking CXX executable tests/unit/test_a2_sha512_skip_gate
[1559/1612] Linking CXX executable tests/unit/test_g3_sha512_index
[1560/1612] Linking CXX executable tests/unit/test_g3_takeover_sweep
[1561/1612] Linking CXX executable tests/unit/test_g3_builder_registration
[1562/1612] Linking CXX executable tests/unit/test_lb1_knoten_heuristik_log
[1563/1612] Linking CXX executable tests/unit/test_lb0_lager_pfad_grammatik
[1564/1612] Linking CXX executable tests/unit/test_ge1_claim_check_und_sidecar
[1565/1612] Linking CXX executable tests/unit/test_ge3_messwert_genus_und_ziel
[1566/1612] Linking CXX executable tests/unit/test_g3_prune
[1567/1612] Linking CXX executable tests/unit/test_g3_planer_driven
[1568/1612] Linking CXX executable tests/unit/test_g3_artifact_cache_transport
[1569/1612] Linking CXX executable tests/unit/test_b14_abi_adapter_line_subaxis_paths
[1570/1612] Linking CXX executable tests/unit/test_a9_xlsx_vendor_rauchtest
[1571/1612] Linking CXX executable tests/unit/test_g3_lager_presence
[1572/1612] Linking CXX executable tests/unit/test_a9s3_writeback_method_xlsx
[1573/1612] Linking CXX executable tests/unit/test_a9s3_ergebnis_mappe_csv
[1574/1612] Linking CXX executable tests/unit/test_a9s3_mess_ebene_blattsorte
[1575/1612] Linking CXX executable tests/unit/test_mt_l4_registrierungs_wache_isa
[1576/1612] Linking CXX executable tests/unit/test_hyg_kumulativer_bereich
[1577/1612] Linking CXX executable tests/unit/test_d2_abdeckungs_wache_nenner
[1578/1612] Linking CXX executable tests/unit/test_a9s3_xlsx_ergebnis_writer
[1579/1612] Linking CXX executable tests/unit/test_a9s4_realm_scan_stale
[1580/1612] Linking CXX executable tests/unit/test_d3_6_realm_selektor_produktionsablage
[1581/1612] Linking CXX executable tests/unit/test_a9s4_mess_report_render
[1582/1612] Linking CXX executable tests/unit/test_a9s4_skip_manifest
[1583/1612] Linking CXX executable tests/unit/test_a9s4_dynamic_axis_filter
[1584/1612] Linking CXX executable tests/unit/test_ck1_messkette_koeder
[1585/1612] Linking CXX executable tests/unit/test_naht1_mess_visitor_biss
[1586/1612] Linking CXX executable tests/unit/test_d55_hdr_verdrahtung
[1587/1612] Linking CXX executable tests/unit/test_flaeche3_deckung_ceb_aus_tier_an
[1588/1612] Linking CXX executable tests/unit/test_a9s5_ergebnis_mappe_naht
[1589/1612] Linking CXX executable tests/unit/test_warn2a_block_id_bidirektional
[1590/1612] Linking CXX executable tests/unit/test_warn1_d2_fingerprint_koeder
[1591/1612] Linking CXX executable tests/unit/test_d2g1_ctest_registrierung
[1592/1612] Linking CXX executable tests/unit/test_t6_biss_achsen_roundtrip_wache
[1593/1612] Linking CXX executable tests/unit/test_t6_wachen_inventar
[1594/1612] Linking CXX executable tests/unit/test_lizenz_konsistenz
[1595/1612] Linking CXX executable tests/unit/test_t6_biss_sichtbarkeits_wache
[1596/1612] Linking CXX executable tests/unit/test_t6_biss_registrierungs_wache
[1597/1612] Linking CXX executable tests/unit/test_pa1_tote_ausnahme
[1598/1612] Linking CXX executable tests/unit/test_anker_marke_statt_ledgerzeile
[1599/1612] Linking CXX executable tests/unit/test_vs_taxonomie_klassen_grep
[1600/1612] Linking CXX executable tests/unit/test_s3_ordnung_relation
[1601/1612] Linking CXX executable tests/unit/test_s1_stempel_basis_vertrag
[1602/1612] Linking CXX executable tests/unit/test_s3_ordnung_freigabe
[1603/1612] Linking CXX executable tests/unit/test_k2_stufen_neutraler_loader
[1604/1612] Building CXX object tests/unit/CMakeFiles/test_w0b_durchstich_kette.dir/test_w0b_durchstich_kette.cpp.o
[1605/1612] Linking CXX executable tests/unit/test_w0b_durchstich_kette
[1606/1612] Building CXX object tests/unit/CMakeFiles/test_stempel_zulassung_bruecke.dir/test_stempel_zulassung_bruecke.cpp.o
[1607/1612] Linking CXX executable tests/unit/test_stempel_zulassung_bruecke
[1608/1612] Building CXX object tests/unit/CMakeFiles/test_stempel_vollbestand_registry.dir/test_stempel_vollbestand_registry.cpp.o
[1609/1612] Linking CXX executable tests/unit/test_stempel_vollbestand_registry
[1610/1612] Building CXX object tests/unit/CMakeFiles/test_d37b_modus_riegel.dir/test_d37b_modus_riegel.cpp.o
[1611/1612] Linking CXX executable tests/unit/test_d37b_modus_riegel
