[  0%] Built target comdare_overlay_source_hash_gen
[  0%] comdare E-E: Overlay-Quell-Hash (Glied [7] des Tier-Fingerprints)
[overlay_source_hash_gen] 712 Dateien, 3418134 Bytes, sha512=17ce209466a6f770... (unveraendert)
[  0%] Built target comdare_overlay_source_hash
[  0%] Built target is_original_validator
[  0%] Built target comdare_builder_xml_config_parser
[  1%] Built target comdare_module_loader
[  1%] Building CXX object _deps/googletest-build/googletest/CMakeFiles/gtest.dir/src/gtest-all.cc.o
[  2%] Built target comdare_workload_driver
[  2%] Built target comdare_workload_generator
[  3%] Built target comdare_anatomy_module_loader
[  3%] Built target comdare_latex_anhang
[  3%] Built target comdare_hdr_histogram_wrapper
[  3%] Built target p27_bundle_finder
[  3%] Built target comdare_latex_anhang_lib
[  4%] Built target comdare_vendored_zlib
[  4%] Built target comdare_perm_mock_test
[  4%] Built target comdare_h2_score_akte_cli
[  4%] Building CXX object tests/unit/CMakeFiles/perm_view_d11.dir/genus_module_view.cpp.o
[  4%] Built target comdare_best_binary_selector
[  4%] Building CXX object tests/unit/CMakeFiles/perm_sequence_d10.dir/genus_module_sequence.cpp.o
[  4%] Building CXX object tests/unit/CMakeFiles/perm_set_d9.dir/genus_module_set.cpp.o
[  4%] Building CXX object tests/unit/CMakeFiles/perm_adapter_d12.dir/genus_module_adapter.cpp.o
[  4%] Building CXX object tests/unit/CMakeFiles/hybrid_reroute_searchalgorithm.dir/hybrid_tier_module.cpp.o
[  4%] Building CXX object tests/unit/CMakeFiles/hybrid_reroute_set.dir/hybrid_tier_module_set.cpp.o
[  5%] Built target perm_alt_major7
[  5%] Built target perm_major7_neue_magic
[  5%] Built target perm_q2_luegner
[  6%] Built target perm_q2_ohne_gattung
[  6%] Built target perm_q2_ohne_genus
[  6%] Built target perm_alt_magic_ohne_symbole
[  6%] Built target perm_buildvariant_avx512
[  6%] Built target perm_buildvariant_avx2
[  6%] Building CXX object tests/unit/CMakeFiles/perm_set_defekt_d13.dir/genus_module_set_defekt.cpp.o
[  6%] Built target perm_buildvariant_real_avx2
[  7%] Built target comdare_vendored_liburing
[  7%] Built target perm_buildvariant_real_avx512
[  7%] Built target ck1_naht_voll
[  7%] Built target comdare_paper_a04_mimalloc_codegen
[  7%] Built target ck1_naht_leer
[  7%] Built target comdare_paper_a05_jemalloc_codegen
[  7%] Built target comdare_paper_a07_snmalloc_codegen
[  7%] Built target comdare_paper_a20_dlmalloc_codegen
[  8%] Built target comdare_paper_a11_lrmalloc_codegen
[  8%] Built target comdare_paper_a10_rpmalloc_codegen
[  8%] Built target comdare_paper_p01_art_codegen
[  8%] Built target comdare_paper_p05_start_codegen
[  8%] Built target comdare_paper_p02_hot_codegen
[  8%] Built target comdare_paper_p10_surf_codegen
[  8%] Built target comdare_paper_p07_wormhole_codegen
[  8%] Built target comdare_paper_p03_masstree_codegen
[  8%] Built target comdare_builder_codegen
[  8%] Built target comdare_builder_permutation_loop
[  8%] Built target comdare_experiment
[  8%] Built target comdare_ycsb_cli
[  8%] Built target comdare_ycsb_cli_lib
[ 10%] Built target comdare_vendored_xlsxwriter
[ 10%] Built target comdare_perm_runner
[ 11%] Built target comdare_builder_experiment_runner
[ 11%] Built target comdare_lager_ablage
[ 11%] Built target comdare_paper_codegen_all
[ 11%] Built target comdare_builder_experiment_driver
[ 11%] Built target comdare_mess_report
[ 11%] Built target comdare_anatomy_codegen_tool
[ 11%] Built target comdare_catalog_codegen_cli
[ 11%] Built target comdare_adhoc_emitter_cli
[ 11%] Building CXX object apps/f15_compare/CMakeFiles/comdare_f15_compare_cli.dir/main.cpp.o
[ 11%] Building CXX object tests/unit/CMakeFiles/test_t15_drift_gate_messschleife.dir/test_t15_drift_gate_messschleife.cpp.o
[ 11%] Building CXX object tests/unit/CMakeFiles/anatomy_codegen_pilot_wormhole_shared.dir/__/__/generated/anatomy_modules/anatomy_perm_wormhole_pilot.cpp.o
[ 11%] Building CXX object tests/unit/CMakeFiles/anatomy_codegen_pilot_hot.dir/__/__/generated/anatomy_modules/anatomy_perm_hot_pilot.cpp.o
[ 11%] Linking CXX shared library ../../generated/goalv6_dll_modules/libperm_view_d11.so
[ 11%] Built target perm_view_d11
[ 11%] Building CXX object tests/unit/CMakeFiles/anatomy_multi_pilot_0.dir/__/__/generated/anatomy_modules_multi/anatomy_perm_anatomy_multi_pilot_0.cpp.o
[ 11%] Linking CXX shared library ../../generated/goalv6_dll_modules/libperm_sequence_d10.so
[ 11%] Built target perm_sequence_d10
[ 11%] Building CXX object tests/unit/CMakeFiles/anatomy_multi_pilot_1.dir/__/__/generated/anatomy_modules_multi/anatomy_perm_anatomy_multi_pilot_1.cpp.o
[ 11%] Linking CXX shared library ../../generated/goalv6_dll_modules/libperm_set_defekt_d13.so
[ 11%] Linking CXX shared library ../../generated/goalv6_dll_modules/libperm_set_d9.so
[ 11%] Linking CXX shared library ../../generated/goalv6_dll_modules/libperm_adapter_d12.so
[ 11%] Built target perm_set_defekt_d13
[ 11%] Building CXX object tests/unit/CMakeFiles/anatomy_multi_pilot_2.dir/__/__/generated/anatomy_modules_multi/anatomy_perm_anatomy_multi_pilot_2.cpp.o
[ 11%] Built target perm_set_d9
[ 11%] Building CXX object tests/unit/CMakeFiles/anatomy_multi_pilot_3.dir/__/__/generated/anatomy_modules_multi/anatomy_perm_anatomy_multi_pilot_3.cpp.o
[ 11%] Built target perm_adapter_d12
[ 11%] Building CXX object tests/unit/CMakeFiles/anatomy_multi_pilot_4.dir/__/__/generated/anatomy_modules_multi/anatomy_perm_anatomy_multi_pilot_4.cpp.o
[ 11%] Linking CXX shared library ../../generated/goalv6_dll_modules/libhybrid_reroute_searchalgorithm.so
[ 11%] Linking CXX shared library ../../generated/goalv6_dll_modules/libhybrid_reroute_set.so
[ 11%] Built target hybrid_reroute_searchalgorithm
[ 11%] Built target hybrid_reroute_set
[ 11%] Building CXX object tests/unit/CMakeFiles/anatomy_multi_pilot_5.dir/__/__/generated/anatomy_modules_multi/anatomy_perm_anatomy_multi_pilot_5.cpp.o
[ 11%] Building CXX object tests/unit/CMakeFiles/r5i_configure_pilot_0.dir/__/__/generated/r5i_anatomy_modules/anatomy_perm_r5i_configure_pilot_0.cpp.o
[ 11%] Linking CXX static library comdare_anatomy_perm_hot_pilot.a
[ 11%] Linking CXX shared library ../../generated/anatomy_modules_multi/comdare_anatomy_perm_anatomy_multi_pilot_1.so
[ 11%] Built target anatomy_codegen_pilot_hot
[ 11%] Linking CXX shared library ../../generated/anatomy_modules_multi/comdare_anatomy_perm_anatomy_multi_pilot_3.so
[ 11%] Building CXX object tests/unit/CMakeFiles/r5i_configure_pilot_1.dir/__/__/generated/r5i_anatomy_modules/anatomy_perm_r5i_configure_pilot_1.cpp.o
[ 11%] Built target anatomy_multi_pilot_1
[ 11%] Building CXX object tests/unit/CMakeFiles/r5i_configure_pilot_2.dir/__/__/generated/r5i_anatomy_modules/anatomy_perm_r5i_configure_pilot_2.cpp.o
[ 11%] Built target anatomy_multi_pilot_3
[ 11%] Building CXX object tests/unit/CMakeFiles/f15_measurement_pilot_0.dir/__/__/generated/f15_measurement_modules/anatomy_perm_f15_measurement_pilot_0.cpp.o
[ 11%] Linking CXX shared library ../../generated/anatomy_modules_multi/comdare_anatomy_perm_anatomy_multi_pilot_2.so
[ 11%] Built target anatomy_multi_pilot_2
[ 11%] Building CXX object tests/unit/CMakeFiles/f15_measurement_pilot_1.dir/__/__/generated/f15_measurement_modules/anatomy_perm_f15_measurement_pilot_1.cpp.o
[ 11%] Linking CXX shared library comdare_anatomy_perm_wormhole_pilot.so
[ 11%] Built target anatomy_codegen_pilot_wormhole_shared
[ 11%] Building CXX object tests/unit/CMakeFiles/comdare_r5g_adhoc_perm.dir/auto_emitted_perm_module.cpp.o
[ 11%] Linking CXX shared library ../../generated/anatomy_modules_multi/comdare_anatomy_perm_anatomy_multi_pilot_0.so
[ 12%] Linking CXX shared library ../../generated/anatomy_modules_multi/comdare_anatomy_perm_anatomy_multi_pilot_4.so
[ 12%] Built target anatomy_multi_pilot_0
[ 12%] Building CXX object tests/unit/CMakeFiles/comdare_r5g_autobuilt_perm_0.dir/__/__/generated/r5g_autobuilt_modules/comdare_anatomy_perm_auto_0.cpp.o
[ 12%] Built target anatomy_multi_pilot_4
[ 12%] Building CXX object tests/unit/CMakeFiles/comdare_r5g_autobuilt_perm_1.dir/__/__/generated/r5g_autobuilt_modules/comdare_anatomy_perm_auto_1.cpp.o
[ 12%] Linking CXX shared library ../../generated/anatomy_modules_multi/comdare_anatomy_perm_anatomy_multi_pilot_5.so
[ 12%] Built target anatomy_multi_pilot_5
[ 13%] Building CXX object tests/unit/CMakeFiles/comdare_r5g_autobuilt_perm_2.dir/__/__/generated/r5g_autobuilt_modules/comdare_anatomy_perm_auto_10.cpp.o
[ 13%] Linking CXX static library ../../../lib/libgtest.a
[ 13%] Linking CXX shared library ../../generated/r5i_anatomy_modules/comdare_anatomy_perm_r5i_configure_pilot_0.so
[ 13%] Built target gtest
[ 13%] Building CXX object tests/unit/CMakeFiles/comdare_r5g_autobuilt_perm_3.dir/__/__/generated/r5g_autobuilt_modules/comdare_anatomy_perm_auto_11.cpp.o
[ 13%] Built target r5i_configure_pilot_0
[ 13%] Building CXX object tests/unit/CMakeFiles/comdare_r5g_autobuilt_perm_4.dir/__/__/generated/r5g_autobuilt_modules/comdare_anatomy_perm_auto_12.cpp.o
[ 14%] Linking CXX executable comdare-f15-compare
[ 14%] Built target comdare_f15_compare_cli
[ 14%] Building CXX object tests/unit/CMakeFiles/comdare_r5g_autobuilt_perm_5.dir/__/__/generated/r5g_autobuilt_modules/comdare_anatomy_perm_auto_13.cpp.o
[ 14%] Linking CXX executable test_t15_drift_gate_messschleife
[ 14%] Built target test_t15_drift_gate_messschleife
[ 14%] Building CXX object tests/unit/CMakeFiles/comdare_r5g_autobuilt_perm_6.dir/__/__/generated/r5g_autobuilt_modules/comdare_anatomy_perm_auto_14.cpp.o
[ 14%] Linking CXX shared library ../../generated/r5i_anatomy_modules/comdare_anatomy_perm_r5i_configure_pilot_1.so
[ 14%] Linking CXX shared library ../../generated/f15_measurement_modules/comdare_anatomy_perm_f15_measurement_pilot_0.so
[ 14%] Built target r5i_configure_pilot_1
[ 15%] Building CXX object tests/unit/CMakeFiles/comdare_r5g_autobuilt_perm_7.dir/__/__/generated/r5g_autobuilt_modules/comdare_anatomy_perm_auto_15.cpp.o
[ 15%] Built target f15_measurement_pilot_0
[ 15%] Building CXX object tests/unit/CMakeFiles/comdare_r5g_autobuilt_perm_8.dir/__/__/generated/r5g_autobuilt_modules/comdare_anatomy_perm_auto_16.cpp.o
[ 15%] Linking CXX shared library ../../generated/r5i_anatomy_modules/comdare_anatomy_perm_r5i_configure_pilot_2.so
[ 15%] Linking CXX shared library ../../generated/f15_measurement_modules/comdare_anatomy_perm_f15_measurement_pilot_1.so
[ 15%] Built target r5i_configure_pilot_2
[ 15%] Building CXX object tests/unit/CMakeFiles/comdare_r5g_autobuilt_perm_9.dir/__/__/generated/r5g_autobuilt_modules/comdare_anatomy_perm_auto_17.cpp.o
[ 15%] Built target f15_measurement_pilot_1
[ 15%] Building CXX object tests/unit/CMakeFiles/comdare_r5g_autobuilt_perm_10.dir/__/__/generated/r5g_autobuilt_modules/comdare_anatomy_perm_auto_18.cpp.o
[ 15%] Linking CXX shared library ../../generated/r5g_autobuilt_modules/comdare_anatomy_perm_auto_0.so
[ 15%] Built target comdare_r5g_autobuilt_perm_0
[ 15%] Building CXX object tests/unit/CMakeFiles/comdare_r5g_autobuilt_perm_11.dir/__/__/generated/r5g_autobuilt_modules/comdare_anatomy_perm_auto_19.cpp.o
[ 15%] Linking CXX shared library ../../generated/r5g_autobuilt_modules/comdare_anatomy_perm_auto_1.so
[ 15%] Built target comdare_r5g_autobuilt_perm_1
[ 15%] Building CXX object tests/unit/CMakeFiles/comdare_r5g_autobuilt_perm_12.dir/__/__/generated/r5g_autobuilt_modules/comdare_anatomy_perm_auto_2.cpp.o
[ 15%] Linking CXX shared library ../../generated/r5g_adhoc_modules/comdare_anatomy_perm_r5g_adhoc.so
[ 15%] Built target comdare_r5g_adhoc_perm
[ 16%] Building CXX object tests/unit/CMakeFiles/comdare_r5g_autobuilt_perm_13.dir/__/__/generated/r5g_autobuilt_modules/comdare_anatomy_perm_auto_20.cpp.o
[ 16%] Linking CXX shared library ../../generated/r5g_autobuilt_modules/comdare_anatomy_perm_auto_2.so
[ 16%] Linking CXX shared library ../../generated/r5g_autobuilt_modules/comdare_anatomy_perm_auto_5.so
[ 16%] Built target comdare_r5g_autobuilt_perm_2
[ 16%] Building CXX object tests/unit/CMakeFiles/comdare_r5g_autobuilt_perm_14.dir/__/__/generated/r5g_autobuilt_modules/comdare_anatomy_perm_auto_21.cpp.o
[ 16%] Linking CXX shared library ../../generated/r5g_autobuilt_modules/comdare_anatomy_perm_auto_4.so
[ 16%] Built target comdare_r5g_autobuilt_perm_5
[ 16%] Building CXX object tests/unit/CMakeFiles/comdare_r5g_autobuilt_perm_15.dir/__/__/generated/r5g_autobuilt_modules/comdare_anatomy_perm_auto_22.cpp.o
[ 16%] Built target comdare_r5g_autobuilt_perm_4
[ 16%] Building CXX object tests/unit/CMakeFiles/comdare_r5g_autobuilt_perm_16.dir/__/__/generated/r5g_autobuilt_modules/comdare_anatomy_perm_auto_23.cpp.o
[ 16%] Linking CXX shared library ../../generated/r5g_autobuilt_modules/comdare_anatomy_perm_auto_3.so
[ 16%] Built target comdare_r5g_autobuilt_perm_3
[ 16%] Building CXX object tests/unit/CMakeFiles/comdare_r5g_autobuilt_perm_17.dir/__/__/generated/r5g_autobuilt_modules/comdare_anatomy_perm_auto_24.cpp.o
[ 16%] Linking CXX shared library ../../generated/r5g_autobuilt_modules/comdare_anatomy_perm_auto_6.so
[ 16%] Built target comdare_r5g_autobuilt_perm_6
[ 16%] Building CXX object tests/unit/CMakeFiles/comdare_r5g_autobuilt_perm_18.dir/__/__/generated/r5g_autobuilt_modules/comdare_anatomy_perm_auto_25.cpp.o
[ 16%] Linking CXX shared library ../../generated/r5g_autobuilt_modules/comdare_anatomy_perm_auto_8.so
[ 16%] Built target comdare_r5g_autobuilt_perm_8
[ 16%] Building CXX object tests/unit/CMakeFiles/comdare_r5g_autobuilt_perm_19.dir/__/__/generated/r5g_autobuilt_modules/comdare_anatomy_perm_auto_26.cpp.o
[ 16%] Linking CXX shared library ../../generated/r5g_autobuilt_modules/comdare_anatomy_perm_auto_7.so
[ 16%] Built target comdare_r5g_autobuilt_perm_7
[ 16%] Building CXX object tests/unit/CMakeFiles/comdare_r5g_autobuilt_perm_20.dir/__/__/generated/r5g_autobuilt_modules/comdare_anatomy_perm_auto_27.cpp.o
[ 16%] Linking CXX shared library ../../generated/r5g_autobuilt_modules/comdare_anatomy_perm_auto_9.so
[ 16%] Linking CXX shared library ../../generated/r5g_autobuilt_modules/comdare_anatomy_perm_auto_10.so
[ 16%] Built target comdare_r5g_autobuilt_perm_9
[ 16%] Building CXX object tests/unit/CMakeFiles/comdare_r5g_autobuilt_perm_21.dir/__/__/generated/r5g_autobuilt_modules/comdare_anatomy_perm_auto_28.cpp.o
[ 16%] Built target comdare_r5g_autobuilt_perm_10
[ 16%] Building CXX object tests/unit/CMakeFiles/comdare_r5g_autobuilt_perm_22.dir/__/__/generated/r5g_autobuilt_modules/comdare_anatomy_perm_auto_29.cpp.o
[ 16%] Linking CXX shared library ../../generated/r5g_autobuilt_modules/comdare_anatomy_perm_auto_11.so
[ 16%] Built target comdare_r5g_autobuilt_perm_11
[ 16%] Building CXX object tests/unit/CMakeFiles/comdare_r5g_autobuilt_perm_23.dir/__/__/generated/r5g_autobuilt_modules/comdare_anatomy_perm_auto_3.cpp.o
[ 16%] Linking CXX shared library ../../generated/r5g_autobuilt_modules/comdare_anatomy_perm_auto_12.so
[ 16%] Built target comdare_r5g_autobuilt_perm_12
[ 16%] Building CXX object tests/unit/CMakeFiles/comdare_r5g_autobuilt_perm_24.dir/__/__/generated/r5g_autobuilt_modules/comdare_anatomy_perm_auto_30.cpp.o
[ 16%] Linking CXX shared library ../../generated/r5g_autobuilt_modules/comdare_anatomy_perm_auto_13.so
[ 16%] Built target comdare_r5g_autobuilt_perm_13
[ 16%] Building CXX object tests/unit/CMakeFiles/comdare_r5g_autobuilt_perm_25.dir/__/__/generated/r5g_autobuilt_modules/comdare_anatomy_perm_auto_31.cpp.o
[ 16%] Linking CXX shared library ../../generated/r5g_autobuilt_modules/comdare_anatomy_perm_auto_14.so
[ 16%] Built target comdare_r5g_autobuilt_perm_14
[ 16%] Building CXX object tests/unit/CMakeFiles/comdare_r5g_autobuilt_perm_26.dir/__/__/generated/r5g_autobuilt_modules/comdare_anatomy_perm_auto_32.cpp.o
[ 16%] Linking CXX shared library ../../generated/r5g_autobuilt_modules/comdare_anatomy_perm_auto_17.so
[ 16%] Built target comdare_r5g_autobuilt_perm_17
[ 16%] Building CXX object tests/unit/CMakeFiles/comdare_r5g_autobuilt_perm_27.dir/__/__/generated/r5g_autobuilt_modules/comdare_anatomy_perm_auto_33.cpp.o
[ 16%] Linking CXX shared library ../../generated/r5g_autobuilt_modules/comdare_anatomy_perm_auto_15.so
[ 16%] Built target comdare_r5g_autobuilt_perm_15
[ 16%] Linking CXX shared library ../../generated/r5g_autobuilt_modules/comdare_anatomy_perm_auto_16.so
[ 16%] Building CXX object tests/unit/CMakeFiles/comdare_r5g_autobuilt_perm_28.dir/__/__/generated/r5g_autobuilt_modules/comdare_anatomy_perm_auto_34.cpp.o
[ 16%] Built target comdare_r5g_autobuilt_perm_16
[ 16%] Building CXX object tests/unit/CMakeFiles/comdare_r5g_autobuilt_perm_29.dir/__/__/generated/r5g_autobuilt_modules/comdare_anatomy_perm_auto_35.cpp.o
[ 16%] Linking CXX shared library ../../generated/r5g_autobuilt_modules/comdare_anatomy_perm_auto_18.so
[ 16%] Built target comdare_r5g_autobuilt_perm_18
[ 16%] Building CXX object tests/unit/CMakeFiles/comdare_r5g_autobuilt_perm_30.dir/__/__/generated/r5g_autobuilt_modules/comdare_anatomy_perm_auto_36.cpp.o
[ 16%] Linking CXX shared library ../../generated/r5g_autobuilt_modules/comdare_anatomy_perm_auto_19.so
[ 16%] Built target comdare_r5g_autobuilt_perm_19
[ 17%] Building CXX object tests/unit/CMakeFiles/comdare_r5g_autobuilt_perm_31.dir/__/__/generated/r5g_autobuilt_modules/comdare_anatomy_perm_auto_37.cpp.o
[ 17%] Linking CXX shared library ../../generated/r5g_autobuilt_modules/comdare_anatomy_perm_auto_20.so
[ 17%] Built target comdare_r5g_autobuilt_perm_20
[ 17%] Building CXX object tests/unit/CMakeFiles/comdare_r5g_autobuilt_perm_32.dir/__/__/generated/r5g_autobuilt_modules/comdare_anatomy_perm_auto_38.cpp.o
[ 17%] Linking CXX shared library ../../generated/r5g_autobuilt_modules/comdare_anatomy_perm_auto_21.so
[ 17%] Built target comdare_r5g_autobuilt_perm_21
[ 17%] Building CXX object tests/unit/CMakeFiles/comdare_r5g_autobuilt_perm_33.dir/__/__/generated/r5g_autobuilt_modules/comdare_anatomy_perm_auto_39.cpp.o
[ 17%] Linking CXX shared library ../../generated/r5g_autobuilt_modules/comdare_anatomy_perm_auto_23.so
[ 17%] Linking CXX shared library ../../generated/r5g_autobuilt_modules/comdare_anatomy_perm_auto_22.so
[ 17%] Built target comdare_r5g_autobuilt_perm_23
[ 17%] Building CXX object tests/unit/CMakeFiles/comdare_r5g_autobuilt_perm_34.dir/__/__/generated/r5g_autobuilt_modules/comdare_anatomy_perm_auto_4.cpp.o
[ 17%] Built target comdare_r5g_autobuilt_perm_22
[ 17%] Building CXX object tests/unit/CMakeFiles/comdare_r5g_autobuilt_perm_35.dir/__/__/generated/r5g_autobuilt_modules/comdare_anatomy_perm_auto_40.cpp.o
[ 17%] Linking CXX shared library ../../generated/r5g_autobuilt_modules/comdare_anatomy_perm_auto_24.so
[ 17%] Built target comdare_r5g_autobuilt_perm_24
[ 17%] Building CXX object tests/unit/CMakeFiles/comdare_r5g_autobuilt_perm_36.dir/__/__/generated/r5g_autobuilt_modules/comdare_anatomy_perm_auto_41.cpp.o
[ 17%] Linking CXX shared library ../../generated/r5g_autobuilt_modules/comdare_anatomy_perm_auto_28.so
[ 17%] Linking CXX shared library ../../generated/r5g_autobuilt_modules/comdare_anatomy_perm_auto_26.so
[ 18%] Linking CXX shared library ../../generated/r5g_autobuilt_modules/comdare_anatomy_perm_auto_25.so
[ 18%] Built target comdare_r5g_autobuilt_perm_28
[ 18%] Built target comdare_r5g_autobuilt_perm_26
[ 18%] Building CXX object tests/unit/CMakeFiles/comdare_r5g_autobuilt_perm_37.dir/__/__/generated/r5g_autobuilt_modules/comdare_anatomy_perm_auto_42.cpp.o
[ 18%] Building CXX object tests/unit/CMakeFiles/comdare_r5g_autobuilt_perm_38.dir/__/__/generated/r5g_autobuilt_modules/comdare_anatomy_perm_auto_43.cpp.o
[ 18%] Built target comdare_r5g_autobuilt_perm_25
[ 18%] Building CXX object tests/unit/CMakeFiles/comdare_r5g_autobuilt_perm_39.dir/__/__/generated/r5g_autobuilt_modules/comdare_anatomy_perm_auto_44.cpp.o
[ 18%] Linking CXX shared library ../../generated/r5g_autobuilt_modules/comdare_anatomy_perm_auto_27.so
[ 18%] Built target comdare_r5g_autobuilt_perm_27
[ 18%] Building CXX object tests/unit/CMakeFiles/comdare_r5g_autobuilt_perm_40.dir/__/__/generated/r5g_autobuilt_modules/comdare_anatomy_perm_auto_45.cpp.o
[ 18%] Linking CXX shared library ../../generated/r5g_autobuilt_modules/comdare_anatomy_perm_auto_29.so
[ 18%] Built target comdare_r5g_autobuilt_perm_29
[ 18%] Building CXX object tests/unit/CMakeFiles/comdare_r5g_autobuilt_perm_41.dir/__/__/generated/r5g_autobuilt_modules/comdare_anatomy_perm_auto_46.cpp.o
[ 18%] Linking CXX shared library ../../generated/r5g_autobuilt_modules/comdare_anatomy_perm_auto_30.so
[ 18%] Built target comdare_r5g_autobuilt_perm_30
[ 18%] Building CXX object tests/unit/CMakeFiles/comdare_r5g_autobuilt_perm_42.dir/__/__/generated/r5g_autobuilt_modules/comdare_anatomy_perm_auto_47.cpp.o
[ 18%] Linking CXX shared library ../../generated/r5g_autobuilt_modules/comdare_anatomy_perm_auto_31.so
[ 18%] Built target comdare_r5g_autobuilt_perm_31
[ 19%] Building CXX object tests/unit/CMakeFiles/comdare_r5g_autobuilt_perm_43.dir/__/__/generated/r5g_autobuilt_modules/comdare_anatomy_perm_auto_5.cpp.o
[ 19%] Linking CXX shared library ../../generated/r5g_autobuilt_modules/comdare_anatomy_perm_auto_34.so
[ 19%] Built target comdare_r5g_autobuilt_perm_34
[ 19%] Building CXX object tests/unit/CMakeFiles/comdare_r5g_autobuilt_perm_44.dir/__/__/generated/r5g_autobuilt_modules/comdare_anatomy_perm_auto_6.cpp.o
[ 19%] Linking CXX shared library ../../generated/r5g_autobuilt_modules/comdare_anatomy_perm_auto_33.so
[ 19%] Linking CXX shared library ../../generated/r5g_autobuilt_modules/comdare_anatomy_perm_auto_32.so
[ 19%] Built target comdare_r5g_autobuilt_perm_33
[ 19%] Building CXX object tests/unit/CMakeFiles/comdare_r5g_autobuilt_perm_45.dir/__/__/generated/r5g_autobuilt_modules/comdare_anatomy_perm_auto_7.cpp.o
[ 19%] Built target comdare_r5g_autobuilt_perm_32
[ 19%] Building CXX object tests/unit/CMakeFiles/comdare_r5g_autobuilt_perm_46.dir/__/__/generated/r5g_autobuilt_modules/comdare_anatomy_perm_auto_8.cpp.o
[ 19%] Linking CXX shared library ../../generated/r5g_autobuilt_modules/comdare_anatomy_perm_auto_35.so
[ 19%] Built target comdare_r5g_autobuilt_perm_35
[ 19%] Building CXX object tests/unit/CMakeFiles/comdare_r5g_autobuilt_perm_47.dir/__/__/generated/r5g_autobuilt_modules/comdare_anatomy_perm_auto_9.cpp.o
[ 19%] Linking CXX shared library ../../generated/r5g_autobuilt_modules/comdare_anatomy_perm_auto_36.so
[ 19%] Built target comdare_r5g_autobuilt_perm_36
[ 19%] Built target test_d1_d2_selection
[ 19%] Built target test_d3_ceb_generator
[ 19%] Built target test_d7_build_variant
[ 19%] Built target test_d7a_build_inspection
[ 19%] Built target test_d7b_definition_per_node
[ 20%] Built target test_d8_operability
[ 20%] Built target test_d9_set
[ 20%] Built target test_d9_set_adapter
[ 20%] Built target test_d10_sequence
[ 20%] Built target test_d11_view
[ 20%] Built target test_genus_docks
[ 20%] Built target test_d12_virus
[ 20%] Built target test_d13_runtime_measure
[ 21%] Built target test_d14_result_ingest
[ 21%] Built target test_d14b_perm_runner
[ 21%] Built target test_a1_load_profile_opmix
[ 21%] Built target test_d14c_e2e_pipeline
[ 21%] Built target test_d15_selection_filter_chain
[ 21%] Built target test_cmd2_container_attribution
[ 21%] Built target test_allocator_profile_bestand
[ 21%] Built target test_container_genus
[ 21%] Built target test_container_dock
[ 21%] Built target test_d_v42_probe
[ 22%] Built target test_d_v42_probe2
[ 22%] Built target test_d_v42_telemetry_observable
[ 22%] Built target test_d_v42_memory_layout_observable
[ 22%] Built target test_d_v42_serialization_observable
[ 22%] Built target test_d_v42_node_type_observable
[ 22%] Built target test_d_v42_telemetry_registry_observable
[ 23%] Built target test_genus_permutation_engines
[ 23%] Built target test_axis_growth_policies
[ 23%] Built target test_axis_view_policies
[ 23%] Built target test_e24_c0_organ_concept
[ 24%] Built target test_e24_c1_organ_concept
[ 24%] Built target test_e24_c2_set_permutation_engine
[ 24%] Built target test_e24_c2_sequence_permutation_engine
[ 24%] Built target test_e24_c2_view_permutation_engine
[ 24%] Built target test_e24_c2_adapter_permutation_engine
[ 24%] Built target test_e24_c3_set_anatomy
[ 25%] Linking CXX shared library ../../generated/r5g_autobuilt_modules/comdare_anatomy_perm_auto_37.so
[ 25%] Built target test_e24_c3_sequence_anatomy
[ 25%] Built target test_e24_c3_view_anatomy
[ 25%] Built target test_e24_c3_adapter_anatomy
[ 26%] Built target test_e24_c3_cross_genus
[ 26%] Built target test_e24_c4_genus_conformance_gates
[ 26%] Built target comdare_r5g_autobuilt_perm_37
[ 26%] Building CXX object tests/unit/CMakeFiles/test_e24_c5_fk8_genus_baupfad_d1.dir/test_e24_c5_fk8_genus_baupfad_d1.cpp.o
[ 26%] Built target test_a8s3_sa_organ_member_vollstaendigkeit
[ 26%] Linking CXX shared library ../../generated/r5g_autobuilt_modules/comdare_anatomy_perm_auto_39.so
[ 26%] Built target comdare_axis_version_lock
[ 26%] Built target test_e24_c6v_growth_statistics
[ 26%] Linking CXX shared library ../../generated/r5g_autobuilt_modules/comdare_anatomy_perm_auto_38.so
[ 26%] Built target test_e24_c6v_view_statistics
[ 26%] Built target test_e24_c6v_inner_container_statistics
[ 26%] Built target test_e24_c6v_set_ehrlichkeit
[ 26%] Built target comdare_r5g_autobuilt_perm_39
[ 26%] Linking CXX shared library ../../generated/r5g_autobuilt_modules/comdare_anatomy_perm_auto_40.so
[ 26%] Built target test_e24_c6_genus_observer_aggregate
[ 26%] Built target test_e24_c6_axis_row_writer
[ 26%] Built target test_e24_c6_set_wire_aggregate
[ 26%] Built target test_e24_c6_sequence_wire_aggregate
[ 26%] Built target test_e24_c6_adapter_wire_aggregate
[ 26%] Built target comdare_r5g_autobuilt_perm_38
[ 26%] Built target test_e24_c6_view_wire_aggregate
[ 27%] Built target test_e24_c6_set_algebra_abi
[ 27%] Built target test_e24_c7_gattung_map_umbenennung
[ 27%] Built target test_e24_c7_element_type_vertrag
[ 28%] Built target test_e24_c7_container_gattungs_kern
[ 28%] Built target test_e24_c7_gattung_abi_sichtbar
[ 28%] Built target test_e24_c7_symmetrie_und_benennung
[ 28%] Built target comdare_r5g_autobuilt_perm_40
[ 29%] Built target test_e24_c4_genus_pruef_docks
[ 29%] Built target test_e24_c5_fk7_dock_fehlerklassen
[ 29%] Built target test_migration_two_tier
[ 29%] Built target test_filter_real_from_keys
[ 29%] Building CXX object tests/unit/CMakeFiles/test_seg_coverage.dir/test_seg_coverage.cpp.o
[ 29%] Built target test_patricia_real
[ 30%] Built target test_value_handle_real
[ 30%] Built target test_prefetch_real
[ 30%] Built target test_prefetch_adversarial_verify
[ 30%] Building CXX object tests/unit/CMakeFiles/test_a8s1_t17_vollzaehligkeit.dir/test_a8s1_t17_vollzaehligkeit.cpp.o
[ 30%] Built target test_prefetch_patha_t7
[ 30%] Building CXX object tests/unit/CMakeFiles/test_a8s3_t17_stats_lesezeitpunkt.dir/test_a8s3_t17_stats_lesezeitpunkt.cpp.o
[ 30%] Built target test_s5_04_execution_alloc_conformance
[ 31%] Built target test_s5_04_execution_perf_sanity
[ 31%] Built target test_s5_03_placement_alloc_conformance
[ 31%] Built target test_s5_03_placement_perf_sanity
[ 31%] Built target test_s5_01d_traversal_alloc_conformance
[ 31%] Built target test_s5_01d_traversal_perf_sanity
[ 31%] Built target test_s5_02a_layout_alloc_conformance
[ 32%] Built target test_s5_02a_layout_perf_sanity
[ 32%] Built target test_s5_01a_pool_stores_alloc_conformance
[ 33%] Building CXX object tests/unit/CMakeFiles/test_s5_01a_pool_stores_perf_sanity.dir/test_s5_01a_pool_stores_perf_sanity.cpp.o
[ 33%] Linking CXX shared library ../../generated/r5g_autobuilt_modules/comdare_anatomy_perm_auto_41.so
[ 33%] Built target comdare_r5g_autobuilt_perm_41
[ 33%] Built target test_s5_02b_filter_alloc_conformance
[ 33%] Built target test_s5_02b_filter_perf_sanity
[ 33%] Built target test_s5_01b_composable_alloc_conformance
[ 33%] Built target test_s5_01b_composable_perf_sanity
[ 33%] Built target test_s5_01c_fassaden_conformance
[ 33%] Built target test_s5_05q_queuing_alloc_conformance
[ 33%] Built target test_s5_05q_queuing_perf_sanity
[ 33%] Built target test_h64_allocator_adapter_failure_contract
[ 33%] Built target test_h81_allocator_statistics_forwarder_recursion
[ 33%] Built target test_a1_wurf_vertrag_allokator_store
[ 33%] Built target test_cow_memento
[ 34%] Built target test_cuckoo_eviction_correctness
[ 34%] Built target test_hash_lookup_backward_shift
[ 34%] Built target test_scalloc_realloc_alignment
[ 34%] Built target test_br1_full22_count
[ 35%] Built target test_br1_subset
[ 35%] Built target test_br2_descriptor_foundation
[ 35%] Built target test_br2_roundtrip
[ 35%] Built target test_br3_obs22
[ 35%] Built target test_br_kf15_real
[ 35%] Built target test_clu_per_layout
[ 35%] Built target test_cow_capable_wrappers
[ 35%] Built target test_d4b_container_adapter
[ 35%] Built target test_genus_binding
[ 35%] Built target test_genus_organ_binding
[ 35%] Built target test_kf4_resource_control
[ 35%] Built target test_kf5_cacheline_weave
[ 35%] Built target test_kf6_node_run_body
[ 36%] Built target test_kf7_runtime_loop
[ 36%] Built target test_kf8_ceb_generator
[ 36%] Built target test_kf9_experiment_tree
[ 36%] Built target test_kf10_repetition_plan
[ 36%] Built target test_kf11_telemetry_silent
[ 36%] Built target test_kf12_kf13_slurm_prepare
[ 36%] Built target test_kf15_inverse_signature
[ 36%] Built target test_kf16_build_orchestrator
[ 37%] Built target test_kf16b_build_resilience
[ 38%] Built target test_w6_parallel_provision
[ 38%] Built target test_w11_async_push_pump
[ 38%] Built target test_s5_artifact_cache_bounded
[ 38%] Built target test_s1_cache_key_prefix
[ 38%] Linking CXX shared library ../../generated/r5g_autobuilt_modules/comdare_anatomy_perm_auto_42.so
[ 38%] Building CXX object tests/unit/CMakeFiles/test_e24_c10_g6_identitaets_bilanz.dir/test_e24_c10_g6_identitaets_bilanz.cpp.o
[ 38%] Built target comdare_r5g_autobuilt_perm_42
[ 38%] Built target test_s2_pull_tier_binary
[ 38%] Built target test_45_parallel_measure_loop
[ 38%] Built target test_cache_mc_timeout
[ 38%] Built target test_r2_suffix_wachen
[ 38%] Building CXX object tests/unit/CMakeFiles/test_w10_c4_zellwert_naht.dir/test_w10_c4_zellwert_naht.cpp.o
[ 38%] Linking CXX executable test_e24_c5_fk8_genus_baupfad_d1
[ 38%] Built target test_e24_c5_fk8_genus_baupfad_d1
[ 38%] Built target test_e24_c9_fk5_fehlerraum
[ 38%] Built target test_a15_fk3_axis_error_traits
[ 38%] Built target test_a15_fk4_organ_slot_traits
[ 38%] Built target test_fk6_algo_error_classes
[ 38%] Built target test_resthygiene2_organ_fingerprint
[ 38%] Building CXX object tests/unit/CMakeFiles/test_all19_segment_timer.dir/test_all19_segment_timer.cpp.o
[ 38%] Linking CXX shared library ../../generated/r5g_autobuilt_modules/comdare_anatomy_perm_auto_43.so
[ 38%] Built target comdare_r5g_autobuilt_perm_43
[ 38%] Building CXX object tests/unit/CMakeFiles/test_m8_storetrav_segment.dir/test_m8_storetrav_segment.cpp.o
[ 38%] Linking CXX shared library ../../generated/r5g_autobuilt_modules/comdare_anatomy_perm_auto_45.so
[ 38%] Built target comdare_r5g_autobuilt_perm_45
[ 38%] Built target test_br3_observer
[ 38%] Built target test_obs_phaseB_t11_t12_iso
[ 38%] Built target test_obs_phaseB_t14_t16
[ 38%] Linking CXX shared library ../../generated/r5g_autobuilt_modules/comdare_anatomy_perm_auto_44.so
[ 38%] Built target test_pathb_segment_timer
[ 38%] Built target test_segment_timer_differentiation
[ 38%] Building CXX object tests/unit/CMakeFiles/test_obs_phaseA.dir/test_obs_phaseA.cpp.o
[ 38%] Built target comdare_r5g_autobuilt_perm_44
[ 38%] Building CXX object tests/unit/CMakeFiles/test_obs_phaseB_pilot.dir/test_obs_phaseB_pilot.cpp.o
[ 38%] Linking CXX shared library ../../generated/r5g_autobuilt_modules/comdare_anatomy_perm_auto_46.so
[ 38%] Linking CXX shared library ../../generated/r5g_autobuilt_modules/comdare_anatomy_perm_auto_47.so
[ 38%] Built target comdare_r5g_autobuilt_perm_46
[ 38%] Built target test_obs_phaseB_t11_t12
[ 38%] Built target test_d_v42_abi_telemetry_coupling
[ 38%] Building CXX object tests/unit/CMakeFiles/test_a8s4_konstitutiv_kette.dir/test_a8s4_konstitutiv_kette.cpp.o
[ 38%] Built target comdare_r5g_autobuilt_perm_47
[ 38%] Building CXX object tests/unit/CMakeFiles/test_a8s4_release_pfad_neutralitaet.dir/test_a8s4_release_pfad_neutralitaet.cpp.o
[ 39%] Linking CXX executable test_w10_c4_zellwert_naht
[ 39%] Built target test_w10_c4_zellwert_naht
[ 39%] Built target test_kf1_thesis_profile_parser
[ 39%] Built target test_q1_lockfree_concurrency
[ 39%] Built target test_v5_io_real_fixture
[ 39%] Built target test_winsorized_mean
[ 40%] Built target test_conformance_gate
[ 40%] Building CXX object tests/unit/CMakeFiles/test_188_4bbV_pool_adapter_flip_compile.dir/test_188_4bbV_pool_adapter_flip_compile.cpp.o
[ 40%] Linking CXX executable test_s5_01a_pool_stores_perf_sanity
[ 40%] Built target test_s5_01a_pool_stores_perf_sanity
[ 40%] Building CXX object tests/unit/CMakeFiles/test_phase_b_effective_search_algo_contrast.dir/test_phase_b_effective_search_algo_contrast.cpp.o
[ 40%] Linking CXX executable test_a8s3_t17_stats_lesezeitpunkt
[ 41%] Linking CXX executable test_a8s1_t17_vollzaehligkeit
[ 41%] Built target test_a8s3_t17_stats_lesezeitpunkt
[ 41%] Building CXX object tests/unit/CMakeFiles/m3v2_pmc_smoke.dir/thesis_tiere/m3v2_pmc_smoke.cpp.o
[ 41%] Built target test_a8s1_t17_vollzaehligkeit
[ 41%] Building CXX object tests/unit/CMakeFiles/test_harness_compile.dir/test_harness_compile.cpp.o
[ 41%] Linking CXX executable test_m8_storetrav_segment
[ 41%] Built target test_m8_storetrav_segment
[ 41%] Building CXX object tests/unit/CMakeFiles/test_tp1_planer_filter_iterator.dir/test_tp1_planer_filter_iterator.cpp.o
[ 41%] Linking CXX executable test_a8s4_release_pfad_neutralitaet
[ 41%] Built target test_a8s4_release_pfad_neutralitaet
[ 41%] Building CXX object tests/unit/CMakeFiles/test_a5_eta_slice_verdrahtung.dir/test_a5_eta_slice_verdrahtung.cpp.o
[ 41%] Linking CXX executable test_a8s4_konstitutiv_kette
[ 41%] Built target test_a8s4_konstitutiv_kette
[ 41%] Building CXX object tests/unit/CMakeFiles/test_f3_lager_key_provider_iterator.dir/test_f3_lager_key_provider_iterator.cpp.o
[ 41%] Linking CXX executable test_seg_coverage
[ 41%] Built target test_seg_coverage
[ 42%] Building CXX object tests/unit/CMakeFiles/test_b3_schema_freeze_stufe1.dir/test_b3_schema_freeze_stufe1.cpp.o
[ 42%] Linking CXX executable test_e24_c10_g6_identitaets_bilanz
[ 42%] Built target test_e24_c10_g6_identitaets_bilanz
[ 42%] Building CXX object tests/unit/CMakeFiles/test_lazy_resume_binary.dir/test_lazy_resume_binary.cpp.o
[ 42%] Linking CXX executable test_obs_phaseA
[ 42%] Built target test_obs_phaseA
[ 42%] Building CXX object tests/unit/CMakeFiles/test_w5_status_reader.dir/test_w5_status_reader.cpp.o
[ 43%] Linking CXX executable test_obs_phaseB_pilot
[ 43%] Built target test_obs_phaseB_pilot
[ 43%] Built target test_experiment_dock_payload
[ 43%] Built target test_progress_delta
[ 43%] Built target test_gn_cell_filter
[ 43%] Built target linux_perf_pmc_smoke
[ 43%] Built target test_dgenus_dll
[ 43%] Built target test_e24_c10_genus_dll_roundtrip
[ 43%] Built target test_e24_c10_g5_lade_wache
[ 43%] Built target test_buildvariant_dll
[ 43%] Built target test_d4b_container_dll
[ 43%] Built target test_ap5_simd_extension_coherence
[ 43%] Building CXX object tests/unit/CMakeFiles/perm_adhoc_buildvariant.dir/genus_adhoc_buildvariant.cpp.o
[ 43%] Linking CXX executable test_phase_b_effective_search_algo_contrast
[ 43%] Built target test_phase_b_effective_search_algo_contrast
[ 43%] Built target test_w3_mess_interface_testate_biss
[ 43%] Built target test_cacheline_policy_selector
[ 43%] Built target test_load_profile_writer
[ 43%] Built target test_kf3_cacheline_subaxis
[ 43%] Built target test_ff2_node_width_subaxis
[ 44%] Built target test_fb_alloc_hw_subaxis
[ 44%] Built target test_best_binary_selector_parse_rank
[ 44%] Built target test_hybrid_spline_selector_scaffold
[ 44%] Built target test_e4_contract_xml_to_axislevels
[ 45%] Built target test_a9b_active_deklaration_inert
[ 45%] Built target test_t1_system_achsen_eine_entscheidung
[ 45%] Built target test_e3_contract_conformance_gate_wirksam
[ 45%] Built target test_e3_contract_binary_id_bijektion
[ 46%] Built target test_e2_contract_abi_vertrag
[ 46%] Building CXX object tests/unit/CMakeFiles/test_m1_mess_achsen_wirkung.dir/test_m1_mess_achsen_wirkung.cpp.o
[ 47%] Linking CXX executable m3v2_pmc_smoke
[ 47%] Built target m3v2_pmc_smoke
[ 47%] Building CXX object tests/unit/CMakeFiles/r3_biss_modul_gates_an.dir/r3_mess_gate_stamp_module.cpp.o
[ 47%] Linking CXX executable test_harness_compile
[ 47%] Built target test_harness_compile
[ 47%] Building CXX object tests/unit/CMakeFiles/r3_biss_modul_gates_aus.dir/r3_mess_gate_stamp_module.cpp.o
[ 47%] Linking CXX executable test_m1_mess_achsen_wirkung
[ 47%] Built target test_m1_mess_achsen_wirkung
[ 47%] Building CXX object tests/unit/CMakeFiles/test_b2_mess_gate_trennung.dir/test_b2_mess_gate_trennung.cpp.o
[ 47%] Linking CXX executable test_b3_schema_freeze_stufe1
[ 47%] Built target test_b3_schema_freeze_stufe1
[ 47%] Building CXX object tests/unit/CMakeFiles/test_b2_gate_zustand_g2an_g3aus.dir/test_b2_gate_zustand_g2an_g3aus.cpp.o
[ 48%] Linking CXX executable test_lazy_resume_binary
[ 48%] Built target test_lazy_resume_binary
[ 48%] Building CXX object tests/unit/CMakeFiles/test_b5_pmc_ehrlichkeit_alle_sieben.dir/test_b5_pmc_ehrlichkeit_alle_sieben.cpp.o
[ 48%] Linking CXX executable test_188_4bbV_pool_adapter_flip_compile
[ 49%] Linking CXX shared library ../../generated/r3_biss_modules/libr3_biss_modul_gates_an.so
[ 49%] Linking CXX executable test_b2_mess_gate_trennung
[ 49%] Built target r3_biss_modul_gates_an
[ 49%] Built target test_b2_mess_gate_trennung
[ 50%] Building CXX object tests/unit/CMakeFiles/test_m1h_stufen_und_pmc_wache.dir/test_m1h_stufen_und_pmc_wache.cpp.o
[ 50%] Built target test_parser_konsolidierung
[ 51%] Built target test_phase6_vorbau
[ 52%] Built target test_simd_field_sum_dispatch
[ 52%] Built target test_188_4bbV_pool_adapter_flip_compile
[ 52%] Built target test_simd_field_sum_dispatch_avx2
[ 52%] Built target test_simd_field_sum_dispatch_avx512
[ 52%] Building CXX object tests/unit/CMakeFiles/test_fk1_nicht_gebaut_marker.dir/test_fk1_nicht_gebaut_marker.cpp.o
[ 52%] Building CXX object tests/unit/CMakeFiles/test_a8s3_csv_klasse_c.dir/test_a8s3_csv_klasse_c.cpp.o
[ 52%] Linking CXX executable test_a5_eta_slice_verdrahtung
[ 52%] Built target test_a5_eta_slice_verdrahtung
[ 52%] Building CXX object tests/unit/CMakeFiles/test_rf2_admission_marker_inert.dir/test_rf2_admission_marker_inert.cpp.o
[ 52%] Linking CXX shared library ../../generated/r3_biss_modules/libr3_biss_modul_gates_aus.so
[ 52%] Built target r3_biss_modul_gates_aus
[ 52%] Building CXX object tests/unit/CMakeFiles/test_m1hb_observer_zellen_ehrlich.dir/test_m1hb_observer_zellen_ehrlich.cpp.o
[ 52%] Linking CXX shared library ../../generated/goalv6_dll_modules/libperm_adhoc_buildvariant.so
[ 53%] Linking CXX executable test_all19_segment_timer
[ 53%] Built target perm_adhoc_buildvariant
[ 54%] Built target test_e04_slice_marker
[ 55%] Built target test_p_cacheline_store_line_source
[ 55%] Built target test_b14_layout_scan_line_subaxis
[ 55%] Built target test_ms1_arenen_kein_alloc_im_fenster
[ 56%] Built target test_ms2_pre_touch_seitenfehler
[ 56%] Building CXX object tests/unit/CMakeFiles/test_ck1_messkette_koeder.dir/test_ck1_messkette_koeder.cpp.o
[ 56%] Built target test_all19_segment_timer
[ 56%] Built target test_check_size_mengenrechnung
[ 56%] Building CXX object tests/unit/CMakeFiles/naht1_modul_mess_an.dir/naht1_visitor_module.cpp.o
[ 56%] Linking CXX executable test_m1h_stufen_und_pmc_wache
[ 56%] Built target test_m1h_stufen_und_pmc_wache
[ 56%] Building CXX object tests/unit/CMakeFiles/naht1_modul_mess_aus.dir/naht1_visitor_module.cpp.o
[ 56%] Linking CXX executable test_w5_status_reader
[ 56%] Built target test_w5_status_reader
[ 56%] Building CXX object _deps/googletest-build/googlemock/CMakeFiles/gmock.dir/src/gmock-all.cc.o
[ 56%] Linking CXX executable test_ck1_messkette_koeder
[ 56%] Linking CXX executable test_f3_lager_key_provider_iterator
[ 56%] Built target test_ck1_messkette_koeder
[ 56%] Building CXX object _deps/googletest-build/googletest/CMakeFiles/gtest_main.dir/src/gtest_main.cc.o
[ 56%] Built target test_f3_lager_key_provider_iterator
[ 56%] Building CXX object apps/cache_engine_builder/CMakeFiles/cache_engine_builder.dir/main.cpp.o
[ 56%] Linking CXX executable test_tp1_planer_filter_iterator
[ 56%] Built target test_tp1_planer_filter_iterator
[ 56%] Built target comdare_anatomy_codegen_cli
[ 56%] Built target comdare_limits_generated_source_catalog
[ 57%] Built target test_s14_axis_version_lock_tripwire
[ 57%] Building CXX object tests/unit/CMakeFiles/test_t2a_f4_facade_plan_durchreichung.dir/test_t2a_f4_facade_plan_durchreichung.cpp.o
[ 57%] Linking CXX executable test_b5_pmc_ehrlichkeit_alle_sieben
[ 57%] Built target test_b5_pmc_ehrlichkeit_alle_sieben
[ 57%] Building CXX object tests/unit/CMakeFiles/test_lagp2_messwert_genus.dir/test_lagp2_messwert_genus.cpp.o
[ 57%] Linking CXX static library ../../../lib/libgmock.a
[ 57%] Linking CXX static library ../../../lib/libgtest_main.a
[ 57%] Built target gmock
[ 57%] Built target gtest_main
[ 57%] Built target test_adhoc_buildvariant_dll
[ 57%] Built target test_d13_dll_runtime_measure
[ 57%] Built target test_w3_mess_interface_testate_dock
[ 57%] Building CXX object tests/unit/CMakeFiles/test_m_contract_system_axis_wurzel.dir/test_m_contract_system_axis_wurzel.cpp.o
[ 57%] Building CXX object tests/unit/CMakeFiles/test_m_simd_feature_flag_catalog.dir/test_m_simd_feature_flag_catalog.cpp.o
[ 57%] Linking CXX executable test_a8s3_csv_klasse_c
[ 57%] Built target test_a8s3_csv_klasse_c
[ 57%] Building CXX object tests/unit/CMakeFiles/test_p1_spd_ddr5_parser.dir/test_p1_spd_ddr5_parser.cpp.o
[ 57%] Linking CXX executable test_fk1_nicht_gebaut_marker
[ 57%] Linking CXX shared library ../../generated/naht1_modules_an/comdare_anatomy_perm_naht1_an.so
[ 57%] Built target test_fk1_nicht_gebaut_marker
[ 57%] Building CXX object tests/unit/CMakeFiles/test_p2_ram_probe_chain.dir/test_p2_ram_probe_chain.cpp.o
[ 57%] Built target naht1_modul_mess_an
[ 57%] Building CXX object tests/unit/CMakeFiles/test_p2_ram_identity_verdict.dir/test_p2_ram_identity_verdict.cpp.o
[ 57%] Linking CXX shared library ../../generated/naht1_modules_aus/comdare_anatomy_perm_naht1_aus.so
[ 57%] Built target naht1_modul_mess_aus
[ 57%] Building CXX object tests/unit/CMakeFiles/test_os_u3_probe.dir/test_os_u3_probe.cpp.o
[ 57%] Linking CXX executable comdare-cache-engine-builder
[ 57%] Linking CXX executable test_m1hb_observer_zellen_ehrlich
[ 57%] Built target cache_engine_builder
[ 57%] Building CXX object tests/unit/CMakeFiles/test_od10_numa_page_probe.dir/test_od10_numa_page_probe.cpp.o
[ 57%] Built target test_m1hb_observer_zellen_ehrlich
[ 57%] Building CXX object tests/unit/CMakeFiles/test_od11_numa_cpu_pin_process_probe.dir/test_od11_numa_cpu_pin_process_probe.cpp.o
[ 57%] Linking CXX executable test_rf2_admission_marker_inert
[ 57%] Built target test_rf2_admission_marker_inert
[ 57%] Building CXX object tests/unit/CMakeFiles/test_p3_boot_cache_dmi.dir/test_p3_boot_cache_dmi.cpp.o
[ 57%] Linking CXX executable test_b2_gate_zustand_g2an_g3aus
[ 57%] Built target test_b2_gate_zustand_g2an_g3aus
[ 57%] Building CXX object tests/unit/CMakeFiles/test_o4_machine_identity.dir/test_o4_machine_identity.cpp.o
[ 57%] Linking CXX executable test_m_simd_feature_flag_catalog
[ 57%] Built target test_m_simd_feature_flag_catalog
[ 57%] Building CXX object tests/unit/CMakeFiles/test_c3a_gate_scharfschaltung.dir/test_c3a_gate_scharfschaltung.cpp.o
[ 57%] Linking CXX executable test_m_contract_system_axis_wurzel
[ 57%] Linking CXX executable test_p1_spd_ddr5_parser
[ 57%] Built target test_m_contract_system_axis_wurzel
[ 57%] Building CXX object tests/unit/CMakeFiles/test_c3b_kanal_merge_beleg.dir/test_c3b_kanal_merge_beleg.cpp.o
[ 57%] Built target test_p1_spd_ddr5_parser
[ 57%] Building CXX object tests/unit/CMakeFiles/test_m_w12_stamp_bausteine.dir/test_m_w12_stamp_bausteine.cpp.o
[ 57%] Linking CXX executable test_p2_ram_identity_verdict
[ 57%] Built target test_p2_ram_identity_verdict
[ 57%] Building CXX object tests/unit/CMakeFiles/test_d4_ceb_schluessel_wahl.dir/test_d4_ceb_schluessel_wahl.cpp.o
[ 57%] Linking CXX executable test_o4_machine_identity
[ 57%] Built target test_o4_machine_identity
[ 57%] Building CXX object tests/unit/CMakeFiles/test_d2_mess_konsistenz_gate.dir/test_d2_mess_konsistenz_gate.cpp.o
[ 57%] Linking CXX executable test_os_u3_probe
[ 57%] Built target test_os_u3_probe
[ 57%] Building CXX object tests/unit/CMakeFiles/test_w10_system_cell_values.dir/test_w10_system_cell_values.cpp.o
[ 57%] Linking CXX executable test_c3a_gate_scharfschaltung
[ 57%] Built target test_c3a_gate_scharfschaltung
[ 57%] Building CXX object tests/unit/CMakeFiles/test_g1_binary_version_stamp.dir/test_g1_binary_version_stamp.cpp.o
[ 57%] Linking CXX executable test_p2_ram_probe_chain
[ 57%] Linking CXX executable test_c3b_kanal_merge_beleg
[ 57%] Linking CXX executable test_p3_boot_cache_dmi
[ 57%] Built target test_p2_ram_probe_chain
[ 57%] Building CXX object tests/unit/CMakeFiles/test_progress_heartbeat.dir/test_progress_heartbeat.cpp.o
[ 57%] Built target test_c3b_kanal_merge_beleg
[ 57%] Building CXX object tests/unit/CMakeFiles/test_limits_entkopplung_vorstufe.dir/test_limits_entkopplung_vorstufe.cpp.o
[ 57%] Built target test_p3_boot_cache_dmi
[ 57%] Building CXX object tests/unit/CMakeFiles/test_lazy_adhoc_source_gen.dir/test_lazy_adhoc_source_gen.cpp.o
[ 57%] Linking CXX executable test_od10_numa_page_probe
[ 57%] Built target test_od10_numa_page_probe
[ 57%] Building CXX object tests/unit/CMakeFiles/test_lagz1_lager_schluessel_simd.dir/test_lagz1_lager_schluessel_simd.cpp.o
[ 57%] Linking CXX executable test_od11_numa_cpu_pin_process_probe
[ 57%] Built target test_od11_numa_cpu_pin_process_probe
[ 57%] Building CXX object tests/unit/CMakeFiles/test_w2_combo_ct_stamp.dir/test_w2_combo_ct_stamp.cpp.o
[ 57%] Linking CXX executable test_d4_ceb_schluessel_wahl
[ 57%] Linking CXX executable test_progress_heartbeat
[ 57%] Built target test_d4_ceb_schluessel_wahl
[ 57%] Building CXX object tests/unit/CMakeFiles/test_b3_wallclock_erbe_ct.dir/test_b3_wallclock_erbe_ct.cpp.o
[ 57%] Built target test_progress_heartbeat
[ 57%] Built target test_r3_mess_gate_fingerprint_biss
[ 57%] Building CXX object tests/unit/CMakeFiles/test_r3_mess_gates_spiegel.dir/test_r3_mess_gates_spiegel.cpp.o
[ 57%] Linking CXX executable test_g1_binary_version_stamp
[ 57%] Built target test_g1_binary_version_stamp
[ 57%] Building CXX object tests/unit/CMakeFiles/test_simd_add_u64_carry.dir/test_simd_add_u64_carry.cpp.o
[ 57%] Linking CXX executable test_m_w12_stamp_bausteine
[ 57%] Built target test_m_w12_stamp_bausteine
[ 57%] Building CXX object tests/unit/CMakeFiles/test_simd_add_u64_carry_avx2.dir/test_simd_add_u64_carry.cpp.o
[ 57%] Linking CXX executable test_r3_mess_gates_spiegel
[ 57%] Built target test_r3_mess_gates_spiegel
[ 57%] Linking CXX executable test_d2_mess_konsistenz_gate
[ 57%] Linking CXX executable test_simd_add_u64_carry
[ 57%] Building CXX object tests/unit/CMakeFiles/test_simd_add_u64_carry_avx512.dir/test_simd_add_u64_carry.cpp.o
[ 57%] Linking CXX executable test_w10_system_cell_values
[ 57%] Built target test_simd_add_u64_carry
[ 57%] Built target test_d2_mess_konsistenz_gate
[ 58%] Building CXX object tests/unit/CMakeFiles/test_reflect_versions_all17.dir/test_reflect_versions_all17.cpp.o
[ 58%] Building CXX object tests/unit/CMakeFiles/test_a1_algo_version_pin_alloc_axis.dir/test_a1_algo_version_pin_alloc_axis.cpp.o
[ 58%] Built target test_w10_system_cell_values
[ 58%] Building CXX object tests/unit/CMakeFiles/test_reflect_versions_all_registered.dir/test_reflect_versions_all_registered.cpp.o
[ 58%] Linking CXX executable test_simd_add_u64_carry_avx2
[ 58%] Built target test_simd_add_u64_carry_avx2
[ 58%] Building CXX object tests/unit/CMakeFiles/test_planner_version_flag_grammatik.dir/test_planner_version_flag_grammatik.cpp.o
[ 58%] Linking CXX executable test_simd_add_u64_carry_avx512
[ 58%] Built target test_simd_add_u64_carry_avx512
[ 58%] Building CXX object tests/unit/CMakeFiles/test_g3_bestandslog_document.dir/test_g3_bestandslog_document.cpp.o
[ 58%] Linking CXX executable test_planner_version_flag_grammatik
[ 58%] Built target test_planner_version_flag_grammatik
[ 58%] Building CXX object tests/unit/CMakeFiles/test_g3_bestandslog_lock.dir/test_g3_bestandslog_lock.cpp.o
[ 58%] Linking CXX executable test_lagp2_messwert_genus
[ 58%] Built target test_lagp2_messwert_genus
[ 58%] Building CXX object tests/unit/CMakeFiles/test_g3_eta_estimator.dir/test_g3_eta_estimator.cpp.o
[ 58%] Linking CXX executable test_g3_bestandslog_document
[ 58%] Built target test_g3_bestandslog_document
[ 58%] Building CXX object tests/unit/CMakeFiles/test_g3_reservation_lifecycle.dir/test_g3_reservation_lifecycle.cpp.o
[ 58%] Linking CXX executable test_w2_combo_ct_stamp
[ 58%] Linking CXX executable test_reflect_versions_all_registered
[ 58%] Built target test_w2_combo_ct_stamp
[ 58%] Building CXX object tests/unit/CMakeFiles/test_a5_eta_kalibrierung.dir/test_a5_eta_kalibrierung.cpp.o
[ 58%] Built target test_reflect_versions_all_registered
[ 58%] Building CXX object tests/unit/CMakeFiles/test_g3_batch_planner.dir/test_g3_batch_planner.cpp.o
[ 58%] Linking CXX executable test_a1_algo_version_pin_alloc_axis
[ 58%] Linking CXX executable test_reflect_versions_all17
[ 58%] Built target test_a1_algo_version_pin_alloc_axis
[ 58%] Building CXX object tests/unit/CMakeFiles/test_g3_ram_spool_writer.dir/test_g3_ram_spool_writer.cpp.o
[ 58%] Built target test_reflect_versions_all17
[ 58%] Building CXX object tests/unit/CMakeFiles/test_g3_writer_backend_io_uring.dir/test_g3_writer_backend_io_uring.cpp.o
[ 58%] Linking CXX executable test_b3_wallclock_erbe_ct
[ 58%] Built target test_b3_wallclock_erbe_ct
[ 58%] Building CXX object tests/unit/CMakeFiles/test_g2_variant_sidecar.dir/test_g2_variant_sidecar.cpp.o
[ 58%] Linking CXX executable test_g3_eta_estimator
[ 58%] Built target test_g3_eta_estimator
[ 58%] Building CXX object tests/unit/CMakeFiles/test_a2_sha512_skip_gate.dir/test_a2_sha512_skip_gate.cpp.o
[ 58%] Linking CXX executable test_g3_reservation_lifecycle
[ 58%] Built target test_g3_reservation_lifecycle
[ 58%] Building CXX object tests/unit/CMakeFiles/test_bvset_teilmenge.dir/test_bvset_teilmenge.cpp.o
[ 58%] Linking CXX executable test_g3_writer_backend_io_uring
[ 58%] Linking CXX executable test_g3_ram_spool_writer
[ 58%] Built target test_g3_writer_backend_io_uring
[ 58%] Building CXX object tests/unit/CMakeFiles/test_g3_sha512_index.dir/test_g3_sha512_index.cpp.o
[ 58%] Built target test_g3_ram_spool_writer
[ 58%] Building CXX object tests/unit/CMakeFiles/test_g3_builder_registration.dir/test_g3_builder_registration.cpp.o
[ 58%] Linking CXX executable test_g3_bestandslog_lock
[ 58%] Built target test_g3_bestandslog_lock
[ 58%] Building CXX object tests/unit/CMakeFiles/test_g3_takeover_sweep.dir/test_g3_takeover_sweep.cpp.o
[ 58%] Linking CXX executable test_a5_eta_kalibrierung
[ 58%] Built target test_a5_eta_kalibrierung
[ 58%] Building CXX object tests/unit/CMakeFiles/test_lb0_lager_pfad_grammatik.dir/test_lb0_lager_pfad_grammatik.cpp.o
[ 58%] Linking CXX executable test_lagz1_lager_schluessel_simd
[ 58%] Built target test_lagz1_lager_schluessel_simd
[ 58%] Building CXX object tests/unit/CMakeFiles/test_lb1_knoten_heuristik_log.dir/test_lb1_knoten_heuristik_log.cpp.o
[ 58%] Linking CXX executable test_g3_batch_planner
[ 58%] Built target test_g3_batch_planner
[ 58%] Building CXX object tests/unit/CMakeFiles/test_ge3_messwert_genus_und_ziel.dir/test_ge3_messwert_genus_und_ziel.cpp.o
[ 58%] Linking CXX executable test_bvset_teilmenge
[ 58%] Built target test_bvset_teilmenge
[ 58%] Building CXX object tests/unit/CMakeFiles/test_ge1_claim_check_und_sidecar.dir/test_ge1_claim_check_und_sidecar.cpp.o
[ 59%] Linking CXX executable test_g2_variant_sidecar
[ 59%] Built target test_g2_variant_sidecar
[ 59%] Building CXX object tests/unit/CMakeFiles/test_g3_planer_driven.dir/test_g3_planer_driven.cpp.o
[ 59%] Linking CXX executable test_g3_sha512_index
[ 59%] Built target test_g3_sha512_index
[ 59%] Building CXX object tests/unit/CMakeFiles/test_g3_prune.dir/test_g3_prune.cpp.o
[ 59%] Linking CXX executable test_a2_sha512_skip_gate
[ 59%] Built target test_a2_sha512_skip_gate
[ 59%] Building CXX object tests/unit/CMakeFiles/test_g3_artifact_cache_transport.dir/test_g3_artifact_cache_transport.cpp.o
[ 59%] Linking CXX executable test_g3_planer_driven
[ 59%] Linking CXX executable test_lb0_lager_pfad_grammatik
[ 59%] Built target test_g3_planer_driven
[ 60%] Building CXX object tests/unit/CMakeFiles/test_g3_lager_presence.dir/test_g3_lager_presence.cpp.o
[ 60%] Built target test_lb0_lager_pfad_grammatik
[ 60%] Building CXX object tests/unit/CMakeFiles/test_b14_abi_adapter_line_subaxis_paths.dir/test_b14_abi_adapter_line_subaxis_paths.cpp.o
[ 60%] Linking CXX executable test_g3_builder_registration
[ 60%] Built target test_g3_builder_registration
[ 60%] Building CXX object tests/unit/CMakeFiles/test_a9_xlsx_vendor_rauchtest.dir/test_a9_xlsx_vendor_rauchtest.cpp.o
[ 60%] Linking CXX executable test_g3_prune
[ 60%] Built target test_g3_prune
[ 60%] Building CXX object tests/unit/CMakeFiles/test_a9s3_writeback_method_xlsx.dir/test_a9s3_writeback_method_xlsx.cpp.o
[ 61%] Linking CXX executable test_g3_takeover_sweep
[ 61%] Built target test_g3_takeover_sweep
[ 61%] Building CXX object tests/unit/CMakeFiles/test_a9s3_ergebnis_mappe_csv.dir/test_a9s3_ergebnis_mappe_csv.cpp.o
[ 61%] Linking CXX executable test_lb1_knoten_heuristik_log
[ 61%] Linking CXX executable test_ge3_messwert_genus_und_ziel
[ 61%] Built target test_lb1_knoten_heuristik_log
[ 61%] Building CXX object tests/unit/CMakeFiles/test_a9s3_xlsx_ergebnis_writer.dir/test_a9s3_xlsx_ergebnis_writer.cpp.o
[ 61%] Built target test_ge3_messwert_genus_und_ziel
[ 61%] Building CXX object tests/unit/CMakeFiles/test_a9s3_mess_ebene_blattsorte.dir/test_a9s3_mess_ebene_blattsorte.cpp.o
[ 61%] Linking CXX executable test_a9_xlsx_vendor_rauchtest
[ 61%] Linking CXX executable test_a9s3_writeback_method_xlsx
[ 61%] Built target test_a9_xlsx_vendor_rauchtest
[ 61%] Built target test_a9s3_writeback_method_xlsx
[ 61%] Building CXX object tests/unit/CMakeFiles/test_d2_abdeckungs_wache_nenner.dir/test_d2_abdeckungs_wache_nenner.cpp.o
[ 61%] Building CXX object tests/unit/CMakeFiles/test_mt_l4_registrierungs_wache_isa.dir/test_mt_l4_registrierungs_wache_isa.cpp.o
[ 61%] Linking CXX executable test_ge1_claim_check_und_sidecar
[ 61%] Built target test_ge1_claim_check_und_sidecar
[ 61%] Building CXX object tests/unit/CMakeFiles/test_hyg_kumulativer_bereich.dir/test_hyg_kumulativer_bereich.cpp.o
[ 61%] Linking CXX executable test_a9s3_ergebnis_mappe_csv
[ 61%] Built target test_a9s3_ergebnis_mappe_csv
[ 62%] Building CXX object tests/unit/CMakeFiles/test_a9s4_realm_scan_stale.dir/test_a9s4_realm_scan_stale.cpp.o
[ 62%] Linking CXX executable test_mt_l4_registrierungs_wache_isa
[ 62%] Linking CXX executable test_a9s3_mess_ebene_blattsorte
[ 62%] Built target test_mt_l4_registrierungs_wache_isa
[ 62%] Building CXX object tests/unit/CMakeFiles/test_d3_6_realm_selektor_produktionsablage.dir/test_d3_6_realm_selektor_produktionsablage.cpp.o
[ 63%] Linking CXX executable test_hyg_kumulativer_bereich
[ 63%] Built target test_a9s3_mess_ebene_blattsorte
[ 63%] Building CXX object tests/unit/CMakeFiles/test_a9s4_dynamic_axis_filter.dir/test_a9s4_dynamic_axis_filter.cpp.o
[ 63%] Built target test_hyg_kumulativer_bereich
[ 63%] Building CXX object tests/unit/CMakeFiles/test_a9s4_mess_report_render.dir/test_a9s4_mess_report_render.cpp.o
[ 63%] Linking CXX executable test_a9s3_xlsx_ergebnis_writer
[ 63%] Built target test_a9s3_xlsx_ergebnis_writer
[ 63%] Building CXX object tests/unit/CMakeFiles/test_a9s4_skip_manifest.dir/test_a9s4_skip_manifest.cpp.o
[ 63%] Linking CXX executable test_g3_artifact_cache_transport
[ 63%] Linking CXX executable test_b14_abi_adapter_line_subaxis_paths
[ 63%] Built target test_g3_artifact_cache_transport
[ 63%] Building CXX object tests/unit/CMakeFiles/test_a9s5_ergebnis_mappe_naht.dir/test_a9s5_ergebnis_mappe_naht.cpp.o
[ 63%] Built target test_b14_abi_adapter_line_subaxis_paths
[ 63%] Building CXX object tests/unit/CMakeFiles/test_d55_hdr_verdrahtung.dir/test_d55_hdr_verdrahtung.cpp.o
[ 63%] Linking CXX executable test_d2_abdeckungs_wache_nenner
[ 63%] Built target test_d2_abdeckungs_wache_nenner
[ 63%] Building CXX object tests/unit/CMakeFiles/test_naht1_mess_visitor_biss.dir/test_naht1_mess_visitor_biss.cpp.o
[ 63%] Linking CXX executable test_g3_lager_presence
[ 63%] Linking CXX executable test_a9s4_realm_scan_stale
[ 63%] Built target test_g3_lager_presence
[ 63%] Building CXX object tests/unit/CMakeFiles/test_flaeche3_deckung_ceb_aus_tier_an.dir/test_flaeche3_deckung_ceb_aus_tier_an.cpp.o
[ 63%] Built target test_a9s4_realm_scan_stale
[ 63%] Building CXX object tests/unit/CMakeFiles/test_warn2a_block_id_bidirektional.dir/test_warn2a_block_id_bidirektional.cpp.o
[ 63%] Linking CXX executable test_a9s4_dynamic_axis_filter
[ 63%] Built target test_a9s4_dynamic_axis_filter
[ 63%] Building CXX object tests/unit/CMakeFiles/test_warn1_d2_fingerprint_koeder.dir/test_warn1_d2_fingerprint_koeder.cpp.o
[ 63%] Linking CXX executable test_d3_6_realm_selektor_produktionsablage
[ 63%] Built target test_d3_6_realm_selektor_produktionsablage
[ 63%] Building CXX object tests/unit/CMakeFiles/test_d2g1_ctest_registrierung.dir/test_d2g1_ctest_registrierung.cpp.o
[ 63%] Linking CXX executable test_limits_entkopplung_vorstufe
[ 63%] Built target test_limits_entkopplung_vorstufe
[ 64%] Building CXX object tests/unit/CMakeFiles/test_t6_wachen_inventar.dir/test_t6_wachen_inventar.cpp.o
[ 64%] Linking CXX executable test_warn1_d2_fingerprint_koeder
[ 64%] Linking CXX executable test_d55_hdr_verdrahtung
[ 64%] Built target test_warn1_d2_fingerprint_koeder
[ 64%] Building CXX object tests/unit/CMakeFiles/test_t6_biss_achsen_roundtrip_wache.dir/test_t6_biss_achsen_roundtrip_wache.cpp.o
[ 64%] Built target test_d55_hdr_verdrahtung
[ 64%] Building CXX object tests/unit/CMakeFiles/test_t6_biss_sichtbarkeits_wache.dir/test_t6_biss_sichtbarkeits_wache.cpp.o
[ 64%] Linking CXX executable test_a9s4_mess_report_render
[ 64%] Built target test_a9s4_mess_report_render
[ 64%] Building CXX object tests/unit/CMakeFiles/test_lizenz_konsistenz.dir/test_lizenz_konsistenz.cpp.o
[ 64%] Linking CXX executable test_warn2a_block_id_bidirektional
[ 64%] Built target test_warn2a_block_id_bidirektional
[ 64%] Building CXX object tests/unit/CMakeFiles/test_t6_biss_registrierungs_wache.dir/test_t6_biss_registrierungs_wache.cpp.o
[ 64%] Linking CXX executable test_a9s5_ergebnis_mappe_naht
[ 64%] Linking CXX executable test_flaeche3_deckung_ceb_aus_tier_an
[ 64%] Linking CXX executable test_naht1_mess_visitor_biss
[ 65%] Linking CXX executable test_d2g1_ctest_registrierung
[ 65%] Built target test_a9s5_ergebnis_mappe_naht
[ 65%] Building CXX object tests/unit/CMakeFiles/test_pa1_tote_ausnahme.dir/test_pa1_tote_ausnahme.cpp.o
[ 65%] Linking CXX executable test_a9s4_skip_manifest
[ 65%] Built target test_flaeche3_deckung_ceb_aus_tier_an
[ 65%] Building CXX object tests/unit/CMakeFiles/test_w0b_durchstich_kette.dir/test_w0b_durchstich_kette.cpp.o
[ 65%] Built target test_d2g1_ctest_registrierung
[ 65%] Built target test_naht1_mess_visitor_biss
[ 65%] Built target test_a9s4_skip_manifest
[ 65%] Building CXX object tests/unit/CMakeFiles/test_anker_marke_statt_ledgerzeile.dir/test_anker_marke_statt_ledgerzeile.cpp.o
[ 65%] Building CXX object tests/unit/CMakeFiles/test_vs_taxonomie_klassen_grep.dir/test_vs_taxonomie_klassen_grep.cpp.o
[ 65%] Building CXX object tests/unit/CMakeFiles/test_s1_stempel_basis_vertrag.dir/test_s1_stempel_basis_vertrag.cpp.o
[ 65%] Linking CXX executable test_t6_wachen_inventar
[ 65%] Linking CXX executable test_t6_biss_achsen_roundtrip_wache
[ 65%] Built target test_t6_wachen_inventar
[ 65%] Building CXX object tests/unit/CMakeFiles/test_s3_ordnung_relation.dir/test_s3_ordnung_relation.cpp.o
[ 65%] Built target test_t6_biss_achsen_roundtrip_wache
[ 65%] Building CXX object tests/unit/CMakeFiles/test_s3_ordnung_freigabe.dir/test_s3_ordnung_freigabe.cpp.o
[ 65%] Linking CXX executable test_t6_biss_sichtbarkeits_wache
[ 65%] Built target test_t6_biss_sichtbarkeits_wache
[ 65%] Building CXX object tests/unit/CMakeFiles/test_stempel_vollbestand_registry.dir/test_stempel_vollbestand_registry.cpp.o
[ 65%] Linking CXX executable test_t6_biss_registrierungs_wache
[ 65%] Built target test_t6_biss_registrierungs_wache
[ 65%] Building CXX object tests/unit/CMakeFiles/test_stempel_zulassung_bruecke.dir/test_stempel_zulassung_bruecke.cpp.o
[ 65%] Linking CXX executable test_lizenz_konsistenz
[ 65%] Linking CXX executable test_anker_marke_statt_ledgerzeile
[ 65%] Linking CXX executable test_pa1_tote_ausnahme
[ 65%] Built target test_lizenz_konsistenz
[ 65%] Building CXX object tests/unit/CMakeFiles/test_k2_stufen_neutraler_loader.dir/test_k2_stufen_neutraler_loader.cpp.o
[ 65%] Built target test_anker_marke_statt_ledgerzeile
[ 65%] Built target test_pa1_tote_ausnahme
[ 65%] Building CXX object _deps/googletest-build/googlemock/CMakeFiles/gmock_main.dir/src/gmock_main.cc.o
[ 65%] Building CXX object libs/cache_engine/builder/commands/tests/CMakeFiles/test_commands.dir/test_commands.cpp.o
[ 65%] Linking CXX executable test_vs_taxonomie_klassen_grep
[ 65%] Built target test_vs_taxonomie_klassen_grep
[ 65%] Building CXX object libs/cache_engine/builder/commands/tests/CMakeFiles/test_engine_adapters.dir/test_engine_adapters.cpp.o
[ 65%] Linking CXX executable test_s1_stempel_basis_vertrag
[ 65%] Built target test_s1_stempel_basis_vertrag
[ 65%] Building CXX object libs/cache_engine/profile_facade/CMakeFiles/comdare_profile_run_facade.dir/profile_run_facade.cpp.o
[ 65%] Linking CXX executable test_lazy_adhoc_source_gen
[ 65%] Linking CXX executable test_s3_ordnung_relation
[ 65%] Linking CXX executable test_s3_ordnung_freigabe
[ 65%] Built target test_s3_ordnung_relation
[ 66%] Building CXX object tests/unit/CMakeFiles/test_pressure_state.dir/test_pressure_state.cpp.o
[ 66%] Linking CXX static library ../../../lib/libgmock_main.a
[ 66%] Built target gmock_main
[ 67%] Building CXX object tests/unit/CMakeFiles/test_cache_recommendation.dir/test_cache_recommendation.cpp.o
[ 67%] Built target test_s3_ordnung_freigabe
[ 67%] Building CXX object tests/unit/CMakeFiles/test_cpuid_probe.dir/test_cpuid_probe.cpp.o
[ 67%] Linking CXX executable test_k2_stufen_neutraler_loader
[ 67%] Built target test_lazy_adhoc_source_gen
[ 67%] Building CXX object tests/unit/CMakeFiles/test_permutation_flags.dir/test_permutation_flags.cpp.o
[ 67%] Built target test_k2_stufen_neutraler_loader
[ 67%] Building CXX object tests/unit/CMakeFiles/test_event_hierarchy.dir/test_event_hierarchy.cpp.o
[ 67%] Linking CXX executable test_t2a_f4_facade_plan_durchreichung
[ 67%] Linking CXX executable test_cache_recommendation
[ 67%] Linking CXX executable test_engine_adapters
[ 67%] Built target test_cache_recommendation
[ 67%] Building CXX object tests/unit/CMakeFiles/test_observer_registry.dir/test_observer_registry.cpp.o
[ 67%] Built target test_engine_adapters
[ 67%] Building CXX object tests/unit/CMakeFiles/test_decision_trees.dir/test_decision_trees.cpp.o
[ 67%] Linking CXX executable test_pressure_state
[ 67%] Linking CXX executable test_cpuid_probe
[ 67%] Built target test_pressure_state
[ 67%] Linking CXX executable test_permutation_flags
[ 67%] Building CXX object tests/unit/CMakeFiles/test_decision_lambda_registry.dir/test_decision_lambda_registry.cpp.o
[ 67%] Linking CXX executable test_event_hierarchy
[ 67%] Built target test_cpuid_probe
[ 67%] Built target test_permutation_flags
[ 67%] Building CXX object tests/unit/CMakeFiles/test_concurrency_disciplines.dir/test_concurrency_disciplines.cpp.o
[ 67%] Building CXX object tests/unit/CMakeFiles/test_telemetry_strategies.dir/test_telemetry_strategies.cpp.o
[ 67%] Built target test_t2a_f4_facade_plan_durchreichung
[ 67%] Building CXX object tests/unit/CMakeFiles/test_platform_concepts.dir/test_platform_concepts.cpp.o
[ 67%] Built target test_event_hierarchy
[ 67%] Building CXX object tests/unit/CMakeFiles/test_cache_hierarchy_and_mode.dir/test_cache_hierarchy_and_mode.cpp.o
[ 67%] Linking CXX executable test_commands
[ 67%] Built target test_commands
[ 67%] Building CXX object tests/unit/CMakeFiles/test_measurement_buffer.dir/test_measurement_buffer.cpp.o
[ 67%] Linking CXX executable test_decision_trees
[ 67%] Linking CXX executable test_observer_registry
[ 67%] Built target test_decision_trees
[ 67%] Building CXX object tests/unit/CMakeFiles/test_sub_engines.dir/test_sub_engines.cpp.o
[ 67%] Linking CXX executable test_w0b_durchstich_kette
[ 67%] Built target test_observer_registry
[ 67%] Building CXX object tests/unit/CMakeFiles/test_allocator_concepts.dir/test_allocator_concepts.cpp.o
[ 67%] Built target test_w0b_durchstich_kette
[ 67%] Building CXX object tests/unit/CMakeFiles/test_abi_interface.dir/test_abi_interface.cpp.o
[ 67%] Linking CXX executable test_decision_lambda_registry
[ 67%] Linking CXX executable test_cache_hierarchy_and_mode
[ 67%] Built target test_decision_lambda_registry
[ 67%] Building CXX object tests/unit/CMakeFiles/test_config_durability.dir/test_config_durability.cpp.o
[ 67%] Linking CXX executable test_platform_concepts
[ 67%] Built target test_cache_hierarchy_and_mode
[ 67%] Building CXX object tests/unit/CMakeFiles/test_chaos_drift_gate.dir/test_chaos_drift_gate.cpp.o
[ 67%] Linking CXX executable test_telemetry_strategies
[ 67%] Built target test_platform_concepts
[ 67%] Linking CXX executable test_concurrency_disciplines
[ 67%] Building CXX object tests/unit/CMakeFiles/test_test_data_accumulation.dir/test_test_data_accumulation.cpp.o
[ 67%] Built target test_telemetry_strategies
[ 67%] Building CXX object tests/unit/CMakeFiles/test_benchmark_suite.dir/test_benchmark_suite.cpp.o
[ 67%] Built target test_concurrency_disciplines
[ 67%] Building CXX object tests/unit/CMakeFiles/test_allocator_full_matrix.dir/test_allocator_full_matrix.cpp.o
[ 68%] Linking CXX executable test_measurement_buffer
[ 68%] Built target test_measurement_buffer
[ 68%] Building CXX object tests/unit/CMakeFiles/test_workload_and_experiment.dir/test_workload_and_experiment.cpp.o
[ 68%] Linking CXX executable test_stempel_vollbestand_registry
[ 68%] Built target test_stempel_vollbestand_registry
[ 68%] Building CXX object tests/unit/CMakeFiles/test_ycsb_cli.dir/test_ycsb_cli.cpp.o
[ 68%] Linking CXX executable test_sub_engines
[ 68%] Built target test_sub_engines
[ 68%] Building CXX object tests/unit/CMakeFiles/test_builder_codegen.dir/test_builder_codegen.cpp.o
[ 68%] Linking CXX executable test_abi_interface
[ 68%] Linking CXX executable test_stempel_zulassung_bruecke
[ 68%] Built target test_abi_interface
[ 68%] Building CXX object tests/unit/CMakeFiles/test_codegen_from_profile.dir/test_codegen_from_profile.cpp.o
[ 68%] Built target test_stempel_zulassung_bruecke
[ 69%] Building CXX object tests/unit/CMakeFiles/test_experiment_driver_v13.dir/test_experiment_driver_v13.cpp.o
[ 69%] Linking CXX executable test_test_data_accumulation
[ 69%] Built target test_test_data_accumulation
[ 69%] Building CXX object tests/unit/CMakeFiles/test_permutation_sampling.dir/test_permutation_sampling.cpp.o
[ 69%] Linking CXX executable test_allocator_concepts
[ 69%] Linking CXX executable test_config_durability
[ 69%] Built target test_config_durability
[ 69%] Built target test_allocator_concepts
[ 69%] Building CXX object tests/unit/CMakeFiles/test_rcu.dir/test_rcu.cpp.o
[ 69%] Building CXX object tests/unit/CMakeFiles/test_latex_anhang.dir/test_latex_anhang.cpp.o
[ 69%] Linking CXX executable test_benchmark_suite
[ 69%] Built target test_benchmark_suite
[ 70%] Building CXX object tests/unit/CMakeFiles/test_rcu_concurrency.dir/test_rcu_concurrency.cpp.o
[ 70%] Linking CXX executable test_chaos_drift_gate
[ 70%] Built target test_chaos_drift_gate
[ 70%] Building CXX object tests/unit/CMakeFiles/test_succinct.dir/test_succinct.cpp.o
[ 71%] Linking CXX executable test_builder_codegen
[ 71%] Built target test_builder_codegen
[ 72%] Building CXX object tests/unit/CMakeFiles/test_hbm_hierarchy.dir/test_hbm_hierarchy.cpp.o
[ 72%] Linking CXX executable test_workload_and_experiment
[ 73%] Linking CXX executable test_ycsb_cli
[ 73%] Built target test_workload_and_experiment
[ 73%] Building CXX object tests/unit/CMakeFiles/test_module_loader.dir/test_module_loader.cpp.o
[ 73%] Built target test_ycsb_cli
[ 73%] Building CXX object tests/unit/CMakeFiles/test_v31_adapters.dir/test_v31_adapters.cpp.o
[ 73%] Linking CXX executable test_permutation_sampling
[ 73%] Built target test_permutation_sampling
[ 73%] Building CXX object tests/unit/CMakeFiles/test_v41_indexes.dir/test_v41_indexes.cpp.o
[ 73%] Linking CXX executable test_codegen_from_profile
[ 73%] Linking CXX executable test_experiment_driver_v13
[ 73%] Built target test_codegen_from_profile
[ 73%] Building CXX object tests/unit/CMakeFiles/test_v41_topic_allocator_axis_06.dir/test_v41_topic_allocator_axis_06.cpp.o
[ 73%] Built target test_experiment_driver_v13
[ 73%] Building CXX object tests/unit/CMakeFiles/test_v41_topic_queuing.dir/test_v41_topic_queuing.cpp.o
[ 73%] Linking CXX executable test_latex_anhang
[ 73%] Built target test_latex_anhang
[ 73%] Building CXX object tests/unit/CMakeFiles/test_v41_topic_traversal.dir/test_v41_topic_traversal.cpp.o
[ 73%] Linking CXX executable test_rcu
[ 74%] Linking CXX executable test_succinct
[ 74%] Built target test_rcu
[ 74%] Building CXX object tests/unit/CMakeFiles/test_v41_paper_legacy_code.dir/test_v41_paper_legacy_code.cpp.o
[ 74%] Built target test_succinct
[ 74%] Building CXX object tests/unit/CMakeFiles/test_ctsha512.dir/test_ctsha512.cpp.o
[ 74%] Linking CXX executable test_rcu_concurrency
[ 74%] Built target test_rcu_concurrency
[ 74%] Building CXX object tests/unit/CMakeFiles/test_v41_compositions.dir/test_v41_compositions.cpp.o
[ 74%] Linking CXX executable test_hbm_hierarchy
[ 74%] Built target test_hbm_hierarchy
[ 74%] Building CXX object tests/unit/CMakeFiles/test_v41_topics_fundament.dir/test_v41_topics_fundament.cpp.o
[ 74%] Linking CXX executable test_v31_adapters
[ 74%] Linking CXX executable test_module_loader
[ 74%] Built target test_v31_adapters
[ 74%] Building CXX object tests/unit/CMakeFiles/test_v41_anatomy.dir/test_v41_anatomy.cpp.o
[ 74%] Built target test_module_loader
[ 75%] Building CXX object tests/unit/CMakeFiles/test_v41_anatomy_r4_driver.dir/test_v41_anatomy_r4_driver.cpp.o
[ 75%] Linking CXX executable test_v41_indexes
[ 75%] Linking CXX executable test_allocator_full_matrix
[ 75%] Built target test_v41_indexes
[ 75%] Building CXX object tests/unit/CMakeFiles/test_v41_anatomy_observer.dir/test_v41_anatomy_observer.cpp.o
[ 75%] Built target test_allocator_full_matrix
[ 75%] Building CXX object tests/unit/CMakeFiles/test_v41_tier_observe_trace.dir/test_v41_tier_observe_trace.cpp.o
[ 75%] Linking CXX executable test_ctsha512
[ 75%] Built target test_ctsha512
[ 75%] Building CXX object tests/unit/CMakeFiles/test_v41_axis_03a_cross_variant_equivalence.dir/test_v41_axis_03a_cross_variant_equivalence.cpp.o
[ 75%] Linking CXX executable test_v41_topics_fundament
[ 75%] Built target test_v41_topics_fundament
[ 75%] Building CXX object tests/unit/CMakeFiles/test_ap7_swisstable.dir/test_ap7_swisstable.cpp.o
[ 75%] Linking CXX executable test_v41_compositions
[ 75%] Built target test_v41_compositions
[ 75%] Building CXX object tests/unit/CMakeFiles/test_ap7b_swiss_organ.dir/test_ap7b_swiss_organ.cpp.o
[ 75%] Linking CXX executable test_v41_anatomy
[ 75%] Linking CXX executable test_v41_anatomy_r4_driver
[ 75%] Built target test_v41_anatomy
[ 75%] Building CXX object tests/unit/CMakeFiles/test_ap7b3_swiss_isa_group_match.dir/test_ap7b3_swiss_isa_group_match.cpp.o
[ 75%] Built target test_v41_anatomy_r4_driver
[ 75%] Building CXX object tests/unit/CMakeFiles/test_ap8_hdr_histogram.dir/test_ap8_hdr_histogram.cpp.o
[ 75%] Linking CXX executable test_v41_paper_legacy_code
[ 75%] Built target test_v41_paper_legacy_code
[ 75%] Building CXX object tests/unit/CMakeFiles/test_vampir_nfp_allocator.dir/thesis_tiere/test_vampir_nfp_allocator.cpp.o
[ 75%] Linking CXX executable test_v41_axis_03a_cross_variant_equivalence
[ 75%] Built target test_v41_axis_03a_cross_variant_equivalence
[ 75%] Building CXX object tests/unit/CMakeFiles/test_v41_axis_03a_tier_organ_equivalence.dir/test_v41_axis_03a_tier_organ_equivalence.cpp.o
[ 75%] Linking CXX executable test_v41_anatomy_observer
[ 75%] Linking CXX executable test_v41_tier_observe_trace
[ 75%] Built target test_v41_anatomy_observer
[ 75%] Building CXX object tests/unit/CMakeFiles/test_v41_anatomy_pruefling_merge.dir/test_v41_anatomy_pruefling_merge.cpp.o
[ 75%] Built target test_v41_tier_observe_trace
[ 75%] Building CXX object tests/unit/CMakeFiles/test_v41_anatomy_base.dir/test_v41_anatomy_base.cpp.o
[ 75%] Linking CXX executable test_ap7_swisstable
[ 75%] Built target test_ap7_swisstable
[ 75%] Building CXX object tests/unit/CMakeFiles/test_v41_execution_engine.dir/test_v41_execution_engine.cpp.o
[ 75%] Linking CXX executable test_vampir_nfp_allocator
[ 75%] Linking CXX executable test_v41_anatomy_pruefling_merge
[ 75%] Built target test_v41_anatomy_pruefling_merge
[ 75%] Built target test_vampir_nfp_allocator
[ 75%] Linking CXX executable test_ap8_hdr_histogram
[ 76%] Building CXX object tests/unit/CMakeFiles/test_v41_search_algorithm_permutation_engine.dir/test_v41_search_algorithm_permutation_engine.cpp.o
[ 76%] Building CXX object tests/unit/CMakeFiles/test_v41_anatomy_module_abi.dir/test_v41_anatomy_module_abi.cpp.o
[ 76%] Built target test_ap8_hdr_histogram
[ 76%] Building CXX object tests/unit/CMakeFiles/test_v41_anatomy_codegen.dir/test_v41_anatomy_codegen.cpp.o
[ 77%] Linking CXX executable test_ap7b_swiss_organ
[ 77%] Built target test_ap7b_swiss_organ
[ 77%] Building CXX object tests/unit/CMakeFiles/test_v41_anatomy_module_loader.dir/test_v41_anatomy_module_loader.cpp.o
[ 77%] Linking CXX executable test_ap7b3_swiss_isa_group_match
[ 77%] Built target test_ap7b3_swiss_isa_group_match
[ 77%] Building CXX object tests/unit/CMakeFiles/test_v41_anatomy_multi_codegen.dir/test_v41_anatomy_multi_codegen.cpp.o
[ 77%] Linking CXX executable test_v41_topic_queuing
[ 77%] Linking CXX executable test_v41_topic_allocator_axis_06
[ 77%] Built target test_v41_topic_queuing
[ 77%] Building CXX object tests/unit/CMakeFiles/test_v41_anatomy_codegen_tool.dir/test_v41_anatomy_codegen_tool.cpp.o
[ 77%] Built target test_v41_topic_allocator_axis_06
[ 77%] Building CXX object tests/unit/CMakeFiles/test_v41_anatomy_codegen_tool_traits.dir/test_v41_anatomy_codegen_tool_traits.cpp.o
[ 77%] Linking CXX executable test_v41_anatomy_multi_codegen
[ 77%] Built target test_v41_anatomy_multi_codegen
[ 77%] Building CXX object tests/unit/CMakeFiles/test_v41_anatomy_codegen_tool_mp_list.dir/test_v41_anatomy_codegen_tool_mp_list.cpp.o
[ 77%] Linking CXX executable test_v41_anatomy_codegen_tool
[ 77%] Built target test_v41_anatomy_codegen_tool
[ 77%] Building CXX object tests/unit/CMakeFiles/test_v41_workload_generator.dir/test_v41_workload_generator.cpp.o
[ 77%] Linking CXX executable test_v41_anatomy_base
[ 77%] Built target test_v41_anatomy_base
[ 77%] Building CXX object tests/unit/CMakeFiles/test_v41_axis_12_general_hardware.dir/test_v41_axis_12_general_hardware.cpp.o
[ 78%] Linking CXX executable test_v41_execution_engine
[ 78%] Linking CXX executable test_v41_anatomy_codegen
[ 79%] Linking CXX executable test_v41_anatomy_codegen_tool_traits
[ 79%] Built target test_v41_execution_engine
[ 79%] Building CXX object tests/unit/CMakeFiles/test_v41_axis_05_memory_layout.dir/test_v41_axis_05_memory_layout.cpp.o
[ 79%] Built target test_v41_anatomy_codegen
[ 79%] Built target test_v41_anatomy_codegen_tool_traits
[ 79%] Building CXX object tests/unit/CMakeFiles/test_v41_axis_02_axis_04_nodes.dir/test_v41_axis_02_axis_04_nodes.cpp.o
[ 79%] Building CXX object tests/unit/CMakeFiles/test_v41_axis_07_prefetch.dir/test_v41_axis_07_prefetch.cpp.o
[ 80%] Linking CXX executable test_v41_anatomy_module_loader
[ 80%] Linking CXX executable test_v41_topic_traversal
[ 80%] Built target test_v41_anatomy_module_loader
[ 81%] Building CXX object tests/unit/CMakeFiles/test_v41_axis_11_telemetry.dir/test_v41_axis_11_telemetry.cpp.o
[ 81%] Built target test_v41_topic_traversal
[ 81%] Building CXX object tests/unit/CMakeFiles/test_v41_axis_10_serialization.dir/test_v41_axis_10_serialization.cpp.o
[ 81%] Linking CXX executable test_v41_workload_generator
[ 81%] Built target test_v41_workload_generator
[ 81%] Building CXX object tests/unit/CMakeFiles/test_v41_axis_14_value_handle.dir/test_v41_axis_14_value_handle.cpp.o
[ 82%] Linking CXX executable test_v41_axis_03a_tier_organ_equivalence
[ 82%] Linking CXX executable test_v41_axis_12_general_hardware
[ 82%] Built target test_v41_axis_03a_tier_organ_equivalence
[ 82%] Built target test_v41_axis_12_general_hardware
[ 82%] Building CXX object tests/unit/CMakeFiles/test_v41_axis_08_concurrency.dir/test_v41_axis_08_concurrency.cpp.o
[ 82%] Building CXX object tests/unit/CMakeFiles/test_v41_status_code.dir/test_v41_status_code.cpp.o
[ 82%] Linking CXX executable test_v41_anatomy_module_abi
[ 82%] Built target test_v41_anatomy_module_abi
[ 82%] Building CXX object tests/unit/CMakeFiles/test_v41_serialization_primitives.dir/test_v41_serialization_primitives.cpp.o
[ 82%] Linking CXX executable test_v41_axis_07_prefetch
[ 82%] Built target test_v41_axis_07_prefetch
[ 82%] Building CXX object tests/unit/CMakeFiles/test_v41_axis_01_page_type.dir/test_v41_axis_01_page_type.cpp.o
[ 82%] Linking CXX executable test_v41_anatomy_codegen_tool_mp_list
[ 82%] Built target test_v41_anatomy_codegen_tool_mp_list
[ 82%] Building CXX object tests/unit/CMakeFiles/test_v41_pruefling_registry.dir/test_v41_pruefling_registry.cpp.o
[ 82%] Linking CXX executable test_v41_axis_11_telemetry
[ 82%] Built target test_v41_axis_11_telemetry
[ 82%] Building CXX object tests/unit/CMakeFiles/test_pruefling_fixture_ladung.dir/__/pruefling_fixture/test_pruefling_fixture_ladung.cpp.o
[ 82%] Linking CXX executable test_v41_axis_10_serialization
[ 82%] Linking CXX executable test_v41_axis_14_value_handle
[ 82%] Built target test_v41_axis_10_serialization
[ 82%] Linking CXX executable test_v41_axis_02_axis_04_nodes
[ 82%] Building CXX object tests/unit/CMakeFiles/test_v41_axis_filter.dir/test_v41_axis_filter.cpp.o
[ 82%] Built target test_v41_axis_14_value_handle
[ 82%] Building CXX object tests/unit/CMakeFiles/test_v41_axis_filter_surf_organ.dir/test_v41_axis_filter_surf_organ.cpp.o
[ 82%] Linking CXX executable test_v41_axis_05_memory_layout
[ 82%] Built target test_v41_axis_02_axis_04_nodes
[ 82%] Building CXX object tests/unit/CMakeFiles/test_v41_axis_filter_surf_louds_organ.dir/test_v41_axis_filter_surf_louds_organ.cpp.o
[ 82%] Built target test_v41_axis_05_memory_layout
[ 82%] Building CXX object tests/unit/CMakeFiles/test_v41_axis_io.dir/test_v41_axis_io.cpp.o
[ 82%] Linking CXX executable test_v41_status_code
[ 82%] Built target test_v41_status_code
[ 82%] Linking CXX executable test_v41_axis_08_concurrency
[ 83%] Building CXX object tests/unit/CMakeFiles/test_v41_axis_migration.dir/test_v41_axis_migration.cpp.o
[ 83%] Built target test_v41_axis_08_concurrency
[ 83%] Building CXX object tests/unit/CMakeFiles/test_v41_axis_01_index_organization.dir/test_v41_axis_01_index_organization.cpp.o
[ 83%] Linking CXX executable test_v41_search_algorithm_permutation_engine
[ 83%] Built target test_v41_search_algorithm_permutation_engine
[ 83%] Building CXX object tests/unit/CMakeFiles/test_v41_axis_09_isa.dir/test_v41_axis_09_isa.cpp.o
[ 84%] Linking CXX executable test_pruefling_fixture_ladung
[ 84%] Linking CXX executable test_v41_pruefling_registry
[ 84%] Built target test_pruefling_fixture_ladung
[ 84%] Building CXX object tests/unit/CMakeFiles/test_v41_axis_09b_simd_extension.dir/test_v41_axis_09b_simd_extension.cpp.o
[ 84%] Built target test_v41_pruefling_registry
[ 84%] Building CXX object tests/unit/CMakeFiles/test_v41_r5c3_isa_simd_cross_constraint.dir/test_v41_r5c3_isa_simd_cross_constraint.cpp.o
[ 84%] Linking CXX executable test_v41_serialization_primitives
[ 84%] Built target test_v41_serialization_primitives
[ 84%] Building CXX object tests/unit/CMakeFiles/test_v41_anatomy_r5i_configure_codegen.dir/test_v41_anatomy_r5i_configure_codegen.cpp.o
[ 84%] Linking CXX executable test_v41_axis_01_page_type
[ 84%] Built target test_v41_axis_01_page_type
[ 84%] Building CXX object tests/unit/CMakeFiles/test_v41_anatomy_f15_measurement.dir/test_v41_anatomy_f15_measurement.cpp.o
[ 84%] Linking CXX executable test_v41_axis_filter
[ 84%] Linking CXX executable test_v41_axis_io
[ 84%] Linking CXX executable test_v41_axis_migration
[ 84%] Built target test_v41_axis_filter
[ 84%] Built target test_v41_axis_io
[ 85%] Building CXX object tests/unit/CMakeFiles/test_v41_anatomy_adhoc_codegen_macro.dir/test_v41_anatomy_adhoc_codegen_macro.cpp.o
[ 85%] Building CXX object tests/unit/CMakeFiles/test_v41_pruef_dock_search_algorithm.dir/test_v41_pruef_dock_search_algorithm.cpp.o
[ 85%] Built target test_v41_axis_migration
[ 85%] Building CXX object tests/unit/CMakeFiles/test_v5_conformance_gate.dir/test_v5_conformance_gate.cpp.o
[ 85%] Linking CXX executable test_v41_axis_01_index_organization
[ 85%] Built target test_v41_axis_01_index_organization
[ 85%] Building CXX object tests/unit/CMakeFiles/test_v5_memento_axis.dir/test_v5_memento_axis.cpp.o
[ 85%] Linking CXX executable test_v41_axis_filter_surf_organ
[ 85%] Built target test_v41_axis_filter_surf_organ
[ 85%] Building CXX object tests/unit/CMakeFiles/test_v5_two_phase_driver.dir/test_v5_two_phase_driver.cpp.o
[ 85%] Linking CXX executable test_v41_axis_09_isa
[ 85%] Built target test_v41_axis_09_isa
[ 85%] Building CXX object tests/unit/CMakeFiles/test_v5_workload_orchestrator.dir/test_v5_workload_orchestrator.cpp.o
[ 85%] Linking CXX executable test_v41_r5c3_isa_simd_cross_constraint
[ 85%] Built target test_v41_r5c3_isa_simd_cross_constraint
[ 85%] Linking CXX executable test_v41_axis_filter_surf_louds_organ
[ 85%] Building CXX object tests/unit/CMakeFiles/test_v5_measurement_snapshot.dir/test_v5_measurement_snapshot.cpp.o
[ 85%] Built target test_v41_axis_filter_surf_louds_organ
[ 86%] Building CXX object tests/unit/CMakeFiles/test_d51_perzentil_kanon.dir/test_d51_perzentil_kanon.cpp.o
[ 86%] Linking CXX executable test_v41_anatomy_r5i_configure_codegen
[ 86%] Built target test_v41_anatomy_r5i_configure_codegen
[ 86%] Building CXX object tests/unit/CMakeFiles/test_d54_trace_schema.dir/test_d54_trace_schema.cpp.o
[ 86%] Linking CXX executable test_v41_axis_09b_simd_extension
[ 87%] Linking CXX executable test_v5_memento_axis
[ 87%] Built target test_v41_axis_09b_simd_extension
[ 87%] Building CXX object tests/unit/CMakeFiles/test_heuristik_spline_break_even.dir/test_heuristik_spline_break_even.cpp.o
[ 87%] Built target test_v5_memento_axis
[ 87%] Building CXX object tests/unit/CMakeFiles/test_heuristik_workload_cluster.dir/test_heuristik_workload_cluster.cpp.o
[ 87%] Linking CXX executable test_v5_conformance_gate
[ 87%] Built target test_v5_conformance_gate
[ 87%] Building CXX object tests/unit/CMakeFiles/test_ap9_provenance_manifest.dir/test_ap9_provenance_manifest.cpp.o
[ 87%] Linking CXX executable test_v5_two_phase_driver
[ 87%] Built target test_v5_two_phase_driver
[ 87%] Building CXX object tests/unit/CMakeFiles/test_ap13_thread_pinning.dir/test_ap13_thread_pinning.cpp.o
[ 87%] Linking CXX executable test_v5_workload_orchestrator
[ 87%] Built target test_v5_workload_orchestrator
[ 87%] Linking CXX executable test_v5_measurement_snapshot
[ 87%] Building CXX object tests/unit/CMakeFiles/test_ap10_dataset_akte.dir/test_ap10_dataset_akte.cpp.o
[ 87%] Built target test_v5_measurement_snapshot
[ 87%] Building CXX object tests/unit/CMakeFiles/test_184_dataset_loader_wiring.dir/test_184_dataset_loader_wiring.cpp.o
[ 87%] Linking CXX executable test_d51_perzentil_kanon
[ 87%] Built target test_d51_perzentil_kanon
[ 87%] Building CXX object tests/unit/CMakeFiles/test_25_kanon_dataset_akten.dir/test_25_kanon_dataset_akten.cpp.o
[ 87%] Linking CXX executable test_d54_trace_schema
[ 87%] Built target test_d54_trace_schema
[ 87%] Building CXX object tests/unit/CMakeFiles/test_45_sosd_uint64_loader.dir/test_45_sosd_uint64_loader.cpp.o
[ 87%] Linking CXX executable test_ap9_provenance_manifest
[ 87%] Built target test_ap9_provenance_manifest
[ 87%] Linking CXX executable test_heuristik_spline_break_even
[ 87%] Building CXX object tests/unit/CMakeFiles/test_v5_disk_memento.dir/test_v5_disk_memento.cpp.o
[ 87%] Built target test_heuristik_spline_break_even
[ 87%] Building CXX object tests/unit/CMakeFiles/test_v5_ycsb_distribution.dir/test_v5_ycsb_distribution.cpp.o
[ 87%] Linking CXX executable test_v41_anatomy_adhoc_codegen_macro
[ 87%] Built target test_v41_anatomy_adhoc_codegen_macro
[ 87%] Linking CXX executable test_heuristik_workload_cluster
[ 87%] Building CXX object tests/unit/CMakeFiles/test_v5_ycsb_op_set.dir/test_v5_ycsb_op_set.cpp.o
[ 87%] Built target test_heuristik_workload_cluster
[ 87%] Linking CXX executable test_v41_pruef_dock_search_algorithm
[ 87%] Building CXX object tests/unit/CMakeFiles/test_v41_scan_range_organ.dir/test_v41_scan_range_organ.cpp.o
[ 87%] Linking CXX executable test_ap13_thread_pinning
[ 87%] Built target test_v41_pruef_dock_search_algorithm
[ 87%] Building CXX object tests/unit/CMakeFiles/test_v5_organ_memento.dir/test_v5_organ_memento.cpp.o
[ 87%] Built target test_ap13_thread_pinning
[ 87%] Building CXX object tests/unit/CMakeFiles/test_v41_codegen_type_name.dir/test_v41_codegen_type_name.cpp.o
[ 88%] Linking CXX executable test_25_kanon_dataset_akten
[ 88%] Built target test_25_kanon_dataset_akten
[ 88%] Building CXX object tests/unit/CMakeFiles/test_v41_cache_engine_tools_facade.dir/test_v41_cache_engine_tools_facade.cpp.o
[ 88%] Linking CXX executable test_184_dataset_loader_wiring
[ 88%] Built target test_184_dataset_loader_wiring
[ 88%] Building CXX object tests/unit/CMakeFiles/test_v41_cache_engine_facade.dir/test_v41_cache_engine_facade.cpp.o
[ 88%] Linking CXX executable test_v5_ycsb_distribution
[ 88%] Linking CXX executable test_v5_disk_memento
[ 88%] Built target test_v5_ycsb_distribution
[ 88%] Building CXX object tests/unit/CMakeFiles/test_v41_codegen_all_axes_umbrella.dir/test_v41_codegen_all_axes_umbrella.cpp.o
[ 88%] Built target test_v5_disk_memento
[ 88%] Building CXX object tests/unit/CMakeFiles/test_v41_anatomy_adhoc_dll_load.dir/test_v41_anatomy_adhoc_dll_load.cpp.o
[ 88%] Linking CXX executable test_ap10_dataset_akte
[ 88%] Built target test_ap10_dataset_akte
[ 88%] Building CXX object tests/unit/CMakeFiles/test_pruef_only_gate.dir/test_pruef_only_gate.cpp.o
[ 88%] Linking CXX executable test_45_sosd_uint64_loader
[ 88%] Built target test_45_sosd_uint64_loader
[ 88%] Building CXX object tests/unit/CMakeFiles/test_v41_anatomy_adhoc_autobuilt_load.dir/test_v41_anatomy_adhoc_autobuilt_load.cpp.o
[ 88%] Linking CXX executable test_v5_ycsb_op_set
[ 88%] Built target test_v5_ycsb_op_set
[ 88%] Building CXX object tests/unit/CMakeFiles/test_hy_a1_heuristik_adapter_gattung.dir/test_hy_a1_heuristik_adapter_gattung.cpp.o
[ 88%] Linking CXX executable test_v41_anatomy_f15_measurement
[ 88%] Built target test_v41_anatomy_f15_measurement
[ 88%] Building CXX object tests/unit/CMakeFiles/test_hy_f8_reroute.dir/test_hy_f8_reroute.cpp.o
[ 88%] Linking CXX executable test_v41_codegen_type_name
[ 88%] Built target test_v41_codegen_type_name
[ 88%] Building CXX object tests/unit/CMakeFiles/test_q2_identitaets_riegel.dir/test_q2_identitaets_riegel.cpp.o
[ 88%] Linking CXX executable test_v5_organ_memento
[ 88%] Built target test_v5_organ_memento
[ 88%] Linking CXX executable test_v41_scan_range_organ
[ 88%] Building CXX object tests/unit/CMakeFiles/test_hy_a1_dock_contract.dir/test_hy_a1_dock_contract.cpp.o
[ 88%] Built target test_v41_scan_range_organ
[ 88%] Building CXX object tests/unit/CMakeFiles/test_hy_a1_attach_nur_array_include.dir/test_hy_a1_attach_nur_array_include.cpp.o
[ 88%] Linking CXX executable test_v41_cache_engine_tools_facade
[ 88%] Built target test_v41_cache_engine_tools_facade
[ 88%] Building CXX object tests/unit/CMakeFiles/test_hy_a3_hybrid_config_parser.dir/test_hy_a3_hybrid_config_parser.cpp.o
[ 89%] Linking CXX executable test_hy_a1_heuristik_adapter_gattung
[ 89%] Linking CXX executable test_v41_cache_engine_facade
[ 89%] Built target test_hy_a1_heuristik_adapter_gattung
[ 89%] Building CXX object tests/unit/CMakeFiles/test_hy_a2_stempel_kette.dir/test_hy_a2_stempel_kette.cpp.o
[ 89%] Built target test_v41_cache_engine_facade
[ 89%] Linking CXX executable test_v41_anatomy_adhoc_dll_load
[ 90%] Building CXX object tests/unit/CMakeFiles/test_188_4bb0_pool_organ_wide_key_conformance.dir/test_188_4bb0_pool_organ_wide_key_conformance.cpp.o
[ 90%] Built target test_v41_anatomy_adhoc_dll_load
[ 90%] Building CXX object tests/unit/CMakeFiles/test_s7_1_bst_pool_allocator_deg.dir/test_s7_1_bst_pool_allocator_deg.cpp.o
[ 90%] Linking CXX executable test_pruef_only_gate
[ 90%] Linking CXX executable test_v41_anatomy_adhoc_autobuilt_load
[ 90%] Linking CXX executable test_q2_identitaets_riegel
[ 90%] Built target test_pruef_only_gate
[ 91%] Building CXX object tests/unit/CMakeFiles/test_ap15_2_get_allocator_proxy.dir/test_ap15_2_get_allocator_proxy.cpp.o
[ 91%] Built target test_q2_identitaets_riegel
[ 91%] Built target test_v41_anatomy_adhoc_autobuilt_load
[ 91%] Building CXX object tests/unit/CMakeFiles/test_ap15_3_driveable_map_contract.dir/test_ap15_3_driveable_map_contract.cpp.o
[ 91%] Building CXX object tests/unit/CMakeFiles/test_s7_2_btree_pool_allocator_deg.dir/test_s7_2_btree_pool_allocator_deg.cpp.o
[ 91%] Linking CXX executable test_hy_a1_attach_nur_array_include
[ 91%] Built target test_hy_a1_attach_nur_array_include
[ 91%] Building CXX object tests/unit/CMakeFiles/test_234_va_shaped_adapter.dir/test_234_va_shaped_adapter.cpp.o
[ 91%] Linking CXX executable test_hy_a3_hybrid_config_parser
[ 91%] Built target test_hy_a3_hybrid_config_parser
[ 91%] Linking CXX executable test_hy_f8_reroute
[ 91%] Building CXX object tests/unit/CMakeFiles/test_29_container_framework.dir/test_29_container_framework.cpp.o
[ 91%] Linking CXX executable test_hy_a1_dock_contract
[ 91%] Built target test_hy_f8_reroute
[ 91%] Building CXX object tests/unit/CMakeFiles/test_striktheit_axis_dach_guard.dir/test_striktheit_axis_dach_guard.cpp.o
[ 91%] Built target test_hy_a1_dock_contract
[ 91%] Building CXX object tests/unit/CMakeFiles/test_a14_os_sub_axes_guard.dir/test_a14_os_sub_axes_guard.cpp.o
[ 91%] Linking CXX executable test_v41_codegen_all_axes_umbrella
[ 91%] Built target test_v41_codegen_all_axes_umbrella
[ 91%] Building CXX object tests/unit/CMakeFiles/test_meta_meta_halbordnung.dir/test_meta_meta_halbordnung.cpp.o
[ 91%] Linking CXX executable test_hy_a2_stempel_kette
[ 91%] Linking CXX executable test_ap15_3_driveable_map_contract
[ 91%] Built target test_hy_a2_stempel_kette
[ 91%] Building CXX object tests/unit/CMakeFiles/test_axis_error_taxonomy.dir/test_axis_error_taxonomy.cpp.o
[ 91%] Built target test_ap15_3_driveable_map_contract
[ 91%] Linking CXX executable test_rf3_betriebssystem_feature_fehlt
[ 91%] Built target test_rf3_betriebssystem_feature_fehlt
[ 91%] Building CXX object tests/unit/CMakeFiles/test_striktheit_metaprog_guard.dir/test_striktheit_metaprog_guard.cpp.o
[ 91%] Linking CXX executable test_striktheit_axis_dach_guard
[ 91%] Linking CXX executable test_29_container_framework
[ 91%] Built target test_striktheit_axis_dach_guard
[ 91%] Building CXX object tests/unit/CMakeFiles/test_striktheit_axes_guard.dir/test_striktheit_axes_guard.cpp.o
[ 91%] Built target test_29_container_framework
[ 92%] Building CXX object tests/unit/CMakeFiles/test_striktheit_abi_pod_guard.dir/test_striktheit_abi_pod_guard.cpp.o
[ 92%] Linking CXX executable test_a14_os_sub_axes_guard
[ 92%] Built target test_a14_os_sub_axes_guard
[ 92%] Building CXX object tests/unit/CMakeFiles/test_striktheit_scan_kernel_purity.dir/test_striktheit_scan_kernel_purity.cpp.o
[ 92%] Linking CXX executable test_188_4bb0_pool_organ_wide_key_conformance
[ 92%] Linking CXX executable test_axis_error_taxonomy
[ 92%] Built target test_188_4bb0_pool_organ_wide_key_conformance
[ 92%] Building CXX object tests/unit/CMakeFiles/test_234_vb_rest_families_shaped.dir/test_234_vb_rest_families_shaped.cpp.o
[ 92%] Built target test_axis_error_taxonomy
[ 93%] Building CXX object tests/unit/CMakeFiles/test_cmd1_a_axis_command_base.dir/test_cmd1_a_axis_command_base.cpp.o
[ 93%] Linking CXX executable test_striktheit_abi_pod_guard
[ 93%] Built target test_striktheit_abi_pod_guard
[ 94%] Building CXX object tests/unit/CMakeFiles/test_s7_3_skip_list_pool_allocator_deg.dir/test_s7_3_skip_list_pool_allocator_deg.cpp.o
[ 94%] Linking CXX executable test_meta_meta_halbordnung
[ 94%] Built target test_meta_meta_halbordnung
[ 94%] Building CXX object tests/unit/CMakeFiles/test_s7_4_hash_pool_allocator_deg.dir/test_s7_4_hash_pool_allocator_deg.cpp.o
[ 94%] Linking CXX executable test_striktheit_metaprog_guard
[ 94%] Built target test_striktheit_metaprog_guard
[ 94%] Building CXX object tests/unit/CMakeFiles/test_s7_5_art_pool_allocator_deg.dir/test_s7_5_art_pool_allocator_deg.cpp.o
[ 94%] Linking CXX executable test_s7_1_bst_pool_allocator_deg
[ 94%] Built target test_s7_1_bst_pool_allocator_deg
[ 94%] Building CXX object tests/unit/CMakeFiles/test_s7_6_hot_pool_allocator_deg.dir/test_s7_6_hot_pool_allocator_deg.cpp.o
[ 94%] Linking CXX executable test_striktheit_scan_kernel_purity
[ 95%] Linking CXX static library libcomdare_profile_run_facade.a
[ 95%] Linking CXX executable test_ap15_2_get_allocator_proxy
[ 95%] Built target test_striktheit_scan_kernel_purity
[ 95%] Building CXX object tests/unit/CMakeFiles/test_s7_7_start_pool_allocator_deg.dir/test_s7_7_start_pool_allocator_deg.cpp.o
[ 95%] Built target test_ap15_2_get_allocator_proxy
[ 95%] Linking CXX executable test_s7_2_btree_pool_allocator_deg
[ 95%] Linking CXX executable test_cmd1_a_axis_command_base
[ 95%] Building CXX object tests/unit/CMakeFiles/test_s7_8_wormhole_pool_allocator_deg.dir/test_s7_8_wormhole_pool_allocator_deg.cpp.o
[ 95%] Built target test_cmd1_a_axis_command_base
[ 95%] Building CXX object tests/unit/CMakeFiles/test_s7_9_surf_pool_allocator_deg.dir/test_s7_9_surf_pool_allocator_deg.cpp.o
[ 95%] Built target test_s7_2_btree_pool_allocator_deg
[ 95%] Building CXX object tests/unit/CMakeFiles/test_s7_10_swiss_pool_allocator_deg.dir/test_s7_10_swiss_pool_allocator_deg.cpp.o
[ 95%] Built target comdare_profile_run_facade
[ 95%] Building CXX object tests/unit/CMakeFiles/test_234_f1_btree_order_shape.dir/test_234_f1_btree_order_shape.cpp.o
[ 95%] Linking CXX executable test_234_va_shaped_adapter
[ 95%] Built target test_234_va_shaped_adapter
[ 95%] Building CXX object tests/unit/CMakeFiles/test_234_f2_skip_list_shape.dir/test_234_f2_skip_list_shape.cpp.o
[ 95%] Linking CXX executable test_striktheit_axes_guard
[ 95%] Built target test_striktheit_axes_guard
[ 95%] Building CXX object tests/unit/CMakeFiles/test_234_f3_bst_shape.dir/test_234_f3_bst_shape.cpp.o
[ 95%] Linking CXX executable test_234_f1_btree_order_shape
[ 95%] Built target test_234_f1_btree_order_shape
[ 95%] Building CXX object tests/unit/CMakeFiles/test_234_f4_hash_probe_shape.dir/test_234_f4_hash_probe_shape.cpp.o
[ 95%] Linking CXX executable test_s7_3_skip_list_pool_allocator_deg
[ 95%] Linking CXX executable test_234_f2_skip_list_shape
[ 95%] Built target test_234_f2_skip_list_shape
[ 95%] Built target test_s7_3_skip_list_pool_allocator_deg
[ 95%] Building CXX object tests/unit/CMakeFiles/test_188_4a_eytzinger_organ.dir/test_188_4a_eytzinger_organ.cpp.o
[ 95%] Building CXX object tests/unit/CMakeFiles/test_188_4c0_known_compositions_conformance.dir/test_188_4c0_known_compositions_conformance.cpp.o
[ 95%] Linking CXX executable test_234_vb_rest_families_shaped
[ 95%] Built target test_234_vb_rest_families_shaped
[ 95%] Building CXX object tests/unit/CMakeFiles/test_216h2_stat_reset_after_load.dir/test_216h2_stat_reset_after_load.cpp.o
[ 95%] Linking CXX executable test_234_f3_bst_shape
[ 95%] Built target test_234_f3_bst_shape
[ 95%] Building CXX object tests/unit/CMakeFiles/test_abi_adapter_g3_batch2.dir/test_abi_adapter_g3_batch2.cpp.o
[ 95%] Linking CXX executable test_s7_4_hash_pool_allocator_deg
[ 95%] Built target test_s7_4_hash_pool_allocator_deg
[ 95%] Building CXX object tests/unit/CMakeFiles/test_221_rc_prefetch_distance.dir/test_221_rc_prefetch_distance.cpp.o
[ 95%] Linking CXX executable test_s7_5_art_pool_allocator_deg
[ 95%] Built target test_s7_5_art_pool_allocator_deg
[ 95%] Linking CXX executable test_s7_6_hot_pool_allocator_deg
[ 95%] Building CXX object tests/unit/CMakeFiles/test_e1_contract_rc_konsum.dir/test_e1_contract_rc_konsum.cpp.o
[ 95%] Linking CXX executable test_s7_7_start_pool_allocator_deg
[ 95%] Built target test_s7_6_hot_pool_allocator_deg
[ 95%] Building CXX object tests/unit/CMakeFiles/test_188_4cii_flat_wrapper_traversal.dir/test_188_4cii_flat_wrapper_traversal.cpp.o
[ 95%] Built target test_s7_7_start_pool_allocator_deg
[ 95%] Building CXX object tests/unit/CMakeFiles/test_217_2a_capacity_guard.dir/test_217_2a_capacity_guard.cpp.o
[ 96%] Linking CXX executable test_s7_9_surf_pool_allocator_deg
[ 96%] Built target test_s7_9_surf_pool_allocator_deg
[ 96%] Building CXX object tests/unit/CMakeFiles/test_d37b_modus_riegel.dir/test_d37b_modus_riegel.cpp.o
[ 96%] Linking CXX executable test_s7_8_wormhole_pool_allocator_deg
[ 96%] Linking CXX executable test_s7_10_swiss_pool_allocator_deg
[ 96%] Built target test_s7_8_wormhole_pool_allocator_deg
[ 96%] Building CXX object tests/unit/CMakeFiles/test_mt_l3_wide_schema_orakel.dir/test_mt_l3_wide_schema_orakel.cpp.o
[ 96%] Built target test_s7_10_swiss_pool_allocator_deg
[ 96%] Building CXX object tests/unit/CMakeFiles/test_vor_push_gate.dir/test_vor_push_gate.cpp.o
[ 96%] Linking CXX executable test_234_f4_hash_probe_shape
[ 96%] Built target test_234_f4_hash_probe_shape
[ 96%] Building CXX object tests/unit/CMakeFiles/test_axis_kind_wire_totalitaet.dir/test_axis_kind_wire_totalitaet.cpp.o
[ 96%] Linking CXX executable test_188_4a_eytzinger_organ
[ 96%] Built target test_188_4a_eytzinger_organ
[ 96%] Building CXX object tests/unit/CMakeFiles/test_axis_kind_kategorien_zuordnung.dir/test_axis_kind_kategorien_zuordnung.cpp.o
[ 96%] Linking CXX executable test_216h2_stat_reset_after_load
[ 96%] Built target test_216h2_stat_reset_after_load
[ 96%] Building CXX object tests/unit/CMakeFiles/test_profile_coverage.dir/thesis_tiere/test_profile_coverage.cpp.o
[ 97%] Linking CXX executable test_221_rc_prefetch_distance
[ 97%] Built target test_221_rc_prefetch_distance
[ 97%] Building CXX object tests/unit/CMakeFiles/test_ap2_katalog_pfad_stubfrei.dir/thesis_tiere/test_ap2_katalog_pfad_stubfrei.cpp.o
[ 97%] Linking CXX executable test_abi_adapter_g3_batch2
[ 97%] Built target test_abi_adapter_g3_batch2
[ 97%] Building CXX object tests/unit/CMakeFiles/test_axis_sweep_coverage.dir/thesis_tiere/test_axis_sweep_coverage.cpp.o
[ 97%] Linking CXX executable test_axis_kind_wire_totalitaet
[ 97%] Built target test_axis_kind_wire_totalitaet
[ 98%] Building CXX object tests/unit/CMakeFiles/test_org18_persistence_target.dir/test_org18_persistence_target.cpp.o
[ 98%] Linking CXX executable test_axis_kind_kategorien_zuordnung
[ 98%] Built target test_axis_kind_kategorien_zuordnung
[ 98%] Building CXX object tests/unit/CMakeFiles/test_smoke_coverage_profile.dir/thesis_tiere/test_smoke_coverage_profile.cpp.o
[ 98%] Linking CXX executable test_217_2a_capacity_guard
[ 98%] Built target test_217_2a_capacity_guard
[ 98%] Building CXX object tests/unit/CMakeFiles/test_wdk_datasets_fairness.dir/thesis_tiere/test_wdk_datasets_fairness.cpp.o
[ 98%] Linking CXX executable test_vor_push_gate
[ 98%] Built target test_vor_push_gate
[ 98%] Building CXX object tests/unit/CMakeFiles/test_measurement_categories.dir/thesis_tiere/test_measurement_categories.cpp.o
[ 98%] Linking CXX executable test_188_4cii_flat_wrapper_traversal
[ 98%] Built target test_188_4cii_flat_wrapper_traversal
[ 98%] Building CXX object tests/unit/CMakeFiles/test_experiment_parser.dir/thesis_tiere/test_experiment_parser.cpp.o
[ 98%] Linking CXX executable test_mt_l3_wide_schema_orakel
[ 98%] Built target test_mt_l3_wide_schema_orakel
[ 98%] Building CXX object tests/unit/CMakeFiles/test_experiment_kern_seam.dir/thesis_tiere/test_experiment_kern_seam.cpp.o
[ 98%] Linking CXX executable test_profile_coverage
[ 98%] Built target test_profile_coverage
[ 98%] Building CXX object tests/unit/CMakeFiles/test_experiment_projection.dir/thesis_tiere/test_experiment_projection.cpp.o
[ 98%] Linking CXX executable test_188_4c0_known_compositions_conformance
[ 98%] Linking CXX executable test_ap2_katalog_pfad_stubfrei
[ 98%] Built target test_ap2_katalog_pfad_stubfrei
[ 98%] Building CXX object tests/unit/CMakeFiles/test_merge_plan_directive.dir/thesis_tiere/test_merge_plan_directive.cpp.o
[ 98%] Built target test_188_4c0_known_compositions_conformance
[ 98%] Building CXX object tests/unit/CMakeFiles/test_experiment_plan_director.dir/thesis_tiere/test_experiment_plan_director.cpp.o
[ 98%] Linking CXX executable test_e1_contract_rc_konsum
[ 98%] Built target test_e1_contract_rc_konsum
[ 98%] Building CXX object tests/unit/CMakeFiles/test_sota_st2_dedup.dir/thesis_tiere/test_sota_st2_dedup.cpp.o
[ 98%] Linking CXX executable test_experiment_kern_seam
[ 98%] Built target test_experiment_kern_seam
[ 98%] Building CXX object tests/unit/CMakeFiles/test_validate_profile.dir/thesis_tiere/test_validate_profile.cpp.o
[ 98%] Linking CXX executable test_experiment_parser
[ 98%] Built target test_experiment_parser
[ 98%] Building CXX object tests/unit/CMakeFiles/test_h2_score_akte.dir/thesis_tiere/test_h2_score_akte.cpp.o
[ 98%] Linking CXX executable test_measurement_categories
[ 98%] Built target test_measurement_categories
[ 98%] Linking CXX executable comdare-experiment-planner
[ 98%] Linking CXX executable test_org18_persistence_target
[ 98%] Built target test_org18_persistence_target
[ 98%] Built target comdare_experiment_planner
[ 98%] Built target test_vl3_debug_flag_sperre
[ 98%] Built target test_check_size_cli_deckel
[ 98%] Linking CXX executable test_experiment_projection
[ 98%] Built target test_experiment_projection
[ 98%] Linking CXX executable test_merge_plan_directive
[ 98%] Built target test_merge_plan_directive
[ 98%] Linking CXX executable test_wdk_datasets_fairness
[ 98%] Built target test_wdk_datasets_fairness
[ 98%] Linking CXX executable test_sota_st2_dedup
[ 98%] Built target test_sota_st2_dedup
[100%] Linking CXX executable test_axis_sweep_coverage
[100%] Built target test_axis_sweep_coverage
[100%] Linking CXX executable test_h2_score_akte
[100%] Built target test_h2_score_akte
[100%] Linking CXX executable test_smoke_coverage_profile
[100%] Linking CXX executable test_validate_profile
[100%] Built target test_smoke_coverage_profile
[100%] Built target test_validate_profile
[100%] Linking CXX executable test_experiment_plan_director
[100%] Built target test_experiment_plan_director
[100%] Linking CXX executable test_d37b_modus_riegel
[100%] Built target test_d37b_modus_riegel
