[0/2] Re-checking globbed directories...
[1/2] Re-running CMake...
-- Boost.MP11: vendored Header gefunden -> /home/comdare/wt-ce-bump15/cmake/../cmake/third_party/boost_mp11/include
-- Boost.MP11 ready: /home/comdare/wt-ce-bump15/cmake/../cmake/third_party/boost_mp11/include
CMake Warning at cmake/fetchcontent_stale_cleanup.cmake:39 (message):
  FetchContent stale subbuild-Cache erkannt fuer 'googletest'.

    Cached source : /home/comdare/wt-ce-bump15/build/gcc-release/_deps/googletest-subbuild
    Current source: /home/comdare/wt-ce-bump15
    Auto-Bereinigung: loesche /home/comdare/wt-ce-bump15/build/gcc-release/_deps/googletest-subbuild (sicher, betrifft nur FetchContent-Subbuild).
Call Stack (most recent call first):
  cmake/gtest_setup.cmake:10 (comdare_clean_stale_fetchcontent_subbuild)
  CMakeLists.txt:555 (include)


-- GTest: lokaler Tarball gefunden: /home/comdare/wt-ce-bump15/cmake/third_party/googletest-1.15.2.tar.gz
-- ==============================================================
-- comdare-cache-engine Multi-OS-Konfiguration (Phase 6)
--   OS                : Linux
--   Architektur       : x86_64
--   Block AO Plattform: unknown
--   Cache-Line-Size   : 64 B
--   ISA detected      : scalar-only
-- ==============================================================
CMake Warning at cmake/check_submodules.cmake:36 (message):
  
  ──────────────────────────────────────────────────────
Call Stack (most recent call first):
  CMakeLists.txt:571 (include)


CMake Warning at cmake/check_submodules.cmake:37 (message):
  Fehlende cache-engine-interne Module (Skelett-Inkonsistenz):
Call Stack (most recent call first):
  CMakeLists.txt:571 (include)


CMake Warning at cmake/check_submodules.cmake:39 (message):
    - modules/comdare-search-engine
Call Stack (most recent call first):
  CMakeLists.txt:571 (include)


CMake Warning at cmake/check_submodules.cmake:39 (message):
    - modules/comdare-cache-engine-core
Call Stack (most recent call first):
  CMakeLists.txt:571 (include)


CMake Warning at cmake/check_submodules.cmake:39 (message):
    - modules/comdare-measurement
Call Stack (most recent call first):
  CMakeLists.txt:571 (include)


CMake Warning at cmake/check_submodules.cmake:39 (message):
    - modules/comdare-isa-dispatch
Call Stack (most recent call first):
  CMakeLists.txt:571 (include)


CMake Warning at cmake/check_submodules.cmake:39 (message):
    - modules/comdare-build-tools
Call Stack (most recent call first):
  CMakeLists.txt:571 (include)


CMake Warning at cmake/check_submodules.cmake:39 (message):
    - modules/comdare-test-system
Call Stack (most recent call first):
  CMakeLists.txt:571 (include)


CMake Warning at cmake/check_submodules.cmake:41 (message):
    Erwarteter Inhalt pro Modul: CMakeLists.txt + README.md
Call Stack (most recent call first):
  CMakeLists.txt:571 (include)


CMake Warning at cmake/check_submodules.cmake:42 (message):
  
  ──────────────────────────────────────────────────────
Call Stack (most recent call first):
  CMakeLists.txt:571 (include)


-- comdare Plugin-Controller: lade Pruefling /home/comdare/wt-ce-bump15/tests/pruefling_fixture
-- comdare Pruefling 'fixture_min' sichert zu: pruefling_slots_v1
-- comdare Pruefling-Ort: COMDARE_CE_PRUEFLINGE ist gesetzt, COMDARE_PRT_ART_DIR ist LEER -- der Code-Weg ist da, die XML-Registry nicht. Der Planer sieht die Pruefling-Achsen nicht.
-- Test-Temp-Wurzel (Posten 69): comdare_test_<uid>_b02989329268 (stabil aus CMAKE_BINARY_DIR=/home/comdare/wt-ce-bump15/build/gcc-release)
-- comdare_codegen_anatomy_module: anatomy_codegen_pilot_hot (STATIC, fp=hot_pilot) -> /home/comdare/wt-ce-bump15/build/gcc-release/generated/anatomy_modules/anatomy_perm_hot_pilot.cpp
-- comdare_codegen_anatomy_module: anatomy_codegen_pilot_wormhole_shared (SHARED, fp=wormhole_pilot) -> /home/comdare/wt-ce-bump15/build/gcc-release/generated/anatomy_modules/anatomy_perm_wormhole_pilot.cpp
-- comdare_codegen_anatomy_module: anatomy_multi_pilot_0 (SHARED, fp=anatomy_multi_pilot_0) -> /home/comdare/wt-ce-bump15/build/gcc-release/generated/anatomy_modules_multi/anatomy_perm_anatomy_multi_pilot_0.cpp
-- comdare_codegen_anatomy_module: anatomy_multi_pilot_1 (SHARED, fp=anatomy_multi_pilot_1) -> /home/comdare/wt-ce-bump15/build/gcc-release/generated/anatomy_modules_multi/anatomy_perm_anatomy_multi_pilot_1.cpp
-- comdare_codegen_anatomy_module: anatomy_multi_pilot_2 (SHARED, fp=anatomy_multi_pilot_2) -> /home/comdare/wt-ce-bump15/build/gcc-release/generated/anatomy_modules_multi/anatomy_perm_anatomy_multi_pilot_2.cpp
-- comdare_codegen_anatomy_module: anatomy_multi_pilot_3 (SHARED, fp=anatomy_multi_pilot_3) -> /home/comdare/wt-ce-bump15/build/gcc-release/generated/anatomy_modules_multi/anatomy_perm_anatomy_multi_pilot_3.cpp
-- comdare_codegen_anatomy_module: anatomy_multi_pilot_4 (SHARED, fp=anatomy_multi_pilot_4) -> /home/comdare/wt-ce-bump15/build/gcc-release/generated/anatomy_modules_multi/anatomy_perm_anatomy_multi_pilot_4.cpp
-- comdare_codegen_anatomy_module: anatomy_multi_pilot_5 (SHARED, fp=anatomy_multi_pilot_5) -> /home/comdare/wt-ce-bump15/build/gcc-release/generated/anatomy_modules_multi/anatomy_perm_anatomy_multi_pilot_5.cpp
-- comdare_codegen_anatomy_module_list: generated 6 SHARED targets (prefix=anatomy_multi_pilot, output=/home/comdare/wt-ce-bump15/build/gcc-release/generated/anatomy_modules_multi)
-- comdare Plugin-Controller: Pruefling-Integration-Test test_pruefling_fixture_ladung registriert
-- comdare_run_anatomy_codegen_tool: HIT (idempotent) /home/comdare/wt-ce-bump15/build/gcc-release/generated/r5i_perm_list.cmake
-- comdare_codegen_anatomy_module: r5i_configure_pilot_0 (SHARED, fp=r5i_configure_pilot_0) -> /home/comdare/wt-ce-bump15/build/gcc-release/generated/r5i_anatomy_modules/anatomy_perm_r5i_configure_pilot_0.cpp
-- comdare_codegen_anatomy_module: r5i_configure_pilot_1 (SHARED, fp=r5i_configure_pilot_1) -> /home/comdare/wt-ce-bump15/build/gcc-release/generated/r5i_anatomy_modules/anatomy_perm_r5i_configure_pilot_1.cpp
-- comdare_codegen_anatomy_module: r5i_configure_pilot_2 (SHARED, fp=r5i_configure_pilot_2) -> /home/comdare/wt-ce-bump15/build/gcc-release/generated/r5i_anatomy_modules/anatomy_perm_r5i_configure_pilot_2.cpp
-- comdare_codegen_anatomy_module_list: generated 3 SHARED targets (prefix=r5i_configure_pilot, output=/home/comdare/wt-ce-bump15/build/gcc-release/generated/r5i_anatomy_modules)
-- R5.I: configure-time codegen ACTIVE (test target enabled)
-- F.5 comdare_perms_pa/full_join: SKIPPED -- Pruefling geladen, aber 'prt_art/slots/prt_art_composition_demo.hpp' liegt in keiner seiner Include-Wurzeln (/home/comdare/wt-ce-bump15/tests/pruefling_fixture/include). Das ist der Fixture-Fall und kein Fehler; die Stufe-2/3-DLLs brauchen den echten prt-art-Pruefling.
-- comdare_run_anatomy_codegen_tool: HIT (idempotent) /home/comdare/wt-ce-bump15/build/gcc-release/generated/f15_perm_list.cmake
-- comdare_codegen_anatomy_module: f15_measurement_pilot_0 (SHARED, fp=f15_measurement_pilot_0) -> /home/comdare/wt-ce-bump15/build/gcc-release/generated/f15_measurement_modules/anatomy_perm_f15_measurement_pilot_0.cpp
-- comdare_codegen_anatomy_module: f15_measurement_pilot_1 (SHARED, fp=f15_measurement_pilot_1) -> /home/comdare/wt-ce-bump15/build/gcc-release/generated/f15_measurement_modules/anatomy_perm_f15_measurement_pilot_1.cpp
-- comdare_codegen_anatomy_module_list: generated 2 SHARED targets (prefix=f15_measurement_pilot, output=/home/comdare/wt-ce-bump15/build/gcc-release/generated/f15_measurement_modules)
-- F15: measurement driver test ENABLED
-- comdare_run_adhoc_emitter: running /home/comdare/wt-ce-bump15/build/gcc-release/apps/adhoc_emitter/comdare-adhoc-emitter /home/comdare/wt-ce-bump15/build/gcc-release/generated/r5g_autobuilt_modules 
-- comdare_run_adhoc_emitter: emitted modules into /home/comdare/wt-ce-bump15/build/gcc-release/generated/r5g_autobuilt_modules
    [idx 0	array256	std_malloc	memory_layout_cache_line_aligned]
  [idx 1	array256	pool_resource	memory_layout_cache_line_aligned]
  [idx 2	array256	std_malloc	memory_layout_soa]
  [idx 3	array256	pool_resource	memory_layout_soa]
  [idx 4	vector_u8u8	std_malloc	memory_layout_cache_line_aligned]
  [idx 5	vector_u8u8	pool_resource	memory_layout_cache_line_aligned]
  [idx 6	vector_u8u8	std_malloc	memory_layout_soa]
  [idx 7	vector_u8u8	pool_resource	memory_layout_soa]
  [idx 8	vector_u16u16	std_malloc	memory_layout_cache_line_aligned]
  [idx 9	vector_u16u16	pool_resource	memory_layout_cache_line_aligned]
  [idx 10	vector_u16u16	std_malloc	memory_layout_soa]
  [idx 11	vector_u16u16	pool_resource	memory_layout_soa]
  [idx 12	array65535	std_malloc	memory_layout_cache_line_aligned]
  [idx 13	array65535	pool_resource	memory_layout_cache_line_aligned]
  [idx 14	array65535	std_malloc	memory_layout_soa]
  [idx 15	array65535	pool_resource	memory_layout_soa]
  [idx 16	k_ary	std_malloc	memory_layout_cache_line_aligned]
  [idx 17	k_ary	pool_resource	memory_layout_cache_line_aligned]
  [idx 18	k_ary	std_malloc	memory_layout_soa]
  [idx 19	k_ary	pool_resource	memory_layout_soa]
  [idx 20	interpolation	std_malloc	memory_layout_cache_line_aligned]
  [idx 21	interpolation	pool_resource	memory_layout_cache_line_aligned]
  [idx 22	interpolation	std_malloc	memory_layout_soa]
  [idx 23	interpolation	pool_resource	memory_layout_soa]
  [idx 24	eytzinger	std_malloc	memory_layout_cache_line_aligned]
  [idx 25	eytzinger	pool_resource	memory_layout_cache_line_aligned]
  [idx 26	eytzinger	std_malloc	memory_layout_soa]
  [idx 27	eytzinger	pool_resource	memory_layout_soa]
  [idx 28	skip_list	std_malloc	memory_layout_cache_line_aligned]
  [idx 29	skip_list	pool_resource	memory_layout_cache_line_aligned]
  [idx 30	skip_list	std_malloc	memory_layout_soa]
  [idx 31	skip_list	pool_resource	memory_layout_soa]
  [idx 32	hash_search	std_malloc	memory_layout_cache_line_aligned]
  [idx 33	hash_search	pool_resource	memory_layout_cache_line_aligned]
  [idx 34	hash_search	std_malloc	memory_layout_soa]
  [idx 35	hash_search	pool_resource	memory_layout_soa]
  [idx 36	linear_scan	std_malloc	memory_layout_cache_line_aligned]
  [idx 37	linear_scan	pool_resource	memory_layout_cache_line_aligned]
  [idx 38	linear_scan	std_malloc	memory_layout_soa]
  [idx 39	linear_scan	pool_resource	memory_layout_soa]
  [idx 40	bst	std_malloc	memory_layout_cache_line_aligned]
  [idx 41	bst	pool_resource	memory_layout_cache_line_aligned]
  [idx 42	bst	std_malloc	memory_layout_soa]
  [idx 43	bst	pool_resource	memory_layout_soa]
  [idx 44	btree	std_malloc	memory_layout_cache_line_aligned]
  [idx 45	btree	pool_resource	memory_layout_cache_line_aligned]
  [idx 46	btree	std_malloc	memory_layout_soa]
  [idx 47	btree	pool_resource	memory_layout_soa]
comdare-adhoc-emitter: 48 Permutations-Modul-.cpp geschrieben (count=48, Modus=kuratiert-3achsen, manifest.txt geschrieben).
-- comdare_build_adhoc_modules: 48 auto-emittierte Permutations-DLLs (prefix=comdare_r5g_autobuilt_perm, output=/home/comdare/wt-ce-bump15/build/gcc-release/generated/r5g_autobuilt_modules)
-- R5.G: Auto-Permutations-Skalierung ACTIVE (48 auto-gebaute DLLs).
-- GO-3 A1 Kohaerenz-Guard bewiesen: Negativ-Probe (ohne AVX2-Flag) korrekt ABGELEHNT, Positiv-Probe (mit AVX2-Flag) kompiliert
-- W3-KERN: Mess-Interface-Testate REGISTRIERT (dock + biss)
-- Goal-V6 Phase D: 4718 — 28 add_test-D-Tests (16 leicht + 12 Boost) + 5 DLL-Round-Trip-Tests (test_dgenus_dll/test_buildvariant_dll{,_real}/test_adhoc_buildvariant_dll/test_d13_dll_runtime_measure) als OFFIZIELLE CMake-Targets (6 SHARED-DLLs via $<TARGET_FILE>). container_dll (test_d4b) bleibt scratch-verifiziert (Folge).
-- tools-tests: test_cacheline_policy_selector (#174) + test_load_profile_writer (#175) als add_test registriert (best_binary_selector-Tool = tools/best_binary_selector add_executable).
-- B2-ABSCHLUSS Schichtungs-Wache: Negativprobe feuert am #error, Kontrolle baut (2/2)
-- Durchstich: pdflatex gefunden (1 von 1): /usr/local/texlive/2026/bin/x86_64-linux/pdflatex
-- comdare E-E: Overlay-Quell-Hash verdrahtet -> /home/comdare/wt-ce-bump15/build/gcc-release/generated/cache_engine/abi/overlay_source_hash_generated.hpp
-- ──────────────────────────────────────────────────────────
-- comdare-cache-engine 0.1.0
--   C++ Standard:           23
--   Detection Mode:         COMPILE_TIME
--   Build Builder:          ON
--   Build Benchmarks:       ON
--   Build Tests:            ON
--   Pre-Build Permutations: 
--   Experiment Mode (V8.4): OFF
--   Legacy-Reimpl (V8.2):   OFF [DEPRECATED]
--   Auto-Run Builder V13.4: OFF
-- ──────────────────────────────────────────────────────────
-- V41.F.6.1.C Allocator Axis 6 effective USE flags:
--   Batch 1: USE_STD=1 MIMALLOC=0 SNMALLOC=0 PMR=1 POOL=1 VAMPIR_NFP=0
--   Batch 2: USE_JEMALLOC=0 TCMALLOC=0 DLMALLOC=0
--   Batch 3: USE_HOARD=0 SLAB=0 MICHAEL_LF=0
--   Batch 4: USE_SCALLOC=0 NUMALLOC=0 RPMALLOC=0
--   Batch 5: USE_LRMALLOC=0 CAMA=0 STARMALLOC=0
--   Batch 6: USE_TCMALLOC_WH=0 HMALLOC=0 PIM_MALLOC=0
--   Batch 7: USE_CRYSTALLINE=0 EXGEN=0 BUDDY=0
--   Batch 8: USE_PTMALLOC2=0 VMEM_MAG=0 (VOLLAUSBAU 24 Vendor)
-- V41.F.6.1 Topic queuing Pilot:
--   axis_Q1 VOLLAUSBAU (13/13 W2): NO_BUFFER=1 FIFO=1 LIFO=1 BOUNDED_RING=1 APPEND_ONLY=1 PRIORITY_HEAP=1 DELTA_CHAIN=1 SKIPLIST_BUFFER=1 TOMBSTONE_BUFFER=1 COPY_ON_WRITE=1 EPOCH_BUFFER=1 BATCHED_INSERT_BUFFER=1 LOCKFREE_SPSC=1 LOCKFREE_MPMC=1
--   axis_Q2 VOLLAUSBAU (5/5 W3): EAGER=1 WATERMARK=1 LAZY=1 TIMED=1 ADAPTIVE_LSM=1
-- V41.F.6.1 Topic traversal Pilot:
--   axis_03a (22 search_algo = 17 + 4 per-K + S22 SwissTable, Masstree deferred): ARRAY256=0 VECTOR_U8U8=0 VECTOR_U16U16=0 ARRAY65535=0 ORIGINAL_ART=0 ORIGINAL_HOT=0 ORIGINAL_START=0 ORIGINAL_WORMHOLE=0 ORIGINAL_SURF=0 K_ARY=1 INTERPOLATION=1 EYTZINGER=1 SKIP_LIST=0 HASH_SEARCH=0 LINEAR_SCAN=1 BST=0 BTREE=0 K_ARY_K2=0 K_ARY_K4=0 K_ARY_K8=0 K_ARY_K16=0 SWISSTABLE=0
--   axis_03b (3 cache_traversal): LINEAR_FANOUT=1 HASH_LOOKUP=1 BINARY_SEARCH_FANOUT=1
--   axis_03m (2 mapping): DIRECT_PLACEMENT=1 POOL_RELATIVE=1
--   axis_12 (3 platforms): GENERIC=1 X86_64=1 AARCH64=1
--   axis_05 (5 layouts): CACHE_LINE_ALIGNED=1 AOS_STRICT=1 SOA=1 PACKED_BITMAP=1 AOSOA=1
--   axis_02 (3 compressions): NONE=1 PATRICIA=1 BYTE_WISE=1
--   axis_01_page_type (6 page-types): DENSE=1 EXT=1 PATRICIA=1 REDIRECT=1 CUSTOM=1 BPLUS=1
--   axis_btree_order (5 shapes): KT2=0 KT3=0 KT4=1 KT8=0 KT16=0
--   axis_skip_list_shape (4 shapes): MAX16_P50=1 MAX8_P50=0 MAX32_P50=0 MAX16_P25=0
--   axis_bst_shape (3 shapes): PTR_SIZE_T=1 PTR_U32=0 PTR_U16=0
--   axis_hash_probe_shape (4 shapes): OA_LF70=1 OA_LF50=0 OA_LF90=0 CHAINING=0
--   axis_04 (4 node-types): NODE4=1 NODE16=1 NODE48=1 NODE256=1
--   axis_07 (4 prefetchers): NONE=1 DISTANCE_ESTIMATOR=1 HARDWARE_PREFETCH=1 PATH_ORIENTED=1
--   axis_11 (4 telemetries): LEAF=1 DENSITY=1 INSERT=1 LATENCY=1
--   axis_10 (4 serializers): RAW=1 VAR_LEN=1 SUCCINCT=1 COMPRESSED=1
--   axis_14 (5 value-handles): INLINE=1 EXT_POOL=1 SHARED_REF=1 VERSIONED=1 CHAIN_REF=1
--   axis_08 (9 concurrency): NONE=1 BLOCKING=1 RW=1 OLC=1 LF=1 WF=1 RCU=1 HP=1 OLC_RB=1
--   axis_filter (5 filters): BLOOM=1 CUCKOO=1 RANGE_SURF=1 XOR=1 NONE=0
--   axis_io (4 io-strategies): IN_MEM=1 DIRECT=1 BUFFERED=1 MMAP=1
--   axis_persistence_target (2 targets): MEMORY_ONLY=1 DISK_WRITEBACK=0 (Q-1 FALL B: DISK_WRITEBACK=0 haelt den Voll-Bau bei 2^17)
--   axis_migration (4 migrations): NONE=1 HOT_COLD=1 TIER=1 ADAPTIVE=1
--   axis_01 (4 clusterings): HEAP=1 CLUSTERED=1 NON_CLUSTERED=1 IOT=1
--   axis_09 (4 main-CPU-ISAs): AMD64=1 AARCH64=1 RISCV=1 POWERPC=1
--   axis_09b (8 SIMD-extensions): NO_EXT=1 SSE2=1 AVX2=1 AVX512=1 NEON=1 SVE2=1 RVV=1 CUDA_GH200=1
-- comdare paper-init HIT: a04_mimalloc already extracted
-- comdare is_original_codegen: registered mimalloc -> /home/comdare/wt-ce-bump15/build/gcc-release/generated/topics/allocator/axis_06_allocator/legacy_code/paper_a04_mimalloc_is_original.hpp
-- comdare paper-init HIT: a05_jemalloc already extracted
-- comdare is_original_codegen: registered jemalloc -> /home/comdare/wt-ce-bump15/build/gcc-release/generated/topics/allocator/axis_06_allocator/legacy_code/paper_a05_jemalloc_is_original.hpp
-- comdare paper-init HIT: a07_snmalloc already extracted
-- comdare is_original_codegen: registered snmalloc -> /home/comdare/wt-ce-bump15/build/gcc-release/generated/topics/allocator/axis_06_allocator/legacy_code/paper_a07_snmalloc_is_original.hpp
-- comdare paper-init HIT: a20_dlmalloc already extracted
-- comdare is_original_codegen: registered dlmalloc -> /home/comdare/wt-ce-bump15/build/gcc-release/generated/topics/allocator/axis_06_allocator/legacy_code/paper_a20_dlmalloc_is_original.hpp
-- comdare paper-init HIT: a10_rpmalloc already extracted
-- comdare is_original_codegen: registered rpmalloc -> /home/comdare/wt-ce-bump15/build/gcc-release/generated/topics/allocator/axis_06_allocator/legacy_code/paper_a10_rpmalloc_is_original.hpp
-- comdare paper-init HIT: a11_lrmalloc already extracted
-- comdare is_original_codegen: registered lrmalloc -> /home/comdare/wt-ce-bump15/build/gcc-release/generated/topics/allocator/axis_06_allocator/legacy_code/paper_a11_lrmalloc_is_original.hpp
-- comdare paper-init HIT: p01_art already extracted
-- comdare is_original_codegen: registered art -> /home/comdare/wt-ce-bump15/build/gcc-release/generated/topics/traversal/axis_03a_search_algo/legacy_code/paper_p01_art_is_original.hpp
-- comdare paper-init HIT: p02_hot already extracted
-- comdare is_original_codegen: registered hot -> /home/comdare/wt-ce-bump15/build/gcc-release/generated/topics/traversal/axis_03a_search_algo/legacy_code/paper_p02_hot_is_original.hpp
-- comdare paper-init HIT: p05_start already extracted
-- comdare is_original_codegen: registered start -> /home/comdare/wt-ce-bump15/build/gcc-release/generated/topics/traversal/axis_03a_search_algo/legacy_code/paper_p05_start_is_original.hpp
-- comdare paper-init HIT: p07_wormhole already extracted
-- comdare is_original_codegen: registered wormhole -> /home/comdare/wt-ce-bump15/build/gcc-release/generated/topics/traversal/axis_03a_search_algo/legacy_code/paper_p07_wormhole_is_original.hpp
-- comdare paper-init HIT: p10_surf already extracted
-- comdare is_original_codegen: registered surf -> /home/comdare/wt-ce-bump15/build/gcc-release/generated/topics/traversal/axis_03a_search_algo/legacy_code/paper_p10_surf_is_original.hpp
-- comdare paper-init HIT: p03_masstree already extracted
-- comdare is_original_codegen: registered masstree -> /home/comdare/wt-ce-bump15/build/gcc-release/generated/topics/traversal/axis_03a_search_algo/legacy_code/paper_p03_masstree_is_original.hpp
-- comdare paper-roll-out: SKIP q01_concurrentqueue (/home/comdare/wt-ce-bump15/ext/queuing/Q01-concurrentqueue/concurrentqueue.h missing)
-- 
-- ═══════════════════════════════════════════════════════════════
--  COMDARE Achsen-Hierarchie (G.1) — Anatomie-Achsen pro Topic
-- ═══════════════════════════════════════════════════════════════
--   allocator/
--       axis_06_allocator: 25 Wrapper
--   concurrency/
--       axis_08_concurrency: 10 Wrapper
--   filter/
--       axis_filter: 6 Wrapper
--   hardware/
--       axis_09_isa: 4 Wrapper
--       axis_09b_simd_extension: 9 Wrapper
--       axis_12_general_hardware: 3 Wrapper
--   io/
--       axis_io: 5 Wrapper
--   memory_layout/
--       axis_05_memory_layout: 5 Wrapper
--   migration/
--       axis_migration: 4 Wrapper
--   nodes/
--       axis_01_page_type: 6 Wrapper
--       axis_02_path_compression: 4 Wrapper
--       axis_04_node_type: 6 Wrapper
--       axis_bst_shape: 3 Wrapper
--       axis_btree_order: 5 Wrapper
--       axis_hash_probe_shape: 4 Wrapper
--       axis_skip_list_shape: 4 Wrapper
--   prefetch/
--       axis_07_prefetch: 7 Wrapper
--   search_engine/
--       axis_01_index_organization: 5 Wrapper
--   sequence/
--       axis_growth: 1 Wrapper
--   serialization/
--       axis_10_serialization: 5 Wrapper
--   telemetry/
--       axis_11_telemetry: 5 Wrapper
--   traversal/
--       axis_03a_search_algo: 17 Wrapper
--       axis_03b_cache_traversal: 3 Wrapper
--       axis_03m_mapping: 2 Wrapper
--   value_handle/
--       axis_14_value_handle: 5 Wrapper
-- ───────────────────────────────────────────────────────────────
--  Gesamt: 15 Topics · 25 Achsen · 153 Wrapper
--  Permutations-Raum (Produkt der Achsen-Kardinalitaeten): >= 1e15 (kombinatorisch)
-- ═══════════════════════════════════════════════════════════════
-- 
-- Registrierungs-Protokoll: 6 bedingte Registrierungs-Bloecke vermerkt -> /home/comdare/wt-ce-bump15/build/gcc-release/comdare_registrierungs_protokoll.txt
-- Configuring done (0.2s)
-- Generating done (0.3s)
-- Build files have been written to: /home/comdare/wt-ce-bump15/build/gcc-release
[0/4] Re-checking globbed directories...
[1/2341] Generating CXX dyndep file tools/overlay_source_hash_gen/CMakeFiles/comdare_overlay_source_hash_gen.dir/CXX.dd
[2/2339] comdare E-E: Overlay-Quell-Hash (Glied [7] des Tier-Fingerprints)
[overlay_source_hash_gen] 712 Dateien, 3418134 Bytes, sha512=17ce209466a6f770... (unveraendert)
[3/2339] Generating CXX dyndep file apps/is_original_validator/CMakeFiles/is_original_validator.dir/CXX.dd
[4/2325] Generating CXX dyndep file libs/common/serialization/xml_config_parser/CMakeFiles/comdare_builder_xml_config_parser.dir/CXX.dd
[5/2323] Generating CXX dyndep file libs/cache_engine/builder/workload_driver/CMakeFiles/comdare_workload_driver.dir/CXX.dd
[6/2321] Generating CXX dyndep file libs/cache_engine/builder/lager_ablage/CMakeFiles/comdare_lager_ablage.dir/CXX.dd
[7/2319] Generating CXX dyndep file libs/test_infra/workload_generator/CMakeFiles/comdare_workload_generator.dir/CXX.dd
[8/2317] Generating CXX dyndep file libs/cache_engine/builder/codegen/CMakeFiles/comdare_builder_codegen.dir/CXX.dd
[9/2315] Generating CXX dyndep file libs/cache_engine/builder/permutation_loop/CMakeFiles/comdare_builder_permutation_loop.dir/CXX.dd
[10/2313] Generating CXX dyndep file libs/cache_engine/builder/module_loader/CMakeFiles/comdare_module_loader.dir/CXX.dd
[11/2311] Generating CXX dyndep file libs/execution_engine/CMakeFiles/comdare_experiment.dir/CXX.dd
[12/2309] Generating CXX dyndep file tools/axis_version_lock/CMakeFiles/comdare_axis_version_lock.dir/CXX.dd
[13/2307] Scanning /home/comdare/wt-ce-bump15/tests/unit/genus_buildvariant_avx512.cpp for CXX dependencies
[14/2307] Scanning /home/comdare/wt-ce-bump15/tests/unit/genus_buildvariant_avx2.cpp for CXX dependencies
[15/2307] Scanning /home/comdare/wt-ce-bump15/tests/unit/genus_module_view.cpp for CXX dependencies
[16/2307] Scanning /home/comdare/wt-ce-bump15/tests/unit/genus_module_sequence.cpp for CXX dependencies
[17/2307] Scanning /home/comdare/wt-ce-bump15/tests/unit/genus_module_set.cpp for CXX dependencies
[18/2307] Scanning /home/comdare/wt-ce-bump15/tests/unit/genus_module_adapter.cpp for CXX dependencies
[19/2307] Scanning /home/comdare/wt-ce-bump15/libs/cache_engine/builder/anatomy_module_loader/anatomy_module_loader.cpp for CXX dependencies
[20/2307] Generating CXX dyndep file libs/cache_engine/builder/anatomy_module_loader/CMakeFiles/comdare_anatomy_module_loader.dir/CXX.dd
[21/2307] Scanning /home/comdare/wt-ce-bump15/build/gcc-release/generated/anatomy_modules_multi/anatomy_perm_anatomy_multi_pilot_2.cpp for CXX dependencies
[22/2307] Scanning /home/comdare/wt-ce-bump15/build/gcc-release/generated/anatomy_modules_multi/anatomy_perm_anatomy_multi_pilot_5.cpp for CXX dependencies
[23/2307] Scanning /home/comdare/wt-ce-bump15/build/gcc-release/generated/anatomy_modules_multi/anatomy_perm_anatomy_multi_pilot_1.cpp for CXX dependencies
[24/2307] Scanning /home/comdare/wt-ce-bump15/build/gcc-release/generated/anatomy_modules/anatomy_perm_wormhole_pilot.cpp for CXX dependencies
[25/2307] Scanning /home/comdare/wt-ce-bump15/build/gcc-release/generated/anatomy_modules_multi/anatomy_perm_anatomy_multi_pilot_0.cpp for CXX dependencies
[26/2307] Scanning /home/comdare/wt-ce-bump15/build/gcc-release/generated/r5i_anatomy_modules/anatomy_perm_r5i_configure_pilot_2.cpp for CXX dependencies
[27/2307] Scanning /home/comdare/wt-ce-bump15/build/gcc-release/generated/anatomy_modules_multi/anatomy_perm_anatomy_multi_pilot_4.cpp for CXX dependencies
[28/2307] Scanning /home/comdare/wt-ce-bump15/build/gcc-release/generated/anatomy_modules/anatomy_perm_hot_pilot.cpp for CXX dependencies
[29/2307] Scanning /home/comdare/wt-ce-bump15/build/gcc-release/generated/r5i_anatomy_modules/anatomy_perm_r5i_configure_pilot_0.cpp for CXX dependencies
[30/2307] Scanning /home/comdare/wt-ce-bump15/libs/cache_engine/builder/anatomy_codegen_tool/anatomy_codegen_tool.cpp for CXX dependencies
[31/2307] Scanning /home/comdare/wt-ce-bump15/build/gcc-release/generated/f15_measurement_modules/anatomy_perm_f15_measurement_pilot_0.cpp for CXX dependencies
[32/2307] Scanning /home/comdare/wt-ce-bump15/build/gcc-release/generated/r5i_anatomy_modules/anatomy_perm_r5i_configure_pilot_1.cpp for CXX dependencies
[33/2307] Scanning /home/comdare/wt-ce-bump15/build/gcc-release/generated/f15_measurement_modules/anatomy_perm_f15_measurement_pilot_1.cpp for CXX dependencies
[34/2307] Scanning /home/comdare/wt-ce-bump15/build/gcc-release/generated/anatomy_modules_multi/anatomy_perm_anatomy_multi_pilot_3.cpp for CXX dependencies
[35/2307] Scanning /home/comdare/wt-ce-bump15/apps/catalog_codegen_tool/main.cpp for CXX dependencies
[36/2307] Generating CXX dyndep file apps/catalog_codegen_tool/CMakeFiles/comdare_catalog_codegen_cli.dir/CXX.dd
[37/2307] Scanning /home/comdare/wt-ce-bump15/build/gcc-release/generated/r5g_autobuilt_modules/comdare_anatomy_perm_auto_15.cpp for CXX dependencies
[38/2307] Scanning /home/comdare/wt-ce-bump15/tests/unit/auto_emitted_perm_module.cpp for CXX dependencies
[39/2307] Scanning /home/comdare/wt-ce-bump15/build/gcc-release/generated/r5g_autobuilt_modules/comdare_anatomy_perm_auto_12.cpp for CXX dependencies
[40/2307] Scanning /home/comdare/wt-ce-bump15/build/gcc-release/generated/r5g_autobuilt_modules/comdare_anatomy_perm_auto_14.cpp for CXX dependencies
[41/2307] Scanning /home/comdare/wt-ce-bump15/build/gcc-release/generated/r5g_autobuilt_modules/comdare_anatomy_perm_auto_11.cpp for CXX dependencies
[42/2307] Scanning /home/comdare/wt-ce-bump15/build/gcc-release/generated/r5g_autobuilt_modules/comdare_anatomy_perm_auto_17.cpp for CXX dependencies
[43/2307] Scanning /home/comdare/wt-ce-bump15/build/gcc-release/generated/r5g_autobuilt_modules/comdare_anatomy_perm_auto_1.cpp for CXX dependencies
[44/2307] Scanning /home/comdare/wt-ce-bump15/build/gcc-release/generated/r5g_autobuilt_modules/comdare_anatomy_perm_auto_18.cpp for CXX dependencies
[45/2307] Scanning /home/comdare/wt-ce-bump15/build/gcc-release/generated/r5g_autobuilt_modules/comdare_anatomy_perm_auto_10.cpp for CXX dependencies
[46/2307] Scanning /home/comdare/wt-ce-bump15/build/gcc-release/generated/r5g_autobuilt_modules/comdare_anatomy_perm_auto_13.cpp for CXX dependencies
[47/2307] Scanning /home/comdare/wt-ce-bump15/build/gcc-release/generated/r5g_autobuilt_modules/comdare_anatomy_perm_auto_2.cpp for CXX dependencies
[48/2307] Scanning /home/comdare/wt-ce-bump15/build/gcc-release/generated/r5g_autobuilt_modules/comdare_anatomy_perm_auto_16.cpp for CXX dependencies
[49/2307] Scanning /home/comdare/wt-ce-bump15/build/gcc-release/generated/r5g_autobuilt_modules/comdare_anatomy_perm_auto_19.cpp for CXX dependencies
[50/2307] Scanning /home/comdare/wt-ce-bump15/build/gcc-release/generated/r5g_autobuilt_modules/comdare_anatomy_perm_auto_0.cpp for CXX dependencies
[51/2307] Scanning /home/comdare/wt-ce-bump15/build/gcc-release/generated/r5g_autobuilt_modules/comdare_anatomy_perm_auto_20.cpp for CXX dependencies
[52/2307] Scanning /home/comdare/wt-ce-bump15/build/gcc-release/generated/r5g_autobuilt_modules/comdare_anatomy_perm_auto_25.cpp for CXX dependencies
[53/2307] Scanning /home/comdare/wt-ce-bump15/build/gcc-release/generated/r5g_autobuilt_modules/comdare_anatomy_perm_auto_22.cpp for CXX dependencies
[54/2307] Scanning /home/comdare/wt-ce-bump15/build/gcc-release/generated/r5g_autobuilt_modules/comdare_anatomy_perm_auto_24.cpp for CXX dependencies
[55/2307] Scanning /home/comdare/wt-ce-bump15/build/gcc-release/generated/r5g_autobuilt_modules/comdare_anatomy_perm_auto_23.cpp for CXX dependencies
[56/2307] Scanning /home/comdare/wt-ce-bump15/build/gcc-release/generated/r5g_autobuilt_modules/comdare_anatomy_perm_auto_28.cpp for CXX dependencies
[57/2307] Scanning /home/comdare/wt-ce-bump15/build/gcc-release/generated/r5g_autobuilt_modules/comdare_anatomy_perm_auto_21.cpp for CXX dependencies
[58/2307] Scanning /home/comdare/wt-ce-bump15/build/gcc-release/generated/r5g_autobuilt_modules/comdare_anatomy_perm_auto_32.cpp for CXX dependencies
[59/2307] Scanning /home/comdare/wt-ce-bump15/build/gcc-release/generated/r5g_autobuilt_modules/comdare_anatomy_perm_auto_31.cpp for CXX dependencies
[60/2307] Scanning /home/comdare/wt-ce-bump15/build/gcc-release/generated/r5g_autobuilt_modules/comdare_anatomy_perm_auto_27.cpp for CXX dependencies
[61/2307] Scanning /home/comdare/wt-ce-bump15/build/gcc-release/generated/r5g_autobuilt_modules/comdare_anatomy_perm_auto_26.cpp for CXX dependencies
[62/2307] Scanning /home/comdare/wt-ce-bump15/build/gcc-release/generated/r5g_autobuilt_modules/comdare_anatomy_perm_auto_30.cpp for CXX dependencies
[63/2307] Scanning /home/comdare/wt-ce-bump15/build/gcc-release/generated/r5g_autobuilt_modules/comdare_anatomy_perm_auto_3.cpp for CXX dependencies
[64/2307] Scanning /home/comdare/wt-ce-bump15/build/gcc-release/generated/r5g_autobuilt_modules/comdare_anatomy_perm_auto_29.cpp for CXX dependencies
[65/2307] Scanning /home/comdare/wt-ce-bump15/build/gcc-release/generated/r5g_autobuilt_modules/comdare_anatomy_perm_auto_33.cpp for CXX dependencies
[66/2307] Scanning /home/comdare/wt-ce-bump15/build/gcc-release/generated/r5g_autobuilt_modules/comdare_anatomy_perm_auto_36.cpp for CXX dependencies
[67/2307] Scanning /home/comdare/wt-ce-bump15/build/gcc-release/generated/r5g_autobuilt_modules/comdare_anatomy_perm_auto_4.cpp for CXX dependencies
[68/2307] Scanning /home/comdare/wt-ce-bump15/build/gcc-release/generated/r5g_autobuilt_modules/comdare_anatomy_perm_auto_34.cpp for CXX dependencies
[69/2307] Scanning /home/comdare/wt-ce-bump15/build/gcc-release/generated/r5g_autobuilt_modules/comdare_anatomy_perm_auto_37.cpp for CXX dependencies
[70/2307] Scanning /home/comdare/wt-ce-bump15/build/gcc-release/generated/r5g_autobuilt_modules/comdare_anatomy_perm_auto_35.cpp for CXX dependencies
[71/2307] Scanning /home/comdare/wt-ce-bump15/build/gcc-release/generated/r5g_autobuilt_modules/comdare_anatomy_perm_auto_38.cpp for CXX dependencies
[72/2307] Scanning /home/comdare/wt-ce-bump15/build/gcc-release/generated/r5g_autobuilt_modules/comdare_anatomy_perm_auto_39.cpp for CXX dependencies
[73/2307] Scanning /home/comdare/wt-ce-bump15/build/gcc-release/generated/r5g_autobuilt_modules/comdare_anatomy_perm_auto_41.cpp for CXX dependencies
[74/2307] Scanning /home/comdare/wt-ce-bump15/build/gcc-release/generated/r5g_autobuilt_modules/comdare_anatomy_perm_auto_40.cpp for CXX dependencies
[75/2307] Scanning /home/comdare/wt-ce-bump15/build/gcc-release/generated/r5g_autobuilt_modules/comdare_anatomy_perm_auto_44.cpp for CXX dependencies
[76/2307] Scanning /home/comdare/wt-ce-bump15/build/gcc-release/generated/r5g_autobuilt_modules/comdare_anatomy_perm_auto_43.cpp for CXX dependencies
[77/2307] Scanning /home/comdare/wt-ce-bump15/build/gcc-release/generated/r5g_autobuilt_modules/comdare_anatomy_perm_auto_45.cpp for CXX dependencies
[78/2307] Scanning /home/comdare/wt-ce-bump15/build/gcc-release/generated/r5g_autobuilt_modules/comdare_anatomy_perm_auto_42.cpp for CXX dependencies
[79/2307] Scanning /home/comdare/wt-ce-bump15/tests/unit/genus_module_set_defekt.cpp for CXX dependencies
[80/2307] Scanning /home/comdare/wt-ce-bump15/tests/unit/genus_module_alt_major7.cpp for CXX dependencies
[81/2307] Scanning /home/comdare/wt-ce-bump15/tests/unit/genus_module_major7_neue_magic.cpp for CXX dependencies
[82/2307] Scanning /home/comdare/wt-ce-bump15/tests/unit/genus_module_q2_luegner.cpp for CXX dependencies
[83/2307] Scanning /home/comdare/wt-ce-bump15/tests/unit/genus_module_q2_ohne_genus.cpp for CXX dependencies
[84/2307] Scanning /home/comdare/wt-ce-bump15/tests/unit/genus_module_q2_ohne_gattung.cpp for CXX dependencies
[85/2307] Scanning /home/comdare/wt-ce-bump15/tests/unit/hybrid_tier_module.cpp for CXX dependencies
[86/2307] Scanning /home/comdare/wt-ce-bump15/tests/unit/hybrid_tier_module_set.cpp for CXX dependencies
[87/2307] Scanning /home/comdare/wt-ce-bump15/tests/unit/genus_module_alt_magic_ohne_symbole.cpp for CXX dependencies
[88/2307] Scanning /home/comdare/wt-ce-bump15/tests/unit/genus_buildvariant_real_avx512.cpp for CXX dependencies
[89/2307] Scanning /home/comdare/wt-ce-bump15/tests/unit/genus_buildvariant_real_avx2.cpp for CXX dependencies
[90/2307] Generating CXX dyndep file libs/cache_engine/builder/experiment_runner/CMakeFiles/comdare_builder_experiment_runner.dir/CXX.dd
[91/2305] Generating CXX dyndep file libs/cache_engine/builder/experiment_driver/CMakeFiles/comdare_builder_experiment_driver.dir/CXX.dd
[92/2303] Scanning /home/comdare/wt-ce-bump15/build/gcc-release/generated/r5g_autobuilt_modules/comdare_anatomy_perm_auto_46.cpp for CXX dependencies
[93/2303] Scanning /home/comdare/wt-ce-bump15/build/gcc-release/generated/r5g_autobuilt_modules/comdare_anatomy_perm_auto_6.cpp for CXX dependencies
[94/2303] Generating CXX dyndep file libs/cache_engine/builder/anatomy_codegen_tool/CMakeFiles/comdare_anatomy_codegen_tool.dir/CXX.dd
[95/2303] Generating CXX dyndep file tools/ycsb_cli/CMakeFiles/comdare_ycsb_cli_lib.dir/CXX.dd
[96/2301] Scanning /home/comdare/wt-ce-bump15/build/gcc-release/generated/r5g_autobuilt_modules/comdare_anatomy_perm_auto_5.cpp for CXX dependencies
[97/2301] Generating CXX dyndep file tools/latex_anhang/CMakeFiles/comdare_latex_anhang_lib.dir/CXX.dd
[98/2299] Scanning /home/comdare/wt-ce-bump15/build/gcc-release/generated/r5g_autobuilt_modules/comdare_anatomy_perm_auto_47.cpp for CXX dependencies
[99/2299] Scanning /home/comdare/wt-ce-bump15/build/gcc-release/generated/r5g_autobuilt_modules/comdare_anatomy_perm_auto_7.cpp for CXX dependencies
[100/2299] Scanning /home/comdare/wt-ce-bump15/build/gcc-release/generated/r5g_autobuilt_modules/comdare_anatomy_perm_auto_8.cpp for CXX dependencies
[101/2299] Scanning /home/comdare/wt-ce-bump15/build/gcc-release/generated/r5g_autobuilt_modules/comdare_anatomy_perm_auto_9.cpp for CXX dependencies
[102/2299] Scanning /home/comdare/wt-ce-bump15/tests/unit/r3_mess_gate_stamp_module.cpp for CXX dependencies
[103/2299] Scanning /home/comdare/wt-ce-bump15/tests/unit/r3_mess_gate_stamp_module.cpp for CXX dependencies
[104/2299] Scanning /home/comdare/wt-ce-bump15/tests/unit/genus_adhoc_buildvariant.cpp for CXX dependencies
[105/2299] Scanning /home/comdare/wt-ce-bump15/tests/unit/naht1_visitor_module.cpp for CXX dependencies
[106/2299] Scanning /home/comdare/wt-ce-bump15/libs/cache_engine/builder/commands/tests/test_commands.cpp for CXX dependencies
[107/2299] Scanning /home/comdare/wt-ce-bump15/libs/cache_engine/builder/commands/tests/test_engine_adapters.cpp for CXX dependencies
[108/2299] Scanning /home/comdare/wt-ce-bump15/tests/unit/naht1_visitor_module.cpp for CXX dependencies
[109/2299] Scanning /home/comdare/wt-ce-bump15/tests/unit/test_pressure_state.cpp for CXX dependencies
[110/2299] Scanning /home/comdare/wt-ce-bump15/tests/unit/test_cache_recommendation.cpp for CXX dependencies
[111/2299] Scanning /home/comdare/wt-ce-bump15/apps/cache_engine_builder/main.cpp for CXX dependencies
[112/2299] Scanning /home/comdare/wt-ce-bump15/apps/perm_runner/main.cpp for CXX dependencies
[113/2299] Scanning /home/comdare/wt-ce-bump15/apps/f15_compare/main.cpp for CXX dependencies
[114/2299] Scanning /home/comdare/wt-ce-bump15/tests/unit/test_cpuid_probe.cpp for CXX dependencies
[115/2299] Scanning /home/comdare/wt-ce-bump15/tests/unit/test_permutation_flags.cpp for CXX dependencies
[116/2299] Scanning /home/comdare/wt-ce-bump15/tests/unit/test_event_hierarchy.cpp for CXX dependencies
[117/2299] Scanning /home/comdare/wt-ce-bump15/tests/unit/test_observer_registry.cpp for CXX dependencies
[118/2299] Scanning /home/comdare/wt-ce-bump15/tests/unit/test_decision_trees.cpp for CXX dependencies
[119/2299] Scanning /home/comdare/wt-ce-bump15/tests/unit/test_decision_lambda_registry.cpp for CXX dependencies
[120/2299] Scanning /home/comdare/wt-ce-bump15/tests/unit/test_concurrency_disciplines.cpp for CXX dependencies
[121/2299] Scanning /home/comdare/wt-ce-bump15/apps/adhoc_emitter/main.cpp for CXX dependencies
[122/2299] Scanning /home/comdare/wt-ce-bump15/tests/unit/test_platform_concepts.cpp for CXX dependencies
[123/2299] Scanning /home/comdare/wt-ce-bump15/tests/unit/test_cache_hierarchy_and_mode.cpp for CXX dependencies
[124/2299] Scanning /home/comdare/wt-ce-bump15/tests/unit/test_telemetry_strategies.cpp for CXX dependencies
[125/2299] Scanning /home/comdare/wt-ce-bump15/tests/unit/test_measurement_buffer.cpp for CXX dependencies
[126/2299] Scanning /home/comdare/wt-ce-bump15/tests/unit/test_abi_interface.cpp for CXX dependencies
[127/2299] Scanning /home/comdare/wt-ce-bump15/tests/unit/test_allocator_concepts.cpp for CXX dependencies
[128/2299] Scanning /home/comdare/wt-ce-bump15/tests/unit/test_test_data_accumulation.cpp for CXX dependencies
[129/2299] Scanning /home/comdare/wt-ce-bump15/tests/unit/test_sub_engines.cpp for CXX dependencies
[130/2299] Scanning /home/comdare/wt-ce-bump15/tests/unit/test_config_durability.cpp for CXX dependencies
[131/2299] Scanning /home/comdare/wt-ce-bump15/tests/unit/test_chaos_drift_gate.cpp for CXX dependencies
[132/2299] Scanning /home/comdare/wt-ce-bump15/tests/unit/test_benchmark_suite.cpp for CXX dependencies
[133/2299] Scanning /home/comdare/wt-ce-bump15/tests/unit/test_allocator_full_matrix.cpp for CXX dependencies
[134/2299] Generating CXX dyndep file tests/unit/CMakeFiles/comdare_perm_mock_test.dir/CXX.dd
[135/2297] Scanning /home/comdare/wt-ce-bump15/tests/unit/test_codegen_from_profile.cpp for CXX dependencies
[136/2297] Scanning /home/comdare/wt-ce-bump15/tests/unit/test_builder_codegen.cpp for CXX dependencies
[137/2297] Scanning /home/comdare/wt-ce-bump15/tests/unit/test_ycsb_cli.cpp for CXX dependencies
[138/2297] Scanning /home/comdare/wt-ce-bump15/tests/unit/test_workload_and_experiment.cpp for CXX dependencies
[139/2297] Scanning /home/comdare/wt-ce-bump15/tests/unit/test_permutation_sampling.cpp for CXX dependencies
[140/2297] Scanning /home/comdare/wt-ce-bump15/tests/unit/test_latex_anhang.cpp for CXX dependencies
[141/2297] Scanning /home/comdare/wt-ce-bump15/tests/unit/test_rcu.cpp for CXX dependencies
[142/2297] Scanning /home/comdare/wt-ce-bump15/tests/unit/test_experiment_driver_v13.cpp for CXX dependencies
[143/2297] Scanning /home/comdare/wt-ce-bump15/tests/unit/test_rcu_concurrency.cpp for CXX dependencies
[144/2297] Building CXX object libs/cache_engine/builder/anatomy_module_loader/CMakeFiles/comdare_anatomy_module_loader.dir/anatomy_module_loader.cpp.o
[145/2297] Scanning /home/comdare/wt-ce-bump15/tests/unit/test_hbm_hierarchy.cpp for CXX dependencies
[146/2297] Scanning /home/comdare/wt-ce-bump15/tests/unit/test_succinct.cpp for CXX dependencies
[147/2297] Linking CXX static library libs/cache_engine/builder/anatomy_module_loader/libcomdare_anatomy_module_loader.a
[148/2297] Scanning /home/comdare/wt-ce-bump15/tests/unit/test_t15_drift_gate_messschleife.cpp for CXX dependencies
[149/2297] Scanning /home/comdare/wt-ce-bump15/tests/unit/test_module_loader.cpp for CXX dependencies
[150/2297] Scanning /home/comdare/wt-ce-bump15/tests/unit/test_v31_adapters.cpp for CXX dependencies
[151/2297] Scanning /home/comdare/wt-ce-bump15/tests/unit/test_v41_indexes.cpp for CXX dependencies
[152/2297] Scanning /home/comdare/wt-ce-bump15/tests/unit/test_ctsha512.cpp for CXX dependencies
[153/2297] Scanning /home/comdare/wt-ce-bump15/tests/unit/test_v41_topic_allocator_axis_06.cpp for CXX dependencies
[154/2297] Scanning /home/comdare/wt-ce-bump15/tests/unit/test_v41_topic_queuing.cpp for CXX dependencies
[155/2297] Scanning /home/comdare/wt-ce-bump15/tests/unit/test_v41_topics_fundament.cpp for CXX dependencies
[156/2297] Scanning /home/comdare/wt-ce-bump15/tests/unit/test_v41_paper_legacy_code.cpp for CXX dependencies
[157/2297] Scanning /home/comdare/wt-ce-bump15/tests/unit/test_v41_anatomy_r4_driver.cpp for CXX dependencies
[158/2297] Scanning /home/comdare/wt-ce-bump15/tests/unit/test_v41_topic_traversal.cpp for CXX dependencies
[159/2297] Scanning /home/comdare/wt-ce-bump15/tests/unit/test_v41_compositions.cpp for CXX dependencies
[160/2297] Scanning /home/comdare/wt-ce-bump15/tests/unit/test_v41_anatomy.cpp for CXX dependencies
[161/2297] Scanning /home/comdare/wt-ce-bump15/tests/unit/test_v41_axis_03a_cross_variant_equivalence.cpp for CXX dependencies
[162/2297] Scanning /home/comdare/wt-ce-bump15/tests/unit/test_ap7_swisstable.cpp for CXX dependencies
[163/2297] Generating CXX dyndep file tests/unit/CMakeFiles/anatomy_codegen_pilot_hot.dir/CXX.dd
[164/2297] Generating CXX dyndep file tests/unit/CMakeFiles/anatomy_codegen_pilot_wormhole_shared.dir/CXX.dd
[165/2297] Scanning /home/comdare/wt-ce-bump15/tests/unit/test_v41_anatomy_observer.cpp for CXX dependencies
[166/2297] Generating CXX dyndep file tests/unit/CMakeFiles/anatomy_multi_pilot_0.dir/CXX.dd
[167/2297] Generating CXX dyndep file tests/unit/CMakeFiles/anatomy_multi_pilot_1.dir/CXX.dd
[168/2297] Generating CXX dyndep file tests/unit/CMakeFiles/anatomy_multi_pilot_2.dir/CXX.dd
[169/2297] Generating CXX dyndep file tests/unit/CMakeFiles/anatomy_multi_pilot_3.dir/CXX.dd
[170/2297] Generating CXX dyndep file tests/unit/CMakeFiles/anatomy_multi_pilot_4.dir/CXX.dd
[171/2297] Generating CXX dyndep file tests/unit/CMakeFiles/anatomy_multi_pilot_5.dir/CXX.dd
[172/2297] Scanning /home/comdare/wt-ce-bump15/tests/unit/test_v41_tier_observe_trace.cpp for CXX dependencies
[173/2297] Scanning /home/comdare/wt-ce-bump15/tests/unit/test_ap7b_swiss_organ.cpp for CXX dependencies
[174/2297] Scanning /home/comdare/wt-ce-bump15/tests/unit/test_ap8_hdr_histogram.cpp for CXX dependencies
[175/2297] Scanning /home/comdare/wt-ce-bump15/tests/unit/test_v41_anatomy_pruefling_merge.cpp for CXX dependencies
[176/2297] Scanning /home/comdare/wt-ce-bump15/tests/unit/test_ap7b3_swiss_isa_group_match.cpp for CXX dependencies
[177/2297] Scanning /home/comdare/wt-ce-bump15/tests/unit/thesis_tiere/test_vampir_nfp_allocator.cpp for CXX dependencies
[178/2297] Scanning /home/comdare/wt-ce-bump15/tests/unit/test_v41_anatomy_codegen_tool.cpp for CXX dependencies
[179/2297] Scanning /home/comdare/wt-ce-bump15/tests/unit/test_v41_anatomy_multi_codegen.cpp for CXX dependencies
[180/2297] Scanning /home/comdare/wt-ce-bump15/tests/unit/test_v41_axis_03a_tier_organ_equivalence.cpp for CXX dependencies
[181/2297] Scanning /home/comdare/wt-ce-bump15/tests/unit/test_v41_anatomy_base.cpp for CXX dependencies
[182/2297] Scanning /home/comdare/wt-ce-bump15/tests/unit/test_v41_execution_engine.cpp for CXX dependencies
[183/2297] Scanning /home/comdare/wt-ce-bump15/tests/unit/test_v41_workload_generator.cpp for CXX dependencies
[184/2297] Scanning /home/comdare/wt-ce-bump15/tests/unit/test_v41_search_algorithm_permutation_engine.cpp for CXX dependencies
[185/2297] Scanning /home/comdare/wt-ce-bump15/tests/unit/test_v41_anatomy_codegen.cpp for CXX dependencies
[186/2297] Scanning /home/comdare/wt-ce-bump15/tests/unit/test_v41_anatomy_module_abi.cpp for CXX dependencies
[187/2297] Scanning /home/comdare/wt-ce-bump15/tests/unit/test_v41_anatomy_module_loader.cpp for CXX dependencies
[188/2297] Scanning /home/comdare/wt-ce-bump15/tests/unit/test_v41_axis_12_general_hardware.cpp for CXX dependencies
[189/2297] Scanning /home/comdare/wt-ce-bump15/tests/unit/test_v41_axis_11_telemetry.cpp for CXX dependencies
[190/2297] Scanning /home/comdare/wt-ce-bump15/tests/unit/test_v41_anatomy_codegen_tool_mp_list.cpp for CXX dependencies
[191/2297] Scanning /home/comdare/wt-ce-bump15/tests/unit/test_v41_anatomy_codegen_tool_traits.cpp for CXX dependencies
[192/2297] Scanning /home/comdare/wt-ce-bump15/tests/unit/test_v41_axis_07_prefetch.cpp for CXX dependencies
[193/2297] Scanning /home/comdare/wt-ce-bump15/tests/unit/test_v41_axis_05_memory_layout.cpp for CXX dependencies
[194/2297] Scanning /home/comdare/wt-ce-bump15/tests/unit/test_v41_status_code.cpp for CXX dependencies
[195/2297] Scanning /home/comdare/wt-ce-bump15/tests/unit/test_v41_axis_14_value_handle.cpp for CXX dependencies
[196/2297] Scanning /home/comdare/wt-ce-bump15/tests/unit/test_v41_axis_10_serialization.cpp for CXX dependencies
[197/2297] Scanning /home/comdare/wt-ce-bump15/tests/unit/test_v41_axis_02_axis_04_nodes.cpp for CXX dependencies
[198/2297] Scanning /home/comdare/wt-ce-bump15/tests/unit/test_v41_pruefling_registry.cpp for CXX dependencies
[199/2297] Scanning /home/comdare/wt-ce-bump15/tests/unit/test_v41_axis_08_concurrency.cpp for CXX dependencies
[200/2297] Generating CXX dyndep file tests/unit/CMakeFiles/r5i_configure_pilot_0.dir/CXX.dd
[201/2297] Generating CXX dyndep file tests/unit/CMakeFiles/r5i_configure_pilot_1.dir/CXX.dd
[202/2297] Generating CXX dyndep file tests/unit/CMakeFiles/r5i_configure_pilot_2.dir/CXX.dd
[203/2297] Generating CXX dyndep file tests/unit/CMakeFiles/f15_measurement_pilot_0.dir/CXX.dd
[204/2297] Generating CXX dyndep file tests/unit/CMakeFiles/f15_measurement_pilot_1.dir/CXX.dd
[205/2297] Scanning /home/comdare/wt-ce-bump15/tests/pruefling_fixture/test_pruefling_fixture_ladung.cpp for CXX dependencies
[206/2297] Scanning /home/comdare/wt-ce-bump15/tests/unit/test_v41_axis_filter.cpp for CXX dependencies
[207/2297] Scanning /home/comdare/wt-ce-bump15/tests/unit/test_v41_axis_01_page_type.cpp for CXX dependencies
[208/2297] Scanning /home/comdare/wt-ce-bump15/tests/unit/test_v41_serialization_primitives.cpp for CXX dependencies
[209/2297] Scanning /home/comdare/wt-ce-bump15/tests/unit/test_v41_axis_io.cpp for CXX dependencies
[210/2297] Scanning /home/comdare/wt-ce-bump15/tests/unit/test_v41_axis_migration.cpp for CXX dependencies
[211/2297] Scanning /home/comdare/wt-ce-bump15/tests/unit/test_v41_axis_01_index_organization.cpp for CXX dependencies
[212/2297] Scanning /home/comdare/wt-ce-bump15/tests/unit/test_v41_axis_09_isa.cpp for CXX dependencies
[213/2297] Scanning /home/comdare/wt-ce-bump15/tests/unit/test_v41_axis_09b_simd_extension.cpp for CXX dependencies
[214/2297] Scanning /home/comdare/wt-ce-bump15/tests/unit/test_v41_r5c3_isa_simd_cross_constraint.cpp for CXX dependencies
[215/2297] Scanning /home/comdare/wt-ce-bump15/tests/unit/test_v41_anatomy_r5i_configure_codegen.cpp for CXX dependencies
[216/2297] Scanning /home/comdare/wt-ce-bump15/tests/unit/test_v41_axis_filter_surf_organ.cpp for CXX dependencies
[217/2297] Scanning /home/comdare/wt-ce-bump15/tests/unit/test_v41_axis_filter_surf_louds_organ.cpp for CXX dependencies
[218/2297] Scanning /home/comdare/wt-ce-bump15/tests/unit/test_v5_two_phase_driver.cpp for CXX dependencies
[219/2297] Scanning /home/comdare/wt-ce-bump15/tests/unit/test_v5_workload_orchestrator.cpp for CXX dependencies
[220/2297] Scanning /home/comdare/wt-ce-bump15/tests/unit/test_heuristik_spline_break_even.cpp for CXX dependencies
[221/2297] Scanning /home/comdare/wt-ce-bump15/tests/unit/test_v5_measurement_snapshot.cpp for CXX dependencies
[222/2297] Scanning /home/comdare/wt-ce-bump15/tests/unit/test_v5_memento_axis.cpp for CXX dependencies
[223/2297] Scanning /home/comdare/wt-ce-bump15/tests/unit/test_v5_conformance_gate.cpp for CXX dependencies
[224/2297] Scanning /home/comdare/wt-ce-bump15/tests/unit/test_d51_perzentil_kanon.cpp for CXX dependencies
[225/2297] Scanning /home/comdare/wt-ce-bump15/tests/unit/test_d54_trace_schema.cpp for CXX dependencies
[226/2297] Scanning /home/comdare/wt-ce-bump15/tests/unit/test_v41_anatomy_f15_measurement.cpp for CXX dependencies
[227/2297] Scanning /home/comdare/wt-ce-bump15/tests/unit/test_heuristik_workload_cluster.cpp for CXX dependencies
[228/2297] Scanning /home/comdare/wt-ce-bump15/tests/unit/test_v41_pruef_dock_search_algorithm.cpp for CXX dependencies
[229/2297] Scanning /home/comdare/wt-ce-bump15/tests/unit/test_v41_anatomy_adhoc_codegen_macro.cpp for CXX dependencies
[230/2297] Scanning /home/comdare/wt-ce-bump15/tests/unit/test_ap9_provenance_manifest.cpp for CXX dependencies
[231/2297] Scanning /home/comdare/wt-ce-bump15/tests/unit/test_ap13_thread_pinning.cpp for CXX dependencies
[232/2297] Generating CXX dyndep file tests/unit/CMakeFiles/comdare_r5g_adhoc_perm.dir/CXX.dd
[233/2297] Scanning /home/comdare/wt-ce-bump15/tests/unit/test_v5_disk_memento.cpp for CXX dependencies
[234/2297] Scanning /home/comdare/wt-ce-bump15/tests/unit/test_184_dataset_loader_wiring.cpp for CXX dependencies
[235/2297] Scanning /home/comdare/wt-ce-bump15/tests/unit/test_v5_ycsb_distribution.cpp for CXX dependencies
[236/2297] Scanning /home/comdare/wt-ce-bump15/tests/unit/test_ap10_dataset_akte.cpp for CXX dependencies
[237/2297] Generating CXX dyndep file tests/unit/CMakeFiles/comdare_r5g_autobuilt_perm_0.dir/CXX.dd
[238/2297] Generating CXX dyndep file tests/unit/CMakeFiles/comdare_r5g_autobuilt_perm_1.dir/CXX.dd
[239/2297] Generating CXX dyndep file tests/unit/CMakeFiles/comdare_r5g_autobuilt_perm_2.dir/CXX.dd
[240/2297] Generating CXX dyndep file tests/unit/CMakeFiles/comdare_r5g_autobuilt_perm_3.dir/CXX.dd
[241/2297] Generating CXX dyndep file tests/unit/CMakeFiles/comdare_r5g_autobuilt_perm_5.dir/CXX.dd
[242/2297] Generating CXX dyndep file tests/unit/CMakeFiles/comdare_r5g_autobuilt_perm_6.dir/CXX.dd
[243/2297] Scanning /home/comdare/wt-ce-bump15/tests/unit/test_45_sosd_uint64_loader.cpp for CXX dependencies
[244/2297] Generating CXX dyndep file tests/unit/CMakeFiles/comdare_r5g_autobuilt_perm_4.dir/CXX.dd
[245/2297] Generating CXX dyndep file tests/unit/CMakeFiles/comdare_r5g_autobuilt_perm_7.dir/CXX.dd
[246/2297] Generating CXX dyndep file tests/unit/CMakeFiles/comdare_r5g_autobuilt_perm_8.dir/CXX.dd
[247/2297] Generating CXX dyndep file tests/unit/CMakeFiles/comdare_r5g_autobuilt_perm_9.dir/CXX.dd
[248/2297] Generating CXX dyndep file tests/unit/CMakeFiles/comdare_r5g_autobuilt_perm_10.dir/CXX.dd
[249/2297] Generating CXX dyndep file tests/unit/CMakeFiles/comdare_r5g_autobuilt_perm_11.dir/CXX.dd
[250/2297] Generating CXX dyndep file tests/unit/CMakeFiles/comdare_r5g_autobuilt_perm_12.dir/CXX.dd
[251/2297] Generating CXX dyndep file tests/unit/CMakeFiles/comdare_r5g_autobuilt_perm_14.dir/CXX.dd
[252/2297] Generating CXX dyndep file tests/unit/CMakeFiles/comdare_r5g_autobuilt_perm_13.dir/CXX.dd
[253/2297] Generating CXX dyndep file tests/unit/CMakeFiles/comdare_r5g_autobuilt_perm_15.dir/CXX.dd
[254/2297] Generating CXX dyndep file tests/unit/CMakeFiles/comdare_r5g_autobuilt_perm_16.dir/CXX.dd
[255/2297] Generating CXX dyndep file tests/unit/CMakeFiles/comdare_r5g_autobuilt_perm_17.dir/CXX.dd
[256/2297] Generating CXX dyndep file tests/unit/CMakeFiles/comdare_r5g_autobuilt_perm_18.dir/CXX.dd
[257/2297] Generating CXX dyndep file tests/unit/CMakeFiles/comdare_r5g_autobuilt_perm_20.dir/CXX.dd
[258/2297] Generating CXX dyndep file tests/unit/CMakeFiles/comdare_r5g_autobuilt_perm_19.dir/CXX.dd
[259/2297] Generating CXX dyndep file tests/unit/CMakeFiles/comdare_r5g_autobuilt_perm_21.dir/CXX.dd
[260/2297] Generating CXX dyndep file tests/unit/CMakeFiles/comdare_r5g_autobuilt_perm_22.dir/CXX.dd
[261/2297] Generating CXX dyndep file tests/unit/CMakeFiles/comdare_r5g_autobuilt_perm_23.dir/CXX.dd
[262/2297] Generating CXX dyndep file tests/unit/CMakeFiles/comdare_r5g_autobuilt_perm_25.dir/CXX.dd
[263/2297] Generating CXX dyndep file tests/unit/CMakeFiles/comdare_r5g_autobuilt_perm_24.dir/CXX.dd
[264/2297] Generating CXX dyndep file tests/unit/CMakeFiles/comdare_r5g_autobuilt_perm_26.dir/CXX.dd
[265/2297] Scanning /home/comdare/wt-ce-bump15/tests/unit/test_25_kanon_dataset_akten.cpp for CXX dependencies
[266/2297] Generating CXX dyndep file tests/unit/CMakeFiles/comdare_r5g_autobuilt_perm_27.dir/CXX.dd
[267/2297] Generating CXX dyndep file tests/unit/CMakeFiles/comdare_r5g_autobuilt_perm_28.dir/CXX.dd
[268/2297] Generating CXX dyndep file tests/unit/CMakeFiles/comdare_r5g_autobuilt_perm_29.dir/CXX.dd
[269/2297] Generating CXX dyndep file tests/unit/CMakeFiles/comdare_r5g_autobuilt_perm_30.dir/CXX.dd
[270/2297] Generating CXX dyndep file tests/unit/CMakeFiles/comdare_r5g_autobuilt_perm_31.dir/CXX.dd
[271/2297] Generating CXX dyndep file tests/unit/CMakeFiles/comdare_r5g_autobuilt_perm_33.dir/CXX.dd
[272/2297] Generating CXX dyndep file tests/unit/CMakeFiles/comdare_r5g_autobuilt_perm_32.dir/CXX.dd
[273/2297] Generating CXX dyndep file tests/unit/CMakeFiles/comdare_r5g_autobuilt_perm_34.dir/CXX.dd
[274/2297] Generating CXX dyndep file tests/unit/CMakeFiles/comdare_r5g_autobuilt_perm_35.dir/CXX.dd
[275/2297] Generating CXX dyndep file tests/unit/CMakeFiles/comdare_r5g_autobuilt_perm_36.dir/CXX.dd
[276/2297] Generating CXX dyndep file tests/unit/CMakeFiles/comdare_r5g_autobuilt_perm_38.dir/CXX.dd
[277/2297] Generating CXX dyndep file tests/unit/CMakeFiles/comdare_r5g_autobuilt_perm_37.dir/CXX.dd
[278/2297] Generating CXX dyndep file tests/unit/CMakeFiles/comdare_r5g_autobuilt_perm_39.dir/CXX.dd
[279/2297] Scanning /home/comdare/wt-ce-bump15/tests/unit/test_v5_ycsb_op_set.cpp for CXX dependencies
[280/2297] Scanning /home/comdare/wt-ce-bump15/tests/unit/test_v41_cache_engine_tools_facade.cpp for CXX dependencies
[281/2297] Generating CXX dyndep file tests/unit/CMakeFiles/comdare_r5g_autobuilt_perm_40.dir/CXX.dd
[282/2297] Generating CXX dyndep file tests/unit/CMakeFiles/comdare_r5g_autobuilt_perm_41.dir/CXX.dd
[283/2297] Generating CXX dyndep file tests/unit/CMakeFiles/comdare_r5g_autobuilt_perm_43.dir/CXX.dd
[284/2297] Generating CXX dyndep file tests/unit/CMakeFiles/comdare_r5g_autobuilt_perm_44.dir/CXX.dd
[285/2297] Generating CXX dyndep file tests/unit/CMakeFiles/comdare_r5g_autobuilt_perm_45.dir/CXX.dd
[286/2297] Generating CXX dyndep file tests/unit/CMakeFiles/comdare_r5g_autobuilt_perm_42.dir/CXX.dd
[287/2297] Generating CXX dyndep file tests/unit/CMakeFiles/comdare_r5g_autobuilt_perm_46.dir/CXX.dd
[288/2297] Generating CXX dyndep file tests/unit/CMakeFiles/comdare_r5g_autobuilt_perm_47.dir/CXX.dd
[289/2297] Scanning /home/comdare/wt-ce-bump15/tests/unit/test_v41_cache_engine_facade.cpp for CXX dependencies
[290/2297] Scanning /home/comdare/wt-ce-bump15/tests/unit/test_v41_anatomy_adhoc_dll_load.cpp for CXX dependencies
[291/2297] Scanning /home/comdare/wt-ce-bump15/tests/unit/test_v5_organ_memento.cpp for CXX dependencies
[292/2297] Scanning /home/comdare/wt-ce-bump15/tests/unit/test_v41_codegen_type_name.cpp for CXX dependencies
[293/2297] Scanning /home/comdare/wt-ce-bump15/tests/unit/test_d7a_build_inspection.cpp for CXX dependencies
[294/2297] Scanning /home/comdare/wt-ce-bump15/tests/unit/test_d3_ceb_generator.cpp for CXX dependencies
[295/2297] Scanning /home/comdare/wt-ce-bump15/tests/unit/test_v41_scan_range_organ.cpp for CXX dependencies
[296/2297] Scanning /home/comdare/wt-ce-bump15/tests/unit/test_pruef_only_gate.cpp for CXX dependencies
[297/2297] Scanning /home/comdare/wt-ce-bump15/tests/unit/test_d_v42_serialization_observable.cpp for CXX dependencies
[298/2297] Scanning /home/comdare/wt-ce-bump15/tests/unit/test_d1_d2_selection.cpp for CXX dependencies
[299/2297] Scanning /home/comdare/wt-ce-bump15/tests/unit/test_genus_docks.cpp for CXX dependencies
[300/2297] Scanning /home/comdare/wt-ce-bump15/tests/unit/test_container_dock.cpp for CXX dependencies
[301/2297] Scanning /home/comdare/wt-ce-bump15/tests/unit/test_v41_codegen_all_axes_umbrella.cpp for CXX dependencies
[302/2297] Scanning /home/comdare/wt-ce-bump15/tests/unit/test_d_v42_memory_layout_observable.cpp for CXX dependencies
[303/2297] Scanning /home/comdare/wt-ce-bump15/tests/unit/test_v41_anatomy_adhoc_autobuilt_load.cpp for CXX dependencies
[304/2297] Scanning /home/comdare/wt-ce-bump15/tests/unit/test_d_v42_node_type_observable.cpp for CXX dependencies
[305/2297] Scanning /home/comdare/wt-ce-bump15/tests/unit/test_hy_a1_heuristik_adapter_gattung.cpp for CXX dependencies
[306/2297] Scanning /home/comdare/wt-ce-bump15/tests/unit/test_q2_identitaets_riegel.cpp for CXX dependencies
[307/2297] Scanning /home/comdare/wt-ce-bump15/tests/unit/test_hy_a1_dock_contract.cpp for CXX dependencies
[308/2297] Scanning /home/comdare/wt-ce-bump15/tests/unit/test_hy_f8_reroute.cpp for CXX dependencies
[309/2297] Scanning /home/comdare/wt-ce-bump15/tests/unit/test_hy_a3_hybrid_config_parser.cpp for CXX dependencies
[310/2297] Scanning /home/comdare/wt-ce-bump15/tests/unit/test_e24_c3_cross_genus.cpp for CXX dependencies
[311/2297] Scanning /home/comdare/wt-ce-bump15/tests/unit/test_a8s3_sa_organ_member_vollstaendigkeit.cpp for CXX dependencies
[312/2297] Scanning /home/comdare/wt-ce-bump15/tests/unit/test_e24_c5_fk7_dock_fehlerklassen.cpp for CXX dependencies
[313/2297] Scanning /home/comdare/wt-ce-bump15/tests/unit/test_e24_c4_genus_pruef_docks.cpp for CXX dependencies
[314/2297] Scanning /home/comdare/wt-ce-bump15/tests/unit/test_s14_axis_version_lock_tripwire.cpp for CXX dependencies
[315/2297] Scanning /home/comdare/wt-ce-bump15/tests/unit/test_migration_two_tier.cpp for CXX dependencies
[316/2297] Scanning /home/comdare/wt-ce-bump15/tests/unit/test_filter_real_from_keys.cpp for CXX dependencies
[317/2297] Scanning /home/comdare/wt-ce-bump15/tests/unit/test_seg_coverage.cpp for CXX dependencies
[318/2297] Scanning /home/comdare/wt-ce-bump15/tests/unit/test_patricia_real.cpp for CXX dependencies
[319/2297] Scanning /home/comdare/wt-ce-bump15/tests/unit/test_value_handle_real.cpp for CXX dependencies
[320/2297] Scanning /home/comdare/wt-ce-bump15/tests/unit/test_prefetch_real.cpp for CXX dependencies
[321/2297] Scanning /home/comdare/wt-ce-bump15/tests/unit/test_prefetch_adversarial_verify.cpp for CXX dependencies
[322/2297] Scanning /home/comdare/wt-ce-bump15/tests/unit/test_prefetch_patha_t7.cpp for CXX dependencies
[323/2297] Scanning /home/comdare/wt-ce-bump15/tests/unit/test_s5_03_placement_alloc_conformance.cpp for CXX dependencies
[324/2297] Scanning /home/comdare/wt-ce-bump15/tests/unit/test_s5_04_execution_alloc_conformance.cpp for CXX dependencies
[325/2297] Scanning /home/comdare/wt-ce-bump15/tests/unit/test_a8s1_t17_vollzaehligkeit.cpp for CXX dependencies
[326/2297] Scanning /home/comdare/wt-ce-bump15/tests/unit/test_s5_04_execution_perf_sanity.cpp for CXX dependencies
[327/2297] Scanning /home/comdare/wt-ce-bump15/tests/unit/test_s5_01d_traversal_alloc_conformance.cpp for CXX dependencies
[328/2297] Scanning /home/comdare/wt-ce-bump15/tests/unit/test_a8s3_t17_stats_lesezeitpunkt.cpp for CXX dependencies
[329/2297] Scanning /home/comdare/wt-ce-bump15/tests/unit/test_s5_03_placement_perf_sanity.cpp for CXX dependencies
[330/2297] Scanning /home/comdare/wt-ce-bump15/tests/unit/test_s5_01d_traversal_perf_sanity.cpp for CXX dependencies
[331/2297] Scanning /home/comdare/wt-ce-bump15/tests/unit/test_s5_02a_layout_alloc_conformance.cpp for CXX dependencies
[332/2297] Scanning /home/comdare/wt-ce-bump15/tests/unit/test_s5_02b_filter_alloc_conformance.cpp for CXX dependencies
[333/2297] Scanning /home/comdare/wt-ce-bump15/tests/unit/test_s5_01a_pool_stores_alloc_conformance.cpp for CXX dependencies
[334/2297] Scanning /home/comdare/wt-ce-bump15/tests/unit/test_s5_02a_layout_perf_sanity.cpp for CXX dependencies
[335/2297] Scanning /home/comdare/wt-ce-bump15/tests/unit/test_s5_01b_composable_alloc_conformance.cpp for CXX dependencies
[336/2297] Scanning /home/comdare/wt-ce-bump15/tests/unit/test_s5_01b_composable_perf_sanity.cpp for CXX dependencies
[337/2297] Scanning /home/comdare/wt-ce-bump15/tests/unit/test_cuckoo_eviction_correctness.cpp for CXX dependencies
[338/2297] Scanning /home/comdare/wt-ce-bump15/tests/unit/test_s5_02b_filter_perf_sanity.cpp for CXX dependencies
[339/2297] Scanning /home/comdare/wt-ce-bump15/tests/unit/test_s5_01c_fassaden_conformance.cpp for CXX dependencies
[340/2297] Scanning /home/comdare/wt-ce-bump15/tests/unit/test_s5_01a_pool_stores_perf_sanity.cpp for CXX dependencies
[341/2297] Scanning /home/comdare/wt-ce-bump15/tests/unit/test_s5_05q_queuing_alloc_conformance.cpp for CXX dependencies
[342/2297] Scanning /home/comdare/wt-ce-bump15/tests/unit/test_h64_allocator_adapter_failure_contract.cpp for CXX dependencies
[343/2297] Scanning /home/comdare/wt-ce-bump15/tests/unit/test_h81_allocator_statistics_forwarder_recursion.cpp for CXX dependencies
[344/2297] Scanning /home/comdare/wt-ce-bump15/tests/unit/test_a1_wurf_vertrag_allokator_store.cpp for CXX dependencies
[345/2297] Scanning /home/comdare/wt-ce-bump15/tests/unit/test_hash_lookup_backward_shift.cpp for CXX dependencies
[346/2297] Scanning /home/comdare/wt-ce-bump15/tests/unit/test_cow_memento.cpp for CXX dependencies
[347/2297] Scanning /home/comdare/wt-ce-bump15/tests/unit/test_s5_05q_queuing_perf_sanity.cpp for CXX dependencies
[348/2297] Scanning /home/comdare/wt-ce-bump15/tests/unit/test_scalloc_realloc_alignment.cpp for CXX dependencies
[349/2297] Scanning /home/comdare/wt-ce-bump15/tests/unit/test_br1_subset.cpp for CXX dependencies
[350/2297] Scanning /home/comdare/wt-ce-bump15/tests/unit/test_kf5_cacheline_weave.cpp for CXX dependencies
[351/2297] Scanning /home/comdare/wt-ce-bump15/tests/unit/test_clu_per_layout.cpp for CXX dependencies
[352/2297] Scanning /home/comdare/wt-ce-bump15/tests/unit/test_cow_capable_wrappers.cpp for CXX dependencies
[353/2297] Scanning /home/comdare/wt-ce-bump15/tests/unit/test_kf6_node_run_body.cpp for CXX dependencies
[354/2297] Scanning /home/comdare/wt-ce-bump15/tests/unit/test_br_kf15_real.cpp for CXX dependencies
[355/2297] Scanning /home/comdare/wt-ce-bump15/tests/unit/test_br2_roundtrip.cpp for CXX dependencies
[356/2297] Scanning /home/comdare/wt-ce-bump15/tests/unit/test_kf16b_build_resilience.cpp for CXX dependencies
[357/2297] Scanning /home/comdare/wt-ce-bump15/tests/unit/test_kf16_build_orchestrator.cpp for CXX dependencies
[358/2297] Scanning /home/comdare/wt-ce-bump15/tests/unit/test_br3_obs22.cpp for CXX dependencies
[359/2297] Scanning /home/comdare/wt-ce-bump15/tests/unit/test_br1_full22_count.cpp for CXX dependencies
[360/2297] Scanning /home/comdare/wt-ce-bump15/tests/unit/test_s5_artifact_cache_bounded.cpp for CXX dependencies
[361/2297] Scanning /home/comdare/wt-ce-bump15/tests/unit/test_w11_async_push_pump.cpp for CXX dependencies
[362/2297] Scanning /home/comdare/wt-ce-bump15/tests/unit/test_s1_cache_key_prefix.cpp for CXX dependencies
[363/2297] Scanning /home/comdare/wt-ce-bump15/tests/unit/test_w6_parallel_provision.cpp for CXX dependencies
[364/2297] Scanning /home/comdare/wt-ce-bump15/tests/unit/test_r2_suffix_wachen.cpp for CXX dependencies
[365/2297] Scanning /home/comdare/wt-ce-bump15/tests/unit/test_a15_fk3_axis_error_traits.cpp for CXX dependencies
[366/2297] Scanning /home/comdare/wt-ce-bump15/tests/unit/test_s2_pull_tier_binary.cpp for CXX dependencies
[367/2297] Scanning /home/comdare/wt-ce-bump15/tests/unit/test_cache_mc_timeout.cpp for CXX dependencies
[368/2297] Scanning /home/comdare/wt-ce-bump15/tests/unit/test_obs_phaseB_t14_t16.cpp for CXX dependencies
[369/2297] Scanning /home/comdare/wt-ce-bump15/tests/unit/test_e24_c9_fk5_fehlerraum.cpp for CXX dependencies
[370/2297] Scanning /home/comdare/wt-ce-bump15/tests/unit/test_fk6_algo_error_classes.cpp for CXX dependencies
[371/2297] Scanning /home/comdare/wt-ce-bump15/tests/unit/test_a15_fk4_organ_slot_traits.cpp for CXX dependencies
[372/2297] Scanning /home/comdare/wt-ce-bump15/tests/unit/test_w10_c4_zellwert_naht.cpp for CXX dependencies
[373/2297] Scanning /home/comdare/wt-ce-bump15/tests/unit/test_obs_phaseB_t11_t12_iso.cpp for CXX dependencies
[374/2297] Scanning /home/comdare/wt-ce-bump15/tests/unit/test_e24_c10_g6_identitaets_bilanz.cpp for CXX dependencies
[375/2297] Scanning /home/comdare/wt-ce-bump15/tests/unit/test_all19_segment_timer.cpp for CXX dependencies
[376/2297] Scanning /home/comdare/wt-ce-bump15/tests/unit/test_br3_observer.cpp for CXX dependencies
[377/2297] Scanning /home/comdare/wt-ce-bump15/tests/unit/test_m8_storetrav_segment.cpp for CXX dependencies
[378/2297] Scanning /home/comdare/wt-ce-bump15/tests/unit/test_pathb_segment_timer.cpp for CXX dependencies
[379/2297] Scanning /home/comdare/wt-ce-bump15/tests/unit/test_segment_timer_differentiation.cpp for CXX dependencies
[380/2297] Scanning /home/comdare/wt-ce-bump15/tests/unit/test_obs_phaseB_t11_t12.cpp for CXX dependencies
[381/2297] Scanning /home/comdare/wt-ce-bump15/tests/unit/test_q1_lockfree_concurrency.cpp for CXX dependencies
[382/2297] Scanning /home/comdare/wt-ce-bump15/tests/unit/test_obs_phaseA.cpp for CXX dependencies
[383/2297] Scanning /home/comdare/wt-ce-bump15/tests/unit/test_obs_phaseB_pilot.cpp for CXX dependencies
[384/2297] Scanning /home/comdare/wt-ce-bump15/tests/unit/test_conformance_gate.cpp for CXX dependencies
[385/2297] Scanning /home/comdare/wt-ce-bump15/tests/unit/test_d_v42_abi_telemetry_coupling.cpp for CXX dependencies
[386/2297] Scanning /home/comdare/wt-ce-bump15/tests/unit/test_a8s4_konstitutiv_kette.cpp for CXX dependencies
[387/2297] Scanning /home/comdare/wt-ce-bump15/tests/unit/test_a8s4_release_pfad_neutralitaet.cpp for CXX dependencies
[388/2297] Scanning /home/comdare/wt-ce-bump15/tests/unit/test_ap15_3_driveable_map_contract.cpp for CXX dependencies
[389/2297] Scanning /home/comdare/wt-ce-bump15/tests/unit/test_striktheit_axis_dach_guard.cpp for CXX dependencies
[390/2297] Scanning /home/comdare/wt-ce-bump15/tests/unit/test_a14_os_sub_axes_guard.cpp for CXX dependencies
[391/2297] Scanning /home/comdare/wt-ce-bump15/tests/unit/test_188_4bb0_pool_organ_wide_key_conformance.cpp for CXX dependencies
[392/2297] Scanning /home/comdare/wt-ce-bump15/tests/unit/test_29_container_framework.cpp for CXX dependencies
[393/2297] Scanning /home/comdare/wt-ce-bump15/tests/unit/test_meta_meta_halbordnung.cpp for CXX dependencies
[394/2297] Scanning /home/comdare/wt-ce-bump15/tests/unit/test_axis_error_taxonomy.cpp for CXX dependencies
[395/2297] Scanning /home/comdare/wt-ce-bump15/tests/unit/test_188_4bbV_pool_adapter_flip_compile.cpp for CXX dependencies
[396/2297] Scanning /home/comdare/wt-ce-bump15/tests/unit/test_s7_1_bst_pool_allocator_deg.cpp for CXX dependencies
[397/2297] Scanning /home/comdare/wt-ce-bump15/tests/unit/test_phase_b_effective_search_algo_contrast.cpp for CXX dependencies
[398/2297] Scanning /home/comdare/wt-ce-bump15/tests/unit/test_ap15_2_get_allocator_proxy.cpp for CXX dependencies
[399/2297] Scanning /home/comdare/wt-ce-bump15/tests/unit/test_striktheit_abi_pod_guard.cpp for CXX dependencies
[400/2297] Scanning /home/comdare/wt-ce-bump15/tests/unit/test_s7_2_btree_pool_allocator_deg.cpp for CXX dependencies
[401/2297] Scanning /home/comdare/wt-ce-bump15/tests/unit/test_234_va_shaped_adapter.cpp for CXX dependencies
[402/2297] Scanning /home/comdare/wt-ce-bump15/tests/unit/test_striktheit_metaprog_guard.cpp for CXX dependencies
[403/2297] Scanning /home/comdare/wt-ce-bump15/tests/unit/test_striktheit_scan_kernel_purity.cpp for CXX dependencies
[404/2297] Scanning /home/comdare/wt-ce-bump15/tests/unit/test_cmd1_a_axis_command_base.cpp for CXX dependencies
[405/2297] Scanning /home/comdare/wt-ce-bump15/tests/unit/test_striktheit_axes_guard.cpp for CXX dependencies
[406/2297] Scanning /home/comdare/wt-ce-bump15/tests/unit/test_s7_3_skip_list_pool_allocator_deg.cpp for CXX dependencies
[407/2297] Scanning /home/comdare/wt-ce-bump15/tests/unit/test_234_vb_rest_families_shaped.cpp for CXX dependencies
[408/2297] Scanning /home/comdare/wt-ce-bump15/tests/unit/test_s7_4_hash_pool_allocator_deg.cpp for CXX dependencies
[409/2297] Scanning /home/comdare/wt-ce-bump15/tests/unit/test_s7_6_hot_pool_allocator_deg.cpp for CXX dependencies
[410/2297] Scanning /home/comdare/wt-ce-bump15/tests/unit/test_s7_7_start_pool_allocator_deg.cpp for CXX dependencies
[411/2297] Scanning /home/comdare/wt-ce-bump15/tests/unit/test_s7_5_art_pool_allocator_deg.cpp for CXX dependencies
[412/2297] Building CXX object apps/catalog_codegen_tool/CMakeFiles/comdare_catalog_codegen_cli.dir/main.cpp.o
[413/2297] Scanning /home/comdare/wt-ce-bump15/tests/unit/test_234_f1_btree_order_shape.cpp for CXX dependencies
[414/2297] Scanning /home/comdare/wt-ce-bump15/tests/unit/test_s7_8_wormhole_pool_allocator_deg.cpp for CXX dependencies
[415/2297] Scanning /home/comdare/wt-ce-bump15/tests/unit/test_234_f2_skip_list_shape.cpp for CXX dependencies
[416/2297] Linking CXX executable apps/catalog_codegen_tool/comdare-catalog-codegen
[417/2297] Scanning /home/comdare/wt-ce-bump15/tests/unit/test_s7_9_surf_pool_allocator_deg.cpp for CXX dependencies
[418/2297] Limits-Entkopplung: generated_source_catalog.hpp aus m3v2_study.profile.xml
catalog-codegen: wrote /home/comdare/wt-ce-bump15/build/gcc-release/generated/limits/generated_source_catalog.hpp from profile /home/comdare/wt-ce-bump15/libs/cache_engine/algorithm_profiles/thesis_profiles/m3v2_study.profile.xml (static permutations=320)
[419/2297] Scanning /home/comdare/wt-ce-bump15/tests/unit/test_234_f3_bst_shape.cpp for CXX dependencies
[420/2297] Scanning /home/comdare/wt-ce-bump15/tests/unit/test_s7_10_swiss_pool_allocator_deg.cpp for CXX dependencies
[421/2297] Scanning /home/comdare/wt-ce-bump15/tests/unit/test_188_4a_eytzinger_organ.cpp for CXX dependencies
[422/2297] Scanning /home/comdare/wt-ce-bump15/tests/unit/test_234_f4_hash_probe_shape.cpp for CXX dependencies
[423/2297] Scanning /home/comdare/wt-ce-bump15/apps/experiment_planner/main.cpp for CXX dependencies
[424/2297] Generating CXX dyndep file apps/experiment_planner/CMakeFiles/comdare_experiment_planner.dir/CXX.dd
[425/2297] Scanning /home/comdare/wt-ce-bump15/tests/unit/test_abi_adapter_g3_batch2.cpp for CXX dependencies
[426/2297] Scanning /home/comdare/wt-ce-bump15/tests/unit/test_216h2_stat_reset_after_load.cpp for CXX dependencies
[427/2297] Scanning /home/comdare/wt-ce-bump15/tests/unit/test_188_4c0_known_compositions_conformance.cpp for CXX dependencies
[428/2297] Scanning /home/comdare/wt-ce-bump15/tests/unit/test_221_rc_prefetch_distance.cpp for CXX dependencies
[429/2297] Scanning /home/comdare/wt-ce-bump15/tests/unit/test_188_4cii_flat_wrapper_traversal.cpp for CXX dependencies
[430/2297] Scanning /home/comdare/wt-ce-bump15/tests/unit/test_217_2a_capacity_guard.cpp for CXX dependencies
[431/2297] Scanning /home/comdare/wt-ce-bump15/tests/unit/thesis_tiere/m3v2_pmc_smoke.cpp for CXX dependencies
[432/2297] Scanning /home/comdare/wt-ce-bump15/tests/unit/test_harness_compile.cpp for CXX dependencies
[433/2297] Scanning /home/comdare/wt-ce-bump15/tests/unit/test_e1_contract_rc_konsum.cpp for CXX dependencies
[434/2297] Scanning /home/comdare/wt-ce-bump15/tests/unit/test_tp1_planer_filter_iterator.cpp for CXX dependencies
[435/2297] Scanning /home/comdare/wt-ce-bump15/tests/unit/test_a5_eta_slice_verdrahtung.cpp for CXX dependencies
[436/2297] Scanning /home/comdare/wt-ce-bump15/tests/unit/test_vor_push_gate.cpp for CXX dependencies
[437/2297] Scanning /home/comdare/wt-ce-bump15/tests/unit/test_experiment_dock_payload.cpp for CXX dependencies
[438/2297] Scanning /home/comdare/wt-ce-bump15/tests/unit/test_t2a_f4_facade_plan_durchreichung.cpp for CXX dependencies
[439/2297] Scanning /home/comdare/wt-ce-bump15/tests/unit/test_axis_kind_kategorien_zuordnung.cpp for CXX dependencies
[440/2297] Scanning /home/comdare/wt-ce-bump15/libs/cache_engine/profile_facade/profile_run_facade.cpp for CXX dependencies
[441/2297] Scanning /home/comdare/wt-ce-bump15/tests/unit/test_axis_kind_wire_totalitaet.cpp for CXX dependencies
[442/2297] Generating CXX dyndep file libs/cache_engine/profile_facade/CMakeFiles/comdare_profile_run_facade.dir/CXX.dd
[443/2297] Scanning /home/comdare/wt-ce-bump15/tests/unit/test_d37b_modus_riegel.cpp for CXX dependencies
[444/2297] Scanning /home/comdare/wt-ce-bump15/tests/unit/test_f3_lager_key_provider_iterator.cpp for CXX dependencies
[445/2297] Scanning /home/comdare/wt-ce-bump15/tests/unit/test_b3_schema_freeze_stufe1.cpp for CXX dependencies
[446/2297] Scanning /home/comdare/wt-ce-bump15/tests/unit/thesis_tiere/test_profile_coverage.cpp for CXX dependencies
[447/2297] Scanning /home/comdare/wt-ce-bump15/tests/unit/test_lazy_resume_binary.cpp for CXX dependencies
[448/2297] Scanning /home/comdare/wt-ce-bump15/tests/unit/test_lagp2_messwert_genus.cpp for CXX dependencies
[449/2297] Scanning /home/comdare/wt-ce-bump15/tests/unit/test_mt_l3_wide_schema_orakel.cpp for CXX dependencies
[450/2297] Scanning /home/comdare/wt-ce-bump15/tests/unit/test_w5_status_reader.cpp for CXX dependencies
[451/2297] Scanning /home/comdare/wt-ce-bump15/tests/unit/thesis_tiere/test_experiment_kern_seam.cpp for CXX dependencies
[452/2297] Scanning /home/comdare/wt-ce-bump15/tests/unit/thesis_tiere/test_experiment_parser.cpp for CXX dependencies
[453/2297] Generating CXX dyndep file tests/unit/CMakeFiles/perm_set_d9.dir/CXX.dd
[454/2297] Generating CXX dyndep file tests/unit/CMakeFiles/perm_sequence_d10.dir/CXX.dd
[455/2297] Generating CXX dyndep file tests/unit/CMakeFiles/perm_view_d11.dir/CXX.dd
[456/2297] Generating CXX dyndep file tests/unit/CMakeFiles/perm_buildvariant_avx512.dir/CXX.dd
[457/2297] Generating CXX dyndep file tests/unit/CMakeFiles/perm_buildvariant_avx2.dir/CXX.dd
[458/2297] Generating CXX dyndep file tests/unit/CMakeFiles/perm_adapter_d12.dir/CXX.dd
[459/2297] Generating CXX dyndep file tests/unit/CMakeFiles/perm_set_defekt_d13.dir/CXX.dd
[460/2297] Generating CXX dyndep file tests/unit/CMakeFiles/perm_alt_major7.dir/CXX.dd
[461/2297] Generating CXX dyndep file tests/unit/CMakeFiles/perm_major7_neue_magic.dir/CXX.dd
[462/2297] Generating CXX dyndep file tests/unit/CMakeFiles/perm_q2_luegner.dir/CXX.dd
[463/2297] Generating CXX dyndep file tests/unit/CMakeFiles/perm_q2_ohne_gattung.dir/CXX.dd
[464/2297] Generating CXX dyndep file tests/unit/CMakeFiles/perm_q2_ohne_genus.dir/CXX.dd
[465/2297] Generating CXX dyndep file tests/unit/CMakeFiles/perm_alt_magic_ohne_symbole.dir/CXX.dd
[466/2297] Scanning /home/comdare/wt-ce-bump15/tests/unit/thesis_tiere/test_ap2_katalog_pfad_stubfrei.cpp for CXX dependencies
[467/2297] Generating CXX dyndep file tests/unit/CMakeFiles/hybrid_reroute_searchalgorithm.dir/CXX.dd
[468/2297] Generating CXX dyndep file tests/unit/CMakeFiles/hybrid_reroute_set.dir/CXX.dd
[469/2297] Scanning /home/comdare/wt-ce-bump15/tests/unit/test_org18_persistence_target.cpp for CXX dependencies
[470/2297] Scanning /home/comdare/wt-ce-bump15/tests/unit/thesis_tiere/test_measurement_categories.cpp for CXX dependencies
[471/2297] Scanning /home/comdare/wt-ce-bump15/tests/unit/thesis_tiere/test_axis_sweep_coverage.cpp for CXX dependencies
[472/2297] Scanning /home/comdare/wt-ce-bump15/tests/unit/thesis_tiere/test_smoke_coverage_profile.cpp for CXX dependencies
[473/2297] Generating CXX dyndep file tests/unit/CMakeFiles/perm_buildvariant_real_avx512.dir/CXX.dd
[474/2297] Generating CXX dyndep file tests/unit/CMakeFiles/perm_buildvariant_real_avx2.dir/CXX.dd
[475/2297] Generating CXX dyndep file tests/unit/CMakeFiles/perm_adhoc_buildvariant.dir/CXX.dd
[476/2297] Scanning /home/comdare/wt-ce-bump15/tests/unit/thesis_tiere/test_experiment_projection.cpp for CXX dependencies
[477/2297] Scanning /home/comdare/wt-ce-bump15/tests/unit/test_dgenus_dll.cpp for CXX dependencies
[478/2297] Scanning /home/comdare/wt-ce-bump15/tests/unit/thesis_tiere/test_wdk_datasets_fairness.cpp for CXX dependencies
[479/2297] Scanning /home/comdare/wt-ce-bump15/tests/unit/thesis_tiere/test_merge_plan_directive.cpp for CXX dependencies
[480/2297] Scanning /home/comdare/wt-ce-bump15/tests/unit/test_d4b_container_dll.cpp for CXX dependencies
[481/2297] Scanning /home/comdare/wt-ce-bump15/tests/unit/test_adhoc_buildvariant_dll.cpp for CXX dependencies
[482/2297] Scanning /home/comdare/wt-ce-bump15/tests/unit/thesis_tiere/test_sota_st2_dedup.cpp for CXX dependencies
[483/2297] Scanning /home/comdare/wt-ce-bump15/tests/unit/test_e24_c10_genus_dll_roundtrip.cpp for CXX dependencies
[484/2297] Scanning /home/comdare/wt-ce-bump15/tests/unit/test_e24_c10_g5_lade_wache.cpp for CXX dependencies
[485/2297] Scanning /home/comdare/wt-ce-bump15/tests/unit/test_d13_dll_runtime_measure.cpp for CXX dependencies
[486/2297] Scanning /home/comdare/wt-ce-bump15/tests/unit/thesis_tiere/test_validate_profile.cpp for CXX dependencies
[487/2297] Scanning /home/comdare/wt-ce-bump15/tests/unit/thesis_tiere/test_h2_score_akte.cpp for CXX dependencies
[488/2297] Scanning /home/comdare/wt-ce-bump15/tests/unit/test_best_binary_selector_parse_rank.cpp for CXX dependencies
[489/2297] Scanning /home/comdare/wt-ce-bump15/tests/unit/thesis_tiere/test_experiment_plan_director.cpp for CXX dependencies
[490/2297] Scanning /home/comdare/wt-ce-bump15/tests/unit/test_e2_contract_abi_vertrag.cpp for CXX dependencies
[491/2297] Scanning /home/comdare/wt-ce-bump15/tests/unit/test_hybrid_spline_selector_scaffold.cpp for CXX dependencies
[492/2297] Scanning /home/comdare/wt-ce-bump15/tests/unit/test_a9b_active_deklaration_inert.cpp for CXX dependencies
[493/2297] Scanning /home/comdare/wt-ce-bump15/tests/unit/test_ff2_node_width_subaxis.cpp for CXX dependencies
[494/2297] Scanning /home/comdare/wt-ce-bump15/tests/unit/test_p1_spd_ddr5_parser.cpp for CXX dependencies
[495/2297] Scanning /home/comdare/wt-ce-bump15/tests/unit/test_p2_ram_identity_verdict.cpp for CXX dependencies
[496/2297] Scanning /home/comdare/wt-ce-bump15/tests/unit/test_m_simd_feature_flag_catalog.cpp for CXX dependencies
[497/2297] Scanning /home/comdare/wt-ce-bump15/tests/unit/test_w3_mess_interface_testate_dock.cpp for CXX dependencies
[498/2297] Scanning /home/comdare/wt-ce-bump15/tests/unit/test_fb_alloc_hw_subaxis.cpp for CXX dependencies
[499/2297] Scanning /home/comdare/wt-ce-bump15/tests/unit/test_p2_ram_probe_chain.cpp for CXX dependencies
[500/2297] Scanning /home/comdare/wt-ce-bump15/tests/unit/test_m_contract_system_axis_wurzel.cpp for CXX dependencies
[501/2297] Scanning /home/comdare/wt-ce-bump15/tests/unit/test_od10_numa_page_probe.cpp for CXX dependencies
[502/2297] Scanning /home/comdare/wt-ce-bump15/tests/unit/test_o4_machine_identity.cpp for CXX dependencies
[503/2297] Scanning /home/comdare/wt-ce-bump15/tests/unit/test_p3_boot_cache_dmi.cpp for CXX dependencies
[504/2297] Scanning /home/comdare/wt-ce-bump15/tests/unit/test_od11_numa_cpu_pin_process_probe.cpp for CXX dependencies
[505/2297] Scanning /home/comdare/wt-ce-bump15/tests/unit/test_c3a_gate_scharfschaltung.cpp for CXX dependencies
[506/2297] Generating CXX dyndep file tests/unit/CMakeFiles/r3_biss_modul_gates_an.dir/CXX.dd
[507/2297] Scanning /home/comdare/wt-ce-bump15/tests/unit/test_c3b_kanal_merge_beleg.cpp for CXX dependencies
[508/2297] Generating CXX dyndep file tests/unit/CMakeFiles/r3_biss_modul_gates_aus.dir/CXX.dd
[509/2297] Scanning /home/comdare/wt-ce-bump15/tests/unit/test_os_u3_probe.cpp for CXX dependencies
[510/2297] Scanning /home/comdare/wt-ce-bump15/tests/unit/test_g1_binary_version_stamp.cpp for CXX dependencies
[511/2297] Scanning /home/comdare/wt-ce-bump15/tests/unit/test_d4_ceb_schluessel_wahl.cpp for CXX dependencies
[512/2297] Scanning /home/comdare/wt-ce-bump15/tests/unit/test_progress_heartbeat.cpp for CXX dependencies
[513/2297] Scanning /home/comdare/wt-ce-bump15/tests/unit/test_r3_mess_gate_fingerprint_biss.cpp for CXX dependencies
[514/2297] Scanning /home/comdare/wt-ce-bump15/tests/unit/test_m_w12_stamp_bausteine.cpp for CXX dependencies
[515/2297] Scanning /home/comdare/wt-ce-bump15/tests/unit/test_r3_mess_gates_spiegel.cpp for CXX dependencies
[516/2297] Scanning /home/comdare/wt-ce-bump15/tests/unit/test_w10_system_cell_values.cpp for CXX dependencies
[517/2297] Scanning /home/comdare/wt-ce-bump15/tests/unit/test_d2_mess_konsistenz_gate.cpp for CXX dependencies
[518/2297] Scanning /home/comdare/wt-ce-bump15/tests/unit/test_simd_field_sum_dispatch.cpp for CXX dependencies
[519/2297] Scanning /home/comdare/wt-ce-bump15/tests/unit/test_phase6_vorbau.cpp for CXX dependencies
[520/2297] Scanning /home/comdare/wt-ce-bump15/tests/unit/test_simd_field_sum_dispatch.cpp for CXX dependencies
[521/2297] Scanning /home/comdare/wt-ce-bump15/tests/unit/test_w2_combo_ct_stamp.cpp for CXX dependencies
[522/2297] Scanning /home/comdare/wt-ce-bump15/tests/unit/test_limits_entkopplung_vorstufe.cpp for CXX dependencies
[523/2297] Scanning /home/comdare/wt-ce-bump15/tests/unit/test_lazy_adhoc_source_gen.cpp for CXX dependencies
[524/2297] Scanning /home/comdare/wt-ce-bump15/tests/unit/test_lagz1_lager_schluessel_simd.cpp for CXX dependencies
[525/2297] Scanning /home/comdare/wt-ce-bump15/tests/unit/test_simd_field_sum_dispatch.cpp for CXX dependencies
[526/2297] Scanning /home/comdare/wt-ce-bump15/tests/unit/test_b5_pmc_ehrlichkeit_alle_sieben.cpp for CXX dependencies
[527/2297] Scanning /home/comdare/wt-ce-bump15/tests/unit/test_simd_add_u64_carry.cpp for CXX dependencies
[528/2297] Scanning /home/comdare/wt-ce-bump15/tests/unit/test_b2_gate_zustand_g2an_g3aus.cpp for CXX dependencies
[529/2297] Scanning /home/comdare/wt-ce-bump15/tests/unit/test_simd_add_u64_carry.cpp for CXX dependencies
[530/2297] Scanning /home/comdare/wt-ce-bump15/tests/unit/test_g3_eta_estimator.cpp for CXX dependencies
[531/2297] Scanning /home/comdare/wt-ce-bump15/tests/unit/test_planner_version_flag_grammatik.cpp for CXX dependencies
[532/2297] Scanning /home/comdare/wt-ce-bump15/tests/unit/test_simd_add_u64_carry.cpp for CXX dependencies
[533/2297] Scanning /home/comdare/wt-ce-bump15/tests/unit/test_g3_bestandslog_document.cpp for CXX dependencies
[534/2297] Scanning /home/comdare/wt-ce-bump15/tests/unit/test_g3_reservation_lifecycle.cpp for CXX dependencies
[535/2297] Scanning /home/comdare/wt-ce-bump15/tests/unit/test_g3_bestandslog_lock.cpp for CXX dependencies
[536/2297] Scanning /home/comdare/wt-ce-bump15/tests/unit/test_g3_batch_planner.cpp for CXX dependencies
[537/2297] Scanning /home/comdare/wt-ce-bump15/tests/unit/test_a5_eta_kalibrierung.cpp for CXX dependencies
[538/2297] Scanning /home/comdare/wt-ce-bump15/tests/unit/test_g3_ram_spool_writer.cpp for CXX dependencies
[539/2297] Scanning /home/comdare/wt-ce-bump15/tests/unit/test_reflect_versions_all17.cpp for CXX dependencies
[540/2297] Scanning /home/comdare/wt-ce-bump15/tests/unit/test_g3_writer_backend_io_uring.cpp for CXX dependencies
[541/2297] Scanning /home/comdare/wt-ce-bump15/tests/unit/test_a1_algo_version_pin_alloc_axis.cpp for CXX dependencies
[542/2297] Scanning /home/comdare/wt-ce-bump15/tests/unit/test_reflect_versions_all_registered.cpp for CXX dependencies
[543/2297] Scanning /home/comdare/wt-ce-bump15/tests/unit/test_a2_sha512_skip_gate.cpp for CXX dependencies
[544/2297] Scanning /home/comdare/wt-ce-bump15/tests/unit/test_g3_sha512_index.cpp for CXX dependencies
[545/2297] Scanning /home/comdare/wt-ce-bump15/tests/unit/test_lb0_lager_pfad_grammatik.cpp for CXX dependencies
[546/2297] Scanning /home/comdare/wt-ce-bump15/tests/unit/test_bvset_teilmenge.cpp for CXX dependencies
[547/2297] Scanning /home/comdare/wt-ce-bump15/tests/unit/test_g2_variant_sidecar.cpp for CXX dependencies
[548/2297] Scanning /home/comdare/wt-ce-bump15/tests/unit/test_g3_planer_driven.cpp for CXX dependencies
[549/2297] Scanning /home/comdare/wt-ce-bump15/tests/unit/test_g3_builder_registration.cpp for CXX dependencies
[550/2297] Scanning /home/comdare/wt-ce-bump15/tests/unit/test_lb1_knoten_heuristik_log.cpp for CXX dependencies
[551/2297] Scanning /home/comdare/wt-ce-bump15/tests/unit/test_g3_prune.cpp for CXX dependencies
[552/2297] Scanning /home/comdare/wt-ce-bump15/tests/unit/test_g3_takeover_sweep.cpp for CXX dependencies
[553/2297] Scanning /home/comdare/wt-ce-bump15/tests/unit/test_ge3_messwert_genus_und_ziel.cpp for CXX dependencies
[554/2297] Scanning /home/comdare/wt-ce-bump15/tests/unit/test_ge1_claim_check_und_sidecar.cpp for CXX dependencies
[555/2297] Scanning /home/comdare/wt-ce-bump15/tests/unit/test_g3_artifact_cache_transport.cpp for CXX dependencies
[556/2297] Scanning /home/comdare/wt-ce-bump15/tests/unit/test_a9s3_writeback_method_xlsx.cpp for CXX dependencies
[557/2297] Scanning /home/comdare/wt-ce-bump15/tests/unit/test_g3_lager_presence.cpp for CXX dependencies
[558/2297] Scanning /home/comdare/wt-ce-bump15/tests/unit/test_a9_xlsx_vendor_rauchtest.cpp for CXX dependencies
[559/2297] Scanning /home/comdare/wt-ce-bump15/tests/unit/test_a9s3_ergebnis_mappe_csv.cpp for CXX dependencies
[560/2297] Scanning /home/comdare/wt-ce-bump15/tests/unit/test_b14_layout_scan_line_subaxis.cpp for CXX dependencies
[561/2297] Scanning /home/comdare/wt-ce-bump15/tests/unit/test_p_cacheline_store_line_source.cpp for CXX dependencies
[562/2297] Scanning /home/comdare/wt-ce-bump15/tests/unit/test_a9s3_xlsx_ergebnis_writer.cpp for CXX dependencies
[563/2297] Scanning /home/comdare/wt-ce-bump15/tests/unit/test_fk1_nicht_gebaut_marker.cpp for CXX dependencies
[564/2297] Scanning /home/comdare/wt-ce-bump15/tests/unit/test_a8s3_csv_klasse_c.cpp for CXX dependencies
[565/2297] Scanning /home/comdare/wt-ce-bump15/tests/unit/test_rf2_admission_marker_inert.cpp for CXX dependencies
[566/2297] Scanning /home/comdare/wt-ce-bump15/tests/unit/test_m1hb_observer_zellen_ehrlich.cpp for CXX dependencies
[567/2297] Scanning /home/comdare/wt-ce-bump15/tests/unit/test_mt_l4_registrierungs_wache_isa.cpp for CXX dependencies
[568/2297] Generating CXX dyndep file tests/unit/CMakeFiles/naht1_modul_mess_an.dir/CXX.dd
[569/2297] Scanning /home/comdare/wt-ce-bump15/tests/unit/test_a9s3_mess_ebene_blattsorte.cpp for CXX dependencies
[570/2297] Scanning /home/comdare/wt-ce-bump15/tests/unit/test_b14_abi_adapter_line_subaxis_paths.cpp for CXX dependencies
[571/2297] Scanning /home/comdare/wt-ce-bump15/tests/unit/test_hyg_kumulativer_bereich.cpp for CXX dependencies
[572/2297] Generating CXX dyndep file tests/unit/CMakeFiles/naht1_modul_mess_aus.dir/CXX.dd
[573/2297] Scanning /home/comdare/wt-ce-bump15/tests/unit/test_d2_abdeckungs_wache_nenner.cpp for CXX dependencies
[574/2297] Scanning /home/comdare/wt-ce-bump15/tests/unit/test_d3_6_realm_selektor_produktionsablage.cpp for CXX dependencies
[575/2297] Scanning /home/comdare/wt-ce-bump15/tests/unit/test_a9s4_dynamic_axis_filter.cpp for CXX dependencies
[576/2297] Scanning /home/comdare/wt-ce-bump15/tests/unit/test_a9s4_realm_scan_stale.cpp for CXX dependencies
[577/2297] Scanning /home/comdare/wt-ce-bump15/tests/unit/test_a9s4_mess_report_render.cpp for CXX dependencies
[578/2297] Scanning /home/comdare/wt-ce-bump15/tests/unit/test_a9s5_ergebnis_mappe_naht.cpp for CXX dependencies
[579/2297] Scanning /home/comdare/wt-ce-bump15/tests/unit/test_a9s4_skip_manifest.cpp for CXX dependencies
[580/2297] Scanning /home/comdare/wt-ce-bump15/tests/unit/test_warn1_d2_fingerprint_koeder.cpp for CXX dependencies
[581/2297] Scanning /home/comdare/wt-ce-bump15/tests/unit/test_warn2a_block_id_bidirektional.cpp for CXX dependencies
[582/2297] Scanning /home/comdare/wt-ce-bump15/tests/unit/test_d55_hdr_verdrahtung.cpp for CXX dependencies
[583/2297] Scanning /home/comdare/wt-ce-bump15/tests/unit/test_t6_biss_achsen_roundtrip_wache.cpp for CXX dependencies
[584/2297] Scanning /home/comdare/wt-ce-bump15/tests/unit/test_d2g1_ctest_registrierung.cpp for CXX dependencies
[585/2297] Scanning /home/comdare/wt-ce-bump15/tests/unit/test_t6_biss_sichtbarkeits_wache.cpp for CXX dependencies
[586/2297] Scanning /home/comdare/wt-ce-bump15/tests/unit/test_t6_wachen_inventar.cpp for CXX dependencies
[587/2297] Scanning /home/comdare/wt-ce-bump15/tests/unit/test_ck1_messkette_koeder.cpp for CXX dependencies
[588/2297] Scanning /home/comdare/wt-ce-bump15/tests/unit/test_naht1_mess_visitor_biss.cpp for CXX dependencies
[589/2297] Scanning /home/comdare/wt-ce-bump15/tests/unit/test_flaeche3_deckung_ceb_aus_tier_an.cpp for CXX dependencies
[590/2297] Scanning /home/comdare/wt-ce-bump15/tests/unit/test_lizenz_konsistenz.cpp for CXX dependencies
[591/2297] Scanning /home/comdare/wt-ce-bump15/tests/unit/test_t6_biss_registrierungs_wache.cpp for CXX dependencies
[592/2297] Scanning /home/comdare/wt-ce-bump15/tests/unit/test_pa1_tote_ausnahme.cpp for CXX dependencies
[593/2297] Generating CXX dyndep file libs/cache_engine/builder/commands/tests/CMakeFiles/test_commands.dir/CXX.dd
[594/2297] Generating CXX dyndep file libs/cache_engine/builder/commands/tests/CMakeFiles/test_engine_adapters.dir/CXX.dd
[595/2297] Generating CXX dyndep file tools/ycsb_cli/CMakeFiles/comdare_ycsb_cli.dir/CXX.dd
[596/2295] Generating CXX dyndep file tools/latex_anhang/CMakeFiles/comdare_latex_anhang.dir/CXX.dd
[597/2293] Generating CXX dyndep file tools/p27_bundle_finder/CMakeFiles/p27_bundle_finder.dir/CXX.dd
[598/2291] Generating CXX dyndep file tools/best_binary_selector/CMakeFiles/comdare_best_binary_selector.dir/CXX.dd
[599/2288] Generating CXX dyndep file tools/mess_report/CMakeFiles/comdare_mess_report.dir/CXX.dd
[600/2286] Generating CXX dyndep file apps/cache_engine_builder/CMakeFiles/cache_engine_builder.dir/CXX.dd
[601/2286] Scanning /home/comdare/wt-ce-bump15/tests/unit/test_anker_marke_statt_ledgerzeile.cpp for CXX dependencies
[602/2286] Generating CXX dyndep file apps/anatomy_codegen_tool/CMakeFiles/comdare_anatomy_codegen_cli.dir/CXX.dd
[603/2285] Generating CXX dyndep file apps/adhoc_emitter/CMakeFiles/comdare_adhoc_emitter_cli.dir/CXX.dd
[604/2285] Generating CXX dyndep file apps/f15_compare/CMakeFiles/comdare_f15_compare_cli.dir/CXX.dd
[605/2285] Generating CXX dyndep file apps/perm_runner/CMakeFiles/comdare_perm_runner.dir/CXX.dd
[606/2285] Generating CXX dyndep file apps/h2_score_akte_tool/CMakeFiles/comdare_h2_score_akte_cli.dir/CXX.dd
[607/2283] Scanning /home/comdare/wt-ce-bump15/tests/unit/test_s3_ordnung_relation.cpp for CXX dependencies
[608/2283] Generating CXX dyndep file tests/unit/CMakeFiles/test_pressure_state.dir/CXX.dd
[609/2283] Generating CXX dyndep file tests/unit/CMakeFiles/test_cache_recommendation.dir/CXX.dd
[610/2283] Generating CXX dyndep file tests/unit/CMakeFiles/test_cpuid_probe.dir/CXX.dd
[611/2283] Generating CXX dyndep file tests/unit/CMakeFiles/test_permutation_flags.dir/CXX.dd
[612/2283] Generating CXX dyndep file tests/unit/CMakeFiles/test_event_hierarchy.dir/CXX.dd
[613/2283] Generating CXX dyndep file tests/unit/CMakeFiles/test_observer_registry.dir/CXX.dd
[614/2283] Generating CXX dyndep file tests/unit/CMakeFiles/test_decision_trees.dir/CXX.dd
[615/2283] Generating CXX dyndep file tests/unit/CMakeFiles/test_decision_lambda_registry.dir/CXX.dd
[616/2283] Generating CXX dyndep file tests/unit/CMakeFiles/test_concurrency_disciplines.dir/CXX.dd
[617/2283] Generating CXX dyndep file tests/unit/CMakeFiles/test_telemetry_strategies.dir/CXX.dd
[618/2283] Scanning /home/comdare/wt-ce-bump15/tests/unit/test_vs_taxonomie_klassen_grep.cpp for CXX dependencies
[619/2283] Generating CXX dyndep file tests/unit/CMakeFiles/test_platform_concepts.dir/CXX.dd
[620/2283] Generating CXX dyndep file tests/unit/CMakeFiles/test_cache_hierarchy_and_mode.dir/CXX.dd
[621/2283] Generating CXX dyndep file tests/unit/CMakeFiles/test_measurement_buffer.dir/CXX.dd
[622/2283] Generating CXX dyndep file tests/unit/CMakeFiles/test_sub_engines.dir/CXX.dd
[623/2283] Generating CXX dyndep file tests/unit/CMakeFiles/test_allocator_concepts.dir/CXX.dd
[624/2283] Generating CXX dyndep file tests/unit/CMakeFiles/test_abi_interface.dir/CXX.dd
[625/2283] Scanning /home/comdare/wt-ce-bump15/tests/unit/test_s3_ordnung_freigabe.cpp for CXX dependencies
[626/2283] Generating CXX dyndep file tests/unit/CMakeFiles/test_config_durability.dir/CXX.dd
[627/2283] Generating CXX dyndep file tests/unit/CMakeFiles/test_chaos_drift_gate.dir/CXX.dd
[628/2283] Generating CXX dyndep file tests/unit/CMakeFiles/test_t15_drift_gate_messschleife.dir/CXX.dd
[629/2283] Generating CXX dyndep file tests/unit/CMakeFiles/test_test_data_accumulation.dir/CXX.dd
[630/2283] Generating CXX dyndep file tests/unit/CMakeFiles/test_benchmark_suite.dir/CXX.dd
[631/2283] Generating CXX dyndep file tests/unit/CMakeFiles/test_workload_and_experiment.dir/CXX.dd
[632/2283] Generating CXX dyndep file tests/unit/CMakeFiles/test_allocator_full_matrix.dir/CXX.dd
[633/2283] Generating CXX dyndep file tests/unit/CMakeFiles/test_codegen_from_profile.dir/CXX.dd
[634/2283] Generating CXX dyndep file tests/unit/CMakeFiles/test_builder_codegen.dir/CXX.dd
[635/2283] Generating CXX dyndep file tests/unit/CMakeFiles/test_ycsb_cli.dir/CXX.dd
[636/2283] Generating CXX dyndep file tests/unit/CMakeFiles/test_experiment_driver_v13.dir/CXX.dd
[637/2283] Generating CXX dyndep file tests/unit/CMakeFiles/test_permutation_sampling.dir/CXX.dd
[638/2283] Generating CXX dyndep file tests/unit/CMakeFiles/test_rcu.dir/CXX.dd
[639/2283] Generating CXX dyndep file tests/unit/CMakeFiles/test_latex_anhang.dir/CXX.dd
[640/2283] Generating CXX dyndep file tests/unit/CMakeFiles/test_succinct.dir/CXX.dd
[641/2283] Generating CXX dyndep file tests/unit/CMakeFiles/test_hbm_hierarchy.dir/CXX.dd
[642/2283] Generating CXX dyndep file tests/unit/CMakeFiles/test_rcu_concurrency.dir/CXX.dd
[643/2283] Generating CXX dyndep file tests/unit/CMakeFiles/test_module_loader.dir/CXX.dd
[644/2283] Generating CXX dyndep file tests/unit/CMakeFiles/test_v41_indexes.dir/CXX.dd
[645/2283] Generating CXX dyndep file tests/unit/CMakeFiles/test_v31_adapters.dir/CXX.dd
[646/2283] Generating CXX dyndep file tests/unit/CMakeFiles/test_v41_topic_queuing.dir/CXX.dd
[647/2283] Generating CXX dyndep file tests/unit/CMakeFiles/test_v41_topic_allocator_axis_06.dir/CXX.dd
[648/2283] Generating CXX dyndep file tests/unit/CMakeFiles/test_v41_paper_legacy_code.dir/CXX.dd
[649/2283] Generating CXX dyndep file tests/unit/CMakeFiles/test_v41_topic_traversal.dir/CXX.dd
[650/2283] Generating CXX dyndep file tests/unit/CMakeFiles/test_ctsha512.dir/CXX.dd
[651/2283] Generating CXX dyndep file tests/unit/CMakeFiles/test_v41_compositions.dir/CXX.dd
[652/2283] Scanning /home/comdare/wt-ce-bump15/tests/unit/test_k2_stufen_neutraler_loader.cpp for CXX dependencies
[653/2283] Generating CXX dyndep file tests/unit/CMakeFiles/test_v41_topics_fundament.dir/CXX.dd
[654/2283] Generating CXX dyndep file tests/unit/CMakeFiles/test_v41_anatomy_r4_driver.dir/CXX.dd
[655/2283] Generating CXX dyndep file tests/unit/CMakeFiles/test_v41_anatomy.dir/CXX.dd
[656/2283] Generating CXX dyndep file tests/unit/CMakeFiles/test_v41_anatomy_observer.dir/CXX.dd
[657/2283] Generating CXX dyndep file tests/unit/CMakeFiles/test_v41_tier_observe_trace.dir/CXX.dd
[658/2283] Generating CXX dyndep file tests/unit/CMakeFiles/test_v41_axis_03a_cross_variant_equivalence.dir/CXX.dd
[659/2283] Generating CXX dyndep file tests/unit/CMakeFiles/test_ap7_swisstable.dir/CXX.dd
[660/2283] Generating CXX dyndep file tests/unit/CMakeFiles/test_ap7b3_swiss_isa_group_match.dir/CXX.dd
[661/2283] Generating CXX dyndep file tests/unit/CMakeFiles/test_ap7b_swiss_organ.dir/CXX.dd
[662/2283] Generating CXX dyndep file tests/unit/CMakeFiles/test_ap8_hdr_histogram.dir/CXX.dd
[663/2283] Generating CXX dyndep file tests/unit/CMakeFiles/test_vampir_nfp_allocator.dir/CXX.dd
[664/2283] Generating CXX dyndep file tests/unit/CMakeFiles/test_v41_axis_03a_tier_organ_equivalence.dir/CXX.dd
[665/2283] Generating CXX dyndep file tests/unit/CMakeFiles/test_v41_anatomy_pruefling_merge.dir/CXX.dd
[666/2283] Generating CXX dyndep file tests/unit/CMakeFiles/test_v41_execution_engine.dir/CXX.dd
[667/2283] Generating CXX dyndep file tests/unit/CMakeFiles/test_v41_anatomy_base.dir/CXX.dd
[668/2283] Generating CXX dyndep file tests/unit/CMakeFiles/test_v41_search_algorithm_permutation_engine.dir/CXX.dd
[669/2283] Generating CXX dyndep file tests/unit/CMakeFiles/test_v41_anatomy_module_abi.dir/CXX.dd
[670/2283] Generating CXX dyndep file tests/unit/CMakeFiles/test_v41_anatomy_codegen.dir/CXX.dd
[671/2283] Generating CXX dyndep file tests/unit/CMakeFiles/test_v41_anatomy_module_loader.dir/CXX.dd
[672/2283] Scanning /home/comdare/wt-ce-bump15/tests/unit/test_s1_stempel_basis_vertrag.cpp for CXX dependencies
[673/2283] Scanning /home/comdare/wt-ce-bump15/tests/unit/test_w0b_durchstich_kette.cpp for CXX dependencies
[674/2283] Scanning /home/comdare/wt-ce-bump15/tests/unit/test_stempel_vollbestand_registry.cpp for CXX dependencies
[675/2283] Generating CXX dyndep file tests/unit/CMakeFiles/test_v41_anatomy_multi_codegen.dir/CXX.dd
[676/2283] Generating CXX dyndep file tests/unit/CMakeFiles/test_v41_anatomy_codegen_tool.dir/CXX.dd
[677/2283] Scanning /home/comdare/wt-ce-bump15/tests/unit/test_stempel_zulassung_bruecke.cpp for CXX dependencies
[678/2283] Generating CXX dyndep file tests/unit/CMakeFiles/test_v41_anatomy_codegen_tool_traits.dir/CXX.dd
[679/2283] Generating CXX dyndep file tests/unit/CMakeFiles/test_v41_anatomy_codegen_tool_mp_list.dir/CXX.dd
[680/2283] Generating CXX dyndep file tests/unit/CMakeFiles/test_v41_axis_12_general_hardware.dir/CXX.dd
[681/2283] Generating CXX dyndep file tests/unit/CMakeFiles/test_v41_workload_generator.dir/CXX.dd
[682/2283] Generating CXX dyndep file tests/unit/CMakeFiles/test_v41_axis_05_memory_layout.dir/CXX.dd
[683/2283] Generating CXX dyndep file tests/unit/CMakeFiles/test_v41_axis_02_axis_04_nodes.dir/CXX.dd
[684/2283] Generating CXX dyndep file tests/unit/CMakeFiles/test_v41_axis_07_prefetch.dir/CXX.dd
[685/2283] Generating CXX dyndep file tests/unit/CMakeFiles/test_v41_axis_11_telemetry.dir/CXX.dd
[686/2283] Generating CXX dyndep file tests/unit/CMakeFiles/test_v41_axis_10_serialization.dir/CXX.dd
[687/2283] Generating CXX dyndep file tests/unit/CMakeFiles/test_v41_axis_14_value_handle.dir/CXX.dd
[688/2283] Generating CXX dyndep file tests/unit/CMakeFiles/test_v41_axis_08_concurrency.dir/CXX.dd
[689/2283] Generating CXX dyndep file tests/unit/CMakeFiles/test_v41_status_code.dir/CXX.dd
[690/2283] Generating CXX dyndep file tests/unit/CMakeFiles/test_v41_serialization_primitives.dir/CXX.dd
[691/2283] Generating CXX dyndep file tests/unit/CMakeFiles/test_v41_axis_01_page_type.dir/CXX.dd
[692/2283] Generating CXX dyndep file tests/unit/CMakeFiles/test_v41_pruefling_registry.dir/CXX.dd
[693/2283] Generating CXX dyndep file tests/unit/CMakeFiles/test_pruefling_fixture_ladung.dir/CXX.dd
[694/2283] Generating CXX dyndep file tests/unit/CMakeFiles/test_v41_axis_filter.dir/CXX.dd
[695/2283] Generating CXX dyndep file tests/unit/CMakeFiles/test_v41_axis_filter_surf_organ.dir/CXX.dd
[696/2283] Generating CXX dyndep file tests/unit/CMakeFiles/test_v41_axis_filter_surf_louds_organ.dir/CXX.dd
[697/2283] Generating CXX dyndep file tests/unit/CMakeFiles/test_v41_axis_io.dir/CXX.dd
[698/2283] Generating CXX dyndep file tests/unit/CMakeFiles/test_v41_axis_01_index_organization.dir/CXX.dd
[699/2283] Generating CXX dyndep file tests/unit/CMakeFiles/test_v41_axis_migration.dir/CXX.dd
[700/2283] Generating CXX dyndep file tests/unit/CMakeFiles/test_v41_axis_09_isa.dir/CXX.dd
[701/2283] Generating CXX dyndep file tests/unit/CMakeFiles/test_v41_axis_09b_simd_extension.dir/CXX.dd
[702/2283] Generating CXX dyndep file tests/unit/CMakeFiles/test_v41_r5c3_isa_simd_cross_constraint.dir/CXX.dd
[703/2283] Building CXX object _deps/googletest-build/googletest/CMakeFiles/gtest_main.dir/src/gtest_main.cc.o
[704/2283] Building CXX object libs/cache_engine/builder/anatomy_codegen_tool/CMakeFiles/comdare_anatomy_codegen_tool.dir/anatomy_codegen_tool.cpp.o
[705/2283] Generating CXX dyndep file tests/unit/CMakeFiles/test_v41_anatomy_r5i_configure_codegen.dir/CXX.dd
[706/2283] Building CXX object _deps/googletest-build/googlemock/CMakeFiles/gmock.dir/src/gmock-all.cc.o
[707/2283] Building CXX object apps/experiment_planner/CMakeFiles/comdare_experiment_planner.dir/main.cpp.o
[708/2283] Generating CXX dyndep file tests/unit/CMakeFiles/test_v41_anatomy_f15_measurement.dir/CXX.dd
[709/2283] Generating CXX dyndep file tests/unit/CMakeFiles/test_v41_anatomy_adhoc_codegen_macro.dir/CXX.dd
[710/2283] Generating CXX dyndep file tests/unit/CMakeFiles/test_v41_pruef_dock_search_algorithm.dir/CXX.dd
[711/2283] Generating CXX dyndep file tests/unit/CMakeFiles/test_v5_conformance_gate.dir/CXX.dd
[712/2283] Generating CXX dyndep file tests/unit/CMakeFiles/test_v5_memento_axis.dir/CXX.dd
[713/2283] Generating CXX dyndep file tests/unit/CMakeFiles/test_v5_two_phase_driver.dir/CXX.dd
[714/2283] Generating CXX dyndep file tests/unit/CMakeFiles/test_v5_workload_orchestrator.dir/CXX.dd
[715/2283] Generating CXX dyndep file tests/unit/CMakeFiles/test_v5_measurement_snapshot.dir/CXX.dd
[716/2283] Generating CXX dyndep file tests/unit/CMakeFiles/test_d51_perzentil_kanon.dir/CXX.dd
[717/2283] Generating CXX dyndep file tests/unit/CMakeFiles/test_d54_trace_schema.dir/CXX.dd
[718/2283] Generating CXX dyndep file tests/unit/CMakeFiles/test_heuristik_spline_break_even.dir/CXX.dd
[719/2283] Generating CXX dyndep file tests/unit/CMakeFiles/test_heuristik_workload_cluster.dir/CXX.dd
[720/2283] Generating CXX dyndep file tests/unit/CMakeFiles/test_ap9_provenance_manifest.dir/CXX.dd
[721/2283] Generating CXX dyndep file tests/unit/CMakeFiles/test_ap13_thread_pinning.dir/CXX.dd
[722/2283] Generating CXX dyndep file tests/unit/CMakeFiles/test_ap10_dataset_akte.dir/CXX.dd
[723/2283] Generating CXX dyndep file tests/unit/CMakeFiles/test_184_dataset_loader_wiring.dir/CXX.dd
[724/2283] Generating CXX dyndep file tests/unit/CMakeFiles/test_25_kanon_dataset_akten.dir/CXX.dd
[725/2283] Generating CXX dyndep file tests/unit/CMakeFiles/test_45_sosd_uint64_loader.dir/CXX.dd
[726/2283] Generating CXX dyndep file tests/unit/CMakeFiles/test_v5_disk_memento.dir/CXX.dd
[727/2283] Generating CXX dyndep file tests/unit/CMakeFiles/test_v5_ycsb_distribution.dir/CXX.dd
[728/2283] Generating CXX dyndep file tests/unit/CMakeFiles/test_v5_ycsb_op_set.dir/CXX.dd
[729/2283] Generating CXX dyndep file tests/unit/CMakeFiles/test_v41_scan_range_organ.dir/CXX.dd
[730/2283] Generating CXX dyndep file tests/unit/CMakeFiles/test_v5_organ_memento.dir/CXX.dd
[731/2283] Generating CXX dyndep file tests/unit/CMakeFiles/test_v41_codegen_type_name.dir/CXX.dd
[732/2283] Generating CXX dyndep file tests/unit/CMakeFiles/test_v41_cache_engine_tools_facade.dir/CXX.dd
[733/2283] Generating CXX dyndep file tests/unit/CMakeFiles/test_v41_cache_engine_facade.dir/CXX.dd
[734/2283] Generating CXX dyndep file tests/unit/CMakeFiles/test_v41_codegen_all_axes_umbrella.dir/CXX.dd
[735/2283] Building CXX object tests/unit/CMakeFiles/anatomy_multi_pilot_1.dir/__/__/generated/anatomy_modules_multi/anatomy_perm_anatomy_multi_pilot_1.cpp.o
[736/2283] Generating CXX dyndep file tests/unit/CMakeFiles/test_v41_anatomy_adhoc_dll_load.dir/CXX.dd
[737/2283] Generating CXX dyndep file tests/unit/CMakeFiles/test_pruef_only_gate.dir/CXX.dd
[738/2283] Building CXX object tests/unit/CMakeFiles/anatomy_codegen_pilot_hot.dir/__/__/generated/anatomy_modules/anatomy_perm_hot_pilot.cpp.o
[739/2283] Building CXX object tests/unit/CMakeFiles/r5i_configure_pilot_1.dir/__/__/generated/r5i_anatomy_modules/anatomy_perm_r5i_configure_pilot_1.cpp.o
[740/2283] Building CXX object tests/unit/CMakeFiles/anatomy_multi_pilot_3.dir/__/__/generated/anatomy_modules_multi/anatomy_perm_anatomy_multi_pilot_3.cpp.o
[741/2283] Building CXX object tests/unit/CMakeFiles/anatomy_codegen_pilot_wormhole_shared.dir/__/__/generated/anatomy_modules/anatomy_perm_wormhole_pilot.cpp.o
[742/2283] Building CXX object tests/unit/CMakeFiles/anatomy_multi_pilot_5.dir/__/__/generated/anatomy_modules_multi/anatomy_perm_anatomy_multi_pilot_5.cpp.o
[743/2283] Building CXX object tests/unit/CMakeFiles/anatomy_multi_pilot_2.dir/__/__/generated/anatomy_modules_multi/anatomy_perm_anatomy_multi_pilot_2.cpp.o
[744/2283] Building CXX object tests/unit/CMakeFiles/anatomy_multi_pilot_0.dir/__/__/generated/anatomy_modules_multi/anatomy_perm_anatomy_multi_pilot_0.cpp.o
[745/2283] Building CXX object tests/unit/CMakeFiles/anatomy_multi_pilot_4.dir/__/__/generated/anatomy_modules_multi/anatomy_perm_anatomy_multi_pilot_4.cpp.o
[746/2283] Building CXX object tests/unit/CMakeFiles/r5i_configure_pilot_0.dir/__/__/generated/r5i_anatomy_modules/anatomy_perm_r5i_configure_pilot_0.cpp.o
[747/2283] Building CXX object _deps/googletest-build/googletest/CMakeFiles/gtest.dir/src/gtest-all.cc.o
[748/2283] Linking CXX static library lib/libgtest.a
[749/2283] Building CXX object tests/unit/CMakeFiles/r5i_configure_pilot_2.dir/__/__/generated/r5i_anatomy_modules/anatomy_perm_r5i_configure_pilot_2.cpp.o
[750/2283] Building CXX object tests/unit/CMakeFiles/f15_measurement_pilot_0.dir/__/__/generated/f15_measurement_modules/anatomy_perm_f15_measurement_pilot_0.cpp.o
[751/2283] Building CXX object tests/unit/CMakeFiles/f15_measurement_pilot_1.dir/__/__/generated/f15_measurement_modules/anatomy_perm_f15_measurement_pilot_1.cpp.o
[752/2283] Building CXX object tests/unit/CMakeFiles/comdare_r5g_autobuilt_perm_0.dir/__/__/generated/r5g_autobuilt_modules/comdare_anatomy_perm_auto_0.cpp.o
[753/2283] Building CXX object tests/unit/CMakeFiles/comdare_r5g_adhoc_perm.dir/auto_emitted_perm_module.cpp.o
[754/2283] Building CXX object tests/unit/CMakeFiles/comdare_r5g_autobuilt_perm_1.dir/__/__/generated/r5g_autobuilt_modules/comdare_anatomy_perm_auto_1.cpp.o
[755/2283] Building CXX object tests/unit/CMakeFiles/comdare_r5g_autobuilt_perm_2.dir/__/__/generated/r5g_autobuilt_modules/comdare_anatomy_perm_auto_10.cpp.o
[756/2283] Building CXX object tests/unit/CMakeFiles/comdare_r5g_autobuilt_perm_4.dir/__/__/generated/r5g_autobuilt_modules/comdare_anatomy_perm_auto_12.cpp.o
[757/2283] Building CXX object tests/unit/CMakeFiles/comdare_r5g_autobuilt_perm_6.dir/__/__/generated/r5g_autobuilt_modules/comdare_anatomy_perm_auto_14.cpp.o
[758/2283] Building CXX object tests/unit/CMakeFiles/comdare_r5g_autobuilt_perm_7.dir/__/__/generated/r5g_autobuilt_modules/comdare_anatomy_perm_auto_15.cpp.o
[759/2283] Building CXX object tests/unit/CMakeFiles/comdare_r5g_autobuilt_perm_3.dir/__/__/generated/r5g_autobuilt_modules/comdare_anatomy_perm_auto_11.cpp.o
[760/2283] Building CXX object tests/unit/CMakeFiles/comdare_r5g_autobuilt_perm_5.dir/__/__/generated/r5g_autobuilt_modules/comdare_anatomy_perm_auto_13.cpp.o
[761/2283] Building CXX object tests/unit/CMakeFiles/comdare_r5g_autobuilt_perm_8.dir/__/__/generated/r5g_autobuilt_modules/comdare_anatomy_perm_auto_16.cpp.o
[762/2283] Building CXX object tests/unit/CMakeFiles/comdare_r5g_autobuilt_perm_9.dir/__/__/generated/r5g_autobuilt_modules/comdare_anatomy_perm_auto_17.cpp.o
[763/2283] Building CXX object tests/unit/CMakeFiles/comdare_r5g_autobuilt_perm_10.dir/__/__/generated/r5g_autobuilt_modules/comdare_anatomy_perm_auto_18.cpp.o
[764/2283] Building CXX object tests/unit/CMakeFiles/comdare_r5g_autobuilt_perm_11.dir/__/__/generated/r5g_autobuilt_modules/comdare_anatomy_perm_auto_19.cpp.o
[765/2283] Building CXX object tests/unit/CMakeFiles/comdare_r5g_autobuilt_perm_12.dir/__/__/generated/r5g_autobuilt_modules/comdare_anatomy_perm_auto_2.cpp.o
[766/2283] Building CXX object tests/unit/CMakeFiles/comdare_r5g_autobuilt_perm_13.dir/__/__/generated/r5g_autobuilt_modules/comdare_anatomy_perm_auto_20.cpp.o
[767/2283] Building CXX object tests/unit/CMakeFiles/comdare_r5g_autobuilt_perm_14.dir/__/__/generated/r5g_autobuilt_modules/comdare_anatomy_perm_auto_21.cpp.o
[768/2283] Building CXX object tests/unit/CMakeFiles/comdare_r5g_autobuilt_perm_15.dir/__/__/generated/r5g_autobuilt_modules/comdare_anatomy_perm_auto_22.cpp.o
[769/2283] Building CXX object tests/unit/CMakeFiles/comdare_r5g_autobuilt_perm_16.dir/__/__/generated/r5g_autobuilt_modules/comdare_anatomy_perm_auto_23.cpp.o
[770/2283] Building CXX object tests/unit/CMakeFiles/comdare_r5g_autobuilt_perm_17.dir/__/__/generated/r5g_autobuilt_modules/comdare_anatomy_perm_auto_24.cpp.o
[771/2283] Building CXX object tests/unit/CMakeFiles/comdare_r5g_autobuilt_perm_18.dir/__/__/generated/r5g_autobuilt_modules/comdare_anatomy_perm_auto_25.cpp.o
[772/2283] Building CXX object tests/unit/CMakeFiles/comdare_r5g_autobuilt_perm_22.dir/__/__/generated/r5g_autobuilt_modules/comdare_anatomy_perm_auto_29.cpp.o
[773/2283] Building CXX object tests/unit/CMakeFiles/comdare_r5g_autobuilt_perm_21.dir/__/__/generated/r5g_autobuilt_modules/comdare_anatomy_perm_auto_28.cpp.o
[774/2283] Building CXX object tests/unit/CMakeFiles/comdare_r5g_autobuilt_perm_20.dir/__/__/generated/r5g_autobuilt_modules/comdare_anatomy_perm_auto_27.cpp.o
[775/2283] Building CXX object tests/unit/CMakeFiles/comdare_r5g_autobuilt_perm_19.dir/__/__/generated/r5g_autobuilt_modules/comdare_anatomy_perm_auto_26.cpp.o
[776/2283] Building CXX object tests/unit/CMakeFiles/comdare_r5g_autobuilt_perm_23.dir/__/__/generated/r5g_autobuilt_modules/comdare_anatomy_perm_auto_3.cpp.o
[777/2283] Building CXX object tests/unit/CMakeFiles/comdare_r5g_autobuilt_perm_26.dir/__/__/generated/r5g_autobuilt_modules/comdare_anatomy_perm_auto_32.cpp.o
[778/2283] Building CXX object tests/unit/CMakeFiles/comdare_r5g_autobuilt_perm_24.dir/__/__/generated/r5g_autobuilt_modules/comdare_anatomy_perm_auto_30.cpp.o
[779/2283] Building CXX object tests/unit/CMakeFiles/comdare_r5g_autobuilt_perm_25.dir/__/__/generated/r5g_autobuilt_modules/comdare_anatomy_perm_auto_31.cpp.o
[780/2283] Building CXX object tests/unit/CMakeFiles/comdare_r5g_autobuilt_perm_28.dir/__/__/generated/r5g_autobuilt_modules/comdare_anatomy_perm_auto_34.cpp.o
[781/2283] Building CXX object tests/unit/CMakeFiles/comdare_r5g_autobuilt_perm_27.dir/__/__/generated/r5g_autobuilt_modules/comdare_anatomy_perm_auto_33.cpp.o
[782/2283] Building CXX object tests/unit/CMakeFiles/comdare_r5g_autobuilt_perm_29.dir/__/__/generated/r5g_autobuilt_modules/comdare_anatomy_perm_auto_35.cpp.o
[783/2283] Building CXX object tests/unit/CMakeFiles/comdare_r5g_autobuilt_perm_30.dir/__/__/generated/r5g_autobuilt_modules/comdare_anatomy_perm_auto_36.cpp.o
[784/2283] Building CXX object tests/unit/CMakeFiles/comdare_r5g_autobuilt_perm_31.dir/__/__/generated/r5g_autobuilt_modules/comdare_anatomy_perm_auto_37.cpp.o
[785/2283] Building CXX object tests/unit/CMakeFiles/comdare_r5g_autobuilt_perm_32.dir/__/__/generated/r5g_autobuilt_modules/comdare_anatomy_perm_auto_38.cpp.o
[786/2283] Building CXX object tests/unit/CMakeFiles/comdare_r5g_autobuilt_perm_34.dir/__/__/generated/r5g_autobuilt_modules/comdare_anatomy_perm_auto_4.cpp.o
[787/2283] Generating CXX dyndep file tests/unit/CMakeFiles/test_v41_anatomy_adhoc_autobuilt_load.dir/CXX.dd
[788/2283] Generating CXX dyndep file tests/unit/CMakeFiles/test_d1_d2_selection.dir/CXX.dd
[789/2283] Generating CXX dyndep file tests/unit/CMakeFiles/test_d3_ceb_generator.dir/CXX.dd
[790/2283] Generating CXX dyndep file tests/unit/CMakeFiles/test_d7_build_variant.dir/CXX.dd
[791/2281] Generating CXX dyndep file tests/unit/CMakeFiles/test_d7a_build_inspection.dir/CXX.dd
[792/2281] Generating CXX dyndep file tests/unit/CMakeFiles/test_d7b_definition_per_node.dir/CXX.dd
[793/2279] Generating CXX dyndep file tests/unit/CMakeFiles/test_d8_operability.dir/CXX.dd
[794/2277] Generating CXX dyndep file tests/unit/CMakeFiles/test_d9_set.dir/CXX.dd
[795/2275] Generating CXX dyndep file tests/unit/CMakeFiles/test_d9_set_adapter.dir/CXX.dd
[796/2273] Generating CXX dyndep file tests/unit/CMakeFiles/test_d10_sequence.dir/CXX.dd
[797/2271] Generating CXX dyndep file tests/unit/CMakeFiles/test_d11_view.dir/CXX.dd
[798/2269] Generating CXX dyndep file tests/unit/CMakeFiles/test_genus_docks.dir/CXX.dd
[799/2269] Generating CXX dyndep file tests/unit/CMakeFiles/test_d12_virus.dir/CXX.dd
[800/2267] Generating CXX dyndep file tests/unit/CMakeFiles/test_d13_runtime_measure.dir/CXX.dd
[801/2265] Generating CXX dyndep file tests/unit/CMakeFiles/test_d14_result_ingest.dir/CXX.dd
[802/2263] Generating CXX dyndep file tests/unit/CMakeFiles/test_d14b_perm_runner.dir/CXX.dd
[803/2261] Generating CXX dyndep file tests/unit/CMakeFiles/test_a1_load_profile_opmix.dir/CXX.dd
[804/2259] Generating CXX dyndep file tests/unit/CMakeFiles/test_d14c_e2e_pipeline.dir/CXX.dd
[805/2257] Building CXX object tests/unit/CMakeFiles/comdare_r5g_autobuilt_perm_37.dir/__/__/generated/r5g_autobuilt_modules/comdare_anatomy_perm_auto_42.cpp.o
[806/2257] Generating CXX dyndep file tests/unit/CMakeFiles/test_d15_selection_filter_chain.dir/CXX.dd
[807/2255] Generating CXX dyndep file tests/unit/CMakeFiles/test_cmd2_container_attribution.dir/CXX.dd
[808/2253] Generating CXX dyndep file tests/unit/CMakeFiles/test_allocator_profile_bestand.dir/CXX.dd
[809/2251] Generating CXX dyndep file tests/unit/CMakeFiles/test_container_genus.dir/CXX.dd
[810/2249] Generating CXX dyndep file tests/unit/CMakeFiles/test_container_dock.dir/CXX.dd
[811/2249] Generating CXX dyndep file tests/unit/CMakeFiles/test_d_v42_probe.dir/CXX.dd
[812/2247] Generating CXX dyndep file tests/unit/CMakeFiles/test_d_v42_probe2.dir/CXX.dd
[813/2245] Generating CXX dyndep file tests/unit/CMakeFiles/test_d_v42_telemetry_observable.dir/CXX.dd
[814/2243] Generating CXX dyndep file tests/unit/CMakeFiles/test_d_v42_memory_layout_observable.dir/CXX.dd
[815/2243] Generating CXX dyndep file tests/unit/CMakeFiles/test_d_v42_serialization_observable.dir/CXX.dd
[816/2243] Generating CXX dyndep file tests/unit/CMakeFiles/test_d_v42_node_type_observable.dir/CXX.dd
[817/2243] Generating CXX dyndep file tests/unit/CMakeFiles/test_d_v42_telemetry_registry_observable.dir/CXX.dd
[818/2241] Generating CXX dyndep file tests/unit/CMakeFiles/test_genus_permutation_engines.dir/CXX.dd
[819/2239] Generating CXX dyndep file tests/unit/CMakeFiles/test_axis_growth_policies.dir/CXX.dd
[820/2237] Generating CXX dyndep file tests/unit/CMakeFiles/test_axis_view_policies.dir/CXX.dd
[821/2235] Generating CXX dyndep file tests/unit/CMakeFiles/test_e24_c0_organ_concept.dir/CXX.dd
[822/2233] Generating CXX dyndep file tests/unit/CMakeFiles/test_e24_c1_organ_concept.dir/CXX.dd
[823/2231] Generating CXX dyndep file tests/unit/CMakeFiles/test_e24_c2_set_permutation_engine.dir/CXX.dd
[824/2229] Generating CXX dyndep file tests/unit/CMakeFiles/test_e24_c2_sequence_permutation_engine.dir/CXX.dd
[825/2227] Generating CXX dyndep file tests/unit/CMakeFiles/test_e24_c2_view_permutation_engine.dir/CXX.dd
[826/2225] Generating CXX dyndep file tests/unit/CMakeFiles/test_e24_c2_adapter_permutation_engine.dir/CXX.dd
[827/2223] Generating CXX dyndep file tests/unit/CMakeFiles/test_e24_c3_set_anatomy.dir/CXX.dd
[828/2221] Generating CXX dyndep file tests/unit/CMakeFiles/test_e24_c3_sequence_anatomy.dir/CXX.dd
[829/2219] Generating CXX dyndep file tests/unit/CMakeFiles/test_e24_c3_view_anatomy.dir/CXX.dd
[830/2217] Generating CXX dyndep file tests/unit/CMakeFiles/test_e24_c3_adapter_anatomy.dir/CXX.dd
[831/2215] Generating CXX dyndep file tests/unit/CMakeFiles/test_e24_c4_genus_conformance_gates.dir/CXX.dd
[832/2213] Generating CXX dyndep file tests/unit/CMakeFiles/test_e24_c3_cross_genus.dir/CXX.dd
[833/2213] Generating CXX dyndep file tests/unit/CMakeFiles/test_e24_c5_fk8_genus_baupfad_d1.dir/CXX.dd
[834/2211] Generating CXX dyndep file tests/unit/CMakeFiles/test_a8s3_sa_organ_member_vollstaendigkeit.dir/CXX.dd
[835/2211] Generating CXX dyndep file tests/unit/CMakeFiles/test_s14_axis_version_lock_tripwire.dir/CXX.dd
[836/2211] Generating CXX dyndep file tests/unit/CMakeFiles/test_e24_c6v_growth_statistics.dir/CXX.dd
[837/2209] Generating CXX dyndep file tests/unit/CMakeFiles/test_e24_c6v_view_statistics.dir/CXX.dd
[838/2207] Generating CXX dyndep file tests/unit/CMakeFiles/test_e24_c6v_inner_container_statistics.dir/CXX.dd
[839/2205] Generating CXX dyndep file tests/unit/CMakeFiles/test_e24_c6v_set_ehrlichkeit.dir/CXX.dd
[840/2203] Generating CXX dyndep file tests/unit/CMakeFiles/test_e24_c6_genus_observer_aggregate.dir/CXX.dd
[841/2201] Generating CXX dyndep file tests/unit/CMakeFiles/test_e24_c6_axis_row_writer.dir/CXX.dd
[842/2199] Generating CXX dyndep file tests/unit/CMakeFiles/test_e24_c6_set_wire_aggregate.dir/CXX.dd
[843/2197] Generating CXX dyndep file tests/unit/CMakeFiles/test_e24_c6_sequence_wire_aggregate.dir/CXX.dd
[844/2195] Generating CXX dyndep file tests/unit/CMakeFiles/test_e24_c6_adapter_wire_aggregate.dir/CXX.dd
[845/2193] Generating CXX dyndep file tests/unit/CMakeFiles/test_e24_c6_view_wire_aggregate.dir/CXX.dd
[846/2191] Generating CXX dyndep file tests/unit/CMakeFiles/test_e24_c6_set_algebra_abi.dir/CXX.dd
[847/2189] Generating CXX dyndep file tests/unit/CMakeFiles/test_e24_c7_gattung_map_umbenennung.dir/CXX.dd
[848/2187] Generating CXX dyndep file tests/unit/CMakeFiles/test_e24_c7_container_gattungs_kern.dir/CXX.dd
[849/2185] Generating CXX dyndep file tests/unit/CMakeFiles/test_e24_c7_element_type_vertrag.dir/CXX.dd
[850/2183] Generating CXX dyndep file tests/unit/CMakeFiles/test_e24_c7_gattung_abi_sichtbar.dir/CXX.dd
[851/2181] Generating CXX dyndep file tests/unit/CMakeFiles/test_e24_c7_symmetrie_und_benennung.dir/CXX.dd
[852/2179] Generating CXX dyndep file tests/unit/CMakeFiles/test_hy_a1_heuristik_adapter_gattung.dir/CXX.dd
[853/2179] Generating CXX dyndep file tests/unit/CMakeFiles/test_hy_f8_reroute.dir/CXX.dd
[854/2179] Generating CXX dyndep file tests/unit/CMakeFiles/test_q2_identitaets_riegel.dir/CXX.dd
[855/2179] Generating CXX dyndep file tests/unit/CMakeFiles/test_hy_a1_dock_contract.dir/CXX.dd
[856/2179] Generating CXX dyndep file tests/unit/CMakeFiles/test_hy_a3_hybrid_config_parser.dir/CXX.dd
[857/2179] Generating CXX dyndep file tests/unit/CMakeFiles/test_e24_c4_genus_pruef_docks.dir/CXX.dd
[858/2179] Generating CXX dyndep file tests/unit/CMakeFiles/test_e24_c5_fk7_dock_fehlerklassen.dir/CXX.dd
[859/2179] Generating CXX dyndep file tests/unit/CMakeFiles/test_migration_two_tier.dir/CXX.dd
[860/2179] Generating CXX dyndep file tests/unit/CMakeFiles/test_seg_coverage.dir/CXX.dd
[861/2179] Generating CXX dyndep file tests/unit/CMakeFiles/test_filter_real_from_keys.dir/CXX.dd
[862/2179] Generating CXX dyndep file tests/unit/CMakeFiles/test_patricia_real.dir/CXX.dd
[863/2179] Generating CXX dyndep file tests/unit/CMakeFiles/test_value_handle_real.dir/CXX.dd
[864/2179] Generating CXX dyndep file tests/unit/CMakeFiles/test_prefetch_real.dir/CXX.dd
[865/2179] Generating CXX dyndep file tests/unit/CMakeFiles/test_prefetch_adversarial_verify.dir/CXX.dd
[866/2179] Generating CXX dyndep file tests/unit/CMakeFiles/test_prefetch_patha_t7.dir/CXX.dd
[867/2179] Generating CXX dyndep file tests/unit/CMakeFiles/test_a8s1_t17_vollzaehligkeit.dir/CXX.dd
[868/2179] Generating CXX dyndep file tests/unit/CMakeFiles/test_a8s3_t17_stats_lesezeitpunkt.dir/CXX.dd
[869/2179] Generating CXX dyndep file tests/unit/CMakeFiles/test_s5_04_execution_alloc_conformance.dir/CXX.dd
[870/2179] Generating CXX dyndep file tests/unit/CMakeFiles/test_s5_04_execution_perf_sanity.dir/CXX.dd
[871/2179] Generating CXX dyndep file tests/unit/CMakeFiles/test_s5_03_placement_alloc_conformance.dir/CXX.dd
[872/2179] Generating CXX dyndep file tests/unit/CMakeFiles/test_s5_03_placement_perf_sanity.dir/CXX.dd
[873/2179] Generating CXX dyndep file tests/unit/CMakeFiles/test_s5_01d_traversal_alloc_conformance.dir/CXX.dd
[874/2179] Generating CXX dyndep file tests/unit/CMakeFiles/test_s5_01d_traversal_perf_sanity.dir/CXX.dd
[875/2179] Generating CXX dyndep file tests/unit/CMakeFiles/test_s5_02a_layout_alloc_conformance.dir/CXX.dd
[876/2179] Generating CXX dyndep file tests/unit/CMakeFiles/test_s5_02a_layout_perf_sanity.dir/CXX.dd
[877/2179] Generating CXX dyndep file tests/unit/CMakeFiles/test_s5_01a_pool_stores_alloc_conformance.dir/CXX.dd
[878/2179] Generating CXX dyndep file tests/unit/CMakeFiles/test_s5_01a_pool_stores_perf_sanity.dir/CXX.dd
[879/2179] Generating CXX dyndep file tests/unit/CMakeFiles/test_s5_02b_filter_alloc_conformance.dir/CXX.dd
[880/2179] Generating CXX dyndep file tests/unit/CMakeFiles/test_s5_02b_filter_perf_sanity.dir/CXX.dd
[881/2179] Generating CXX dyndep file tests/unit/CMakeFiles/test_s5_01b_composable_alloc_conformance.dir/CXX.dd
[882/2179] Generating CXX dyndep file tests/unit/CMakeFiles/test_s5_01b_composable_perf_sanity.dir/CXX.dd
[883/2179] Generating CXX dyndep file tests/unit/CMakeFiles/test_s5_01c_fassaden_conformance.dir/CXX.dd
[884/2179] Generating CXX dyndep file tests/unit/CMakeFiles/test_s5_05q_queuing_alloc_conformance.dir/CXX.dd
[885/2179] Generating CXX dyndep file tests/unit/CMakeFiles/test_s5_05q_queuing_perf_sanity.dir/CXX.dd
[886/2179] Generating CXX dyndep file tests/unit/CMakeFiles/test_h81_allocator_statistics_forwarder_recursion.dir/CXX.dd
[887/2179] Generating CXX dyndep file tests/unit/CMakeFiles/test_h64_allocator_adapter_failure_contract.dir/CXX.dd
[888/2179] Generating CXX dyndep file tests/unit/CMakeFiles/test_a1_wurf_vertrag_allokator_store.dir/CXX.dd
[889/2179] Generating CXX dyndep file tests/unit/CMakeFiles/test_cow_memento.dir/CXX.dd
[890/2179] Generating CXX dyndep file tests/unit/CMakeFiles/test_cuckoo_eviction_correctness.dir/CXX.dd
[891/2179] Generating CXX dyndep file tests/unit/CMakeFiles/test_hash_lookup_backward_shift.dir/CXX.dd
[892/2179] Generating CXX dyndep file tests/unit/CMakeFiles/test_scalloc_realloc_alignment.dir/CXX.dd
[893/2179] Generating CXX dyndep file tests/unit/CMakeFiles/test_br1_full22_count.dir/CXX.dd
[894/2179] Generating CXX dyndep file tests/unit/CMakeFiles/test_br1_subset.dir/CXX.dd
[895/2179] Generating CXX dyndep file tests/unit/CMakeFiles/test_br2_descriptor_foundation.dir/CXX.dd
[896/2177] Generating CXX dyndep file tests/unit/CMakeFiles/test_br2_roundtrip.dir/CXX.dd
[897/2177] Generating CXX dyndep file tests/unit/CMakeFiles/test_br3_obs22.dir/CXX.dd
[898/2177] Generating CXX dyndep file tests/unit/CMakeFiles/test_br_kf15_real.dir/CXX.dd
[899/2177] Generating CXX dyndep file tests/unit/CMakeFiles/test_clu_per_layout.dir/CXX.dd
[900/2177] Generating CXX dyndep file tests/unit/CMakeFiles/test_cow_capable_wrappers.dir/CXX.dd
[901/2177] Generating CXX dyndep file tests/unit/CMakeFiles/test_d4b_container_adapter.dir/CXX.dd
[902/2175] Generating CXX dyndep file tests/unit/CMakeFiles/test_genus_organ_binding.dir/CXX.dd
[903/2173] Generating CXX dyndep file tests/unit/CMakeFiles/test_genus_binding.dir/CXX.dd
[904/2171] Generating CXX dyndep file tests/unit/CMakeFiles/test_kf5_cacheline_weave.dir/CXX.dd
[905/2171] Generating CXX dyndep file tests/unit/CMakeFiles/test_kf4_resource_control.dir/CXX.dd
[906/2169] Building CXX object tests/unit/CMakeFiles/comdare_r5g_autobuilt_perm_33.dir/__/__/generated/r5g_autobuilt_modules/comdare_anatomy_perm_auto_39.cpp.o
[907/2169] Generating CXX dyndep file tests/unit/CMakeFiles/test_kf6_node_run_body.dir/CXX.dd
[908/2169] Generating CXX dyndep file tests/unit/CMakeFiles/test_kf7_runtime_loop.dir/CXX.dd
[909/2167] Generating CXX dyndep file tests/unit/CMakeFiles/test_kf8_ceb_generator.dir/CXX.dd
[910/2165] Generating CXX dyndep file tests/unit/CMakeFiles/test_kf9_experiment_tree.dir/CXX.dd
[911/2163] Generating CXX dyndep file tests/unit/CMakeFiles/test_kf11_telemetry_silent.dir/CXX.dd
[912/2161] Generating CXX dyndep file tests/unit/CMakeFiles/test_kf10_repetition_plan.dir/CXX.dd
[913/2159] Generating CXX dyndep file tests/unit/CMakeFiles/test_kf12_kf13_slurm_prepare.dir/CXX.dd
[914/2157] Generating CXX dyndep file tests/unit/CMakeFiles/test_kf15_inverse_signature.dir/CXX.dd
[915/2155] Generating CXX dyndep file tests/unit/CMakeFiles/test_kf16_build_orchestrator.dir/CXX.dd
[916/2155] Generating CXX dyndep file tests/unit/CMakeFiles/test_kf16b_build_resilience.dir/CXX.dd
[917/2155] Generating CXX dyndep file tests/unit/CMakeFiles/test_w6_parallel_provision.dir/CXX.dd
[918/2155] Generating CXX dyndep file tests/unit/CMakeFiles/test_w11_async_push_pump.dir/CXX.dd
[919/2155] Building CXX object tests/unit/CMakeFiles/comdare_r5g_autobuilt_perm_36.dir/__/__/generated/r5g_autobuilt_modules/comdare_anatomy_perm_auto_41.cpp.o
[920/2155] Generating CXX dyndep file tests/unit/CMakeFiles/test_s5_artifact_cache_bounded.dir/CXX.dd
[921/2155] Generating CXX dyndep file tests/unit/CMakeFiles/test_e24_c10_g6_identitaets_bilanz.dir/CXX.dd
[922/2155] Generating CXX dyndep file tests/unit/CMakeFiles/test_s1_cache_key_prefix.dir/CXX.dd
[923/2155] Generating CXX dyndep file tests/unit/CMakeFiles/test_s2_pull_tier_binary.dir/CXX.dd
[924/2155] Generating CXX dyndep file tests/unit/CMakeFiles/test_45_parallel_measure_loop.dir/CXX.dd
[925/2153] Generating CXX dyndep file tests/unit/CMakeFiles/test_cache_mc_timeout.dir/CXX.dd
[926/2153] Generating CXX dyndep file tests/unit/CMakeFiles/test_r2_suffix_wachen.dir/CXX.dd
[927/2153] Generating CXX dyndep file tests/unit/CMakeFiles/test_w10_c4_zellwert_naht.dir/CXX.dd
[928/2153] Generating CXX dyndep file tests/unit/CMakeFiles/test_e24_c9_fk5_fehlerraum.dir/CXX.dd
[929/2153] Generating CXX dyndep file tests/unit/CMakeFiles/test_a15_fk3_axis_error_traits.dir/CXX.dd
[930/2153] Generating CXX dyndep file tests/unit/CMakeFiles/test_a15_fk4_organ_slot_traits.dir/CXX.dd
[931/2153] Generating CXX dyndep file tests/unit/CMakeFiles/test_fk6_algo_error_classes.dir/CXX.dd
[932/2153] Generating CXX dyndep file tests/unit/CMakeFiles/test_resthygiene2_organ_fingerprint.dir/CXX.dd
[933/2151] Generating CXX dyndep file tests/unit/CMakeFiles/test_m8_storetrav_segment.dir/CXX.dd
[934/2151] Generating CXX dyndep file tests/unit/CMakeFiles/test_all19_segment_timer.dir/CXX.dd
[935/2151] Generating CXX dyndep file tests/unit/CMakeFiles/test_br3_observer.dir/CXX.dd
[936/2151] Generating CXX dyndep file tests/unit/CMakeFiles/test_pathb_segment_timer.dir/CXX.dd
[937/2151] Generating CXX dyndep file tests/unit/CMakeFiles/test_obs_phaseB_t11_t12_iso.dir/CXX.dd
[938/2151] Generating CXX dyndep file tests/unit/CMakeFiles/test_obs_phaseB_t14_t16.dir/CXX.dd
[939/2151] Building CXX object tests/unit/CMakeFiles/comdare_r5g_autobuilt_perm_35.dir/__/__/generated/r5g_autobuilt_modules/comdare_anatomy_perm_auto_40.cpp.o
[940/2151] Generating CXX dyndep file tests/unit/CMakeFiles/test_segment_timer_differentiation.dir/CXX.dd
[941/2151] Generating CXX dyndep file tests/unit/CMakeFiles/test_obs_phaseA.dir/CXX.dd
[942/2151] Generating CXX dyndep file tests/unit/CMakeFiles/test_obs_phaseB_pilot.dir/CXX.dd
[943/2151] Generating CXX dyndep file tests/unit/CMakeFiles/test_obs_phaseB_t11_t12.dir/CXX.dd
[944/2151] Generating CXX dyndep file tests/unit/CMakeFiles/test_a8s4_konstitutiv_kette.dir/CXX.dd
[945/2151] Generating CXX dyndep file tests/unit/CMakeFiles/test_a8s4_release_pfad_neutralitaet.dir/CXX.dd
[946/2151] Generating CXX dyndep file tests/unit/CMakeFiles/test_d_v42_abi_telemetry_coupling.dir/CXX.dd
[947/2151] Generating CXX dyndep file tests/unit/CMakeFiles/test_kf1_thesis_profile_parser.dir/CXX.dd
[948/2149] Generating CXX dyndep file tests/unit/CMakeFiles/test_q1_lockfree_concurrency.dir/CXX.dd
[949/2149] Generating CXX dyndep file tests/unit/CMakeFiles/test_v5_io_real_fixture.dir/CXX.dd
[950/2147] Generating CXX dyndep file tests/unit/CMakeFiles/test_winsorized_mean.dir/CXX.dd
[951/2145] Generating CXX dyndep file tests/unit/CMakeFiles/test_conformance_gate.dir/CXX.dd
[952/2145] Generating CXX dyndep file tests/unit/CMakeFiles/test_188_4bbV_pool_adapter_flip_compile.dir/CXX.dd
[953/2145] Generating CXX dyndep file tests/unit/CMakeFiles/test_188_4bb0_pool_organ_wide_key_conformance.dir/CXX.dd
[954/2145] Generating CXX dyndep file tests/unit/CMakeFiles/test_phase_b_effective_search_algo_contrast.dir/CXX.dd
[955/2145] Generating CXX dyndep file tests/unit/CMakeFiles/test_s7_1_bst_pool_allocator_deg.dir/CXX.dd
[956/2145] Generating CXX dyndep file tests/unit/CMakeFiles/test_ap15_2_get_allocator_proxy.dir/CXX.dd
[957/2145] Generating CXX dyndep file tests/unit/CMakeFiles/test_ap15_3_driveable_map_contract.dir/CXX.dd
[958/2145] Generating CXX dyndep file tests/unit/CMakeFiles/test_s7_2_btree_pool_allocator_deg.dir/CXX.dd
[959/2145] Generating CXX dyndep file tests/unit/CMakeFiles/test_234_va_shaped_adapter.dir/CXX.dd
[960/2145] Generating CXX dyndep file tests/unit/CMakeFiles/test_29_container_framework.dir/CXX.dd
[961/2145] Generating CXX dyndep file tests/unit/CMakeFiles/test_striktheit_axis_dach_guard.dir/CXX.dd
[962/2145] Generating CXX dyndep file tests/unit/CMakeFiles/test_meta_meta_halbordnung.dir/CXX.dd
[963/2145] Generating CXX dyndep file tests/unit/CMakeFiles/test_a14_os_sub_axes_guard.dir/CXX.dd
[964/2145] Generating CXX dyndep file tests/unit/CMakeFiles/test_axis_error_taxonomy.dir/CXX.dd
[965/2145] Generating CXX dyndep file tests/unit/CMakeFiles/test_rf3_betriebssystem_feature_fehlt.dir/CXX.dd
[966/2144] Generating CXX dyndep file tests/unit/CMakeFiles/test_striktheit_metaprog_guard.dir/CXX.dd
[967/2144] Generating CXX dyndep file tests/unit/CMakeFiles/test_striktheit_axes_guard.dir/CXX.dd
[968/2144] Generating CXX dyndep file tests/unit/CMakeFiles/test_striktheit_scan_kernel_purity.dir/CXX.dd
[969/2144] Generating CXX dyndep file tests/unit/CMakeFiles/test_striktheit_abi_pod_guard.dir/CXX.dd
[970/2144] Generating CXX dyndep file tests/unit/CMakeFiles/test_234_vb_rest_families_shaped.dir/CXX.dd
[971/2144] Generating CXX dyndep file tests/unit/CMakeFiles/test_s7_5_art_pool_allocator_deg.dir/CXX.dd
[972/2144] Generating CXX dyndep file tests/unit/CMakeFiles/test_s7_6_hot_pool_allocator_deg.dir/CXX.dd
[973/2144] Generating CXX dyndep file tests/unit/CMakeFiles/test_cmd1_a_axis_command_base.dir/CXX.dd
[974/2144] Generating CXX dyndep file tests/unit/CMakeFiles/test_s7_3_skip_list_pool_allocator_deg.dir/CXX.dd
[975/2144] Generating CXX dyndep file tests/unit/CMakeFiles/test_s7_4_hash_pool_allocator_deg.dir/CXX.dd
[976/2144] Generating CXX dyndep file tests/unit/CMakeFiles/test_s7_7_start_pool_allocator_deg.dir/CXX.dd
[977/2144] Generating CXX dyndep file tests/unit/CMakeFiles/test_s7_8_wormhole_pool_allocator_deg.dir/CXX.dd
[978/2144] Generating CXX dyndep file tests/unit/CMakeFiles/test_s7_9_surf_pool_allocator_deg.dir/CXX.dd
[979/2144] Generating CXX dyndep file tests/unit/CMakeFiles/test_234_f1_btree_order_shape.dir/CXX.dd
[980/2144] Generating CXX dyndep file tests/unit/CMakeFiles/test_s7_10_swiss_pool_allocator_deg.dir/CXX.dd
[981/2144] Generating CXX dyndep file tests/unit/CMakeFiles/test_234_f4_hash_probe_shape.dir/CXX.dd
[982/2144] Generating CXX dyndep file tests/unit/CMakeFiles/test_234_f2_skip_list_shape.dir/CXX.dd
[983/2144] Generating CXX dyndep file tests/unit/CMakeFiles/test_234_f3_bst_shape.dir/CXX.dd
[984/2144] Generating CXX dyndep file tests/unit/CMakeFiles/test_188_4a_eytzinger_organ.dir/CXX.dd
[985/2144] Generating CXX dyndep file tests/unit/CMakeFiles/test_188_4c0_known_compositions_conformance.dir/CXX.dd
[986/2144] Generating CXX dyndep file tests/unit/CMakeFiles/test_216h2_stat_reset_after_load.dir/CXX.dd
[987/2144] Generating CXX dyndep file tests/unit/CMakeFiles/test_abi_adapter_g3_batch2.dir/CXX.dd
[988/2144] Generating CXX dyndep file tests/unit/CMakeFiles/test_e1_contract_rc_konsum.dir/CXX.dd
[989/2144] Generating CXX dyndep file tests/unit/CMakeFiles/test_188_4cii_flat_wrapper_traversal.dir/CXX.dd
[990/2144] Generating CXX dyndep file tests/unit/CMakeFiles/test_221_rc_prefetch_distance.dir/CXX.dd
[991/2144] Generating CXX dyndep file tests/unit/CMakeFiles/test_harness_compile.dir/CXX.dd
[992/2144] Generating CXX dyndep file tests/unit/CMakeFiles/test_217_2a_capacity_guard.dir/CXX.dd
[993/2144] Generating CXX dyndep file tests/unit/CMakeFiles/m3v2_pmc_smoke.dir/CXX.dd
[994/2144] Generating CXX dyndep file tests/unit/CMakeFiles/test_a5_eta_slice_verdrahtung.dir/CXX.dd
[995/2144] Generating CXX dyndep file tests/unit/CMakeFiles/test_tp1_planer_filter_iterator.dir/CXX.dd
[996/2144] Generating CXX dyndep file tests/unit/CMakeFiles/test_d37b_modus_riegel.dir/CXX.dd
[997/2144] Generating CXX dyndep file tests/unit/CMakeFiles/test_t2a_f4_facade_plan_durchreichung.dir/CXX.dd
[998/2144] Generating CXX dyndep file tests/unit/CMakeFiles/test_lagp2_messwert_genus.dir/CXX.dd
[999/2144] Generating CXX dyndep file tests/unit/CMakeFiles/test_f3_lager_key_provider_iterator.dir/CXX.dd
[1000/2144] Generating CXX dyndep file tests/unit/CMakeFiles/test_b3_schema_freeze_stufe1.dir/CXX.dd
[1001/2144] Generating CXX dyndep file tests/unit/CMakeFiles/test_vor_push_gate.dir/CXX.dd
[1002/2144] Generating CXX dyndep file tests/unit/CMakeFiles/test_mt_l3_wide_schema_orakel.dir/CXX.dd
[1003/2143] Generating CXX dyndep file tests/unit/CMakeFiles/test_lazy_resume_binary.dir/CXX.dd
[1004/2143] Generating CXX dyndep file tests/unit/CMakeFiles/test_w5_status_reader.dir/CXX.dd
[1005/2143] Generating CXX dyndep file tests/unit/CMakeFiles/test_experiment_dock_payload.dir/CXX.dd
[1006/2143] Generating CXX dyndep file tests/unit/CMakeFiles/test_axis_kind_kategorien_zuordnung.dir/CXX.dd
[1007/2143] Generating CXX dyndep file tests/unit/CMakeFiles/test_axis_kind_wire_totalitaet.dir/CXX.dd
[1008/2143] Generating CXX dyndep file tests/unit/CMakeFiles/test_progress_delta.dir/CXX.dd
[1009/2141] Generating CXX dyndep file tests/unit/CMakeFiles/test_gn_cell_filter.dir/CXX.dd
[1010/2139] Generating CXX dyndep file tests/unit/CMakeFiles/test_profile_coverage.dir/CXX.dd
[1011/2139] Generating CXX dyndep file tests/unit/CMakeFiles/test_ap2_katalog_pfad_stubfrei.dir/CXX.dd
[1012/2139] Generating CXX dyndep file tests/unit/CMakeFiles/test_axis_sweep_coverage.dir/CXX.dd
[1013/2139] Generating CXX dyndep file tests/unit/CMakeFiles/test_org18_persistence_target.dir/CXX.dd
[1014/2139] Generating CXX dyndep file tests/unit/CMakeFiles/test_smoke_coverage_profile.dir/CXX.dd
[1015/2139] Generating CXX dyndep file tests/unit/CMakeFiles/test_wdk_datasets_fairness.dir/CXX.dd
[1016/2139] Generating CXX dyndep file tests/unit/CMakeFiles/test_experiment_parser.dir/CXX.dd
[1017/2139] Generating CXX dyndep file tests/unit/CMakeFiles/test_experiment_kern_seam.dir/CXX.dd
[1018/2139] Generating CXX dyndep file tests/unit/CMakeFiles/test_measurement_categories.dir/CXX.dd
[1019/2139] Generating CXX dyndep file tests/unit/CMakeFiles/test_merge_plan_directive.dir/CXX.dd
[1020/2139] Generating CXX dyndep file tests/unit/CMakeFiles/test_experiment_projection.dir/CXX.dd
[1021/2139] Generating CXX dyndep file tests/unit/CMakeFiles/test_sota_st2_dedup.dir/CXX.dd
[1022/2139] Generating CXX dyndep file tests/unit/CMakeFiles/test_experiment_plan_director.dir/CXX.dd
[1023/2139] Generating CXX dyndep file tests/unit/CMakeFiles/test_h2_score_akte.dir/CXX.dd
[1024/2139] Generating CXX dyndep file tests/unit/CMakeFiles/test_validate_profile.dir/CXX.dd
[1025/2139] Generating CXX dyndep file tests/unit/CMakeFiles/linux_perf_pmc_smoke.dir/CXX.dd
[1026/2137] Building CXX object tests/unit/CMakeFiles/perm_buildvariant_avx2.dir/genus_buildvariant_avx2.cpp.o
[1027/2137] Building CXX object tests/unit/CMakeFiles/perm_buildvariant_avx512.dir/genus_buildvariant_avx512.cpp.o
[1028/2137] Building CXX object tests/unit/CMakeFiles/perm_view_d11.dir/genus_module_view.cpp.o
[1029/2137] Building CXX object tests/unit/CMakeFiles/comdare_r5g_autobuilt_perm_38.dir/__/__/generated/r5g_autobuilt_modules/comdare_anatomy_perm_auto_43.cpp.o
[1030/2137] Building CXX object tests/unit/CMakeFiles/perm_sequence_d10.dir/genus_module_sequence.cpp.o
[1031/2137] Building CXX object tests/unit/CMakeFiles/perm_set_d9.dir/genus_module_set.cpp.o
[1032/2137] Building CXX object tests/unit/CMakeFiles/comdare_r5g_autobuilt_perm_39.dir/__/__/generated/r5g_autobuilt_modules/comdare_anatomy_perm_auto_44.cpp.o
[1033/2137] Building CXX object tests/unit/CMakeFiles/perm_adapter_d12.dir/genus_module_adapter.cpp.o
[1034/2137] Building CXX object tests/unit/CMakeFiles/perm_set_defekt_d13.dir/genus_module_set_defekt.cpp.o
[1035/2137] Building CXX object tests/unit/CMakeFiles/perm_alt_major7.dir/genus_module_alt_major7.cpp.o
[1036/2137] Building CXX object tests/unit/CMakeFiles/perm_major7_neue_magic.dir/genus_module_major7_neue_magic.cpp.o
[1037/2137] Generating CXX dyndep file tests/unit/CMakeFiles/test_dgenus_dll.dir/CXX.dd
[1038/2137] Generating CXX dyndep file tests/unit/CMakeFiles/test_e24_c10_genus_dll_roundtrip.dir/CXX.dd
[1039/2137] Generating CXX dyndep file tests/unit/CMakeFiles/test_e24_c10_g5_lade_wache.dir/CXX.dd
[1040/2137] Generating CXX dyndep file tests/unit/CMakeFiles/test_buildvariant_dll.dir/CXX.dd
[1041/2135] Generating CXX dyndep file tests/unit/CMakeFiles/test_d4b_container_dll.dir/CXX.dd
[1042/2135] Building CXX object tests/unit/CMakeFiles/perm_q2_luegner.dir/genus_module_q2_luegner.cpp.o
[1043/2135] Building CXX object tests/unit/CMakeFiles/hybrid_reroute_searchalgorithm.dir/hybrid_tier_module.cpp.o
[1044/2135] Generating CXX dyndep file tests/unit/CMakeFiles/test_ap5_simd_extension_coherence.dir/CXX.dd
[1045/2133] Building CXX object tests/unit/CMakeFiles/hybrid_reroute_set.dir/hybrid_tier_module_set.cpp.o
[1046/2133] Generating CXX dyndep file tests/unit/CMakeFiles/test_adhoc_buildvariant_dll.dir/CXX.dd
[1047/2133] Generating CXX dyndep file tests/unit/CMakeFiles/test_d13_dll_runtime_measure.dir/CXX.dd
[1048/2133] Generating CXX dyndep file tests/unit/CMakeFiles/test_w3_mess_interface_testate_dock.dir/CXX.dd
[1049/2133] Generating CXX dyndep file tests/unit/CMakeFiles/test_w3_mess_interface_testate_biss.dir/CXX.dd
[1050/2131] Generating CXX dyndep file tests/unit/CMakeFiles/test_cacheline_policy_selector.dir/CXX.dd
[1051/2129] Generating CXX dyndep file tests/unit/CMakeFiles/test_load_profile_writer.dir/CXX.dd
[1052/2127] Building CXX object tests/unit/CMakeFiles/perm_q2_ohne_gattung.dir/genus_module_q2_ohne_gattung.cpp.o
[1053/2127] Generating CXX dyndep file tests/unit/CMakeFiles/test_ff2_node_width_subaxis.dir/CXX.dd
[1054/2127] Generating CXX dyndep file tests/unit/CMakeFiles/test_kf3_cacheline_subaxis.dir/CXX.dd
[1055/2125] Generating CXX dyndep file tests/unit/CMakeFiles/test_best_binary_selector_parse_rank.dir/CXX.dd
[1056/2124] Generating CXX dyndep file tests/unit/CMakeFiles/test_fb_alloc_hw_subaxis.dir/CXX.dd
[1057/2124] Generating CXX dyndep file tests/unit/CMakeFiles/test_hybrid_spline_selector_scaffold.dir/CXX.dd
[1058/2123] Generating CXX dyndep file tests/unit/CMakeFiles/test_e4_contract_xml_to_axislevels.dir/CXX.dd
[1059/2121] Generating CXX dyndep file tests/unit/CMakeFiles/test_t1_system_achsen_eine_entscheidung.dir/CXX.dd
[1060/2119] Generating CXX dyndep file tests/unit/CMakeFiles/test_a9b_active_deklaration_inert.dir/CXX.dd
[1061/2119] Generating CXX dyndep file tests/unit/CMakeFiles/test_e3_contract_binary_id_bijektion.dir/CXX.dd
[1062/2117] Generating CXX dyndep file tests/unit/CMakeFiles/test_e3_contract_conformance_gate_wirksam.dir/CXX.dd
[1063/2115] Building CXX object tests/unit/CMakeFiles/comdare_r5g_autobuilt_perm_40.dir/__/__/generated/r5g_autobuilt_modules/comdare_anatomy_perm_auto_45.cpp.o
[1064/2115] Generating CXX dyndep file tests/unit/CMakeFiles/test_e2_contract_abi_vertrag.dir/CXX.dd
[1065/2115] Generating CXX dyndep file tests/unit/CMakeFiles/test_m_contract_system_axis_wurzel.dir/CXX.dd
[1066/2115] Generating CXX dyndep file tests/unit/CMakeFiles/test_m_simd_feature_flag_catalog.dir/CXX.dd
[1067/2115] Generating CXX dyndep file tests/unit/CMakeFiles/test_p1_spd_ddr5_parser.dir/CXX.dd
[1068/2115] Generating CXX dyndep file tests/unit/CMakeFiles/test_p2_ram_probe_chain.dir/CXX.dd
[1069/2115] Generating CXX dyndep file tests/unit/CMakeFiles/test_p2_ram_identity_verdict.dir/CXX.dd
[1070/2115] Generating CXX dyndep file tests/unit/CMakeFiles/test_os_u3_probe.dir/CXX.dd
[1071/2115] Generating CXX dyndep file tests/unit/CMakeFiles/test_od10_numa_page_probe.dir/CXX.dd
[1072/2115] Generating CXX dyndep file tests/unit/CMakeFiles/test_od11_numa_cpu_pin_process_probe.dir/CXX.dd
[1073/2115] Generating CXX dyndep file tests/unit/CMakeFiles/test_p3_boot_cache_dmi.dir/CXX.dd
[1074/2115] Generating CXX dyndep file tests/unit/CMakeFiles/test_o4_machine_identity.dir/CXX.dd
[1075/2115] Generating CXX dyndep file tests/unit/CMakeFiles/test_c3a_gate_scharfschaltung.dir/CXX.dd
[1076/2115] Generating CXX dyndep file tests/unit/CMakeFiles/test_c3b_kanal_merge_beleg.dir/CXX.dd
[1077/2115] Generating CXX dyndep file tests/unit/CMakeFiles/test_m_w12_stamp_bausteine.dir/CXX.dd
[1078/2115] Generating CXX dyndep file tests/unit/CMakeFiles/test_d4_ceb_schluessel_wahl.dir/CXX.dd
[1079/2115] Generating CXX dyndep file tests/unit/CMakeFiles/test_d2_mess_konsistenz_gate.dir/CXX.dd
[1080/2115] Building CXX object tests/unit/CMakeFiles/perm_q2_ohne_genus.dir/genus_module_q2_ohne_genus.cpp.o
[1081/2115] Generating CXX dyndep file tests/unit/CMakeFiles/test_w10_system_cell_values.dir/CXX.dd
[1082/2115] Generating CXX dyndep file tests/unit/CMakeFiles/test_g1_binary_version_stamp.dir/CXX.dd
[1083/2115] Generating CXX dyndep file tests/unit/CMakeFiles/test_progress_heartbeat.dir/CXX.dd
[1084/2115] Generating CXX dyndep file tests/unit/CMakeFiles/test_limits_entkopplung_vorstufe.dir/CXX.dd
[1085/2115] Generating CXX dyndep file tests/unit/CMakeFiles/test_lazy_adhoc_source_gen.dir/CXX.dd
[1086/2115] Generating CXX dyndep file tests/unit/CMakeFiles/test_lagz1_lager_schluessel_simd.dir/CXX.dd
[1087/2115] Generating CXX dyndep file tests/unit/CMakeFiles/test_w2_combo_ct_stamp.dir/CXX.dd
[1088/2115] Generating CXX dyndep file tests/unit/CMakeFiles/test_m1_mess_achsen_wirkung.dir/CXX.dd
[1089/2113] Generating CXX dyndep file tests/unit/CMakeFiles/test_r3_mess_gate_fingerprint_biss.dir/CXX.dd
[1090/2113] Generating CXX dyndep file tests/unit/CMakeFiles/test_r3_mess_gates_spiegel.dir/CXX.dd
[1091/2113] Generating CXX dyndep file tests/unit/CMakeFiles/test_b2_gate_zustand_g2an_g3aus.dir/CXX.dd
[1092/2113] Generating CXX dyndep file tests/unit/CMakeFiles/test_b2_mess_gate_trennung.dir/CXX.dd
[1093/2111] Generating CXX dyndep file tests/unit/CMakeFiles/test_b5_pmc_ehrlichkeit_alle_sieben.dir/CXX.dd
[1094/2111] Generating CXX dyndep file tests/unit/CMakeFiles/test_m1h_stufen_und_pmc_wache.dir/CXX.dd
[1095/2109] Generating CXX dyndep file tests/unit/CMakeFiles/test_parser_konsolidierung.dir/CXX.dd
[1096/2107] Generating CXX dyndep file tests/unit/CMakeFiles/test_phase6_vorbau.dir/CXX.dd
[1097/2107] Generating CXX dyndep file tests/unit/CMakeFiles/test_simd_field_sum_dispatch.dir/CXX.dd
[1098/2107] Generating CXX dyndep file tests/unit/CMakeFiles/test_simd_field_sum_dispatch_avx2.dir/CXX.dd
[1099/2107] Generating CXX dyndep file tests/unit/CMakeFiles/test_simd_field_sum_dispatch_avx512.dir/CXX.dd
[1100/2107] Generating CXX dyndep file tests/unit/CMakeFiles/test_simd_add_u64_carry.dir/CXX.dd
[1101/2107] Generating CXX dyndep file tests/unit/CMakeFiles/test_simd_add_u64_carry_avx2.dir/CXX.dd
[1102/2107] Generating CXX dyndep file tests/unit/CMakeFiles/test_simd_add_u64_carry_avx512.dir/CXX.dd
[1103/2107] Generating CXX dyndep file tests/unit/CMakeFiles/test_reflect_versions_all17.dir/CXX.dd
[1104/2107] Generating CXX dyndep file tests/unit/CMakeFiles/test_a1_algo_version_pin_alloc_axis.dir/CXX.dd
[1105/2107] Generating CXX dyndep file tests/unit/CMakeFiles/test_reflect_versions_all_registered.dir/CXX.dd
[1106/2107] Generating CXX dyndep file tests/unit/CMakeFiles/test_planner_version_flag_grammatik.dir/CXX.dd
[1107/2107] Generating CXX dyndep file tests/unit/CMakeFiles/test_g3_bestandslog_document.dir/CXX.dd
[1108/2107] Generating CXX dyndep file tests/unit/CMakeFiles/test_g3_bestandslog_lock.dir/CXX.dd
[1109/2107] Generating CXX dyndep file tests/unit/CMakeFiles/test_g3_eta_estimator.dir/CXX.dd
[1110/2107] Generating CXX dyndep file tests/unit/CMakeFiles/test_g3_reservation_lifecycle.dir/CXX.dd
[1111/2107] Building CXX object tests/unit/CMakeFiles/perm_alt_magic_ohne_symbole.dir/genus_module_alt_magic_ohne_symbole.cpp.o
[1112/2107] Generating CXX dyndep file tests/unit/CMakeFiles/test_a5_eta_kalibrierung.dir/CXX.dd
[1113/2107] Generating CXX dyndep file tests/unit/CMakeFiles/test_g3_batch_planner.dir/CXX.dd
[1114/2107] Generating CXX dyndep file tests/unit/CMakeFiles/test_g3_ram_spool_writer.dir/CXX.dd
[1115/2107] Generating CXX dyndep file tests/unit/CMakeFiles/test_g3_writer_backend_io_uring.dir/CXX.dd
[1116/2107] Generating CXX dyndep file tests/unit/CMakeFiles/test_g2_variant_sidecar.dir/CXX.dd
[1117/2107] Generating CXX dyndep file tests/unit/CMakeFiles/test_a2_sha512_skip_gate.dir/CXX.dd
[1118/2107] Generating CXX dyndep file tests/unit/CMakeFiles/test_bvset_teilmenge.dir/CXX.dd
[1119/2107] Generating CXX dyndep file tests/unit/CMakeFiles/test_g3_sha512_index.dir/CXX.dd
[1120/2107] Generating CXX dyndep file tests/unit/CMakeFiles/test_g3_builder_registration.dir/CXX.dd
[1121/2107] Generating CXX dyndep file tests/unit/CMakeFiles/test_g3_takeover_sweep.dir/CXX.dd
[1122/2107] Generating CXX dyndep file tests/unit/CMakeFiles/test_lb0_lager_pfad_grammatik.dir/CXX.dd
[1123/2107] Building CXX object tests/unit/CMakeFiles/comdare_r5g_autobuilt_perm_41.dir/__/__/generated/r5g_autobuilt_modules/comdare_anatomy_perm_auto_46.cpp.o
[1124/2107] Generating CXX dyndep file tests/unit/CMakeFiles/test_ge3_messwert_genus_und_ziel.dir/CXX.dd
[1125/2107] Generating CXX dyndep file tests/unit/CMakeFiles/test_lb1_knoten_heuristik_log.dir/CXX.dd
[1126/2107] Generating CXX dyndep file tests/unit/CMakeFiles/test_ge1_claim_check_und_sidecar.dir/CXX.dd
[1127/2107] Generating CXX dyndep file tests/unit/CMakeFiles/test_g3_planer_driven.dir/CXX.dd
[1128/2107] Generating CXX dyndep file tests/unit/CMakeFiles/test_g3_prune.dir/CXX.dd
[1129/2107] Generating CXX dyndep file tests/unit/CMakeFiles/test_g3_artifact_cache_transport.dir/CXX.dd
[1130/2107] Generating CXX dyndep file tests/unit/CMakeFiles/test_g3_lager_presence.dir/CXX.dd
[1131/2107] Generating CXX dyndep file tests/unit/CMakeFiles/test_fk1_nicht_gebaut_marker.dir/CXX.dd
[1132/2107] Generating CXX dyndep file tests/unit/CMakeFiles/test_a8s3_csv_klasse_c.dir/CXX.dd
[1133/2107] Generating CXX dyndep file tests/unit/CMakeFiles/test_rf2_admission_marker_inert.dir/CXX.dd
[1134/2107] Generating CXX dyndep file tests/unit/CMakeFiles/test_m1hb_observer_zellen_ehrlich.dir/CXX.dd
[1135/2107] Generating CXX dyndep file tests/unit/CMakeFiles/test_e04_slice_marker.dir/CXX.dd
[1136/2105] Generating CXX dyndep file tests/unit/CMakeFiles/test_p_cacheline_store_line_source.dir/CXX.dd
[1137/2105] Generating CXX dyndep file tests/unit/CMakeFiles/test_b14_layout_scan_line_subaxis.dir/CXX.dd
[1138/2105] Generating CXX dyndep file tests/unit/CMakeFiles/test_b14_abi_adapter_line_subaxis_paths.dir/CXX.dd
[1139/2105] Generating CXX dyndep file tests/unit/CMakeFiles/test_a9_xlsx_vendor_rauchtest.dir/CXX.dd
[1140/2105] Generating CXX dyndep file tests/unit/CMakeFiles/test_a9s3_writeback_method_xlsx.dir/CXX.dd
[1141/2105] Generating CXX dyndep file tests/unit/CMakeFiles/test_a9s3_ergebnis_mappe_csv.dir/CXX.dd
[1142/2105] Generating CXX dyndep file tests/unit/CMakeFiles/test_a9s3_xlsx_ergebnis_writer.dir/CXX.dd
[1143/2105] Generating CXX dyndep file tests/unit/CMakeFiles/test_a9s3_mess_ebene_blattsorte.dir/CXX.dd
[1144/2105] Generating CXX dyndep file tests/unit/CMakeFiles/test_d2_abdeckungs_wache_nenner.dir/CXX.dd
[1145/2105] Generating CXX dyndep file tests/unit/CMakeFiles/test_a9s4_realm_scan_stale.dir/CXX.dd
[1146/2105] Generating CXX dyndep file tests/unit/CMakeFiles/test_mt_l4_registrierungs_wache_isa.dir/CXX.dd
[1147/2105] Generating CXX dyndep file tests/unit/CMakeFiles/test_hyg_kumulativer_bereich.dir/CXX.dd
[1148/2105] Generating CXX dyndep file tests/unit/CMakeFiles/test_d3_6_realm_selektor_produktionsablage.dir/CXX.dd
[1149/2105] Generating CXX dyndep file tests/unit/CMakeFiles/test_a9s4_dynamic_axis_filter.dir/CXX.dd
[1150/2105] Generating CXX dyndep file tests/unit/CMakeFiles/test_a9s4_mess_report_render.dir/CXX.dd
[1151/2105] Generating CXX dyndep file tests/unit/CMakeFiles/test_a9s4_skip_manifest.dir/CXX.dd
[1152/2105] Generating CXX dyndep file tests/unit/CMakeFiles/test_a9s5_ergebnis_mappe_naht.dir/CXX.dd
[1153/2105] Generating CXX dyndep file tests/unit/CMakeFiles/test_ms2_pre_touch_seitenfehler.dir/CXX.dd
[1154/2103] Generating CXX dyndep file tests/unit/CMakeFiles/ck1_naht_voll.dir/CXX.dd
[1155/2102] Generating CXX dyndep file tests/unit/CMakeFiles/test_ms1_arenen_kein_alloc_im_fenster.dir/CXX.dd
[1156/2100] Generating CXX dyndep file tests/unit/CMakeFiles/ck1_naht_leer.dir/CXX.dd
[1157/2099] Generating CXX dyndep file tests/unit/CMakeFiles/test_check_size_mengenrechnung.dir/CXX.dd
[1158/2097] Generating CXX dyndep file tests/unit/CMakeFiles/test_ck1_messkette_koeder.dir/CXX.dd
[1159/2097] Generating CXX dyndep file tests/unit/CMakeFiles/test_d55_hdr_verdrahtung.dir/CXX.dd
[1160/2097] Generating CXX dyndep file tests/unit/CMakeFiles/test_naht1_mess_visitor_biss.dir/CXX.dd
[1161/2097] Generating CXX dyndep file tests/unit/CMakeFiles/test_flaeche3_deckung_ceb_aus_tier_an.dir/CXX.dd
[1162/2097] Generating CXX dyndep file tests/unit/CMakeFiles/test_warn2a_block_id_bidirektional.dir/CXX.dd
[1163/2097] Generating CXX dyndep file tests/unit/CMakeFiles/test_warn1_d2_fingerprint_koeder.dir/CXX.dd
[1164/2097] Generating CXX dyndep file tests/unit/CMakeFiles/test_d2g1_ctest_registrierung.dir/CXX.dd
[1165/2097] Generating CXX dyndep file tests/unit/CMakeFiles/test_t6_wachen_inventar.dir/CXX.dd
[1166/2097] Generating CXX dyndep file tests/unit/CMakeFiles/test_t6_biss_achsen_roundtrip_wache.dir/CXX.dd
[1167/2097] Generating CXX dyndep file tests/unit/CMakeFiles/test_t6_biss_sichtbarkeits_wache.dir/CXX.dd
[1168/2097] Generating CXX dyndep file tests/unit/CMakeFiles/test_lizenz_konsistenz.dir/CXX.dd
[1169/2097] Generating CXX dyndep file tests/unit/CMakeFiles/test_t6_biss_registrierungs_wache.dir/CXX.dd
[1170/2097] Generating CXX dyndep file tests/unit/CMakeFiles/test_pa1_tote_ausnahme.dir/CXX.dd
[1171/2097] Generating CXX dyndep file tests/unit/CMakeFiles/test_w0b_durchstich_kette.dir/CXX.dd
[1172/2097] Generating CXX dyndep file tests/unit/CMakeFiles/test_anker_marke_statt_ledgerzeile.dir/CXX.dd
[1173/2097] Generating CXX dyndep file tests/unit/CMakeFiles/test_vs_taxonomie_klassen_grep.dir/CXX.dd
[1174/2097] Generating CXX dyndep file tests/unit/CMakeFiles/test_s1_stempel_basis_vertrag.dir/CXX.dd
[1175/2097] Generating CXX dyndep file tests/unit/CMakeFiles/test_s3_ordnung_relation.dir/CXX.dd
[1176/2097] Generating CXX dyndep file tests/unit/CMakeFiles/test_s3_ordnung_freigabe.dir/CXX.dd
[1177/2097] Generating CXX dyndep file tests/unit/CMakeFiles/test_stempel_vollbestand_registry.dir/CXX.dd
[1178/2097] Generating CXX dyndep file tests/unit/CMakeFiles/test_stempel_zulassung_bruecke.dir/CXX.dd
[1179/2097] Generating CXX dyndep file tests/unit/CMakeFiles/test_k2_stufen_neutraler_loader.dir/CXX.dd
[1180/2097] Linking CXX static library lib/libgmock.a
[1181/2097] Linking CXX static library lib/libgtest_main.a
[1182/2097] Building CXX object tests/unit/CMakeFiles/perm_buildvariant_real_avx512.dir/genus_buildvariant_real_avx512.cpp.o
[1183/2097] Building CXX object tests/unit/CMakeFiles/perm_buildvariant_real_avx2.dir/genus_buildvariant_real_avx2.cpp.o
[1184/2097] Linking CXX static library libs/cache_engine/builder/anatomy_codegen_tool/libcomdare_anatomy_codegen_tool.a
[1185/2097] Building CXX object tests/unit/CMakeFiles/comdare_r5g_autobuilt_perm_43.dir/__/__/generated/r5g_autobuilt_modules/comdare_anatomy_perm_auto_5.cpp.o
[1186/2097] Building CXX object tests/unit/CMakeFiles/comdare_r5g_autobuilt_perm_42.dir/__/__/generated/r5g_autobuilt_modules/comdare_anatomy_perm_auto_47.cpp.o
[1187/2097] Building CXX object _deps/googletest-build/googlemock/CMakeFiles/gmock_main.dir/src/gmock_main.cc.o
[1188/2097] Building CXX object tests/unit/CMakeFiles/r3_biss_modul_gates_an.dir/r3_mess_gate_stamp_module.cpp.o
[1189/2097] Building CXX object tests/unit/CMakeFiles/r3_biss_modul_gates_aus.dir/r3_mess_gate_stamp_module.cpp.o
[1190/2097] Building CXX object tests/unit/CMakeFiles/comdare_r5g_autobuilt_perm_44.dir/__/__/generated/r5g_autobuilt_modules/comdare_anatomy_perm_auto_6.cpp.o
[1191/2097] Building CXX object apps/cache_engine_builder/CMakeFiles/cache_engine_builder.dir/main.cpp.o
[1192/2097] Building CXX object libs/cache_engine/builder/commands/tests/CMakeFiles/test_engine_adapters.dir/test_engine_adapters.cpp.o
[1193/2097] Building CXX object tests/unit/CMakeFiles/comdare_r5g_autobuilt_perm_45.dir/__/__/generated/r5g_autobuilt_modules/comdare_anatomy_perm_auto_7.cpp.o
[1194/2097] Building CXX object tests/unit/CMakeFiles/comdare_r5g_autobuilt_perm_46.dir/__/__/generated/r5g_autobuilt_modules/comdare_anatomy_perm_auto_8.cpp.o
[1195/2097] Building CXX object tests/unit/CMakeFiles/test_pressure_state.dir/test_pressure_state.cpp.o
[1196/2097] Building CXX object tests/unit/CMakeFiles/test_cache_recommendation.dir/test_cache_recommendation.cpp.o
[1197/2097] Building CXX object tests/unit/CMakeFiles/naht1_modul_mess_aus.dir/naht1_visitor_module.cpp.o
[1198/2097] Building CXX object apps/perm_runner/CMakeFiles/comdare_perm_runner.dir/main.cpp.o
[1199/2097] Building CXX object tests/unit/CMakeFiles/comdare_r5g_autobuilt_perm_47.dir/__/__/generated/r5g_autobuilt_modules/comdare_anatomy_perm_auto_9.cpp.o
[1200/2097] Building CXX object tests/unit/CMakeFiles/test_event_hierarchy.dir/test_event_hierarchy.cpp.o
[1201/2097] Building CXX object tests/unit/CMakeFiles/test_permutation_flags.dir/test_permutation_flags.cpp.o
[1202/2097] Building CXX object tests/unit/CMakeFiles/perm_adhoc_buildvariant.dir/genus_adhoc_buildvariant.cpp.o
[1203/2097] Building CXX object tests/unit/CMakeFiles/test_cpuid_probe.dir/test_cpuid_probe.cpp.o
[1204/2097] Building CXX object tests/unit/CMakeFiles/naht1_modul_mess_an.dir/naht1_visitor_module.cpp.o
[1205/2097] Building CXX object tests/unit/CMakeFiles/test_observer_registry.dir/test_observer_registry.cpp.o
[1206/2097] Building CXX object tests/unit/CMakeFiles/test_decision_lambda_registry.dir/test_decision_lambda_registry.cpp.o
[1207/2097] Building CXX object tests/unit/CMakeFiles/test_cache_hierarchy_and_mode.dir/test_cache_hierarchy_and_mode.cpp.o
[1208/2097] Building CXX object tests/unit/CMakeFiles/test_telemetry_strategies.dir/test_telemetry_strategies.cpp.o
[1209/2097] Building CXX object tests/unit/CMakeFiles/test_platform_concepts.dir/test_platform_concepts.cpp.o
[1210/2097] Building CXX object libs/cache_engine/builder/commands/tests/CMakeFiles/test_commands.dir/test_commands.cpp.o
[1211/2097] Building CXX object tests/unit/CMakeFiles/test_sub_engines.dir/test_sub_engines.cpp.o
[1212/2097] Building CXX object tests/unit/CMakeFiles/test_decision_trees.dir/test_decision_trees.cpp.o
[1213/2097] Building CXX object tests/unit/CMakeFiles/test_concurrency_disciplines.dir/test_concurrency_disciplines.cpp.o
[1214/2097] Building CXX object tests/unit/CMakeFiles/test_measurement_buffer.dir/test_measurement_buffer.cpp.o
[1215/2097] Building CXX object tests/unit/CMakeFiles/test_abi_interface.dir/test_abi_interface.cpp.o
[1216/2097] Building CXX object tests/unit/CMakeFiles/test_test_data_accumulation.dir/test_test_data_accumulation.cpp.o
[1217/2097] Building CXX object tests/unit/CMakeFiles/test_allocator_concepts.dir/test_allocator_concepts.cpp.o
[1218/2097] Building CXX object tests/unit/CMakeFiles/test_benchmark_suite.dir/test_benchmark_suite.cpp.o
[1219/2097] Building CXX object tests/unit/CMakeFiles/test_builder_codegen.dir/test_builder_codegen.cpp.o
[1220/2097] Building CXX object tests/unit/CMakeFiles/test_ycsb_cli.dir/test_ycsb_cli.cpp.o
[1221/2097] Building CXX object tests/unit/CMakeFiles/test_config_durability.dir/test_config_durability.cpp.o
[1222/2097] Building CXX object tests/unit/CMakeFiles/test_permutation_sampling.dir/test_permutation_sampling.cpp.o
[1223/2097] Building CXX object tests/unit/CMakeFiles/test_workload_and_experiment.dir/test_workload_and_experiment.cpp.o
[1224/2097] Building CXX object apps/f15_compare/CMakeFiles/comdare_f15_compare_cli.dir/main.cpp.o
[1225/2097] Building CXX object tests/unit/CMakeFiles/test_codegen_from_profile.dir/test_codegen_from_profile.cpp.o
[1226/2097] Building CXX object tests/unit/CMakeFiles/test_experiment_driver_v13.dir/test_experiment_driver_v13.cpp.o
[1227/2097] Building CXX object tests/unit/CMakeFiles/test_chaos_drift_gate.dir/test_chaos_drift_gate.cpp.o
[1228/2097] Building CXX object tests/unit/CMakeFiles/test_latex_anhang.dir/test_latex_anhang.cpp.o
[1229/2097] Building CXX object tests/unit/CMakeFiles/test_rcu.dir/test_rcu.cpp.o
[1230/2097] Building CXX object tests/unit/CMakeFiles/test_succinct.dir/test_succinct.cpp.o
[1231/2097] Building CXX object tests/unit/CMakeFiles/test_rcu_concurrency.dir/test_rcu_concurrency.cpp.o
[1232/2097] Building CXX object apps/adhoc_emitter/CMakeFiles/comdare_adhoc_emitter_cli.dir/main.cpp.o
[1233/2097] Building CXX object tests/unit/CMakeFiles/test_hbm_hierarchy.dir/test_hbm_hierarchy.cpp.o
[1234/2097] Building CXX object tests/unit/CMakeFiles/test_module_loader.dir/test_module_loader.cpp.o
[1235/2097] Building CXX object tests/unit/CMakeFiles/test_v31_adapters.dir/test_v31_adapters.cpp.o
[1236/2097] Building CXX object tests/unit/CMakeFiles/test_t15_drift_gate_messschleife.dir/test_t15_drift_gate_messschleife.cpp.o
[1237/2097] Building CXX object tests/unit/CMakeFiles/test_ctsha512.dir/test_ctsha512.cpp.o
[1238/2097] Building CXX object tests/unit/CMakeFiles/test_v41_indexes.dir/test_v41_indexes.cpp.o
[1239/2097] Building CXX object tests/unit/CMakeFiles/test_v41_topics_fundament.dir/test_v41_topics_fundament.cpp.o
[1240/2097] Building CXX object tests/unit/CMakeFiles/test_v41_compositions.dir/test_v41_compositions.cpp.o
[1241/2097] Building CXX object tests/unit/CMakeFiles/test_v41_anatomy.dir/test_v41_anatomy.cpp.o
[1242/2097] Building CXX object tests/unit/CMakeFiles/test_v41_anatomy_r4_driver.dir/test_v41_anatomy_r4_driver.cpp.o
[1243/2097] Building CXX object tests/unit/CMakeFiles/test_v41_anatomy_observer.dir/test_v41_anatomy_observer.cpp.o
[1244/2097] Building CXX object tests/unit/CMakeFiles/test_v41_axis_03a_cross_variant_equivalence.dir/test_v41_axis_03a_cross_variant_equivalence.cpp.o
[1245/2097] Building CXX object tests/unit/CMakeFiles/test_v41_tier_observe_trace.dir/test_v41_tier_observe_trace.cpp.o
[1246/2097] Building CXX object tests/unit/CMakeFiles/test_v41_anatomy_pruefling_merge.dir/test_v41_anatomy_pruefling_merge.cpp.o
[1247/2097] Building CXX object tests/unit/CMakeFiles/test_vampir_nfp_allocator.dir/thesis_tiere/test_vampir_nfp_allocator.cpp.o
[1248/2097] Linking CXX static library tests/unit/comdare_anatomy_perm_hot_pilot.a
[1249/2097] Building CXX object tests/unit/CMakeFiles/test_ap8_hdr_histogram.dir/test_ap8_hdr_histogram.cpp.o
[1250/2097] Linking CXX shared library tests/unit/comdare_anatomy_perm_wormhole_pilot.so
[1251/2097] Building CXX object tests/unit/CMakeFiles/test_ap7_swisstable.dir/test_ap7_swisstable.cpp.o
[1252/2097] Linking CXX shared library generated/anatomy_modules_multi/comdare_anatomy_perm_anatomy_multi_pilot_0.so
[1253/2097] Linking CXX shared library generated/anatomy_modules_multi/comdare_anatomy_perm_anatomy_multi_pilot_1.so
[1254/2097] Linking CXX shared library generated/anatomy_modules_multi/comdare_anatomy_perm_anatomy_multi_pilot_2.so
[1255/2097] Linking CXX shared library generated/anatomy_modules_multi/comdare_anatomy_perm_anatomy_multi_pilot_3.so
[1256/2097] Linking CXX shared library generated/anatomy_modules_multi/comdare_anatomy_perm_anatomy_multi_pilot_4.so
[1257/2097] Linking CXX shared library generated/anatomy_modules_multi/comdare_anatomy_perm_anatomy_multi_pilot_5.so
[1258/2097] Building CXX object tests/unit/CMakeFiles/test_ap7b_swiss_organ.dir/test_ap7b_swiss_organ.cpp.o
[1259/2097] Building CXX object tests/unit/CMakeFiles/test_ap7b3_swiss_isa_group_match.dir/test_ap7b3_swiss_isa_group_match.cpp.o
[1260/2097] Building CXX object tests/unit/CMakeFiles/test_v41_paper_legacy_code.dir/test_v41_paper_legacy_code.cpp.o
[1261/2097] Building CXX object tests/unit/CMakeFiles/test_v41_anatomy_codegen.dir/test_v41_anatomy_codegen.cpp.o
[1262/2097] Building CXX object tests/unit/CMakeFiles/test_v41_anatomy_multi_codegen.dir/test_v41_anatomy_multi_codegen.cpp.o
[1263/2097] Building CXX object tests/unit/CMakeFiles/test_v41_anatomy_codegen_tool.dir/test_v41_anatomy_codegen_tool.cpp.o
[1264/2097] Building CXX object tests/unit/CMakeFiles/test_allocator_full_matrix.dir/test_allocator_full_matrix.cpp.o
[1265/2097] Building CXX object tests/unit/CMakeFiles/test_v41_anatomy_base.dir/test_v41_anatomy_base.cpp.o
[1266/2097] Building CXX object tests/unit/CMakeFiles/test_v41_anatomy_module_loader.dir/test_v41_anatomy_module_loader.cpp.o
[1267/2097] Building CXX object tests/unit/CMakeFiles/test_v41_axis_12_general_hardware.dir/test_v41_axis_12_general_hardware.cpp.o
[1268/2097] Building CXX object tests/unit/CMakeFiles/test_v41_anatomy_codegen_tool_traits.dir/test_v41_anatomy_codegen_tool_traits.cpp.o
[1269/2097] Building CXX object tests/unit/CMakeFiles/test_v41_execution_engine.dir/test_v41_execution_engine.cpp.o
[1270/2097] Building CXX object tests/unit/CMakeFiles/test_v41_workload_generator.dir/test_v41_workload_generator.cpp.o
[1271/2097] Building CXX object tests/unit/CMakeFiles/test_v41_axis_05_memory_layout.dir/test_v41_axis_05_memory_layout.cpp.o
[1272/2097] Building CXX object tests/unit/CMakeFiles/test_v41_anatomy_module_abi.dir/test_v41_anatomy_module_abi.cpp.o
[1273/2097] Building CXX object tests/unit/CMakeFiles/test_v41_anatomy_codegen_tool_mp_list.dir/test_v41_anatomy_codegen_tool_mp_list.cpp.o
[1274/2097] Building CXX object tests/unit/CMakeFiles/test_v41_axis_11_telemetry.dir/test_v41_axis_11_telemetry.cpp.o
[1275/2097] Building CXX object tests/unit/CMakeFiles/test_v41_axis_07_prefetch.dir/test_v41_axis_07_prefetch.cpp.o
[1276/2097] Building CXX object tests/unit/CMakeFiles/test_v41_axis_14_value_handle.dir/test_v41_axis_14_value_handle.cpp.o
[1277/2097] Building CXX object tests/unit/CMakeFiles/test_v41_axis_02_axis_04_nodes.dir/test_v41_axis_02_axis_04_nodes.cpp.o
[1278/2097] Building CXX object tests/unit/CMakeFiles/test_v41_axis_10_serialization.dir/test_v41_axis_10_serialization.cpp.o
[1279/2097] Building CXX object tests/unit/CMakeFiles/test_v41_status_code.dir/test_v41_status_code.cpp.o
[1280/2097] Building CXX object tests/unit/CMakeFiles/test_v41_axis_08_concurrency.dir/test_v41_axis_08_concurrency.cpp.o
[1281/2097] Building CXX object tests/unit/CMakeFiles/test_pruefling_fixture_ladung.dir/__/pruefling_fixture/test_pruefling_fixture_ladung.cpp.o
[1282/2097] Building CXX object tests/unit/CMakeFiles/test_v41_axis_01_page_type.dir/test_v41_axis_01_page_type.cpp.o
[1283/2097] Building CXX object tests/unit/CMakeFiles/test_v41_pruefling_registry.dir/test_v41_pruefling_registry.cpp.o
[1284/2097] Building CXX object tests/unit/CMakeFiles/test_v41_serialization_primitives.dir/test_v41_serialization_primitives.cpp.o
[1285/2097] Linking CXX shared library generated/r5i_anatomy_modules/comdare_anatomy_perm_r5i_configure_pilot_0.so
[1286/2097] Linking CXX shared library generated/r5i_anatomy_modules/comdare_anatomy_perm_r5i_configure_pilot_1.so
[1287/2097] Linking CXX shared library generated/r5i_anatomy_modules/comdare_anatomy_perm_r5i_configure_pilot_2.so
[1288/2097] Building CXX object tests/unit/CMakeFiles/test_v41_axis_filter.dir/test_v41_axis_filter.cpp.o
[1289/2097] Linking CXX shared library generated/f15_measurement_modules/comdare_anatomy_perm_f15_measurement_pilot_0.so
[1290/2097] Linking CXX shared library generated/f15_measurement_modules/comdare_anatomy_perm_f15_measurement_pilot_1.so
[1291/2097] Building CXX object tests/unit/CMakeFiles/test_v41_axis_filter_surf_organ.dir/test_v41_axis_filter_surf_organ.cpp.o
[1292/2097] Building CXX object tests/unit/CMakeFiles/test_v41_axis_io.dir/test_v41_axis_io.cpp.o
[1293/2097] Building CXX object tests/unit/CMakeFiles/test_v41_axis_01_index_organization.dir/test_v41_axis_01_index_organization.cpp.o
[1294/2097] Building CXX object tests/unit/CMakeFiles/test_v41_axis_migration.dir/test_v41_axis_migration.cpp.o
[1295/2097] Building CXX object tests/unit/CMakeFiles/test_v41_axis_09_isa.dir/test_v41_axis_09_isa.cpp.o
[1296/2097] Building CXX object tests/unit/CMakeFiles/test_v41_r5c3_isa_simd_cross_constraint.dir/test_v41_r5c3_isa_simd_cross_constraint.cpp.o
[1297/2097] Building CXX object tests/unit/CMakeFiles/test_v41_search_algorithm_permutation_engine.dir/test_v41_search_algorithm_permutation_engine.cpp.o
[1298/2097] Building CXX object tests/unit/CMakeFiles/test_v5_memento_axis.dir/test_v5_memento_axis.cpp.o
[1299/2097] Building CXX object tests/unit/CMakeFiles/test_v41_axis_03a_tier_organ_equivalence.dir/test_v41_axis_03a_tier_organ_equivalence.cpp.o
[1300/2097] Building CXX object tests/unit/CMakeFiles/test_v41_axis_09b_simd_extension.dir/test_v41_axis_09b_simd_extension.cpp.o
[1301/2097] Building CXX object tests/unit/CMakeFiles/test_v41_anatomy_r5i_configure_codegen.dir/test_v41_anatomy_r5i_configure_codegen.cpp.o
[1302/2097] Building CXX object tests/unit/CMakeFiles/test_v41_axis_filter_surf_louds_organ.dir/test_v41_axis_filter_surf_louds_organ.cpp.o
[1303/2097] Building CXX object tests/unit/CMakeFiles/test_v5_conformance_gate.dir/test_v5_conformance_gate.cpp.o
[1304/2097] Building CXX object tests/unit/CMakeFiles/test_v41_topic_queuing.dir/test_v41_topic_queuing.cpp.o
[1305/2097] Building CXX object tests/unit/CMakeFiles/test_v5_two_phase_driver.dir/test_v5_two_phase_driver.cpp.o
[1306/2097] Building CXX object tests/unit/CMakeFiles/test_v5_workload_orchestrator.dir/test_v5_workload_orchestrator.cpp.o
[1307/2097] Building CXX object tests/unit/CMakeFiles/test_v5_measurement_snapshot.dir/test_v5_measurement_snapshot.cpp.o
[1308/2097] Building CXX object tests/unit/CMakeFiles/test_v41_topic_allocator_axis_06.dir/test_v41_topic_allocator_axis_06.cpp.o
[1309/2097] Building CXX object tests/unit/CMakeFiles/test_ap9_provenance_manifest.dir/test_ap9_provenance_manifest.cpp.o
[1310/2097] Building CXX object tests/unit/CMakeFiles/test_d54_trace_schema.dir/test_d54_trace_schema.cpp.o
[1311/2097] Building CXX object tests/unit/CMakeFiles/test_d51_perzentil_kanon.dir/test_d51_perzentil_kanon.cpp.o
[1312/2097] Building CXX object tests/unit/CMakeFiles/test_ap13_thread_pinning.dir/test_ap13_thread_pinning.cpp.o
[1313/2097] Building CXX object tests/unit/CMakeFiles/test_v41_anatomy_adhoc_codegen_macro.dir/test_v41_anatomy_adhoc_codegen_macro.cpp.o
[1314/2097] Building CXX object tests/unit/CMakeFiles/test_184_dataset_loader_wiring.dir/test_184_dataset_loader_wiring.cpp.o
[1315/2097] Building CXX object tests/unit/CMakeFiles/test_heuristik_spline_break_even.dir/test_heuristik_spline_break_even.cpp.o
[1316/2097] Building CXX object tests/unit/CMakeFiles/test_v5_disk_memento.dir/test_v5_disk_memento.cpp.o
[1317/2097] Building CXX object tests/unit/CMakeFiles/test_25_kanon_dataset_akten.dir/test_25_kanon_dataset_akten.cpp.o
[1318/2097] Linking CXX shared library generated/r5g_adhoc_modules/comdare_anatomy_perm_r5g_adhoc.so
[1319/2097] Building CXX object tests/unit/CMakeFiles/test_45_sosd_uint64_loader.dir/test_45_sosd_uint64_loader.cpp.o
[1320/2097] Building CXX object tests/unit/CMakeFiles/test_v5_ycsb_distribution.dir/test_v5_ycsb_distribution.cpp.o
[1321/2097] Linking CXX shared library generated/r5g_autobuilt_modules/comdare_anatomy_perm_auto_0.so
[1322/2097] Linking CXX shared library generated/r5g_autobuilt_modules/comdare_anatomy_perm_auto_1.so
[1323/2097] Linking CXX shared library generated/r5g_autobuilt_modules/comdare_anatomy_perm_auto_2.so
[1324/2097] Linking CXX shared library generated/r5g_autobuilt_modules/comdare_anatomy_perm_auto_3.so
[1325/2097] Linking CXX shared library generated/r5g_autobuilt_modules/comdare_anatomy_perm_auto_4.so
[1326/2097] Linking CXX shared library generated/r5g_autobuilt_modules/comdare_anatomy_perm_auto_5.so
[1327/2097] Building CXX object tests/unit/CMakeFiles/test_ap10_dataset_akte.dir/test_ap10_dataset_akte.cpp.o
[1328/2097] Linking CXX shared library generated/r5g_autobuilt_modules/comdare_anatomy_perm_auto_6.so
[1329/2097] Linking CXX shared library generated/r5g_autobuilt_modules/comdare_anatomy_perm_auto_7.so
[1330/2097] Building CXX object tests/unit/CMakeFiles/test_v41_pruef_dock_search_algorithm.dir/test_v41_pruef_dock_search_algorithm.cpp.o
[1331/2097] Linking CXX shared library generated/r5g_autobuilt_modules/comdare_anatomy_perm_auto_8.so
[1332/2097] Linking CXX shared library generated/r5g_autobuilt_modules/comdare_anatomy_perm_auto_9.so
[1333/2097] Linking CXX shared library generated/r5g_autobuilt_modules/comdare_anatomy_perm_auto_10.so
[1334/2097] Linking CXX shared library generated/r5g_autobuilt_modules/comdare_anatomy_perm_auto_11.so
[1335/2097] Linking CXX shared library generated/r5g_autobuilt_modules/comdare_anatomy_perm_auto_12.so
[1336/2097] Linking CXX shared library generated/r5g_autobuilt_modules/comdare_anatomy_perm_auto_13.so
[1337/2097] Linking CXX shared library generated/r5g_autobuilt_modules/comdare_anatomy_perm_auto_14.so
[1338/2097] Linking CXX shared library generated/r5g_autobuilt_modules/comdare_anatomy_perm_auto_15.so
[1339/2097] Linking CXX shared library generated/r5g_autobuilt_modules/comdare_anatomy_perm_auto_16.so
[1340/2097] Linking CXX shared library generated/r5g_autobuilt_modules/comdare_anatomy_perm_auto_17.so
[1341/2097] Linking CXX shared library generated/r5g_autobuilt_modules/comdare_anatomy_perm_auto_18.so
[1342/2097] Linking CXX shared library generated/r5g_autobuilt_modules/comdare_anatomy_perm_auto_19.so
[1343/2097] Linking CXX shared library generated/r5g_autobuilt_modules/comdare_anatomy_perm_auto_20.so
[1344/2097] Linking CXX shared library generated/r5g_autobuilt_modules/comdare_anatomy_perm_auto_21.so
[1345/2097] Linking CXX shared library generated/r5g_autobuilt_modules/comdare_anatomy_perm_auto_22.so
[1346/2097] Linking CXX shared library generated/r5g_autobuilt_modules/comdare_anatomy_perm_auto_23.so
[1347/2097] Linking CXX shared library generated/r5g_autobuilt_modules/comdare_anatomy_perm_auto_24.so
[1348/2097] Linking CXX shared library generated/r5g_autobuilt_modules/comdare_anatomy_perm_auto_25.so
[1349/2097] Linking CXX shared library generated/r5g_autobuilt_modules/comdare_anatomy_perm_auto_26.so
[1350/2097] Linking CXX shared library generated/r5g_autobuilt_modules/comdare_anatomy_perm_auto_27.so
[1351/2097] Linking CXX shared library generated/r5g_autobuilt_modules/comdare_anatomy_perm_auto_28.so
[1352/2097] Linking CXX shared library generated/r5g_autobuilt_modules/comdare_anatomy_perm_auto_29.so
[1353/2097] Linking CXX shared library generated/r5g_autobuilt_modules/comdare_anatomy_perm_auto_30.so
[1354/2097] Linking CXX shared library generated/r5g_autobuilt_modules/comdare_anatomy_perm_auto_31.so
[1355/2097] Linking CXX shared library generated/r5g_autobuilt_modules/comdare_anatomy_perm_auto_32.so
[1356/2097] Linking CXX shared library generated/r5g_autobuilt_modules/comdare_anatomy_perm_auto_33.so
[1357/2097] Linking CXX shared library generated/r5g_autobuilt_modules/comdare_anatomy_perm_auto_34.so
[1358/2097] Linking CXX shared library generated/r5g_autobuilt_modules/comdare_anatomy_perm_auto_35.so
[1359/2097] Linking CXX shared library generated/r5g_autobuilt_modules/comdare_anatomy_perm_auto_36.so
[1360/2097] Linking CXX shared library generated/r5g_autobuilt_modules/comdare_anatomy_perm_auto_37.so
[1361/2097] Linking CXX shared library generated/r5g_autobuilt_modules/comdare_anatomy_perm_auto_39.so
[1362/2097] Linking CXX shared library generated/r5g_autobuilt_modules/comdare_anatomy_perm_auto_40.so
[1363/2097] Linking CXX shared library generated/r5g_autobuilt_modules/comdare_anatomy_perm_auto_38.so
[1364/2097] Linking CXX shared library generated/r5g_autobuilt_modules/comdare_anatomy_perm_auto_41.so
[1365/2097] Linking CXX shared library generated/r5g_autobuilt_modules/comdare_anatomy_perm_auto_42.so
[1366/2097] Linking CXX shared library generated/r5g_autobuilt_modules/comdare_anatomy_perm_auto_43.so
[1367/2097] Linking CXX shared library generated/r5g_autobuilt_modules/comdare_anatomy_perm_auto_44.so
[1368/2097] Linking CXX shared library generated/r5g_autobuilt_modules/comdare_anatomy_perm_auto_45.so
[1369/2097] Linking CXX shared library generated/r5g_autobuilt_modules/comdare_anatomy_perm_auto_46.so
[1370/2097] Linking CXX shared library generated/r5g_autobuilt_modules/comdare_anatomy_perm_auto_47.so
[1371/2097] Building CXX object tests/unit/CMakeFiles/test_heuristik_workload_cluster.dir/test_heuristik_workload_cluster.cpp.o
[1372/2097] Building CXX object tests/unit/CMakeFiles/test_v5_organ_memento.dir/test_v5_organ_memento.cpp.o
[1373/2097] Building CXX object tests/unit/CMakeFiles/test_v41_codegen_type_name.dir/test_v41_codegen_type_name.cpp.o
[1374/2097] Building CXX object tests/unit/CMakeFiles/test_v5_ycsb_op_set.dir/test_v5_ycsb_op_set.cpp.o
[1375/2097] Building CXX object tests/unit/CMakeFiles/test_d7a_build_inspection.dir/test_d7a_build_inspection.cpp.o
[1376/2097] Building CXX object tests/unit/CMakeFiles/test_v41_scan_range_organ.dir/test_v41_scan_range_organ.cpp.o
[1377/2097] Building CXX object tests/unit/CMakeFiles/test_v41_cache_engine_tools_facade.dir/test_v41_cache_engine_tools_facade.cpp.o
[1378/2097] Building CXX object tests/unit/CMakeFiles/test_d_v42_serialization_observable.dir/test_d_v42_serialization_observable.cpp.o
[1379/2097] Building CXX object tests/unit/CMakeFiles/test_d_v42_memory_layout_observable.dir/test_d_v42_memory_layout_observable.cpp.o
[1380/2097] Building CXX object tests/unit/CMakeFiles/test_d3_ceb_generator.dir/test_d3_ceb_generator.cpp.o
[1381/2097] Building CXX object tests/unit/CMakeFiles/test_v41_cache_engine_facade.dir/test_v41_cache_engine_facade.cpp.o
[1382/2097] Building CXX object tests/unit/CMakeFiles/test_d_v42_node_type_observable.dir/test_d_v42_node_type_observable.cpp.o
[1383/2097] Building CXX object tests/unit/CMakeFiles/test_container_dock.dir/test_container_dock.cpp.o
[1384/2097] Building CXX object tests/unit/CMakeFiles/test_v41_anatomy_adhoc_dll_load.dir/test_v41_anatomy_adhoc_dll_load.cpp.o
[1385/2097] Building CXX object tests/unit/CMakeFiles/test_genus_docks.dir/test_genus_docks.cpp.o
[1386/2097] Building CXX object tests/unit/CMakeFiles/test_pruef_only_gate.dir/test_pruef_only_gate.cpp.o
[1387/2097] Building CXX object tests/unit/CMakeFiles/test_v41_anatomy_adhoc_autobuilt_load.dir/test_v41_anatomy_adhoc_autobuilt_load.cpp.o
[1388/2097] Building CXX object tests/unit/CMakeFiles/test_a8s3_sa_organ_member_vollstaendigkeit.dir/test_a8s3_sa_organ_member_vollstaendigkeit.cpp.o
[1389/2097] Building CXX object tests/unit/CMakeFiles/test_hy_a1_heuristik_adapter_gattung.dir/test_hy_a1_heuristik_adapter_gattung.cpp.o
[1390/2097] Building CXX object tests/unit/CMakeFiles/test_e24_c3_cross_genus.dir/test_e24_c3_cross_genus.cpp.o
[1391/2097] Building CXX object tests/unit/CMakeFiles/test_v41_codegen_all_axes_umbrella.dir/test_v41_codegen_all_axes_umbrella.cpp.o
[1392/2097] Building CXX object tests/unit/CMakeFiles/test_hy_f8_reroute.dir/test_hy_f8_reroute.cpp.o
[1393/2097] Building CXX object tests/unit/CMakeFiles/test_q2_identitaets_riegel.dir/test_q2_identitaets_riegel.cpp.o
[1394/2097] Building CXX object tests/unit/CMakeFiles/test_d1_d2_selection.dir/test_d1_d2_selection.cpp.o
[1395/2097] Building CXX object tests/unit/CMakeFiles/test_hy_a3_hybrid_config_parser.dir/test_hy_a3_hybrid_config_parser.cpp.o
[1396/2097] Building CXX object tests/unit/CMakeFiles/test_hy_a1_dock_contract.dir/test_hy_a1_dock_contract.cpp.o
[1397/2097] Building CXX object tests/unit/CMakeFiles/test_v41_anatomy_f15_measurement.dir/test_v41_anatomy_f15_measurement.cpp.o
[1398/2097] Building CXX object tests/unit/CMakeFiles/test_s14_axis_version_lock_tripwire.dir/test_s14_axis_version_lock_tripwire.cpp.o
[1399/2097] Building CXX object tests/unit/CMakeFiles/test_migration_two_tier.dir/test_migration_two_tier.cpp.o
[1400/2097] Building CXX object tests/unit/CMakeFiles/test_s5_04_execution_alloc_conformance.dir/test_s5_04_execution_alloc_conformance.cpp.o
[1401/2097] Building CXX object tests/unit/CMakeFiles/test_e24_c5_fk7_dock_fehlerklassen.dir/test_e24_c5_fk7_dock_fehlerklassen.cpp.o
[1402/2097] Building CXX object tests/unit/CMakeFiles/test_filter_real_from_keys.dir/test_filter_real_from_keys.cpp.o
[1403/2097] Building CXX object tests/unit/CMakeFiles/test_patricia_real.dir/test_patricia_real.cpp.o
[1404/2097] Building CXX object tests/unit/CMakeFiles/test_e24_c4_genus_pruef_docks.dir/test_e24_c4_genus_pruef_docks.cpp.o
[1405/2097] Building CXX object tests/unit/CMakeFiles/test_s5_01d_traversal_alloc_conformance.dir/test_s5_01d_traversal_alloc_conformance.cpp.o
[1406/2097] Building CXX object tests/unit/CMakeFiles/test_v41_topic_traversal.dir/test_v41_topic_traversal.cpp.o
In file included from /opt/gcc-15.3/include/c++/15.3.0/bits/stl_uninitialized.h:63,
                 from /opt/gcc-15.3/include/c++/15.3.0/memory:71,
                 from /home/comdare/wt-ce-bump15/build/gcc-release/_deps/googletest-src/googletest/include/gtest/gtest.h:55,
                 from /home/comdare/wt-ce-bump15/tests/unit/test_v41_topic_traversal.cpp:7:
In function ‘constexpr _OutIter std::__copy_move_a2(_InIter, _Sent, _OutIter) [with bool _IsMove = true; _InIter = long unsigned int*; _Sent = long unsigned int*; _OutIter = long unsigned int*]’,
    inlined from ‘constexpr _OI std::__copy_move_a1(_II, _II, _OI) [with bool _IsMove = true; _II = long unsigned int*; _OI = long unsigned int*]’ at /opt/gcc-15.3/include/c++/15.3.0/bits/stl_algobase.h:492:42,
    inlined from ‘constexpr _OI std::__copy_move_a(_II, _II, _OI) [with bool _IsMove = true; _II = __gnu_cxx::__normal_iterator<long unsigned int*, vector<long unsigned int, comdare::cache_engine::alloc::AllocatorStrategyBase<comdare::cache_engine::alloc::ExgenAllocator>::StdAllocatorAdapter<long unsigned int> > >; _OI = __gnu_cxx::__normal_iterator<long unsigned int*, vector<long unsigned int, comdare::cache_engine::alloc::AllocatorStrategyBase<comdare::cache_engine::alloc::ExgenAllocator>::StdAllocatorAdapter<long unsigned int> > >]’ at /opt/gcc-15.3/include/c++/15.3.0/bits/stl_algobase.h:500:31,
    inlined from ‘constexpr _OI std::move(_II, _II, _OI) [with _II = __gnu_cxx::__normal_iterator<long unsigned int*, vector<long unsigned int, comdare::cache_engine::alloc::AllocatorStrategyBase<comdare::cache_engine::alloc::ExgenAllocator>::StdAllocatorAdapter<long unsigned int> > >; _OI = __gnu_cxx::__normal_iterator<long unsigned int*, vector<long unsigned int, comdare::cache_engine::alloc::AllocatorStrategyBase<comdare::cache_engine::alloc::ExgenAllocator>::StdAllocatorAdapter<long unsigned int> > >]’ at /opt/gcc-15.3/include/c++/15.3.0/bits/stl_algobase.h:674:38,
    inlined from ‘constexpr std::vector< <template-parameter-1-1>, <template-parameter-1-2> >::iterator std::vector< <template-parameter-1-1>, <template-parameter-1-2> >::_M_erase(iterator) [with _Tp = long unsigned int; _Alloc = comdare::cache_engine::alloc::AllocatorStrategyBase<comdare::cache_engine::alloc::ExgenAllocator>::StdAllocatorAdapter<long unsigned int>]’ at /opt/gcc-15.3/include/c++/15.3.0/bits/vector.tcc:185:2,
    inlined from ‘constexpr std::vector< <template-parameter-1-1>, <template-parameter-1-2> >::iterator std::vector< <template-parameter-1-1>, <template-parameter-1-2> >::erase(const_iterator) [with _Tp = long unsigned int; _Alloc = comdare::cache_engine::alloc::AllocatorStrategyBase<comdare::cache_engine::alloc::ExgenAllocator>::StdAllocatorAdapter<long unsigned int>]’ at /opt/gcc-15.3/include/c++/15.3.0/bits/stl_vector.h:1793:24,
    inlined from ‘bool comdare::cache_engine::lookup::detail::InterpolationSearchAlgoCore<Alloc, Self>::erase(key_type) [with Alloc = comdare::cache_engine::alloc::ExgenAllocator; Self = comdare::cache_engine::lookup::InterpolationSearchAlgo]’ at /home/comdare/wt-ce-bump15/libs/cache_engine/organ_axes/lookup/axis_03a_search_algo_interpolation.hpp:256:22,
    inlined from ‘void SearchAlgoTest_EraseRemovesEntry_Test<gtest_TypeParam_>::TestBody() [with gtest_TypeParam_ = comdare::cache_engine::lookup::InterpolationSearchAlgo]’ at /home/comdare/wt-ce-bump15/tests/unit/test_v41_topic_traversal.cpp:132:5:
/opt/gcc-15.3/include/c++/15.3.0/bits/stl_algobase.h:426:32: warning: ‘void* __builtin_memmove(void*, const void*, long unsigned int)’ writing between 9 and 9223372036854775807 bytes into a region of size 8 overflows the destination [-Wstringop-overflow=]
  426 |               __builtin_memmove(_GLIBCXX_TO_ADDR(__result),
      |               ~~~~~~~~~~~~~~~~~^~~~~~~~~~~~~~~~~~~~~~~~~~~~
  427 |                                 _GLIBCXX_TO_ADDR(__first),
      |                                 ~~~~~~~~~~~~~~~~~~~~~~~~~~
  428 |                                 __n * sizeof(*__first));
      |                                 ~~~~~~~~~~~~~~~~~~~~~~~
In file included from /home/comdare/wt-ce-bump15/libs/cache_engine/organ_axes/alloc/axis_06_allocator_exgen.hpp:21,
                 from /home/comdare/wt-ce-bump15/libs/cache_engine/organ_axes/lookup/axis_03a_search_algo_array256.hpp:71,
                 from /home/comdare/wt-ce-bump15/libs/cache_engine/organ_axes/lookup/axis_03a_search_algo_registry.hpp:8,
                 from /home/comdare/wt-ce-bump15/libs/cache_engine/topics/traversal/axis_03a_search_algo/axis_03a_search_algo_registry.hpp:2,
                 from /home/comdare/wt-ce-bump15/libs/cache_engine/topics/traversal/topic_traversal_config_set.hpp:10,
                 from /home/comdare/wt-ce-bump15/tests/unit/test_v41_topic_traversal.cpp:10:
In function ‘void* comdare::cache_engine::allocator::portable_aligned_alloc(std::size_t, std::size_t)’,
    inlined from ‘void* comdare::cache_engine::alloc::ExgenAllocator::allocate(std::size_t, std::size_t)’ at /home/comdare/wt-ce-bump15/libs/cache_engine/organ_axes/alloc/axis_06_allocator_exgen.hpp:87:75,
    inlined from ‘T* comdare::cache_engine::alloc::AllocatorStrategyBase<Derived, CacheLineCfg, AllocHwCfg>::StdAllocatorAdapter<T>::allocate(std::size_t) [with T = long unsigned int; Derived = comdare::cache_engine::alloc::ExgenAllocator; comdare::cache_engine::cacheline::CacheLineConfig CacheLineCfg = comdare::cache_engine::cacheline::CacheLineConfig{comdare::cache_engine::cacheline::CacheLineSize::B64, comdare::cache_engine::cacheline::CacheLineAlignment::None, comdare::cache_engine::cacheline::SwPrefetchHint::None}; comdare::cache_engine::alloc::AllocHwConfig AllocHwCfg = comdare::cache_engine::alloc::AllocHwConfig{comdare::cache_engine::alloc::AllocNumaNode::Auto, comdare::cache_engine::alloc::AllocPageHint::Native}]’ at /home/comdare/wt-ce-bump15/libs/cache_engine/organ_axes/alloc/axis_06_allocator_strategy_base.hpp:381:45,
    inlined from ‘static constexpr std::allocator_traits< <template-parameter-1-1> >::pointer std::allocator_traits< <template-parameter-1-1> >::allocate(_Alloc&, size_type) [with _Alloc = comdare::cache_engine::alloc::AllocatorStrategyBase<comdare::cache_engine::alloc::ExgenAllocator>::StdAllocatorAdapter<long unsigned int>]’ at /opt/gcc-15.3/include/c++/15.3.0/bits/alloc_traits.h:385:28,
    inlined from ‘constexpr std::_Vector_base<_Tp, _Alloc>::pointer std::_Vector_base<_Tp, _Alloc>::_M_allocate(std::size_t) [with _Tp = long unsigned int; _Alloc = comdare::cache_engine::alloc::AllocatorStrategyBase<comdare::cache_engine::alloc::ExgenAllocator>::StdAllocatorAdapter<long unsigned int>]’ at /opt/gcc-15.3/include/c++/15.3.0/bits/stl_vector.h:387:33,
    inlined from ‘constexpr void std::vector< <template-parameter-1-1>, <template-parameter-1-2> >::_M_realloc_insert(iterator, _Args&& ...) [with _Args = {const long unsigned int&}; _Tp = long unsigned int; _Alloc = comdare::cache_engine::alloc::AllocatorStrategyBase<comdare::cache_engine::alloc::ExgenAllocator>::StdAllocatorAdapter<long unsigned int>]’ at /opt/gcc-15.3/include/c++/15.3.0/bits/vector.tcc:467:44,
    inlined from ‘constexpr std::vector< <template-parameter-1-1>, <template-parameter-1-2> >::iterator std::vector< <template-parameter-1-1>, <template-parameter-1-2> >::insert(const_iterator, const value_type&) [with _Tp = long unsigned int; _Alloc = comdare::cache_engine::alloc::AllocatorStrategyBase<comdare::cache_engine::alloc::ExgenAllocator>::StdAllocatorAdapter<long unsigned int>]’ at /opt/gcc-15.3/include/c++/15.3.0/bits/vector.tcc:170:19,
    inlined from ‘void comdare::cache_engine::lookup::detail::InterpolationSearchAlgoCore<Alloc, Self>::insert(key_type, value_type) [with Alloc = comdare::cache_engine::alloc::ExgenAllocator; Self = comdare::cache_engine::lookup::InterpolationSearchAlgo]’ at /home/comdare/wt-ce-bump15/libs/cache_engine/organ_axes/lookup/axis_03a_search_algo_interpolation.hpp:198:27,
    inlined from ‘void SearchAlgoTest_EraseRemovesEntry_Test<gtest_TypeParam_>::TestBody() [with gtest_TypeParam_ = comdare::cache_engine::lookup::InterpolationSearchAlgo]’ at /home/comdare/wt-ce-bump15/tests/unit/test_v41_topic_traversal.cpp:131:13:
/home/comdare/wt-ce-bump15/libs/cache_engine/include/cache_engine/allocators/portable_aligned_alloc.hpp:26:30: note: destination object of size 8 allocated by ‘aligned_alloc’
   26 |     return std::aligned_alloc(alignment, padded);
      |            ~~~~~~~~~~~~~~~~~~^~~~~~~~~~~~~~~~~~~
[1407/2097] Building CXX object tests/unit/CMakeFiles/test_value_handle_real.dir/test_value_handle_real.cpp.o
[1408/2097] Building CXX object tests/unit/CMakeFiles/test_s5_03_placement_alloc_conformance.dir/test_s5_03_placement_alloc_conformance.cpp.o
[1409/2097] Building CXX object tests/unit/CMakeFiles/test_s5_02a_layout_alloc_conformance.dir/test_s5_02a_layout_alloc_conformance.cpp.o
[1410/2097] Building CXX object tests/unit/CMakeFiles/test_prefetch_patha_t7.dir/test_prefetch_patha_t7.cpp.o
[1411/2097] Building CXX object tests/unit/CMakeFiles/test_prefetch_real.dir/test_prefetch_real.cpp.o
[1412/2097] Building CXX object tests/unit/CMakeFiles/test_s5_02b_filter_alloc_conformance.dir/test_s5_02b_filter_alloc_conformance.cpp.o
[1413/2097] Building CXX object tests/unit/CMakeFiles/test_s5_04_execution_perf_sanity.dir/test_s5_04_execution_perf_sanity.cpp.o
[1414/2097] Building CXX object tests/unit/CMakeFiles/test_prefetch_adversarial_verify.dir/test_prefetch_adversarial_verify.cpp.o
[1415/2097] Building CXX object tests/unit/CMakeFiles/test_s5_01d_traversal_perf_sanity.dir/test_s5_01d_traversal_perf_sanity.cpp.o
[1416/2097] Building CXX object tests/unit/CMakeFiles/test_h64_allocator_adapter_failure_contract.dir/test_h64_allocator_adapter_failure_contract.cpp.o
[1417/2097] Building CXX object tests/unit/CMakeFiles/test_s5_03_placement_perf_sanity.dir/test_s5_03_placement_perf_sanity.cpp.o
[1418/2097] Building CXX object tests/unit/CMakeFiles/test_a8s1_t17_vollzaehligkeit.dir/test_a8s1_t17_vollzaehligkeit.cpp.o
[1419/2097] Building CXX object tests/unit/CMakeFiles/test_s5_01b_composable_alloc_conformance.dir/test_s5_01b_composable_alloc_conformance.cpp.o
[1420/2097] Building CXX object tests/unit/CMakeFiles/test_s5_01b_composable_perf_sanity.dir/test_s5_01b_composable_perf_sanity.cpp.o
[1421/2097] Building CXX object tests/unit/CMakeFiles/test_s5_01a_pool_stores_alloc_conformance.dir/test_s5_01a_pool_stores_alloc_conformance.cpp.o
[1422/2097] Building CXX object tests/unit/CMakeFiles/test_h81_allocator_statistics_forwarder_recursion.dir/test_h81_allocator_statistics_forwarder_recursion.cpp.o
[1423/2097] Building CXX object tests/unit/CMakeFiles/test_cuckoo_eviction_correctness.dir/test_cuckoo_eviction_correctness.cpp.o
[1424/2097] Building CXX object tests/unit/CMakeFiles/test_a1_wurf_vertrag_allokator_store.dir/test_a1_wurf_vertrag_allokator_store.cpp.o
[1425/2097] Building CXX object tests/unit/CMakeFiles/test_seg_coverage.dir/test_seg_coverage.cpp.o
[1426/2097] Building CXX object tests/unit/CMakeFiles/test_a8s3_t17_stats_lesezeitpunkt.dir/test_a8s3_t17_stats_lesezeitpunkt.cpp.o
[1427/2097] Building CXX object tests/unit/CMakeFiles/test_hash_lookup_backward_shift.dir/test_hash_lookup_backward_shift.cpp.o
[1428/2097] Building CXX object tests/unit/CMakeFiles/test_scalloc_realloc_alignment.dir/test_scalloc_realloc_alignment.cpp.o
[1429/2097] Building CXX object tests/unit/CMakeFiles/test_s5_05q_queuing_alloc_conformance.dir/test_s5_05q_queuing_alloc_conformance.cpp.o
[1430/2097] Building CXX object tests/unit/CMakeFiles/test_s5_02a_layout_perf_sanity.dir/test_s5_02a_layout_perf_sanity.cpp.o
[1431/2097] Building CXX object tests/unit/CMakeFiles/test_cow_capable_wrappers.dir/test_cow_capable_wrappers.cpp.o
[1432/2097] Building CXX object tests/unit/CMakeFiles/test_kf5_cacheline_weave.dir/test_kf5_cacheline_weave.cpp.o
[1433/2097] Building CXX object tests/unit/CMakeFiles/test_kf6_node_run_body.dir/test_kf6_node_run_body.cpp.o
[1434/2097] Building CXX object tests/unit/CMakeFiles/test_s5_01c_fassaden_conformance.dir/test_s5_01c_fassaden_conformance.cpp.o
[1435/2097] Building CXX object tests/unit/CMakeFiles/test_s5_05q_queuing_perf_sanity.dir/test_s5_05q_queuing_perf_sanity.cpp.o
[1436/2097] Building CXX object tests/unit/CMakeFiles/test_br1_subset.dir/test_br1_subset.cpp.o
[1437/2097] Building CXX object tests/unit/CMakeFiles/test_s5_02b_filter_perf_sanity.dir/test_s5_02b_filter_perf_sanity.cpp.o
[1438/2097] Building CXX object tests/unit/CMakeFiles/test_br1_full22_count.dir/test_br1_full22_count.cpp.o
[1439/2097] Building CXX object tests/unit/CMakeFiles/test_s1_cache_key_prefix.dir/test_s1_cache_key_prefix.cpp.o
[1440/2097] Building CXX object tests/unit/CMakeFiles/test_br_kf15_real.dir/test_br_kf15_real.cpp.o
[1441/2097] Building CXX object tests/unit/CMakeFiles/test_s5_01a_pool_stores_perf_sanity.dir/test_s5_01a_pool_stores_perf_sanity.cpp.o
[1442/2097] Building CXX object tests/unit/CMakeFiles/test_br3_obs22.dir/test_br3_obs22.cpp.o
[1443/2097] Building CXX object tests/unit/CMakeFiles/test_br2_roundtrip.dir/test_br2_roundtrip.cpp.o
[1444/2097] Building CXX object tests/unit/CMakeFiles/test_clu_per_layout.dir/test_clu_per_layout.cpp.o
[1445/2097] Building CXX object tests/unit/CMakeFiles/test_s5_artifact_cache_bounded.dir/test_s5_artifact_cache_bounded.cpp.o
[1446/2097] Building CXX object tests/unit/CMakeFiles/test_e24_c9_fk5_fehlerraum.dir/test_e24_c9_fk5_fehlerraum.cpp.o
[1447/2097] Building CXX object tests/unit/CMakeFiles/test_r2_suffix_wachen.dir/test_r2_suffix_wachen.cpp.o
[1448/2097] Building CXX object tests/unit/CMakeFiles/test_a15_fk3_axis_error_traits.dir/test_a15_fk3_axis_error_traits.cpp.o
[1449/2097] Building CXX object tests/unit/CMakeFiles/test_cow_memento.dir/test_cow_memento.cpp.o
[1450/2097] Building CXX object tests/unit/CMakeFiles/test_w11_async_push_pump.dir/test_w11_async_push_pump.cpp.o
[1451/2097] Building CXX object tests/unit/CMakeFiles/test_fk6_algo_error_classes.dir/test_fk6_algo_error_classes.cpp.o
[1452/2097] Building CXX object tests/unit/CMakeFiles/test_s2_pull_tier_binary.dir/test_s2_pull_tier_binary.cpp.o
[1453/2097] Building CXX object tests/unit/CMakeFiles/test_kf16_build_orchestrator.dir/test_kf16_build_orchestrator.cpp.o
[1454/2097] Building CXX object tests/unit/CMakeFiles/test_kf16b_build_resilience.dir/test_kf16b_build_resilience.cpp.o
[1455/2097] Building CXX object tests/unit/CMakeFiles/test_cache_mc_timeout.dir/test_cache_mc_timeout.cpp.o
[1456/2097] Building CXX object tests/unit/CMakeFiles/test_obs_phaseB_t14_t16.dir/test_obs_phaseB_t14_t16.cpp.o
[1457/2097] Building CXX object tests/unit/CMakeFiles/test_a15_fk4_organ_slot_traits.dir/test_a15_fk4_organ_slot_traits.cpp.o
[1458/2097] Building CXX object tests/unit/CMakeFiles/test_w6_parallel_provision.dir/test_w6_parallel_provision.cpp.o
[1459/2097] Building CXX object tests/unit/CMakeFiles/test_obs_phaseB_t11_t12_iso.dir/test_obs_phaseB_t11_t12_iso.cpp.o
[1460/2097] Building CXX object tests/unit/CMakeFiles/test_w10_c4_zellwert_naht.dir/test_w10_c4_zellwert_naht.cpp.o
[1461/2097] Building CXX object tests/unit/CMakeFiles/test_q1_lockfree_concurrency.dir/test_q1_lockfree_concurrency.cpp.o
[1462/2097] Building CXX object tests/unit/CMakeFiles/test_conformance_gate.dir/test_conformance_gate.cpp.o
[1463/2097] Building CXX object tests/unit/CMakeFiles/test_e24_c10_g6_identitaets_bilanz.dir/test_e24_c10_g6_identitaets_bilanz.cpp.o
[1464/2097] Building CXX object tests/unit/CMakeFiles/test_d_v42_abi_telemetry_coupling.dir/test_d_v42_abi_telemetry_coupling.cpp.o
[1465/2097] Building CXX object tests/unit/CMakeFiles/test_m8_storetrav_segment.dir/test_m8_storetrav_segment.cpp.o
[1466/2097] Building CXX object tests/unit/CMakeFiles/test_a8s4_release_pfad_neutralitaet.dir/test_a8s4_release_pfad_neutralitaet.cpp.o
[1467/2097] Building CXX object tests/unit/CMakeFiles/test_br3_observer.dir/test_br3_observer.cpp.o
[1468/2097] Building CXX object tests/unit/CMakeFiles/test_a8s4_konstitutiv_kette.dir/test_a8s4_konstitutiv_kette.cpp.o
[1469/2097] Building CXX object tests/unit/CMakeFiles/test_segment_timer_differentiation.dir/test_segment_timer_differentiation.cpp.o
[1470/2097] Building CXX object tests/unit/CMakeFiles/test_pathb_segment_timer.dir/test_pathb_segment_timer.cpp.o
[1471/2097] Building CXX object tests/unit/CMakeFiles/test_29_container_framework.dir/test_29_container_framework.cpp.o
[1472/2097] Building CXX object tests/unit/CMakeFiles/test_striktheit_axis_dach_guard.dir/test_striktheit_axis_dach_guard.cpp.o
[1473/2097] Building CXX object tests/unit/CMakeFiles/test_obs_phaseB_t11_t12.dir/test_obs_phaseB_t11_t12.cpp.o
[1474/2097] Building CXX object tests/unit/CMakeFiles/test_ap15_3_driveable_map_contract.dir/test_ap15_3_driveable_map_contract.cpp.o
[1475/2097] Building CXX object tests/unit/CMakeFiles/test_axis_error_taxonomy.dir/test_axis_error_taxonomy.cpp.o
[1476/2097] Building CXX object tests/unit/CMakeFiles/test_all19_segment_timer.dir/test_all19_segment_timer.cpp.o
[1477/2097] Building CXX object tests/unit/CMakeFiles/test_a14_os_sub_axes_guard.dir/test_a14_os_sub_axes_guard.cpp.o
[1478/2097] Building CXX object tests/unit/CMakeFiles/test_phase_b_effective_search_algo_contrast.dir/test_phase_b_effective_search_algo_contrast.cpp.o
[1479/2097] Building CXX object tests/unit/CMakeFiles/test_meta_meta_halbordnung.dir/test_meta_meta_halbordnung.cpp.o
[1480/2097] Building CXX object tests/unit/CMakeFiles/test_striktheit_abi_pod_guard.dir/test_striktheit_abi_pod_guard.cpp.o
[1481/2097] Building CXX object tests/unit/CMakeFiles/test_s7_1_bst_pool_allocator_deg.dir/test_s7_1_bst_pool_allocator_deg.cpp.o
[1482/2097] Building CXX object tests/unit/CMakeFiles/test_obs_phaseA.dir/test_obs_phaseA.cpp.o
[1483/2097] Building CXX object tests/unit/CMakeFiles/test_striktheit_metaprog_guard.dir/test_striktheit_metaprog_guard.cpp.o
[1484/2097] Building CXX object tests/unit/CMakeFiles/test_ap15_2_get_allocator_proxy.dir/test_ap15_2_get_allocator_proxy.cpp.o
[1485/2097] Building CXX object tests/unit/CMakeFiles/test_striktheit_scan_kernel_purity.dir/test_striktheit_scan_kernel_purity.cpp.o
[1486/2097] Building CXX object tests/unit/CMakeFiles/test_cmd1_a_axis_command_base.dir/test_cmd1_a_axis_command_base.cpp.o
[1487/2097] Building CXX object tests/unit/CMakeFiles/test_188_4bb0_pool_organ_wide_key_conformance.dir/test_188_4bb0_pool_organ_wide_key_conformance.cpp.o
[1488/2097] Building CXX object tests/unit/CMakeFiles/test_obs_phaseB_pilot.dir/test_obs_phaseB_pilot.cpp.o
[1489/2097] Building CXX object tests/unit/CMakeFiles/test_striktheit_axes_guard.dir/test_striktheit_axes_guard.cpp.o
[1490/2097] Building CXX object tests/unit/CMakeFiles/test_s7_2_btree_pool_allocator_deg.dir/test_s7_2_btree_pool_allocator_deg.cpp.o
[1491/2097] Building CXX object tests/unit/CMakeFiles/test_234_va_shaped_adapter.dir/test_234_va_shaped_adapter.cpp.o
[1492/2097] Building CXX object tests/unit/CMakeFiles/test_234_f3_bst_shape.dir/test_234_f3_bst_shape.cpp.o
[1493/2097] Building CXX object tests/unit/CMakeFiles/test_234_f2_skip_list_shape.dir/test_234_f2_skip_list_shape.cpp.o
[1494/2097] Building CXX object tests/unit/CMakeFiles/test_s7_3_skip_list_pool_allocator_deg.dir/test_s7_3_skip_list_pool_allocator_deg.cpp.o
[1495/2097] Building CXX object tests/unit/CMakeFiles/test_234_f4_hash_probe_shape.dir/test_234_f4_hash_probe_shape.cpp.o
[1496/2097] Building CXX object tests/unit/CMakeFiles/test_s7_6_hot_pool_allocator_deg.dir/test_s7_6_hot_pool_allocator_deg.cpp.o
[1497/2097] Building CXX object tests/unit/CMakeFiles/test_s7_4_hash_pool_allocator_deg.dir/test_s7_4_hash_pool_allocator_deg.cpp.o
[1498/2097] Building CXX object tests/unit/CMakeFiles/test_234_vb_rest_families_shaped.dir/test_234_vb_rest_families_shaped.cpp.o
[1499/2097] Building CXX object tests/unit/CMakeFiles/test_s7_9_surf_pool_allocator_deg.dir/test_s7_9_surf_pool_allocator_deg.cpp.o
[1500/2097] Building CXX object tests/unit/CMakeFiles/test_s7_7_start_pool_allocator_deg.dir/test_s7_7_start_pool_allocator_deg.cpp.o
[1501/2097] Building CXX object tests/unit/CMakeFiles/test_s7_5_art_pool_allocator_deg.dir/test_s7_5_art_pool_allocator_deg.cpp.o
[1502/2097] Building CXX object tests/unit/CMakeFiles/test_s7_8_wormhole_pool_allocator_deg.dir/test_s7_8_wormhole_pool_allocator_deg.cpp.o
[1503/2097] Building CXX object tests/unit/CMakeFiles/test_234_f1_btree_order_shape.dir/test_234_f1_btree_order_shape.cpp.o
[1504/2097] Building CXX object tests/unit/CMakeFiles/test_s7_10_swiss_pool_allocator_deg.dir/test_s7_10_swiss_pool_allocator_deg.cpp.o
[1505/2097] Building CXX object tests/unit/CMakeFiles/test_188_4a_eytzinger_organ.dir/test_188_4a_eytzinger_organ.cpp.o
[1506/2097] Building CXX object tests/unit/CMakeFiles/test_188_4bbV_pool_adapter_flip_compile.dir/test_188_4bbV_pool_adapter_flip_compile.cpp.o
[1507/2097] Building CXX object tests/unit/CMakeFiles/test_216h2_stat_reset_after_load.dir/test_216h2_stat_reset_after_load.cpp.o
[1508/2097] Building CXX object tests/unit/CMakeFiles/test_abi_adapter_g3_batch2.dir/test_abi_adapter_g3_batch2.cpp.o
[1509/2097] Building CXX object tests/unit/CMakeFiles/test_221_rc_prefetch_distance.dir/test_221_rc_prefetch_distance.cpp.o
[1510/2097] Building CXX object tests/unit/CMakeFiles/test_217_2a_capacity_guard.dir/test_217_2a_capacity_guard.cpp.o
[1511/2097] Building CXX object tests/unit/CMakeFiles/m3v2_pmc_smoke.dir/thesis_tiere/m3v2_pmc_smoke.cpp.o
[1512/2097] Building CXX object tests/unit/CMakeFiles/test_harness_compile.dir/test_harness_compile.cpp.o
[1513/2097] Building CXX object tests/unit/CMakeFiles/test_experiment_dock_payload.dir/test_experiment_dock_payload.cpp.o
[1514/2097] Building CXX object tests/unit/CMakeFiles/test_e1_contract_rc_konsum.dir/test_e1_contract_rc_konsum.cpp.o
[1515/2097] Building CXX object tests/unit/CMakeFiles/test_b3_schema_freeze_stufe1.dir/test_b3_schema_freeze_stufe1.cpp.o
[1516/2097] Building CXX object tests/unit/CMakeFiles/test_188_4cii_flat_wrapper_traversal.dir/test_188_4cii_flat_wrapper_traversal.cpp.o
[1517/2097] Building CXX object tests/unit/CMakeFiles/test_mt_l3_wide_schema_orakel.dir/test_mt_l3_wide_schema_orakel.cpp.o
[1518/2097] Building CXX object tests/unit/CMakeFiles/test_vor_push_gate.dir/test_vor_push_gate.cpp.o
[1519/2097] Building CXX object tests/unit/CMakeFiles/test_lazy_resume_binary.dir/test_lazy_resume_binary.cpp.o
[1520/2097] Building CXX object tests/unit/CMakeFiles/test_axis_kind_kategorien_zuordnung.dir/test_axis_kind_kategorien_zuordnung.cpp.o
[1521/2097] Building CXX object tests/unit/CMakeFiles/test_axis_kind_wire_totalitaet.dir/test_axis_kind_wire_totalitaet.cpp.o
[1522/2097] Building CXX object tests/unit/CMakeFiles/test_a5_eta_slice_verdrahtung.dir/test_a5_eta_slice_verdrahtung.cpp.o
[1523/2097] Building CXX object tests/unit/CMakeFiles/test_profile_coverage.dir/thesis_tiere/test_profile_coverage.cpp.o
[1524/2097] Building CXX object tests/unit/CMakeFiles/test_w5_status_reader.dir/test_w5_status_reader.cpp.o
[1525/2097] Building CXX object tests/unit/CMakeFiles/test_ap2_katalog_pfad_stubfrei.dir/thesis_tiere/test_ap2_katalog_pfad_stubfrei.cpp.o
[1526/2097] Building CXX object tests/unit/CMakeFiles/test_lagp2_messwert_genus.dir/test_lagp2_messwert_genus.cpp.o
[1527/2097] Building CXX object tests/unit/CMakeFiles/test_188_4c0_known_compositions_conformance.dir/test_188_4c0_known_compositions_conformance.cpp.o
[1528/2097] Building CXX object libs/cache_engine/profile_facade/CMakeFiles/comdare_profile_run_facade.dir/profile_run_facade.cpp.o
[1529/2097] Linking CXX static library libs/cache_engine/profile_facade/libcomdare_profile_run_facade.a
[1530/2097] Linking CXX executable apps/experiment_planner/comdare-experiment-planner
[1531/2097] Generating CXX dyndep file tests/unit/CMakeFiles/test_check_size_cli_deckel.dir/CXX.dd
[1532/2095] Generating CXX dyndep file tests/unit/CMakeFiles/test_vl3_debug_flag_sperre.dir/CXX.dd
[1533/2093] Building CXX object tests/unit/CMakeFiles/test_f3_lager_key_provider_iterator.dir/test_f3_lager_key_provider_iterator.cpp.o
[1534/2093] Building CXX object tests/unit/CMakeFiles/test_org18_persistence_target.dir/test_org18_persistence_target.cpp.o
[1535/2093] Linking CXX shared library generated/goalv6_dll_modules/libperm_set_d9.so
[1536/2093] Linking CXX shared library generated/goalv6_dll_modules/libperm_sequence_d10.so
[1537/2093] Linking CXX shared library generated/goalv6_dll_modules/libperm_view_d11.so
[1538/2093] Linking CXX shared library generated/goalv6_dll_modules/libperm_buildvariant_avx512.so
[1539/2093] Linking CXX shared library generated/goalv6_dll_modules/libperm_buildvariant_avx2.so
[1540/2093] Linking CXX shared library generated/goalv6_dll_modules/libperm_adapter_d12.so
[1541/2093] Linking CXX shared library generated/goalv6_dll_modules/libperm_set_defekt_d13.so
[1542/2093] Linking CXX shared library generated/goalv6_dll_modules/libperm_alt_major7.so
[1543/2093] Linking CXX shared library generated/goalv6_dll_modules/libperm_major7_neue_magic.so
[1544/2093] Linking CXX shared library generated/goalv6_dll_modules/libperm_q2_luegner.so
[1545/2093] Linking CXX shared library generated/goalv6_dll_modules/libperm_q2_ohne_gattung.so
[1546/2093] Linking CXX shared library generated/goalv6_dll_modules/libperm_q2_ohne_genus.so
[1547/2093] Linking CXX shared library generated/goalv6_dll_modules/libperm_alt_magic_ohne_symbole.so
[1548/2093] Linking CXX shared library generated/goalv6_dll_modules/libhybrid_reroute_searchalgorithm.so
[1549/2093] Linking CXX shared library generated/goalv6_dll_modules/libhybrid_reroute_set.so
[1550/2093] Building CXX object tests/unit/CMakeFiles/test_dgenus_dll.dir/test_dgenus_dll.cpp.o
[1551/2093] Building CXX object tests/unit/CMakeFiles/test_measurement_categories.dir/thesis_tiere/test_measurement_categories.cpp.o
[1552/2093] Building CXX object tests/unit/CMakeFiles/test_experiment_kern_seam.dir/thesis_tiere/test_experiment_kern_seam.cpp.o
[1553/2093] Building CXX object tests/unit/CMakeFiles/test_experiment_parser.dir/thesis_tiere/test_experiment_parser.cpp.o
[1554/2093] Linking CXX shared library generated/goalv6_dll_modules/libperm_buildvariant_real_avx512.so
[1555/2093] Linking CXX shared library generated/goalv6_dll_modules/libperm_buildvariant_real_avx2.so
[1556/2093] Linking CXX shared library generated/goalv6_dll_modules/libperm_adhoc_buildvariant.so
[1557/2093] Building CXX object tests/unit/CMakeFiles/test_merge_plan_directive.dir/thesis_tiere/test_merge_plan_directive.cpp.o
[1558/2093] Building CXX object tests/unit/CMakeFiles/test_d4b_container_dll.dir/test_d4b_container_dll.cpp.o
[1559/2093] Building CXX object tests/unit/CMakeFiles/test_adhoc_buildvariant_dll.dir/test_adhoc_buildvariant_dll.cpp.o
[1560/2093] Building CXX object tests/unit/CMakeFiles/test_experiment_projection.dir/thesis_tiere/test_experiment_projection.cpp.o
[1561/2093] Building CXX object tests/unit/CMakeFiles/test_e24_c10_g5_lade_wache.dir/test_e24_c10_g5_lade_wache.cpp.o
[1562/2093] Building CXX object tests/unit/CMakeFiles/test_sota_st2_dedup.dir/thesis_tiere/test_sota_st2_dedup.cpp.o
[1563/2093] Building CXX object tests/unit/CMakeFiles/test_tp1_planer_filter_iterator.dir/test_tp1_planer_filter_iterator.cpp.o
[1564/2093] Building CXX object tests/unit/CMakeFiles/test_wdk_datasets_fairness.dir/thesis_tiere/test_wdk_datasets_fairness.cpp.o
[1565/2093] Building CXX object tests/unit/CMakeFiles/test_d13_dll_runtime_measure.dir/test_d13_dll_runtime_measure.cpp.o
[1566/2093] Building CXX object tests/unit/CMakeFiles/test_best_binary_selector_parse_rank.dir/test_best_binary_selector_parse_rank.cpp.o
[1567/2093] Building CXX object tests/unit/CMakeFiles/test_e2_contract_abi_vertrag.dir/test_e2_contract_abi_vertrag.cpp.o
[1568/2093] Building CXX object tests/unit/CMakeFiles/test_w3_mess_interface_testate_dock.dir/test_w3_mess_interface_testate_dock.cpp.o
[1569/2093] Building CXX object tests/unit/CMakeFiles/test_hybrid_spline_selector_scaffold.dir/test_hybrid_spline_selector_scaffold.cpp.o
[1570/2093] Building CXX object tests/unit/CMakeFiles/test_m_simd_feature_flag_catalog.dir/test_m_simd_feature_flag_catalog.cpp.o
[1571/2093] Building CXX object tests/unit/CMakeFiles/test_e24_c10_genus_dll_roundtrip.dir/test_e24_c10_genus_dll_roundtrip.cpp.o
[1572/2093] Building CXX object tests/unit/CMakeFiles/test_fb_alloc_hw_subaxis.dir/test_fb_alloc_hw_subaxis.cpp.o
[1573/2093] Building CXX object tests/unit/CMakeFiles/test_ff2_node_width_subaxis.dir/test_ff2_node_width_subaxis.cpp.o
[1574/2093] Building CXX object tests/unit/CMakeFiles/test_m_contract_system_axis_wurzel.dir/test_m_contract_system_axis_wurzel.cpp.o
[1575/2093] Building CXX object tests/unit/CMakeFiles/test_h2_score_akte.dir/thesis_tiere/test_h2_score_akte.cpp.o
[1576/2093] Building CXX object tests/unit/CMakeFiles/test_p1_spd_ddr5_parser.dir/test_p1_spd_ddr5_parser.cpp.o
[1577/2093] Building CXX object tests/unit/CMakeFiles/test_a9b_active_deklaration_inert.dir/test_a9b_active_deklaration_inert.cpp.o
[1578/2093] Building CXX object tests/unit/CMakeFiles/test_p2_ram_identity_verdict.dir/test_p2_ram_identity_verdict.cpp.o
[1579/2093] Building CXX object tests/unit/CMakeFiles/test_o4_machine_identity.dir/test_o4_machine_identity.cpp.o
[1580/2093] Building CXX object tests/unit/CMakeFiles/test_validate_profile.dir/thesis_tiere/test_validate_profile.cpp.o
[1581/2093] Building CXX object tests/unit/CMakeFiles/test_os_u3_probe.dir/test_os_u3_probe.cpp.o
[1582/2093] Building CXX object tests/unit/CMakeFiles/test_c3b_kanal_merge_beleg.dir/test_c3b_kanal_merge_beleg.cpp.o
[1583/2093] Building CXX object tests/unit/CMakeFiles/test_c3a_gate_scharfschaltung.dir/test_c3a_gate_scharfschaltung.cpp.o
[1584/2093] Building CXX object tests/unit/CMakeFiles/test_p2_ram_probe_chain.dir/test_p2_ram_probe_chain.cpp.o
[1585/2093] Building CXX object tests/unit/CMakeFiles/test_p3_boot_cache_dmi.dir/test_p3_boot_cache_dmi.cpp.o
[1586/2093] Building CXX object tests/unit/CMakeFiles/test_axis_sweep_coverage.dir/thesis_tiere/test_axis_sweep_coverage.cpp.o
[1587/2093] Building CXX object tests/unit/CMakeFiles/test_od10_numa_page_probe.dir/test_od10_numa_page_probe.cpp.o
[1588/2093] Linking CXX shared library generated/r3_biss_modules/libr3_biss_modul_gates_an.so
[1589/2093] Building CXX object tests/unit/CMakeFiles/test_progress_heartbeat.dir/test_progress_heartbeat.cpp.o
[1590/2093] Linking CXX shared library generated/r3_biss_modules/libr3_biss_modul_gates_aus.so
[1591/2093] Building CXX object tests/unit/CMakeFiles/test_d4_ceb_schluessel_wahl.dir/test_d4_ceb_schluessel_wahl.cpp.o
[1592/2093] Building CXX object tests/unit/CMakeFiles/test_g1_binary_version_stamp.dir/test_g1_binary_version_stamp.cpp.o
[1593/2093] Building CXX object tests/unit/CMakeFiles/test_r3_mess_gate_fingerprint_biss.dir/test_r3_mess_gate_fingerprint_biss.cpp.o
[1594/2093] Building CXX object tests/unit/CMakeFiles/test_od11_numa_cpu_pin_process_probe.dir/test_od11_numa_cpu_pin_process_probe.cpp.o
[1595/2093] Building CXX object tests/unit/CMakeFiles/test_w10_system_cell_values.dir/test_w10_system_cell_values.cpp.o
[1596/2093] Building CXX object tests/unit/CMakeFiles/test_phase6_vorbau.dir/test_phase6_vorbau.cpp.o
[1597/2093] Building CXX object tests/unit/CMakeFiles/test_d2_mess_konsistenz_gate.dir/test_d2_mess_konsistenz_gate.cpp.o
[1598/2093] Building CXX object tests/unit/CMakeFiles/test_smoke_coverage_profile.dir/thesis_tiere/test_smoke_coverage_profile.cpp.o
[1599/2093] Building CXX object tests/unit/CMakeFiles/test_r3_mess_gates_spiegel.dir/test_r3_mess_gates_spiegel.cpp.o
[1600/2093] Building CXX object tests/unit/CMakeFiles/test_simd_field_sum_dispatch.dir/test_simd_field_sum_dispatch.cpp.o
[1601/2093] Building CXX object tests/unit/CMakeFiles/test_simd_field_sum_dispatch_avx2.dir/test_simd_field_sum_dispatch.cpp.o
[1602/2093] Building CXX object tests/unit/CMakeFiles/test_simd_field_sum_dispatch_avx512.dir/test_simd_field_sum_dispatch.cpp.o
[1603/2093] Building CXX object tests/unit/CMakeFiles/test_simd_add_u64_carry.dir/test_simd_add_u64_carry.cpp.o
[1604/2093] Building CXX object tests/unit/CMakeFiles/test_simd_add_u64_carry_avx2.dir/test_simd_add_u64_carry.cpp.o
[1605/2093] Building CXX object tests/unit/CMakeFiles/test_simd_add_u64_carry_avx512.dir/test_simd_add_u64_carry.cpp.o
[1606/2093] Building CXX object tests/unit/CMakeFiles/test_w2_combo_ct_stamp.dir/test_w2_combo_ct_stamp.cpp.o
[1607/2093] Building CXX object tests/unit/CMakeFiles/test_b5_pmc_ehrlichkeit_alle_sieben.dir/test_b5_pmc_ehrlichkeit_alle_sieben.cpp.o
[1608/2093] Building CXX object tests/unit/CMakeFiles/test_planner_version_flag_grammatik.dir/test_planner_version_flag_grammatik.cpp.o
[1609/2093] Building CXX object tests/unit/CMakeFiles/test_g3_eta_estimator.dir/test_g3_eta_estimator.cpp.o
[1610/2093] Building CXX object tests/unit/CMakeFiles/test_g3_reservation_lifecycle.dir/test_g3_reservation_lifecycle.cpp.o
[1611/2093] Building CXX object tests/unit/CMakeFiles/test_reflect_versions_all17.dir/test_reflect_versions_all17.cpp.o
[1612/2093] Building CXX object tests/unit/CMakeFiles/test_m_w12_stamp_bausteine.dir/test_m_w12_stamp_bausteine.cpp.o
[1613/2093] Building CXX object tests/unit/CMakeFiles/test_reflect_versions_all_registered.dir/test_reflect_versions_all_registered.cpp.o
[1614/2093] Building CXX object tests/unit/CMakeFiles/test_b2_gate_zustand_g2an_g3aus.dir/test_b2_gate_zustand_g2an_g3aus.cpp.o
[1615/2093] Building CXX object tests/unit/CMakeFiles/test_a1_algo_version_pin_alloc_axis.dir/test_a1_algo_version_pin_alloc_axis.cpp.o
[1616/2093] Building CXX object tests/unit/CMakeFiles/test_g3_bestandslog_document.dir/test_g3_bestandslog_document.cpp.o
[1617/2093] Building CXX object tests/unit/CMakeFiles/test_g3_writer_backend_io_uring.dir/test_g3_writer_backend_io_uring.cpp.o
[1618/2093] Building CXX object tests/unit/CMakeFiles/test_g3_ram_spool_writer.dir/test_g3_ram_spool_writer.cpp.o
[1619/2093] Building CXX object tests/unit/CMakeFiles/test_a5_eta_kalibrierung.dir/test_a5_eta_kalibrierung.cpp.o
[1620/2093] Building CXX object tests/unit/CMakeFiles/test_lagz1_lager_schluessel_simd.dir/test_lagz1_lager_schluessel_simd.cpp.o
[1621/2093] Building CXX object tests/unit/CMakeFiles/test_bvset_teilmenge.dir/test_bvset_teilmenge.cpp.o
[1622/2093] Building CXX object tests/unit/CMakeFiles/test_g3_batch_planner.dir/test_g3_batch_planner.cpp.o
[1623/2093] Building CXX object tests/unit/CMakeFiles/test_g2_variant_sidecar.dir/test_g2_variant_sidecar.cpp.o
[1624/2093] Building CXX object tests/unit/CMakeFiles/test_g3_sha512_index.dir/test_g3_sha512_index.cpp.o
[1625/2093] Building CXX object tests/unit/CMakeFiles/test_g3_bestandslog_lock.dir/test_g3_bestandslog_lock.cpp.o
[1626/2093] Building CXX object tests/unit/CMakeFiles/test_g3_prune.dir/test_g3_prune.cpp.o
[1627/2093] Building CXX object tests/unit/CMakeFiles/test_a2_sha512_skip_gate.dir/test_a2_sha512_skip_gate.cpp.o
[1628/2093] Building CXX object tests/unit/CMakeFiles/test_g3_planer_driven.dir/test_g3_planer_driven.cpp.o
[1629/2093] Building CXX object tests/unit/CMakeFiles/test_g3_builder_registration.dir/test_g3_builder_registration.cpp.o
[1630/2093] Building CXX object tests/unit/CMakeFiles/test_lb0_lager_pfad_grammatik.dir/test_lb0_lager_pfad_grammatik.cpp.o
[1631/2093] Building CXX object tests/unit/CMakeFiles/test_ge3_messwert_genus_und_ziel.dir/test_ge3_messwert_genus_und_ziel.cpp.o
[1632/2093] Building CXX object tests/unit/CMakeFiles/test_ge1_claim_check_und_sidecar.dir/test_ge1_claim_check_und_sidecar.cpp.o
[1633/2093] Building CXX object tests/unit/CMakeFiles/test_g3_lager_presence.dir/test_g3_lager_presence.cpp.o
[1634/2093] Building CXX object tests/unit/CMakeFiles/test_g3_takeover_sweep.dir/test_g3_takeover_sweep.cpp.o
[1635/2093] Building CXX object tests/unit/CMakeFiles/test_lb1_knoten_heuristik_log.dir/test_lb1_knoten_heuristik_log.cpp.o
[1636/2093] Building CXX object tests/unit/CMakeFiles/test_b14_layout_scan_line_subaxis.dir/test_b14_layout_scan_line_subaxis.cpp.o
[1637/2093] Building CXX object tests/unit/CMakeFiles/test_p_cacheline_store_line_source.dir/test_p_cacheline_store_line_source.cpp.o
[1638/2093] Building CXX object tests/unit/CMakeFiles/test_experiment_plan_director.dir/thesis_tiere/test_experiment_plan_director.cpp.o
[1639/2093] Building CXX object tests/unit/CMakeFiles/test_a9s3_writeback_method_xlsx.dir/test_a9s3_writeback_method_xlsx.cpp.o
[1640/2093] Building CXX object tests/unit/CMakeFiles/test_a8s3_csv_klasse_c.dir/test_a8s3_csv_klasse_c.cpp.o
[1641/2093] Building CXX object tests/unit/CMakeFiles/test_fk1_nicht_gebaut_marker.dir/test_fk1_nicht_gebaut_marker.cpp.o
[1642/2093] Building CXX object tests/unit/CMakeFiles/test_rf2_admission_marker_inert.dir/test_rf2_admission_marker_inert.cpp.o
[1643/2093] Building CXX object tests/unit/CMakeFiles/test_g3_artifact_cache_transport.dir/test_g3_artifact_cache_transport.cpp.o
[1644/2093] Building CXX object tests/unit/CMakeFiles/test_a9_xlsx_vendor_rauchtest.dir/test_a9_xlsx_vendor_rauchtest.cpp.o
[1645/2093] Building CXX object tests/unit/CMakeFiles/test_m1hb_observer_zellen_ehrlich.dir/test_m1hb_observer_zellen_ehrlich.cpp.o
[1646/2093] Building CXX object tests/unit/CMakeFiles/test_a9s4_realm_scan_stale.dir/test_a9s4_realm_scan_stale.cpp.o
[1647/2093] Building CXX object tests/unit/CMakeFiles/test_a9s3_xlsx_ergebnis_writer.dir/test_a9s3_xlsx_ergebnis_writer.cpp.o
[1648/2093] Building CXX object tests/unit/CMakeFiles/test_a9s4_dynamic_axis_filter.dir/test_a9s4_dynamic_axis_filter.cpp.o
[1649/2093] Building CXX object tests/unit/CMakeFiles/test_mt_l4_registrierungs_wache_isa.dir/test_mt_l4_registrierungs_wache_isa.cpp.o
[1650/2093] Building CXX object tests/unit/CMakeFiles/test_a9s3_ergebnis_mappe_csv.dir/test_a9s3_ergebnis_mappe_csv.cpp.o
[1651/2093] Linking CXX shared library generated/naht1_modules_an/comdare_anatomy_perm_naht1_an.so
[1652/2093] Linking CXX shared library generated/naht1_modules_aus/comdare_anatomy_perm_naht1_aus.so
[1653/2093] Building CXX object tests/unit/CMakeFiles/test_d3_6_realm_selektor_produktionsablage.dir/test_d3_6_realm_selektor_produktionsablage.cpp.o
[1654/2093] Building CXX object tests/unit/CMakeFiles/test_hyg_kumulativer_bereich.dir/test_hyg_kumulativer_bereich.cpp.o
[1655/2093] Building CXX object tests/unit/CMakeFiles/test_a9s3_mess_ebene_blattsorte.dir/test_a9s3_mess_ebene_blattsorte.cpp.o
[1656/2093] Building CXX object tests/unit/CMakeFiles/test_warn1_d2_fingerprint_koeder.dir/test_warn1_d2_fingerprint_koeder.cpp.o
[1657/2093] Building CXX object tests/unit/CMakeFiles/test_ck1_messkette_koeder.dir/test_ck1_messkette_koeder.cpp.o
[1658/2093] Building CXX object tests/unit/CMakeFiles/test_a9s4_mess_report_render.dir/test_a9s4_mess_report_render.cpp.o
[1659/2093] Building CXX object tests/unit/CMakeFiles/test_flaeche3_deckung_ceb_aus_tier_an.dir/test_flaeche3_deckung_ceb_aus_tier_an.cpp.o
[1660/2093] Building CXX object tests/unit/CMakeFiles/test_warn2a_block_id_bidirektional.dir/test_warn2a_block_id_bidirektional.cpp.o
[1661/2093] Building CXX object tests/unit/CMakeFiles/test_b14_abi_adapter_line_subaxis_paths.dir/test_b14_abi_adapter_line_subaxis_paths.cpp.o
[1662/2093] Building CXX object tests/unit/CMakeFiles/test_d55_hdr_verdrahtung.dir/test_d55_hdr_verdrahtung.cpp.o
[1663/2093] Building CXX object tests/unit/CMakeFiles/test_d2g1_ctest_registrierung.dir/test_d2g1_ctest_registrierung.cpp.o
[1664/2093] Building CXX object tests/unit/CMakeFiles/test_d2_abdeckungs_wache_nenner.dir/test_d2_abdeckungs_wache_nenner.cpp.o
[1665/2093] Building CXX object tests/unit/CMakeFiles/test_naht1_mess_visitor_biss.dir/test_naht1_mess_visitor_biss.cpp.o
[1666/2093] Building CXX object tests/unit/CMakeFiles/test_a9s4_skip_manifest.dir/test_a9s4_skip_manifest.cpp.o
[1667/2093] Building CXX object tests/unit/CMakeFiles/test_t6_wachen_inventar.dir/test_t6_wachen_inventar.cpp.o
[1668/2093] Building CXX object tests/unit/CMakeFiles/test_t6_biss_achsen_roundtrip_wache.dir/test_t6_biss_achsen_roundtrip_wache.cpp.o
[1669/2093] Building CXX object tests/unit/CMakeFiles/test_t6_biss_sichtbarkeits_wache.dir/test_t6_biss_sichtbarkeits_wache.cpp.o
[1670/2093] Building CXX object tests/unit/CMakeFiles/test_anker_marke_statt_ledgerzeile.dir/test_anker_marke_statt_ledgerzeile.cpp.o
[1671/2093] Building CXX object tests/unit/CMakeFiles/test_t6_biss_registrierungs_wache.dir/test_t6_biss_registrierungs_wache.cpp.o
[1672/2093] Linking CXX static library lib/libgmock_main.a
[1673/2093] Linking CXX executable libs/cache_engine/builder/commands/tests/test_commands
[1674/2093] Linking CXX executable libs/cache_engine/builder/commands/tests/test_engine_adapters
[1675/2093] Building CXX object tests/unit/CMakeFiles/test_s3_ordnung_relation.dir/test_s3_ordnung_relation.cpp.o
[1676/2093] Linking CXX executable apps/cache_engine_builder/comdare-cache-engine-builder
[1677/2093] Linking CXX executable apps/anatomy_codegen_tool/comdare-anatomy-codegen-tool
[1678/2093] Linking CXX executable apps/adhoc_emitter/comdare-adhoc-emitter
[1679/2093] Linking CXX executable apps/perm_runner/perm_runner
[1680/2093] Linking CXX executable apps/f15_compare/comdare-f15-compare
[1681/2093] Linking CXX executable tests/unit/test_pressure_state
[1682/2093] Building CXX object tests/unit/CMakeFiles/test_pa1_tote_ausnahme.dir/test_pa1_tote_ausnahme.cpp.o
[1683/2093] Linking CXX executable tests/unit/test_cache_recommendation
[1684/2093] Linking CXX executable tests/unit/test_cpuid_probe
[1685/2093] Linking CXX executable tests/unit/test_permutation_flags
[1686/2093] Linking CXX executable tests/unit/test_event_hierarchy
[1687/2093] Linking CXX executable tests/unit/test_observer_registry
[1688/2093] Linking CXX executable tests/unit/test_decision_trees
[1689/2093] Linking CXX executable tests/unit/test_decision_lambda_registry
[1690/2093] Linking CXX executable tests/unit/test_concurrency_disciplines
[1691/2093] Linking CXX executable tests/unit/test_telemetry_strategies
[1692/2093] Linking CXX executable tests/unit/test_platform_concepts
[1693/2093] Linking CXX executable tests/unit/test_cache_hierarchy_and_mode
[1694/2093] Linking CXX executable tests/unit/test_measurement_buffer
[1695/2093] Linking CXX executable tests/unit/test_sub_engines
[1696/2093] Linking CXX executable tests/unit/test_allocator_concepts
[1697/2093] Linking CXX executable tests/unit/test_config_durability
[1698/2093] Linking CXX executable tests/unit/test_abi_interface
[1699/2093] Linking CXX executable tests/unit/test_chaos_drift_gate
[1700/2093] Linking CXX executable tests/unit/test_t15_drift_gate_messschleife
[1701/2093] Linking CXX executable tests/unit/test_test_data_accumulation
[1702/2093] Linking CXX executable tests/unit/test_benchmark_suite
[1703/2093] Linking CXX executable tests/unit/test_workload_and_experiment
[1704/2093] Linking CXX executable tests/unit/test_allocator_full_matrix
[1705/2093] Linking CXX executable tests/unit/test_ycsb_cli
[1706/2093] Linking CXX executable tests/unit/test_builder_codegen
[1707/2093] Linking CXX executable tests/unit/test_codegen_from_profile
[1708/2093] Linking CXX executable tests/unit/test_experiment_driver_v13
[1709/2093] Linking CXX executable tests/unit/test_permutation_sampling
[1710/2093] Linking CXX executable tests/unit/test_latex_anhang
[1711/2093] Linking CXX executable tests/unit/test_rcu
[1712/2093] Linking CXX executable tests/unit/test_rcu_concurrency
[1713/2093] Linking CXX executable tests/unit/test_succinct
[1714/2093] Linking CXX executable tests/unit/test_hbm_hierarchy
[1715/2093] Linking CXX executable tests/unit/test_module_loader
[1716/2093] Linking CXX executable tests/unit/test_v31_adapters
[1717/2093] Linking CXX executable tests/unit/test_v41_indexes
[1718/2093] Linking CXX executable tests/unit/test_v41_topic_allocator_axis_06
[1719/2093] Building CXX object tests/unit/CMakeFiles/test_a9s5_ergebnis_mappe_naht.dir/test_a9s5_ergebnis_mappe_naht.cpp.o
[1720/2093] Linking CXX executable tests/unit/test_v41_topic_queuing
[1721/2093] Linking CXX executable tests/unit/test_v41_paper_legacy_code
[1722/2093] Linking CXX executable tests/unit/test_v41_topic_traversal
[1723/2093] Linking CXX executable tests/unit/test_ctsha512
[1724/2093] Linking CXX executable tests/unit/test_v41_topics_fundament
[1725/2093] Linking CXX executable tests/unit/test_v41_compositions
[1726/2093] Linking CXX executable tests/unit/test_v41_anatomy
[1727/2093] Building CXX object tests/unit/CMakeFiles/test_vs_taxonomie_klassen_grep.dir/test_vs_taxonomie_klassen_grep.cpp.o
[1728/2093] Linking CXX executable tests/unit/test_v41_anatomy_r4_driver
[1729/2093] Linking CXX executable tests/unit/test_v41_tier_observe_trace
[1730/2093] Linking CXX executable tests/unit/test_v41_anatomy_observer
[1731/2093] Linking CXX executable tests/unit/test_v41_axis_03a_cross_variant_equivalence
[1732/2093] Linking CXX executable tests/unit/test_ap7_swisstable
[1733/2093] Linking CXX executable tests/unit/test_ap7b_swiss_organ
[1734/2093] Linking CXX executable tests/unit/test_ap7b3_swiss_isa_group_match
[1735/2093] Building CXX object tests/unit/CMakeFiles/test_s1_stempel_basis_vertrag.dir/test_s1_stempel_basis_vertrag.cpp.o
[1736/2093] Linking CXX executable tests/unit/test_ap8_hdr_histogram
[1737/2093] Linking CXX executable tests/unit/test_vampir_nfp_allocator
[1738/2093] Linking CXX executable tests/unit/test_v41_axis_03a_tier_organ_equivalence
[1739/2093] Linking CXX executable tests/unit/test_v41_anatomy_pruefling_merge
[1740/2093] Linking CXX executable tests/unit/test_v41_execution_engine
[1741/2093] Linking CXX executable tests/unit/test_v41_search_algorithm_permutation_engine
[1742/2093] Linking CXX executable tests/unit/test_v41_anatomy_base
[1743/2093] Linking CXX executable tests/unit/test_v41_anatomy_codegen
[1744/2093] Linking CXX executable tests/unit/test_v41_anatomy_module_abi
[1745/2093] Linking CXX executable tests/unit/test_v41_anatomy_codegen_tool
[1746/2093] Linking CXX executable tests/unit/test_v41_anatomy_module_loader
[1747/2093] Linking CXX executable tests/unit/test_v41_anatomy_multi_codegen
[1748/2093] Linking CXX executable tests/unit/test_v41_anatomy_codegen_tool_mp_list
[1749/2093] Linking CXX executable tests/unit/test_v41_anatomy_codegen_tool_traits
[1750/2093] Linking CXX executable tests/unit/test_v41_workload_generator
[1751/2093] Linking CXX executable tests/unit/test_v41_axis_12_general_hardware
[1752/2093] Linking CXX executable tests/unit/test_v41_axis_05_memory_layout
[1753/2093] Linking CXX executable tests/unit/test_v41_axis_11_telemetry
[1754/2093] Linking CXX executable tests/unit/test_v41_axis_07_prefetch
[1755/2093] Linking CXX executable tests/unit/test_v41_axis_02_axis_04_nodes
[1756/2093] Linking CXX executable tests/unit/test_v41_axis_10_serialization
[1757/2093] Linking CXX executable tests/unit/test_v41_axis_14_value_handle
[1758/2093] Linking CXX executable tests/unit/test_v41_axis_08_concurrency
[1759/2093] Linking CXX executable tests/unit/test_v41_status_code
[1760/2093] Linking CXX executable tests/unit/test_v41_serialization_primitives
[1761/2093] Linking CXX executable tests/unit/test_v41_axis_01_page_type
[1762/2093] Linking CXX executable tests/unit/test_pruefling_fixture_ladung
[1763/2093] Linking CXX executable tests/unit/test_v41_pruefling_registry
[1764/2093] Linking CXX executable tests/unit/test_v41_axis_filter_surf_organ
[1765/2093] Linking CXX executable tests/unit/test_v41_axis_filter_surf_louds_organ
[1766/2093] Linking CXX executable tests/unit/test_v41_axis_filter
[1767/2093] Linking CXX executable tests/unit/test_v41_axis_io
[1768/2093] Linking CXX executable tests/unit/test_v41_axis_migration
[1769/2093] Linking CXX executable tests/unit/test_v41_axis_09_isa
[1770/2093] Linking CXX executable tests/unit/test_v41_axis_01_index_organization
[1771/2093] Building CXX object tests/unit/CMakeFiles/test_lizenz_konsistenz.dir/test_lizenz_konsistenz.cpp.o
[1772/2093] Linking CXX executable tests/unit/test_v41_axis_09b_simd_extension
[1773/2093] Linking CXX executable tests/unit/test_v41_anatomy_r5i_configure_codegen
[1774/2093] Linking CXX executable tests/unit/test_v41_r5c3_isa_simd_cross_constraint
[1775/2093] Linking CXX executable tests/unit/test_v41_anatomy_f15_measurement
[1776/2093] Linking CXX executable tests/unit/test_v41_anatomy_adhoc_codegen_macro
[1777/2093] Linking CXX executable tests/unit/test_v41_pruef_dock_search_algorithm
[1778/2093] Linking CXX executable tests/unit/test_v5_memento_axis
[1779/2093] Linking CXX executable tests/unit/test_v5_conformance_gate
[1780/2093] Linking CXX executable tests/unit/test_v5_measurement_snapshot
[1781/2093] Linking CXX executable tests/unit/test_v5_workload_orchestrator
[1782/2093] Linking CXX executable tests/unit/test_heuristik_spline_break_even
[1783/2093] Linking CXX executable tests/unit/test_d51_perzentil_kanon
[1784/2093] Linking CXX executable tests/unit/test_v5_two_phase_driver
[1785/2093] Linking CXX executable tests/unit/test_ap13_thread_pinning
[1786/2093] Linking CXX executable tests/unit/test_ap9_provenance_manifest
[1787/2093] Linking CXX executable tests/unit/test_d54_trace_schema
[1788/2093] Linking CXX executable tests/unit/test_heuristik_workload_cluster
[1789/2093] Linking CXX executable tests/unit/test_184_dataset_loader_wiring
[1790/2093] Linking CXX executable tests/unit/test_ap10_dataset_akte
[1791/2093] Linking CXX executable tests/unit/test_25_kanon_dataset_akten
[1792/2093] Linking CXX executable tests/unit/test_45_sosd_uint64_loader
[1793/2093] Linking CXX executable tests/unit/test_v5_ycsb_distribution
[1794/2093] Linking CXX executable tests/unit/test_v5_disk_memento
[1795/2093] Linking CXX executable tests/unit/test_v5_organ_memento
[1796/2093] Linking CXX executable tests/unit/test_v5_ycsb_op_set
[1797/2093] Linking CXX executable tests/unit/test_v41_scan_range_organ
[1798/2093] Linking CXX executable tests/unit/test_v41_codegen_type_name
[1799/2093] Linking CXX executable tests/unit/test_v41_cache_engine_tools_facade
[1800/2093] Linking CXX executable tests/unit/test_v41_codegen_all_axes_umbrella
[1801/2093] Linking CXX executable tests/unit/test_v41_cache_engine_facade
[1802/2093] Linking CXX executable tests/unit/test_v41_anatomy_adhoc_dll_load
[1803/2093] Linking CXX executable tests/unit/test_pruef_only_gate
[1804/2093] Linking CXX executable tests/unit/test_v41_anatomy_adhoc_autobuilt_load
[1805/2093] Linking CXX executable tests/unit/test_d3_ceb_generator
[1806/2093] Linking CXX executable tests/unit/test_d7a_build_inspection
[1807/2093] Linking CXX executable tests/unit/test_container_dock
[1808/2093] Linking CXX executable tests/unit/test_genus_docks
[1809/2093] Linking CXX executable tests/unit/test_d1_d2_selection
[1810/2093] Linking CXX executable tests/unit/test_d_v42_serialization_observable
[1811/2093] Linking CXX executable tests/unit/test_d_v42_memory_layout_observable
[1812/2093] Linking CXX executable tests/unit/test_d_v42_node_type_observable
[1813/2093] Linking CXX executable tests/unit/test_a8s3_sa_organ_member_vollstaendigkeit
[1814/2093] Linking CXX executable tests/unit/test_e24_c3_cross_genus
[1815/2093] Linking CXX executable tests/unit/test_s14_axis_version_lock_tripwire
[1816/2093] Linking CXX executable tests/unit/test_hy_a1_dock_contract
[1817/2093] Linking CXX executable tests/unit/test_hy_a1_heuristik_adapter_gattung
[1818/2093] Linking CXX executable tests/unit/test_q2_identitaets_riegel
[1819/2093] Building CXX object tests/unit/CMakeFiles/test_k2_stufen_neutraler_loader.dir/test_k2_stufen_neutraler_loader.cpp.o
[1820/2093] Linking CXX executable tests/unit/test_hy_f8_reroute
[1821/2093] Linking CXX executable tests/unit/test_hy_a3_hybrid_config_parser
[1822/2093] Linking CXX executable tests/unit/test_e24_c4_genus_pruef_docks
[1823/2093] Linking CXX executable tests/unit/test_e24_c5_fk7_dock_fehlerklassen
[1824/2093] Linking CXX executable tests/unit/test_value_handle_real
[1825/2093] Linking CXX executable tests/unit/test_seg_coverage
[1826/2093] Linking CXX executable tests/unit/test_filter_real_from_keys
[1827/2093] Linking CXX executable tests/unit/test_migration_two_tier
[1828/2093] Linking CXX executable tests/unit/test_prefetch_real
[1829/2093] Linking CXX executable tests/unit/test_patricia_real
[1830/2093] Linking CXX executable tests/unit/test_prefetch_adversarial_verify
[1831/2093] Linking CXX executable tests/unit/test_prefetch_patha_t7
[1832/2093] Linking CXX executable tests/unit/test_s5_04_execution_alloc_conformance
[1833/2093] Linking CXX executable tests/unit/test_a8s1_t17_vollzaehligkeit
[1834/2093] Linking CXX executable tests/unit/test_s5_04_execution_perf_sanity
[1835/2093] Linking CXX executable tests/unit/test_a8s3_t17_stats_lesezeitpunkt
[1836/2093] Linking CXX executable tests/unit/test_s5_03_placement_alloc_conformance
[1837/2093] Linking CXX executable tests/unit/test_s5_03_placement_perf_sanity
[1838/2093] Linking CXX executable tests/unit/test_s5_01d_traversal_alloc_conformance
[1839/2093] Linking CXX executable tests/unit/test_s5_02a_layout_alloc_conformance
[1840/2093] Linking CXX executable tests/unit/test_s5_02b_filter_alloc_conformance
[1841/2093] Linking CXX executable tests/unit/test_s5_01a_pool_stores_perf_sanity
[1842/2093] Linking CXX executable tests/unit/test_s5_02a_layout_perf_sanity
[1843/2093] Linking CXX executable tests/unit/test_s5_01b_composable_alloc_conformance
[1844/2093] Linking CXX executable tests/unit/test_s5_01d_traversal_perf_sanity
[1845/2093] Linking CXX executable tests/unit/test_s5_02b_filter_perf_sanity
[1846/2093] Linking CXX executable tests/unit/test_s5_01a_pool_stores_alloc_conformance
[1847/2093] Linking CXX executable tests/unit/test_s5_01b_composable_perf_sanity
[1848/2093] Linking CXX executable tests/unit/test_s5_01c_fassaden_conformance
[1849/2093] Linking CXX executable tests/unit/test_s5_05q_queuing_alloc_conformance
[1850/2093] Linking CXX executable tests/unit/test_h64_allocator_adapter_failure_contract
[1851/2093] Linking CXX executable tests/unit/test_h81_allocator_statistics_forwarder_recursion
[1852/2093] Linking CXX executable tests/unit/test_cow_memento
[1853/2093] Linking CXX executable tests/unit/test_hash_lookup_backward_shift
[1854/2093] Linking CXX executable tests/unit/test_s5_05q_queuing_perf_sanity
[1855/2093] Linking CXX executable tests/unit/test_scalloc_realloc_alignment
[1856/2093] Linking CXX executable tests/unit/test_cuckoo_eviction_correctness
[1857/2093] Linking CXX executable tests/unit/test_a1_wurf_vertrag_allokator_store
[1858/2093] Linking CXX executable tests/unit/test_br1_full22_count
[1859/2093] Linking CXX executable tests/unit/test_br1_subset
[1860/2093] Linking CXX executable tests/unit/test_br2_roundtrip
[1861/2093] Linking CXX executable tests/unit/test_clu_per_layout
[1862/2093] Linking CXX executable tests/unit/test_br3_obs22
[1863/2093] Building CXX object tests/unit/CMakeFiles/test_s3_ordnung_freigabe.dir/test_s3_ordnung_freigabe.cpp.o
[1864/2093] Linking CXX executable tests/unit/test_br_kf15_real
[1865/2093] Linking CXX executable tests/unit/test_cow_capable_wrappers
[1866/2093] Linking CXX executable tests/unit/test_kf6_node_run_body
[1867/2093] Linking CXX executable tests/unit/test_kf5_cacheline_weave
[1868/2093] Linking CXX executable tests/unit/test_kf16b_build_resilience
[1869/2093] Linking CXX executable tests/unit/test_kf16_build_orchestrator
[1870/2093] Linking CXX executable tests/unit/test_s5_artifact_cache_bounded
[1871/2093] Linking CXX executable tests/unit/test_w11_async_push_pump
[1872/2093] Linking CXX executable tests/unit/test_w6_parallel_provision
[1873/2093] Linking CXX executable tests/unit/test_cache_mc_timeout
[1874/2093] Linking CXX executable tests/unit/test_s1_cache_key_prefix
[1875/2093] Linking CXX executable tests/unit/test_e24_c10_g6_identitaets_bilanz
[1876/2093] Linking CXX executable tests/unit/test_s2_pull_tier_binary
[1877/2093] Linking CXX executable tests/unit/test_r2_suffix_wachen
[1878/2093] Linking CXX executable tests/unit/test_e24_c9_fk5_fehlerraum
[1879/2093] Linking CXX executable tests/unit/test_a15_fk3_axis_error_traits
[1880/2093] Linking CXX executable tests/unit/test_a15_fk4_organ_slot_traits
[1881/2093] Linking CXX executable tests/unit/test_w10_c4_zellwert_naht
[1882/2093] Linking CXX executable tests/unit/test_m8_storetrav_segment
[1883/2093] Linking CXX executable tests/unit/test_fk6_algo_error_classes
[1884/2093] Linking CXX executable tests/unit/test_all19_segment_timer
[1885/2093] Linking CXX executable tests/unit/test_obs_phaseB_t11_t12_iso
[1886/2093] Linking CXX executable tests/unit/test_br3_observer
[1887/2093] Linking CXX executable tests/unit/test_pathb_segment_timer
[1888/2093] Linking CXX executable tests/unit/test_segment_timer_differentiation
[1889/2093] Linking CXX executable tests/unit/test_obs_phaseB_t14_t16
[1890/2093] Linking CXX executable tests/unit/test_obs_phaseA
[1891/2093] Linking CXX executable tests/unit/test_obs_phaseB_t11_t12
[1892/2093] Linking CXX executable tests/unit/test_conformance_gate
[1893/2093] Linking CXX executable tests/unit/test_obs_phaseB_pilot
[1894/2093] Linking CXX executable tests/unit/test_d_v42_abi_telemetry_coupling
[1895/2093] Linking CXX executable tests/unit/test_q1_lockfree_concurrency
[1896/2093] Linking CXX executable tests/unit/test_a8s4_konstitutiv_kette
[1897/2093] Linking CXX executable tests/unit/test_188_4bb0_pool_organ_wide_key_conformance
[1898/2093] Linking CXX executable tests/unit/test_a8s4_release_pfad_neutralitaet
[1899/2093] Linking CXX executable tests/unit/test_188_4bbV_pool_adapter_flip_compile
[1900/2093] Linking CXX executable tests/unit/test_phase_b_effective_search_algo_contrast
[1901/2093] Linking CXX executable tests/unit/test_striktheit_axis_dach_guard
[1902/2093] Linking CXX executable tests/unit/test_s7_1_bst_pool_allocator_deg
[1903/2093] Linking CXX executable tests/unit/test_a14_os_sub_axes_guard
[1904/2093] Linking CXX executable tests/unit/test_ap15_3_driveable_map_contract
[1905/2093] Linking CXX executable tests/unit/test_ap15_2_get_allocator_proxy
[1906/2093] Linking CXX executable tests/unit/test_29_container_framework
[1907/2093] Linking CXX executable tests/unit/test_s7_2_btree_pool_allocator_deg
[1908/2093] Linking CXX executable tests/unit/test_meta_meta_halbordnung
[1909/2093] Linking CXX executable tests/unit/test_234_va_shaped_adapter
[1910/2093] Linking CXX executable tests/unit/test_axis_error_taxonomy
[1911/2093] Linking CXX executable tests/unit/test_rf3_betriebssystem_feature_fehlt
[1912/2093] Linking CXX executable tests/unit/test_striktheit_metaprog_guard
[1913/2093] Linking CXX executable tests/unit/test_cmd1_a_axis_command_base
[1914/2093] Linking CXX executable tests/unit/test_striktheit_axes_guard
[1915/2093] Linking CXX executable tests/unit/test_234_vb_rest_families_shaped
[1916/2093] Linking CXX executable tests/unit/test_striktheit_abi_pod_guard
[1917/2093] Linking CXX executable tests/unit/test_striktheit_scan_kernel_purity
[1918/2093] Linking CXX executable tests/unit/test_s7_3_skip_list_pool_allocator_deg
[1919/2093] Linking CXX executable tests/unit/test_s7_6_hot_pool_allocator_deg
[1920/2093] Linking CXX executable tests/unit/test_s7_4_hash_pool_allocator_deg
[1921/2093] Linking CXX executable tests/unit/test_s7_5_art_pool_allocator_deg
[1922/2093] Linking CXX executable tests/unit/test_s7_7_start_pool_allocator_deg
[1923/2093] Linking CXX executable tests/unit/test_234_f1_btree_order_shape
[1924/2093] Linking CXX executable tests/unit/test_234_f2_skip_list_shape
[1925/2093] Linking CXX executable tests/unit/test_234_f3_bst_shape
[1926/2093] Linking CXX executable tests/unit/test_s7_9_surf_pool_allocator_deg
[1927/2093] Linking CXX executable tests/unit/test_216h2_stat_reset_after_load
[1928/2093] Linking CXX executable tests/unit/test_188_4a_eytzinger_organ
[1929/2093] Linking CXX executable tests/unit/test_s7_10_swiss_pool_allocator_deg
[1930/2093] Linking CXX executable tests/unit/test_s7_8_wormhole_pool_allocator_deg
[1931/2093] Linking CXX executable tests/unit/test_abi_adapter_g3_batch2
[1932/2093] Linking CXX executable tests/unit/test_234_f4_hash_probe_shape
[1933/2093] Linking CXX executable tests/unit/test_188_4c0_known_compositions_conformance
[1934/2093] Linking CXX executable tests/unit/test_221_rc_prefetch_distance
[1935/2093] Linking CXX executable tests/unit/test_e1_contract_rc_konsum
[1936/2093] Linking CXX executable tests/unit/m3v2_pmc_smoke
[1937/2093] Linking CXX executable tests/unit/test_tp1_planer_filter_iterator
[1938/2093] Linking CXX executable tests/unit/test_217_2a_capacity_guard
[1939/2093] Linking CXX executable tests/unit/test_a5_eta_slice_verdrahtung
[1940/2093] Linking CXX executable tests/unit/test_lagp2_messwert_genus
[1941/2093] Linking CXX executable tests/unit/test_harness_compile
[1942/2093] Linking CXX executable tests/unit/test_188_4cii_flat_wrapper_traversal
[1943/2093] Linking CXX executable tests/unit/test_b3_schema_freeze_stufe1
[1944/2093] Linking CXX executable tests/unit/test_f3_lager_key_provider_iterator
[1945/2093] Linking CXX executable tests/unit/test_lazy_resume_binary
[1946/2093] Linking CXX executable tests/unit/test_experiment_dock_payload
[1947/2093] Linking CXX executable tests/unit/test_vor_push_gate
[1948/2093] Linking CXX executable tests/unit/test_axis_kind_wire_totalitaet
[1949/2093] Linking CXX executable tests/unit/test_w5_status_reader
[1950/2093] Linking CXX executable tests/unit/test_mt_l3_wide_schema_orakel
[1951/2093] Linking CXX executable tests/unit/test_axis_kind_kategorien_zuordnung
[1952/2093] Linking CXX executable tests/unit/test_profile_coverage
[1953/2093] Linking CXX executable tests/unit/test_ap2_katalog_pfad_stubfrei
[1954/2093] Linking CXX executable tests/unit/test_org18_persistence_target
[1955/2093] Linking CXX executable tests/unit/test_axis_sweep_coverage
[1956/2093] Linking CXX executable tests/unit/test_smoke_coverage_profile
[1957/2093] Linking CXX executable tests/unit/test_measurement_categories
[1958/2093] Linking CXX executable tests/unit/test_wdk_datasets_fairness
[1959/2093] Linking CXX executable tests/unit/test_experiment_parser
[1960/2093] Linking CXX executable tests/unit/test_experiment_projection
[1961/2093] Linking CXX executable tests/unit/test_sota_st2_dedup
[1962/2093] Linking CXX executable tests/unit/test_experiment_kern_seam
[1963/2093] Linking CXX executable tests/unit/test_merge_plan_directive
[1964/2093] Linking CXX executable tests/unit/test_h2_score_akte
[1965/2093] Linking CXX executable tests/unit/test_experiment_plan_director
[1966/2093] Linking CXX executable tests/unit/test_validate_profile
[1967/2093] Linking CXX executable tests/unit/test_dgenus_dll
[1968/2093] Linking CXX executable tests/unit/test_d4b_container_dll
[1969/2093] Linking CXX executable tests/unit/test_w3_mess_interface_testate_dock
[1970/2093] Linking CXX executable tests/unit/test_ff2_node_width_subaxis
[1971/2093] Linking CXX executable tests/unit/test_adhoc_buildvariant_dll
[1972/2093] Linking CXX executable tests/unit/test_fb_alloc_hw_subaxis
[1973/2093] Linking CXX executable tests/unit/test_e24_c10_genus_dll_roundtrip
[1974/2093] Linking CXX executable tests/unit/test_e24_c10_g5_lade_wache
[1975/2093] Linking CXX executable tests/unit/test_d13_dll_runtime_measure
[1976/2093] Linking CXX executable tests/unit/test_best_binary_selector_parse_rank
[1977/2093] Linking CXX executable tests/unit/test_hybrid_spline_selector_scaffold
[1978/2093] Linking CXX executable tests/unit/test_a9b_active_deklaration_inert
[1979/2093] Linking CXX executable tests/unit/test_m_contract_system_axis_wurzel
[1980/2093] Linking CXX executable tests/unit/test_p2_ram_probe_chain
[1981/2093] Linking CXX executable tests/unit/test_e2_contract_abi_vertrag
[1982/2093] Linking CXX executable tests/unit/test_p1_spd_ddr5_parser
[1983/2093] Linking CXX executable tests/unit/test_os_u3_probe
[1984/2093] Linking CXX executable tests/unit/test_m_simd_feature_flag_catalog
[1985/2093] Linking CXX executable tests/unit/test_p2_ram_identity_verdict
[1986/2093] Linking CXX executable tests/unit/test_od10_numa_page_probe
[1987/2093] Linking CXX executable tests/unit/test_o4_machine_identity
[1988/2093] Linking CXX executable tests/unit/test_p3_boot_cache_dmi
[1989/2093] Linking CXX executable tests/unit/test_od11_numa_cpu_pin_process_probe
[1990/2093] Linking CXX executable tests/unit/test_c3b_kanal_merge_beleg
[1991/2093] Linking CXX executable tests/unit/test_d4_ceb_schluessel_wahl
[1992/2093] Linking CXX executable tests/unit/test_c3a_gate_scharfschaltung
[1993/2093] Linking CXX executable tests/unit/test_w10_system_cell_values
[1994/2093] Linking CXX executable tests/unit/test_m_w12_stamp_bausteine
[1995/2093] Linking CXX executable tests/unit/test_d2_mess_konsistenz_gate
[1996/2093] Linking CXX executable tests/unit/test_progress_heartbeat
[1997/2093] Linking CXX executable tests/unit/test_r3_mess_gate_fingerprint_biss
[1998/2093] Linking CXX executable tests/unit/test_lagz1_lager_schluessel_simd
[1999/2093] Linking CXX executable tests/unit/test_g1_binary_version_stamp
[2000/2093] Linking CXX executable tests/unit/test_b2_gate_zustand_g2an_g3aus
[2001/2093] Linking CXX executable tests/unit/test_w2_combo_ct_stamp
[2002/2093] Linking CXX executable tests/unit/test_b5_pmc_ehrlichkeit_alle_sieben
[2003/2093] Linking CXX executable tests/unit/test_r3_mess_gates_spiegel
[2004/2093] Linking CXX executable tests/unit/test_phase6_vorbau
[2005/2093] Linking CXX executable tests/unit/test_simd_field_sum_dispatch
[2006/2093] Linking CXX executable tests/unit/test_simd_field_sum_dispatch_avx2
[2007/2093] Linking CXX executable tests/unit/test_simd_add_u64_carry
[2008/2093] Linking CXX executable tests/unit/test_simd_field_sum_dispatch_avx512
[2009/2093] Linking CXX executable tests/unit/test_simd_add_u64_carry_avx512
[2010/2093] Linking CXX executable tests/unit/test_a1_algo_version_pin_alloc_axis
[2011/2093] Linking CXX executable tests/unit/test_reflect_versions_all17
[2012/2093] Linking CXX executable tests/unit/test_simd_add_u64_carry_avx2
[2013/2093] Linking CXX executable tests/unit/test_reflect_versions_all_registered
[2014/2093] Linking CXX executable tests/unit/test_planner_version_flag_grammatik
[2015/2093] Linking CXX executable tests/unit/test_g3_bestandslog_lock
[2016/2093] Linking CXX executable tests/unit/test_g3_reservation_lifecycle
[2017/2093] Linking CXX executable tests/unit/test_g3_bestandslog_document
[2018/2093] Linking CXX executable tests/unit/test_g3_eta_estimator
[2019/2093] Linking CXX executable tests/unit/test_a5_eta_kalibrierung
[2020/2093] Linking CXX executable tests/unit/test_g3_ram_spool_writer
[2021/2093] Linking CXX executable tests/unit/test_g3_writer_backend_io_uring
[2022/2093] Linking CXX executable tests/unit/test_g2_variant_sidecar
[2023/2093] Linking CXX executable tests/unit/test_g3_batch_planner
[2024/2093] Linking CXX executable tests/unit/test_bvset_teilmenge
[2025/2093] Linking CXX executable tests/unit/test_a2_sha512_skip_gate
[2026/2093] Linking CXX executable tests/unit/test_g3_builder_registration
[2027/2093] Linking CXX executable tests/unit/test_g3_sha512_index
[2028/2093] Linking CXX executable tests/unit/test_g3_takeover_sweep
[2029/2093] Linking CXX executable tests/unit/test_lb1_knoten_heuristik_log
[2030/2093] Linking CXX executable tests/unit/test_g3_planer_driven
[2031/2093] Linking CXX executable tests/unit/test_lb0_lager_pfad_grammatik
[2032/2093] Linking CXX executable tests/unit/test_ge3_messwert_genus_und_ziel
[2033/2093] Linking CXX executable tests/unit/test_ge1_claim_check_und_sidecar
[2034/2093] Linking CXX executable tests/unit/test_g3_artifact_cache_transport
[2035/2093] Linking CXX executable tests/unit/test_g3_prune
[2036/2093] Linking CXX executable tests/unit/test_fk1_nicht_gebaut_marker
[2037/2093] Linking CXX executable tests/unit/test_a8s3_csv_klasse_c
[2038/2093] Linking CXX executable tests/unit/test_g3_lager_presence
[2039/2093] Linking CXX executable tests/unit/test_b14_layout_scan_line_subaxis
[2040/2093] Linking CXX executable tests/unit/test_p_cacheline_store_line_source
[2041/2093] Linking CXX executable tests/unit/test_b14_abi_adapter_line_subaxis_paths
[2042/2093] Linking CXX executable tests/unit/test_rf2_admission_marker_inert
[2043/2093] Linking CXX executable tests/unit/test_m1hb_observer_zellen_ehrlich
[2044/2093] Linking CXX executable tests/unit/test_a9_xlsx_vendor_rauchtest
[2045/2093] Linking CXX executable tests/unit/test_a9s3_ergebnis_mappe_csv
[2046/2093] Linking CXX executable tests/unit/test_a9s3_xlsx_ergebnis_writer
[2047/2093] Linking CXX executable tests/unit/test_a9s3_writeback_method_xlsx
[2048/2093] Linking CXX executable tests/unit/test_d2_abdeckungs_wache_nenner
[2049/2093] Linking CXX executable tests/unit/test_a9s3_mess_ebene_blattsorte
[2050/2093] Linking CXX executable tests/unit/test_mt_l4_registrierungs_wache_isa
[2051/2093] Linking CXX executable tests/unit/test_a9s4_realm_scan_stale
[2052/2093] Linking CXX executable tests/unit/test_hyg_kumulativer_bereich
[2053/2093] Linking CXX executable tests/unit/test_d3_6_realm_selektor_produktionsablage
[2054/2093] Linking CXX executable tests/unit/test_ck1_messkette_koeder
[2055/2093] Linking CXX executable tests/unit/test_a9s4_dynamic_axis_filter
[2056/2093] Linking CXX executable tests/unit/test_d55_hdr_verdrahtung
[2057/2093] Linking CXX executable tests/unit/test_a9s5_ergebnis_mappe_naht
[2058/2093] Linking CXX executable tests/unit/test_a9s4_mess_report_render
[2059/2093] Linking CXX executable tests/unit/test_a9s4_skip_manifest
[2060/2093] Linking CXX executable tests/unit/test_naht1_mess_visitor_biss
[2061/2093] Linking CXX executable tests/unit/test_flaeche3_deckung_ceb_aus_tier_an
[2062/2093] Linking CXX executable tests/unit/test_warn2a_block_id_bidirektional
[2063/2093] Linking CXX executable tests/unit/test_warn1_d2_fingerprint_koeder
[2064/2093] Linking CXX executable tests/unit/test_d2g1_ctest_registrierung
[2065/2093] Linking CXX executable tests/unit/test_t6_wachen_inventar
[2066/2093] Linking CXX executable tests/unit/test_t6_biss_achsen_roundtrip_wache
[2067/2093] Linking CXX executable tests/unit/test_t6_biss_sichtbarkeits_wache
[2068/2093] Linking CXX executable tests/unit/test_lizenz_konsistenz
[2069/2093] Linking CXX executable tests/unit/test_pa1_tote_ausnahme
[2070/2093] Linking CXX executable tests/unit/test_t6_biss_registrierungs_wache
[2071/2093] Linking CXX executable tests/unit/test_anker_marke_statt_ledgerzeile
[2072/2093] Linking CXX executable tests/unit/test_vs_taxonomie_klassen_grep
[2073/2093] Linking CXX executable tests/unit/test_s3_ordnung_relation
[2074/2093] Linking CXX executable tests/unit/test_s1_stempel_basis_vertrag
[2075/2093] Linking CXX executable tests/unit/test_s3_ordnung_freigabe
[2076/2093] Linking CXX executable tests/unit/test_k2_stufen_neutraler_loader
[2077/2093] Building CXX object tests/unit/CMakeFiles/test_w0b_durchstich_kette.dir/test_w0b_durchstich_kette.cpp.o
[2078/2093] Linking CXX executable tests/unit/test_w0b_durchstich_kette
[2079/2093] Building CXX object tests/unit/CMakeFiles/test_stempel_zulassung_bruecke.dir/test_stempel_zulassung_bruecke.cpp.o
[2080/2093] Linking CXX executable tests/unit/test_stempel_zulassung_bruecke
[2081/2093] Building CXX object tests/unit/CMakeFiles/test_stempel_vollbestand_registry.dir/test_stempel_vollbestand_registry.cpp.o
[2082/2093] Linking CXX executable tests/unit/test_stempel_vollbestand_registry
[2083/2093] Building CXX object tests/unit/CMakeFiles/test_limits_entkopplung_vorstufe.dir/test_limits_entkopplung_vorstufe.cpp.o
[2084/2093] Linking CXX executable tests/unit/test_limits_entkopplung_vorstufe
[2085/2093] Building CXX object tests/unit/CMakeFiles/test_t2a_f4_facade_plan_durchreichung.dir/test_t2a_f4_facade_plan_durchreichung.cpp.o
[2086/2093] Linking CXX executable tests/unit/test_t2a_f4_facade_plan_durchreichung
[2087/2093] Building CXX object tests/unit/CMakeFiles/test_d37b_modus_riegel.dir/test_d37b_modus_riegel.cpp.o
[2088/2093] Linking CXX executable tests/unit/test_d37b_modus_riegel
[2089/2093] Building CXX object tests/unit/CMakeFiles/test_lazy_adhoc_source_gen.dir/test_lazy_adhoc_source_gen.cpp.o
[2090/2093] Linking CXX executable tests/unit/test_lazy_adhoc_source_gen
BUILD_ALL_EXIT=0
[0/2] Re-checking globbed directories...
[1/608] comdare E-E: Overlay-Quell-Hash (Glied [7] des Tier-Fingerprints)
[overlay_source_hash_gen] 712 Dateien, 3418134 Bytes, sha512=17ce209466a6f770... (unveraendert)
[2/6] Scanning /home/comdare/wt-ce-bump15/tests/unit/test_striktheit_axis_dach_guard.cpp for CXX dependencies
[3/6] Generating CXX dyndep file tests/unit/CMakeFiles/test_striktheit_axis_dach_guard.dir/CXX.dd
[4/6] Building CXX object tests/unit/CMakeFiles/test_striktheit_axis_dach_guard.dir/test_striktheit_axis_dach_guard.cpp.o
[5/6] Linking CXX executable tests/unit/test_striktheit_axis_dach_guard
